,id,cxsmiles
0,0,"C1C2CC(C1C3C2O3)O.CC.CNN=C(C)NC |$;;;;;;;;;;J31;;;;;;;$,m:9:0.1.2.3.4,m:11:0.1.6.5.4|"
1,1,"CC(=O)OC1COSC1F.CC |$;;;;X;D;;E1;;;;R88$,m:10:4.5.6.7.8,Sg:n:6:y:ht|"
2,2,"CC1(OC(=O)C(=S=S)C(=O)O1)C |$;;;;;;;;;;;$,Sg:n:10:d:ht|"
3,3,"CN1C=C2C(=NC=N2)N=C1OC.CN=C(C)N(C)S(C)(=O)=O |$;;;;;K;M;G9;;;;;;;;;;;;;;$,m:12:1.9.8.4.3.2|"
4,4,C1=CC2=C(C(=O)OC(=C2C=C1)O)O |$;;;;;V1;;L7;;;M;L;$|
5,5,"COC1CCC2[C@H]1C2.CC.CC |$;;;;;;;;;W1;;Q$,m:8:2.3.4.5.6,m:10:7.6.5|"
6,6,"COC(=O)C12CCCC(C1)(CC2)I.CN=NC=N |$;;;;;;;;;;;;;;;;;$,m:13:9.8.10.11.4|"
7,7,"CSC1[C@@H]([C@H]([C@H](C(O1)CO)O)O)O.CC=NNC(=O)N(C)C |$;;;;;;;;;V;;;;;;;;;;;;$,m:13:2.7.6.5.4.3|"
8,8,"CC(C)C1CCNCC2=C1OC(=C2)Br.CC.CC |$;;;;;;Y;;;;;;;;;A44;;R30$,m:14:3.4.5.6.7.8.9,m:16:10.9.8.12.11,Sg:n:3:b:ht|"
9,9,"CC1=CC=C(C(C=C1)OC)OC.CN=C(NC)N(C)OC |$;;;;;;;;;;;;;;;;;;;;$,m:12:1.2.3.4.5.6.7|"
10,10,CC1(CC1NC2=C(C(=NS2)N)OC)C |$;G7;;;;;;;;;;;;$|
11,11,"C1C[C@@H]2[C@@H]3C[C@H]1[C@@H]([C@H]2OC3=O)Cl.CC(C)(N)O.CC |$;L8;;;;;;;;;;;;;;;;;Z$,m:12:8.7.2.3.9,m:17:0.5.4.3.2.1|"
12,12,"CC1CC2C(C(C1=O)(C)C)OCCO2.CC(C)(N)O.CN(C)S(N)(=O)=O |$V;;;J;;;;;;;;X;;;;;;;;;;;;;;$,m:14:1.6.5.4.3.2,m:19:10.11.12.13.3.4,Sg:n:13:K:ht|"
13,13,"CC(NCCP)OC |$;;;;;;;$,Sg:n:3,4:D:ht|"
14,14,"C1CNCC1C2=CC=CC=C2C3COC3.COOC=O.CNSC |$;;U0;;;;;;;V;;;;W6;E;;;;;;;;;$,m:15:6.7.8.9.10.5,m:20:12.13.14.11|"
15,15,"C1=CC(=C(C(=C1)F)C2=NC=CO2)C=O.CN(C)ON(C)C.CC |$;;;;;;;;;;;;;;;;;;;;;;R52$,m:14:0.5.4.3.2.1,m:21:8.7.11.10.9|"
16,16,"CC1=CC[C@H]2C([C@@H]1C(=O)O2)C(=O)O.CC(=O)ON |$;K;;L;;;;;;Y;;;;;;;;$,m:13:1.6.5.4.3.2,Sg:n:6:y:ht|"
17,17,"C1CNC(=O)[C@H]1C2(CCOCC2)O.CC |$;;;;B7;;;;;D5;;;;;Y02$,m:13:0.1.2.3.5,Sg:n:10:I:ht|"
18,18,"CC1C(C(C(C(O1)CO)O)O)I.CN=C(SC)N(C)N=C(C)C |$;;;;;;;;;;Z;;;;;;;;;;;;$,m:12:1.6.5.4.3.2|"
19,19,CC(C(=O)O)N1CCCOC1=O |$;;;;;;;;;U;;$|
20,20,"C1OC(OO1)(C2=CC=CC=C2)C(F)(F)F.CC.CC |$;;;;;;;;;;;;;;;;G;;R25$,m:15:0.1.2.3.4,m:17:6.7.8.9.10.5|"
21,21,"CCC(C)C(C1CCOC1)N.CC(=O)F |$;;;;;;;;;W;;;;;$,m:11:5.6.7.8.9|"
22,22,"C1CCCC2=C(CC1)C(=O)OC2(S)S.CC(C)=NN=C(C)N(C)C.CN=C(C)NSC |$;;;L2;D0;;;;Y;;;;;;;;;;;;;;;;;;;;;;$,m:14:0.7.6.5.4.3.2.1,m:24:8.5.4.11.10,Sg:n:2:I:ht|"
23,23,"C1C(O1)CO.CC |$;L;;;;;R3$,m:5:0.1.2|"
24,24,"COC1=C(NC(=O)C=C1CO)C(F)F.CC=NN(C)C(=O)NC |$;;;;;;;;;;J5;G4;;;;;;;;;;;$,m:14:2.8.7.5.4.3|"
25,25,"CC(C)(C)C(COC)N=[N+]=[N-] |$;;D;Z5;J;;;;;;$,Sg:n:6:q:ht|"
26,26,CC1(C(C(=O)C(=O)O1)Br)C |$;;;;;A5;;;;$|
27,27,"C1[C@H]2CC(=O)[C@H]1[C@@H]3[C@@H]2C(=O)OC3=O.CC |$;;B1;;;;;;;;;B;;;Y64$,m:13:8.7.6.11.10|"
28,28,"C=CC12C(CCO1)CC2CO.CN=NC(N)=O.CN=C(C)C |$T4;K;;L4;;;;;;;;;;;;;;;;;;$,m:11:4.3.2.6.5,m:17:7.8.2.3|"
29,29,"CC1(CCCCO1)C(C2=CSC=C2)NN.CC.CON(C)O |$;;T;;;Q;;;;;;;;;;;R2;;;;;$,m:15:2.3.4.5.6.1,m:17:9.8.12.11.10,Sg:n:9:F:ht,Sg:n:4:A:ht|"
30,30,"C1C(NCS1)OC(F)(F)F.CN=CNO |$;;;;;;;;;;;;;;$,m:10:0.1.2.3.4|"
31,31,"CCC1=C(OC(C1C)C)CC.CNOS(C)(=O)=O |$;;;;Q;;;L;;;;;;;;;;$,m:11:2.3.4.5.6,Sg:n:7:U:ht|"
32,32,COC(=O)[C@]1(C[C@@H]1C(F)(F)F)CN |$;;;;;;;;U8;;;;$|
33,33,"COC(=O)C1(CCNC1)N |$;K;;;;;;;;$,Sg:n:6:C:ht|"
34,34,"COC(=O)C1C(=CC=CC1([N+](=O)[O-])F)F.CC |$;;;;;;;X9;;;;;;;;;R$,m:15:4.9.8.7.6.5|"
35,35,CC(/C=C\C(=O)N)OC |$A8;;;;;;;A;$|
36,36,"COC(=O)C1=C(C=NO1)Br.COP(=O)(OC)OC |$;;;;;;;;;;;;;;;;;$,m:10:4.5.6.7.8|"
37,37,"CC(C1C(CO1)CO)O.CC |$;J4;;;;;;;;;R$,m:9:2.5.4.3|"
38,38,"CC(C)[C@H]1N2C[C@@H]2CO1.CC(=O)N(N=C(C)C)C(C)=O.CC |$;;;;T3;;;;;;;;;;;;;;;;;R$,m:9:3.4.6.7.8,m:20:5.4.6|"
39,39,CCC1(CC1)C2=NN=CO2 |$;;;;V8;;;;;$|
40,40,"COC1=CC=CC=C1[C@@H]2[C@H](CCN2)O.CC |$;;;;;;;;;;;;;;;R89$,m:14:9.8.12.11.10|"
41,41,"CC1=C(C=C(CC1)OC)C.CNNS(C)(=O)=O |$;;;;;;;;;;;;;;;;$,m:10:1.6.5.4.3.2,Sg:n:4:K:ht|"
42,42,"C1COC(CN1)C2=C(C=CN2)Cl.CC |$;;X;W7;;;;J6;;;;;;R$,m:12:0.5.4.3.2.1|"
43,43,"C1CNCOCC1C#N |$;;;;W;;;;$,Sg:n:1:v:ht|"
44,44,CCC(=O)OCC=C |$;;;D;;;;$|
45,45,C1C=C2C(=O)NC(N=C2O1)N |$;;;;Z9;;;;;;$|
46,46,"CCC1COCCS(=O)(=O)C1.CNO |$L4;;;;;;;;;;;;;$,m:11:2.3.4.5.6.7.10,Sg:n:2:A:ht|"
47,47,"C1CC(N(C1)C(=O)O)C2CCOCC2.CN=C(N(C)C)N(C)NC.CC(=O)N(C)C(C)=O |$;;;;;;E5;;;;;;X;;;;;;;;;;;;;;;;;;;$,m:14:0.1.2.3.4,m:24:9.10.11.12.13.8,Sg:n:8:A:ht|"
48,48,CC(C)C1CCOC1C(C)(C)C |$;;;E1;;;;K2;;;;$|
49,49,CC(C)C(C(=N)N)OC |$;;;;V1;;;;$|
50,50,"CC1C=COC(C1(C)C)C.CNNC(C)=S |$;;;;;;;;Z8;;;;;;;$,m:10:1.6.5.4.3.2|"
51,51,"COC(=O)C1CCC[C@H]1I.CC |$;;;;;;;;X7;U;;R$,m:10:4.5.6.7.8|"
52,52,CC1=[C-]C(=O)OC(O1)(C)C |$;;;;;;;;W4;$|
53,53,"CCOC(=O)C1(OO1)CCC#N.CC |$;;;;T;;;;;;;;;K83$,m:12:5.6.7,Sg:n:8,9:s:ht|"
54,54,"CC1(CCC(CC1)(F)F)OC.CC |$W6;;;;;;;;Q7;;;;M69$,m:11:1.6.5.4.3.2|"
55,55,"CC1=C2C(=CC=C1)CNCCO2 |$;;;;;;;W;;;Y;$,Sg:n:4:L:ht|"
56,56,"CC[C@@H]1OC(=O)[C@H](S1)F.CC |$K8;;;B9;E7;;;;;;J$,m:9:2.3.4.6.7|"
57,57,"CC1CC(C(O1)(C=C)O)C(C)C.CN(C)C(=S)N(C)N |$;;;;;;;;M;;;;;;;;;;;$,m:12:1.2.3.4.5|"
58,58,CCC1=C(C(=O)OC1=O)Cl |$;;;;;;;;;D5$|
59,59,"CC(C)[N+]1(CCCC1)COC.CC |$;;;;;;;A6;;;;;E93$,m:11:3.4.5.6.7,Sg:n:6:B:ht,Sg:n:10:z:ht|"
60,60,CCC1(C(O1)C#N)CC |$;V;;;;;;;$|
61,61,"C[C@@]1(C=CC(=O)O1)C=C.CC |$;;;;;V;;T;;;R0$,m:9:1.2.3.4.6|"
62,62,CC1=CC=CC=C1C(=O)OC |$;B0;;;;;;;;;$|
63,63,"C1CPCCC12CCPCO2.COC(=O)OC.CC |$K;;;;;;B0;;;T7;;;;;;;;;A$,m:11:0.5.4.3.2.1,m:17:6.7.8.9.10.5|"
64,64,"C1COCCN1C2=NON=C2C#N.CC |$;;;;L6;;;;;;;;;;Y64$,m:13:0.5.4.3.2.1|"
65,65,"CC(C)(CC(C)(C)S)C1CO1 |$;;;;X4;A1;;;;;$,Sg:n:3:q:ht|"
66,66,"CC(=O)COC(=O)C |$;;;;;;;$,Sg:n:6:j:ht|"
67,67,"C1C[C@@](NC1)(C2COCCN2)C(=O)O.CC |$;;;;;;;;;;;;;;;R$,m:14:6.7.8.9.10.5|"
68,68,"CC1=C(OC(=N1)C)C(=O)N(C)C(C)CO.CC=NOC(N)=O |$;;;;;;;;;;;;;;D4;;;;;;;$,m:15:1.2.3.4.5|"
69,69,COC1=C(C=C(C=C1)O)/C=C/I |$;;;;;;;;Z3;;;$|
70,70,"C1=CC2=C(C=C1C[SH2+])OC=N2.CC.COP(O)(=S)OC |$;;;;;;;;;;;;G99;;;;;;;$,m:11:0.5.4.3.2.1,m:13:8.3.2.10.9|"
71,71,"C1CC2CSCC1CO2.CC.CC |$;;;;;;X;;;;R2;;R5$,m:9:3.2.1.0.6.5.4,m:11:3.2.8.7.6.5.4,Sg:n:3:A:ht,Sg:n:5:V:ht|"
72,72,"CC1=C(OCC1=C)OC.CN=C(SC)N(C)NC |$;;;;;;L;;;;;;;;;;;$,m:9:1.2.3.4.5|"
73,73,"CC[P+](=C1C=COC1C=O)[O-].CC |$;;;;;;;;V;;;;R7$,m:11:3.4.5.6.7|"
74,74,"COC1=CC=CC(=C1)[O-].CC |$;;;;;;;;;;E1$,m:9:2.7.6.5.4.3|"
75,75,"C1OC2=C(O1)OC=C2.CC |$T1;;;;;;;;;E9$,m:8:0.1.2.3.4|"
76,76,"CCOC(C)C(CN)(N)O |$;;;D6;;;;;;$,Sg:n:7:E:ht,Sg:n:9:j:ht|"
77,77,COC1=C(C=CC2=C1C=NO2)Br |$;;;;;;;;;;B1;$|
78,78,"CC(=O)N1C[C@H](C(C1)OC)O.CC |$;K0;;;M2;;;;;;;;R2$,m:11:3.4.5.6.7|"
79,79,"C1OC2=C(O1)C=C(C(=C2)CF)O.CC(=N)NC(C)=O |$;;;;;;;;;L8;M2;;;;;;;;$,m:12:0.1.2.3.4,Sg:n:0:j:ht|"
80,80,"C1=C(N=C(O1)CBr)C(=O)[O-] |$;;;;;;;;;$,Sg:n:0:L:ht|"
81,81,"CC1COC2C1CCC2.CC |$;;X6;;;;;K6;;;R$,m:9:6.5.4.8.7|"
82,82,"C=C1COCCC1=O |$;;;;D9;;;A$,Sg:n:7:m:ht|"
83,83,"[CH2-][C@@H]1CC2=CC=CC=C2O1.CC |$;;T;;;;;;;;;K41$,m:10:4.5.6.7.8.3|"
84,84,"C1=CC2(C(O2)C=C1N)N.CNC(=O)ON |$;;;;;;;;;;;;;;$,m:9:0.6.5.3.2.1|"
85,85,"CC1CNC[C@@H](O1)C(=O)O.CC |$;;;;E0;;;;;Y;;W$,m:10:1.6.5.4.3.2|"
86,86,"C(C1C(O1)F)F.CN(N)N |$;;;;A2;E;;;;$,m:6:1.2.3|"
87,87,"CCN(C1CCOC1)C(=S)N.CC |$;;;;;;;;;V5;;;R$,m:11:3.4.5.6.7|"
88,88,"C1COC2=C(O1)C=C[C-]=C2.CC=[N+](C)C.CC |$;;;;;;;;;;;;;;;;R$,m:10:0.5.4.3.2.1,m:15:6.7.8.9.3.4,Sg:n:0:i:ht|"
89,89,"CC1CCC(C2(C1)CCC(=O)O2)C |$;;;;;;;;;;;;$,Sg:n:6:r:ht|"
90,90,"CC(C)C1(COC1)CCN |$;;;Z;;;;;;$,Sg:n:3:x:ht,Sg:n:5:H:ht,Sg:n:7,8:W:ht|"
91,91,CC1=CCCC(=C1O)OC |$;;;;X;;;;;$|
92,92,COC1=CC=CC=C1CC(=O)N |$;;W7;;;;;;;;Z3;W3$|
93,93,CC1(OC(=O)C(C(=O)O1)C(=O)O)C |$;;;;;U;;K9;;;;;$|
94,94,"C1C(COC1CN)O.CC |$;;;;;;Y;;;R$,m:8:0.1.2.3.4|"
95,95,"CC(C)(C)CC(C1=COC=N1)C(C)(C)C.CC |$;;;;;;;;V8;;;;;;Q4;;E8$,m:15:6.7.8.9.10|"
96,96,"CC1C=C(C2=CC=CC=C2S1)OC.CC.COSO |$;;;;;Z5;;;;;;;;;R01;;;;$,m:13:1.10.9.4.3.2,m:15:5.6.7.8.9.4|"
97,97,"C1COC2=C(C1=O)C=C(C=C2O)O.CC(=O)N(C)S |$;;;;;Q;;;;;;;;;;;;;$,m:13:7.8.9.10.3.4|"
98,98,"C1C[C@@H](C(C1)N2CCOCC2)O.CC(=O)NC(C)=O.CC |$;;;U2;;;V;;;;;;;;;;;;;;Q$,m:12:0.1.2.3.4,m:19:6.7.8.9.10.5,Sg:n:2:z:ht|"
99,99,CC(=O)OC(=O)C |$;;E;;;;$|
100,100,"C1=CC(=C(C(=C1)Cl)F)OC(F)(F)Cl.CC |$X;;;;;;B4;;;;;;V3;;R20$,m:13:0.5.4.3.2.1|"
101,101,"C1C[N+](=O)COC1.CC |$;;;;;L0;;;Y$,m:7:0.6.5.4.2.1,Sg:n:0:s:ht,Sg:n:6:N:ht|"
102,102,CC(C)OC1(CCCNC1)CCN |$;;;;;;;;;;E7;;$|
103,103,"C1=CC=C(C(=C1)OCCl)S(=O)O.CC |$;;;;;;;;;U;;;;X$,m:12:0.5.4.3.2.1|"
104,104,"CC1C(C(=O)OC1=O)SC.CN=C(NC)N(C)S(C)(=O)=O |$;;;Q;;;;;;;;;;;;;;;;;$,m:10:1.2.3.5.6|"
105,105,COC(=O)C1=CC=CC=C1[N+]#[C-] |$;;T;;;;;;;;;$|
106,106,"C1CC(OC1)CO.CC |$;;;;;;;;R88$,m:7:0.1.2.3.4,Sg:n:6:f:ht|"
107,107,"CC(CCl)OC(C)OC=C |$;;;;;;;;;$,Sg:n:6:C:ht|"
108,108,"CC1CNC(O1)(C)C2CCCNC2.CON=O.CC(=O)NS(C)=O |$;;;;;;;;G0;;;;;;;;;;;;;;;$,m:13:1.2.3.4.5,m:17:8.9.10.11.12.7|"
109,109,"CCC1CC2(C(O1)(CCO2)CC)CC.CC(C)=NO |$;;;U;;;;;;;;;;;;;;;$,m:14:7.5.4.9.8,Sg:n:6:q:ht,Sg:n:0:w:ht|"
110,110,C1COC(CN1)C(C=O)N |$;;;Y;;;;;;$|
111,111,"CO[C@H]1[C@H]([C@@H]([C@H](CO1)Cl)O)OS(=O)(=O)C.CC |$;;;;;;;;;;;;B3;;;;U$,m:15:2.7.6.5.4.3|"
112,112,"CC1C[N+](=C(O1)C(=O)[O-])C.CN(C)C=NN |$;;;;;E;;;;;;;;;;$,m:10:1.2.3.4.5|"
113,113,"C[C@@H]([C@@]1(CCOC1=O)CC#C)O.CN(C=O)S(C)(=O)=O |$;Z;;;;;;;;;;;;;;;;;;$,m:12:2.3.4.5.6|"
114,114,"CC(C)(C(=O)C1CC2CCC1C2)OC.CC |$;;;;;;;;;E;;;;D9;;R58$,m:14:5.6.7.11.10|"
115,115,"CC(C)OCC1(OCCO1)C.CS(=O)(=O)NS(C)(=O)=O |$;;;;;;;;;;;;;;;;;;;$,m:11:5.6.7.8.9|"
116,116,"COC1=NC(=NC=C1S)OC.CC |$B7;;;;;;;;;;;;U95$,m:11:2.7.6.5.4.3|"
117,117,"C1C[C@@H]2[C@@H]3[C@H]([C@H]1O2)CC(CO3)O.CN=S(C)(=O)NC.CC(=N)NC=O |$;;;;;;;;;;;;;;;;;;;;;;;;$,m:12:0.1.2.6.5,m:19:7.8.9.10.3.4|"
118,118,CC1C[NH+](CCO1)C |$;;;;;;;W8$|
119,119,"CC(C)(C)C1=C(C(=O)NC1=O)OC.CSS(C)=S |$;;;;;;;U;;;J8;;;;;;;$,m:13:4.5.6.8.9|"
120,120,"C1[C@H](O1)C2=CN=CN2.CC |$;;L4;;;B2;;;;K01$,m:8:0.1.2|"
121,121,"CC1C[O+](CC(=O)O1)[O-].CS(=O)(=O)NC=O |$Y;;;;;Z;;;Y;;;;;;;$,m:9:1.7.5.4.3.2|"
122,122,CC(=C)NC1=C(CCCO1)C(=N)Cl |$;;;;;M8;U4;;;;;;$|
123,123,"COC(=O)C[C@@H]1CCC=CC1.CC(O)C=N |$;;;;W;;;Q6;;;;;;;;$,m:11:5.10.9.8.7.6|"
124,124,"CC(=O)C(C1=C(C(=CC=C1)Br)OCF)Cl.CNS(=O)OC |$;;;;;;;Y1;;;;;;;;;;;;;$,m:15:4.9.8.7.6.5,Sg:n:14:a:ht,Sg:n:0:j:ht|"
125,125,"CC1=CC(=C(C=N1)Cl)C(=O)OC.CC |$;;;;;;;;;;;;;R4$,m:12:1.6.5.4.3.2|"
126,126,"C1C2COC(O1)(OC2S)P(=O)(O)O.C[SH2+] |$;;;Z;T;;;;;;;;;;$,m:13:0.5.4.6.7.1,Sg:n:1:k:ht|"
127,127,CC1=CC(=C(C(=C1Cl)C)[N+](=O)[O-])OC |$;;;;Y;;;;;;;;;$|
128,128,"CC(COC(C)(C)C)OCCO |$;;;;;;V4;;A;;;$,Sg:n:9,10:w:ht|"
129,129,"CC1(CC2C(O2)CC13CCC3=O)C.CC |$;M;;;;;;;;;;;;;Y6$,m:13:8.9.10.7|"
130,130,C[C@H]([C@H]1C=CC(=O)O1)O |$;B9;;;;;;;$|
131,131,"[CH-]([C@@H]1[C@H](O1)I)O.CNNC(=O)SC |$;;;;;;;;;;;;$,m:6:1.2.3|"
132,132,"C1NC2=C(C=CC=C2O1)[N+]#N.CC.CS(N)=O |$;;;;;;;;;;;;Q;;;;$,m:11:0.1.2.7.8,m:13:3.4.5.6.7.2,Sg:n:3:q:ht|"
133,133,CCOC(C1=CC=CC1)C2=CC=CC2 |$;;;A8;;;;M;;;;M0;U;$|
134,134,CC[C@@H](CC=C)NC(=O)OC |$;;;;;;B;;;;$|
135,135,COC(=N)C=S(=O)=O |$;;;V;;;;K$|
136,136,"COC(=O)C1C(C=CCS1)C(=O)O.CC |$;U0;;;;;A3;;;;;;;;Z50$,m:13:4.9.8.7.6.5|"
137,137,"C1CC[C@]2([C@@H](C1)O2)[C@@H]3CO3.CC.CC=NC(=NC)SC |$;;;;;;;;;;;R6;;;;;;;;$,m:10:0.5.4.3.2.1,m:12:6.4.3|"
138,138,"C[C@]1(C(OC(=O)N1C2CC2)(C)C)O.CON(C)C(=O)O.CC |$;;;;;;;;;;;X9;;;;;;;;;;E4$,m:13:1.2.3.4.6,m:20:8.7.9,Sg:n:9:j:ht|"
139,139,"CC12CC3CCCC(=O)C3=CC1(O2)C.CC(=N)N.CC |$;;;;;;;;;;;;;;;;;;;Q$,m:14:2.3.9.10.11.1,m:18:4.5.6.7.9.3|"
140,140,CC(C)(C)OC(=O)N |$T0;;;;X0;;Q;$|
141,141,CC1=C(C(=CO1)CO)C(=O)O |$;;;;;;W5;;;;D$|
142,142,"CCCC1(NCC(O1)C)C.CC(=N)N(C)C(C)=N |$;;;Z;;;;;;;;;;;;;;$,m:10:3.4.5.6.7,Sg:n:1,2:I:ht|"
143,143,"CC(C)(C)C1C(OC(=O)N1)CO |$;;;;;;;;;;;$,Sg:n:9:p:ht|"
144,144,"C1COCCC2=C1C(=O)NC=N2.CC(O)C=O.CSN(C)O |$;;;;;;;;;;;;;;;;;;;;;$,m:12:0.1.2.3.4.5.6,m:17:7.9.10.11.5.6,Sg:n:5:V:ht|"
145,145,C[C@H]1C(NCCO1)C(=O)O |$A;;;T0;;;;;;G0$|
146,146,"COCC1=N[C@@H](SC=C1)N.C[N+](=S)[S-] |$;;;;;;;A;;J7;;;;$,m:10:3.8.7.6.5.4|"
147,147,"CC1COC(N1)(C2CCCCC2)C(=O)C.CC=NN(C)N=C(C)C.CN=CN(C)OC |$;;;;;;;;;;;;;;;;;;;;;;;;;;;;;;$,m:15:1.2.3.4.5,m:24:7.8.9.10.11.6,Sg:n:8:p:ht|"
148,148,"COC(=O)[C@H]1CNCC12CCCCC2.CC(=N)OC(C)=O |$;;;;;;;;;;;;;;;;;;;;$,m:14:9.10.11.12.13.8,Sg:n:4:V:ht,Sg:n:13:W:ht|"
149,149,"CC1=C(C(=CC=C1)N)OC.CC |$;Z;;;;;;;;T9;;G43$,m:10:1.6.5.4.3.2|"
150,150,"CCC1(CCCCO1)CCl |$;;;;;;;;;$,Sg:n:8:u:ht|"
151,151,COC1=CC(=C(C=C1)O)N |$;;U3;;;;;;;L$|
152,152,"COC1=C(C(=C(C=C1F)Br)C=O)F.CC |$;;;;Q;;;;L9;;;;;;W$,m:13:2.7.6.5.4.3|"
153,153,COC1[C@@H]([C@H]([C@H](CO1)O)O)O |$;;;;;;L;;;;$|
154,154,"CCOC(=O)C(C)(CC1CO1)O.CC |$;;;;;;;;;;;;;J77$,m:12:8.9.10|"
155,155,C[C@H]([C@@H]([C@H](C=O)O)OC)O |$;Z6;;;;M;;;;$|
156,156,CC(C)C(C1=NC=CO1)N(C)C(=O)C |$;;;;Y;;L;;;;;;;$|
157,157,"CC1(C(=O)CCCC1=O)C(C=C)OC.COC(O)OC |$;;;;;;;;E0;;;;;;;;;;;$,m:14:1.7.6.5.4.2,Sg:n:5:e:ht|"
158,158,"COC(C1=C(C=CC=N1)C=C)O.CNC(=O)NS(C)(=O)=O |$;;;;;K;;;;;;;;;;;;;;;$,m:12:3.8.7.6.5.4|"
159,159,C[C@@H](C(=O)OC)[NH-] |$;;;;X0;;$|
160,160,CC1=CC(=C(C(=C1OC)C)C)S |$;;;;;;A1;;;;;$|
161,161,"C1=NNC2=C1C(=O)OC2=O.CC |$;;Y;;;;;;;A8;;L36$,m:10:0.1.2.3.4|"
162,162,CC1=C[N+](=C(C(=C1OC)C)C)[O-] |$;;M;;;G4;;;;;T;$|
163,163,"C1C(=NC(=O)O1)C=S.CC |$;;;;;;M3;;;W$,m:8:0.1.2.3.5|"
164,164,"C1COCC=C1C(=O)O.CC |$;;;;;;;;;;R1$,m:9:0.5.4.3.2.1,Sg:n:2:v:ht|"
165,165,"CCNC(COCC)(N)O |$;;;;K;;;;;$,Sg:n:3:Z:ht,Sg:n:6:w:ht|"
166,166,"C[I-]N1CC(=O)OC(=O)C1.CC |$;;;;;;Q0;;;;;Y2$,m:10:2.9.7.6.4.3|"
167,167,"C1=C(OC(=C(C1=O)O)Br)CI.CNC(N)=S |$;B;G9;V5;;;;;;;;;;;;$,m:11:0.5.4.3.2.1|"
168,168,CC(C)/C=C(\CI)/C(=O)OC |$;Q7;;;Z;;;;;;$|
169,169,"C[C@@]12CC[C@@](C1(C)C)(OC2=O)CO.CC.CC |$;;J4;;;;;;;;;;;;R;;R$,m:13:2.1.5.4.3,m:15:5.4.8.9.1,Sg:n:1:o:ht|"
170,170,CC(C(=O)OC)N1CCCCC1 |$;;;;;;T;;;X;;$|
171,171,"C[C@H]1CC(OC1=O)CO.CC |$;;;;;V3;;;W7;;R$,m:9:1.2.3.4.5|"
172,172,C/C=C\1/C(=O)CCOC1=O |$;;;;;K9;;;;J3$|
173,173,"COC1C=CN=N1.CC=NN(C)C=O |$;;;;;;Q;;;;;;;$,m:7:2.3.4.5.6|"
174,174,"CC1=CC(=NS(=O)(=O)N1C)OC |$;;;;;;;;;;;$,Sg:n:10:E:ht|"
175,175,C[NH+](C)N(CC(=O)OC)O |$;L6;;Y;;;;;;$|
176,176,"CC(C)CC(C)(O)OC |$;;;;;;;;$,Sg:n:0:V:ht|"
177,177,"C1CSCCOCO1 |$;;;;;;;$,Sg:n:1:n:ht,Sg:n:0:H:ht|"
178,178,"C1C(CO1)(CCl)C2=CC=C(S2)Br.CSN.CN=C(SC)SN |$;;;;;;;;;;;;;;;;;;;;;$,m:12:0.3.2.1,m:15:7.6.10.9.8,Sg:n:0:I:ht,Sg:n:8:h:ht|"
179,179,"CC(C)(C=C)C1=C(NC=N1)COC.CC |$M1;;;;;;;;;;;;;;R$,m:13:5.6.7.8.9,Sg:n:2:k:ht|"
180,180,"C[C@H](CCC(=O)Cl)CC(=O)OC |$;D5;;X;;;;;;E3;;$,Sg:n:2,3:I:ht|"
181,181,"CCCC(C(C(F)F)C(=O)OCC)O |$;;;;G1;;X6;;;;D2;;;$,Sg:n:1,2:i:ht|"
182,182,C1=C[C@H]([C@H]2[C@H]([C@@H]1Cl)O2)Cl |$;;;;;;;;G1$|
183,183,C1COCCC1(C=O)F |$;;G;X;;;;;$|
184,184,C1C(C(=O)NC1=O)NC2COC2 |$E;;;;;;;;;;;B$|
185,185,"C1CC(C1)C2(CO2)C3=CN=CC=C3.CC.CC |$;;;;;;;B;;;;;;;Z;;R93$,m:13:0.3.2.1,m:15:8.9.10.11.12.7|"
186,186,"CCC(C1=CC=CO1)C(=C)C=C |$;;Q;;K;;;;;;;$,Sg:n:7:C:ht|"
187,187,C=C1OC(C(O1)C(=O)O)C(=O)O |$;Z3;B;;;;;;;T7;;$|
188,188,"COC(=O)[C@@H]1C=CC[C@H]([C@@H]1C(=O)OC)O |$;;;;;;L9;;;;;;;;$,Sg:n:5:B:ht|"
189,189,"CO[C@@H](CO)C1CCC1 |$;;;;;;;;X0$,Sg:n:3:u:ht|"
190,190,"CCC1COC(=O)C1(F)F |$;;;;;;;;;$,Sg:n:2:t:ht|"
191,191,"COC1C(=NC2=CC=CC=C2N1)OC.C=NC(=NC)NC |$L5;;;;;;;;;;;;;;;;;;;;$,m:14:2.11.10.5.4.3,Sg:n:13:B:ht|"
192,192,"CCOC(C(C)(C)C)(OCC)P=O |$;;;J;A;;;;;;;;$,Sg:n:9:j:ht|"
193,193,C[C@@H](CN(C)S(=O)(=O)C)OC |$;L8;;;;;;;;;$|
194,194,"C1COC2=C(C=CC(=C21)C(=O)O)N.CC |$;;;;;;;;;;D;;;;J$,m:13:0.1.2.3.8,Sg:n:10:r:ht|"
195,195,"CC1CCC(=C1)C2=CO2.CNP(C)(=S)NC |$;;;;;;;A;;;;;;;;$,m:9:1.2.3.4.5|"
196,196,"C1CC(OC=C1)CN.CNP(=S)(OC)OC |$;;;;;;;;;;;;;;;$,m:8:0.5.4.3.2.1,Sg:n:0:O:ht|"
197,197,"CC(C(=O)C1=CC=C(S1)Br)C(=O)OC.CSC(SC)SC |$;B9;;;L5;;;;;;;;;;;;;;;;$,m:14:4.5.6.7.8|"
198,198,"CCOC(CN)OCC |$;;;;;;;;D7$,Sg:n:4:l:ht|"
199,199,"CC1(C(CCO1)C(=O)O)C |$;;;;;;E3;;;$,Sg:n:0:o:ht|"
200,200,"C[C@H](CO)[C@@H](C1=CC=CO1)NC |$;;;;;;;;;;;$,Sg:n:5:U:ht|"
201,201,"CCC1COC(CN1C(=O)[C@H](C)N)C |$;;;;;;;;;;;;;$,Sg:n:13:B:ht|"
202,202,"C1CCO[C@H](C1)CCN |$;;;Y0;;;;;$,Sg:n:0:x:ht,Sg:n:8:s:ht|"
203,203,"C1COC(C1CO)C2=C(C=CC=C2Cl)F.CC |$;;;;;;;;;;;;;K5;;;V$,m:15:8.9.10.11.12.7|"
204,204,"CC(=O)OC=C |$;;;G4;;$,Sg:n:1:A:ht|"
205,205,CC1=CC(=CC=C1)C(OC)(OC)OC |$;;;;;;;;;;Z;M5;;$|
206,206,"COC(=O)C1(C=CNC(=C1)Cl)Cl |$;;;;;;;E;;;;J$,Sg:n:2:p:ht|"
207,207,"CCOC1=CC=CC(=C1OC(C)C)C.CC |$;;;;;;;;;;;;;;;R$,m:14:3.8.7.6.5.4|"
208,208,CC(C)(C)OC |$;;;;;Z$|
209,209,"COC1=C(C(=C2C(=C1)OCO2)Br)C=O.CC |$;;;;;;G;U7;;;;;B;E6;;Q$,m:14:8.6.5.10.9|"
210,210,"C1C(C2C(O1)C(=CO2)O)O.CC=NN(C)N=CC |$;;B;;;;T2;;;;;;;;;;;$,m:10:5.3.2.7.6,Sg:n:3:S:ht|"
211,211,C1(N(C(=O)O1)N)O |$;;;;D5;;$|
212,212,"CC1=C2C(=C(C=C1)OC)N(CCS2)C.CC(O)N(C)C |$;;;;;;;;;;;V2;;L2;;;;;;$,m:14:1.6.5.4.3.2|"
213,213,"C[C@@H]1COC(=O)[C@@]1(C)O.CC |$;;;;;;;;K0;;R5$,m:9:1.2.3.4.6|"
214,214,"CCC1C(C(=O)OC1(C)C)O |$;;;;;;;;;;$,Sg:n:6:g:ht|"
215,215,"CC(C=C)OC1CCCCC1.CN(C)NC=O |$;;;;;;;;;;;;;;;;$,m:11:5.10.9.8.7.6|"
216,216,"C[C@@]1([C@@H]([C@H]([C@@H]([C@H](O1)C(=O)O)O)O)O)O.CC |$;;;;;;;;L;;;;;;;R33$,m:14:1.6.5.4.3.2|"
217,217,"C[C@H]1[C@@H]2C=CCC[C@H]2C(=O)O1.CC.COC(=O)N(C)S |$;;;;;;;;;;;;J;;;;;;;$,m:11:1.2.7.8.10,m:13:3.4.5.6.7.2|"
218,218,"CC12C[C@@H]1CCCO2.CSC(C)O |$;;;;;V7;;;;;;;$,m:8:4.5.6.7.1.3|"
219,219,"CO[C@H]1C2(CCCCC2)OO1 |$;;;;;E8;;;;;$,Sg:n:10:f:ht|"
220,220,"CCC(=C)OC(=O)C(=O)O |$;;;;;;;;;$,Sg:n:8:M:ht,Sg:n:8:s:ht|"
221,221,"C1=CC2=C(O2)C(=C1O)C(Br)Br.CC |$;;;;;;T1;;;;;;R1$,m:11:4.3.2|"
222,222,CC(CC(O)OC)O |$;L1;;;;;;$|
223,223,"CC1=C(OC(=N1)C)C(=O)N2CC2.CC.CC=NN(C)C(=NC)NC |$;;X7;A1;;;;;;;;;;U;;;;;;;;;;$,m:12:1.2.3.4.5,m:14:10.9.11|"
224,224,"C1CC12COCCN2C(N)N.CC(=NS(C)(=O)=O)N(C)C.CC |$;;;;;;;;;;;;;;;;;;;;;;R7$,m:11:0.1.2,m:21:3.4.5.6.7.2,Sg:n:1:k:ht,Sg:n:4:x:ht|"
225,225,"COC(=O)C(C1=CC=CC=C1)P.CC(=N)C=S |$V5;;;;;;;;;;;;;;;;$,m:12:5.10.9.8.7.6|"
226,226,"C1=C[C@@]2([C@H]1[C@H](OC2=O)CO)F.CN=C(NC)SC |$;;;;;;;;;M;;;;;;;;$,m:11:4.3.2.6.5|"
227,227,CC(CCl)(C(OC)Cl)Cl |$;V3;;;D;G7;;;$|
228,228,"CN1C=CC=C1C(O)OC.COC=NOC |$;K;L;;Q;;;;;;;;;;;$,m:10:1.2.3.4.5|"
229,229,"CC1CC(=C(C=C1C)Cl)OC.CSN=C(C)N(C)C |$;;;;K3;;;;;;;;;;;;;;$,m:11:1.6.5.4.3.2|"
230,230,CC1(N(C(=O)C2=CC=CC=C2O1)[CH2-])C |$;;;;;U;;;;;;K5;;$|
231,231,"CC(=O)C[C@]12[C@@H](CCCO1)CC2C(=O)O.CC=NC(C)=NOC.CN=C(NC)NN(C)C |$;;;;;;;;;;;;;;;;;;;;;;;;;;;;;;;$,m:15:6.7.8.9.4.5,m:23:10.11.4.5|"
232,232,"CCCC1CN1C(=O)OCC |$;;;;;;;;;;$,Sg:n:1,2:c:ht|"
233,233,"CC(=C)C1=C(OC=C1)C=O.C=NOC(C)=NC |$;Y;;;;M;;;;;;;;;;;$,m:10:3.4.5.6.7|"
234,234,"COC1=C(C(=C(C=C1)Cl)CO)F.CC |$;;;;;;;T3;;;;;;R0$,m:12:2.7.6.5.4.3,Sg:n:9:s:ht|"
235,235,C[C@H]1[C@@H](S1)C(=O)OC |$;;;;W4;;;$|
236,236,"CCOC(=O)[C@@]1(C[C@H]1C=C)C |$;;;;;;;;;;$,Sg:n:5:F:ht|"
237,237,"C1COC[C@@H]([C@@H]1O)C#N.CC |$;;;;;;;;G;;T$,m:9:0.5.4.3.2.1|"
238,238,"CNCC1=NC=C2N1CCO2.CC.CC |$;;;;;;;;;;;;R;;R$,m:11:3.4.5.6.7,m:13:8.7.6.10.9|"
239,239,"CC1=CC(=C(C(=C1C(=O)O)O)OC)F.CC |$;;;;;;;;;;J;D4;;;;R17$,m:14:1.6.5.4.3.2|"
240,240,"CC1=CC=NN1C2CCOCC2.CC(=S)C(C)S |$U;;U9;;;;;;;;;;;;;;;$,m:12:7.8.9.10.11.6|"
241,241,"C1CC(OC1)/C(=N\O)/N.CSC(C)O |$;T;;;;;;L;;;;;;$,m:9:0.1.2.3.4,Sg:n:3:a:ht|"
242,242,COC(C=O)C1=CN=CN=C1 |$;W5;;;;;;;;;$|
243,243,CCOC1=CC=CC=[N+]1[O-] |$;;;;Y;;;;;A$|
244,244,"CC1=C2C(=CC=C1)C(=O)OC2=O.CC=NOS(C)(=O)=O |$;;;L8;;;;;;;;;;;;;;;;$,m:12:7.3.2.10.9|"
245,245,CC[C@](CS)(C(=O)OC)N |$Z;;;;;;L;X;;$|
246,246,"C[C@@H]1COC(=O)[C@@H]1N.CN=S(C)N |$;;;;;;;;;;;;$,m:8:1.2.3.4.6|"
247,247,"CC1=C(SC=N1)CN2CCC2C(=O)OC.CC |$;;;;;;;;;;;;;;;;R3$,m:15:8.9.10.7|"
248,248,"COC(=O)[C@H]1CCCCO1.CC |$;;;;;;;;;;;Q$,m:10:4.9.8.7.6.5,Sg:n:5:P:ht|"
249,249,"CCC1(COC1)CNC(=O)[O-] |$;;;V;;;J;;;;$,Sg:n:1:z:ht|"
250,250,CC1=C(C(=C(C=C1)SC)C(C)(C)N)OC |$B7;;;;V3;;;;;;;;M3;;$|
251,251,"CC1(OC[C@H](O1)[C@@H](N)O)C.CC |$W;;;;;;;;;;;R$,m:10:1.2.3.4.5|"
252,252,C1=C(N=C(C2=C1C(=CO2)Br)Cl)C=O |$;;;;;;;;;;D;;$|
253,253,"C1=CN=C2C=C(OC2=C1C#N)Cl.CSC(C)S.CC(=N)N(C)N |$;;;;;K;;;;J8;;;;;;;;;;;;;$,m:12:0.8.7.3.2.1,m:17:4.3.7.6.5|"
254,254,CCOC(=O)C(C)N1C=CC=N1 |$;;;;;;;;;T6;;$|
255,255,CN(CC1CCOCC1)C(=NO)N |$L8;;;;;;;;;;;;$|
256,256,"CC(=C(Cl)Cl)COC(Cl)Cl |$;;;;;;;;;U9$,Sg:n:5:H:ht|"
257,257,"C[C@H]1[C@@H]2C1[C@@H](OC2)O.CC |$;;;;;;;J4;;R21$,m:8:1.2.3,Sg:n:0:m:ht,Sg:n:2:K:ht|"
258,258,"CCC(C)C(CC)COC |$;;;;;;X;;;$,Sg:n:4:e:ht|"
259,259,"CCC1=C(NC(=O)OC1O)SC.CNC(=O)NOC |$;;;;;;;;;;B7;;;;;;;;$,m:12:2.8.7.5.4.3|"
260,260,C1CCC(CC1)[C@]2(CCC(=O)O2)CBr |$;;;;V;;;;;;B;;;$|
261,261,"CC(=O)OC12CCC(C1)CC(=O)N2.CC |$;;V;;;;;;;;A;;;;R09$,m:13:5.4.8.7.6,Sg:n:2:Y:ht|"
262,262,COC(=C)/C=C\C=C |$;A;;;;;A5;$|
263,263,"COC1=CC=CC(=C1Cl)N=O.CC |$;;;;;;;;;;;;V2$,m:11:2.7.6.5.4.3|"
264,264,"C[C@H]1[C@H]2C=C[C@@]([C@@H]1C(=O)C)(C(=O)O2)O.CSC(C)(C)O |$;;;;;;;J0;;;;M9;;;;;;;;$,m:14:1.6.5.10.12.2,Sg:n:11:g:ht|"
265,265,"C1COC(CN1)C2=NSN=C2Cl.CC |$;;;;;;;;;;Z;;;Y58$,m:12:7.6.10.9.8|"
266,266,"CC(CCOC)C(CN)F |$;;;;;;;;;$,Sg:n:9:s:ht,Sg:n:2,3:E:ht|"
267,267,"C1COC2(O1)C[C@@H](C=CC(=O)C2)O.CN=S.CC |$Q4;;;;;;;;;;;;;;;;;R$,m:13:0.1.2.3.4,m:16:5.3.11.9.8.7.6,Sg:n:0:S:ht|"
268,268,"CCN(C1COC1C)N=O.CC |$U;;;;;;W4;;;;;R$,m:10:3.6.5.4,Sg:n:5:K:ht|"
269,269,"C1COCCO1.CNC(C)(C)NC |$;;;;;;;;;;;;$,m:6:0.5.4.3.2.1|"
270,270,COC(=O)C1[C@@H](CCN1)O |$;;;X;;;;;;$|
271,271,"CCNC(C1=CC=CC=C1C2CC2)C(=O)OC |$;B2;;;;;;;;;G1;;;;;;$,Sg:n:9:A:ht,Sg:n:4:o:ht|"
272,272,CC1COC(=O)O1 |$;;;;;;T9$|
273,273,"CC1=NC(=C(O1)C(=O)N)C(C)C.CC |$;;U;U4;;;;;;;;;;R7$,m:12:1.2.3.4.5|"
274,274,"COC1=C(C=C(C=N1)Br)S(=O)(=O)O.CC=NOS(C)(=O)=O |$;;;;;;;;;;;;;;;;;;;;$,m:13:2.7.6.5.4.3|"
275,275,"CC1=C(C(=C(C=C1)O)C=O)OC.CC |$;;;;;;;;;;;;;T4$,m:12:1.6.5.4.3.2|"
276,276,"C1C2COC(=O)NC2(CN1)N=[N+]=[N-].CN=C(NC)NS(C)(=O)=O.CC |$;;;;;;;;;;;;;;;;;;;;;;;;A5$,m:13:0.1.7.8.9,m:23:2.3.4.6.7.1,Sg:n:11:M:ht|"
277,277,"CCOC(=O)C(C)C(=O)C1CCCCC1.CC |$;;;;;;;;;;;;;;;;T$,m:15:9.14.13.12.11.10|"
278,278,"CC1(C2CC3C1OC(=O)C3C2C#N)C.CC |$;;;;;;;;;;;;;;;R71$,m:14:3.2.10.9.4|"
279,279,"COC1=NC=CC(=C1CC(=O)OC)F.CNNC(=S)N(C)C |$;;A;;;;;;;;;;;;;;;;;;;$,m:14:2.7.6.5.4.3,Sg:n:9:r:ht,Sg:n:2:C:ht|"
280,280,"COC1C(=CNC(=N1)N)O.CC |$;;;;;;;;;V;;G58$,m:10:2.7.6.5.4.3|"
281,281,"CC(C)C1COC(=O)NC1=O.CSC(C)(C)O |$;;A;;;;;;;;;;;;;;$,m:11:3.9.8.6.5.4|"
282,282,"CC(CO)N(C)C(=O)C1CC2CCC1O2.CC#[N+][O-].CC |$;;;;;;;G;;;;;;;;;;;;;X4$,m:15:8.9.10.14.13,m:19:11.10.14.13.12|"
283,283,"CC1(COC2(N1C(=O)[O-])CCCCC2)C.CC |$;;;;;;G;;;;X;;;;;;Z1$,m:15:9.10.11.12.13.4|"
284,284,"COC1=C(C=CC(=C1Cl)O)C=O.CC |$;;K3;L;;U;;;;;;;;R49$,m:12:2.7.6.5.4.3|"
285,285,"CCOC(=O)C1=C(SN=N1)NC=O.C[N+](C)(C)C |$;;;;;;;;;;;;;;;;;$,m:13:5.6.7.8.9,Sg:n:12:O:ht|"
286,286,"CC1C(OC(CC1O)CO)C.CC |$;;;;;;;;;Y5;;;L$,m:11:1.6.5.4.3.2|"
287,287,"C1C[C@@H]2[C@H](C2(Cl)Cl)C3(C1)OCCO3.CC.CN=C(NC)N(C)S(C)(=O)=O.CC |$;;;;;;;;;;;;;;T;;;;;;;;;;;;;R$,m:13:0.8.7.3.2.1,m:15:4.3.2,m:26:9.7.12.11.10|"
288,288,"C1COC2CC1O2.CON(C)SC |$;;K;X;;;;;;;;;$,m:7:4.5.6.3,Sg:n:2:V:ht,Sg:n:0:q:ht|"
289,289,"CC(=O)[C@@H]([C@@H]1COCCC1=O)O |$;;;;J0;U;;;;;;$,Sg:n:10:U:ht|"
290,290,"C1CCC(C1)C2(CO2)C3CC3.CC.CN=C(NC)N(C)O |$;;;;;;D4;;X;;;;K;;;;;;;;$,m:11:0.1.2.3.4,m:13:9.8.10,Sg:n:8:F:ht|"
291,291,"C1CC2(CC(CC1O2)C(=O)O)CO.CC.CC(C)(O)O |$;;L;;J;;;;;;;;;;R59;;;;;$,m:13:0.1.2.7.6,m:15:3.4.5.6.7.2|"
292,292,CC1(C=C(C(=O)C(O1)(C)C)O)C |$;;;;;Z;;;;;;$|
293,293,"CC1(C=CC2C1CC(=O)O2)C=O.CN=C(N)NN=C(C)C.COP |$W;;T0;;;;;;;;;;;;;;;;;;;;;$,m:12:1.2.3.4.5,m:21:6.5.4.9.7|"
294,294,COC1=C(C(=CC=C1)OC)[SeH] |$;;;G;;;;;;;$|
295,295,"CC(/C=C(/C(=O)OC)\NC)N |$J;;;;;;Y;W2;;;$,Sg:n:6:C:ht|"
296,296,"C1CC[C@H]2[C@H](C1)OC/C=C\CO2.CC |$U8;;;;;;;;;L0;;;;R8$,m:12:6.7.8.9.10.11.3.4,Sg:n:7:C:ht|"
297,297,CC(=O)N1CCOC2=C1C=C(C=C2)Cl |$;;M0;;;;;X9;;;;;;$|
298,298,"CC1C2CC3C(C1(C2)O3)C.CC.CNP(C)(=S)NC.CC.CC.CN[N+](=O)[O-] |$T4;;;;;;;;;;;A;;;;;;;;;A;;R;;;;;$,m:10:5.6.8.4,m:12:3.4.5.6.1.2,m:19:3.4.8.6.1.2,m:21:7.2.3.4.5.6,m:23:8.4.3.2.7.6|"
299,299,"CCCC(C=O)N(C)C(=O)OC |$;;Z;;M;;;D;;L;;$,Sg:n:1,2:M:ht|"
300,300,C(#N)C(C(Cl)(Cl)Cl)OC(=O)N |$;;;;;B1;;M4;;;$|
301,301,"CC1CCN(C(=O)O1)N.CC |$G;;;;;;;;;;R09$,m:9:1.7.5.4.3.2|"
302,302,"C[C@H]1[C@@]2(O[C@@H]([C@](C1(C#N)C#N)(C(=N)O2)C#N)C(C)C)C.CC |$;;;;;;;;;;;;;E0;E1;;;;;;;R$,m:20:3.4.5.11.13.2|"
303,303,"C[C@@H]1C[C@@H](C(=C)[C@@H](O1)O)N(C)C.CC |$;;;;;;G;;;;;;;R$,m:12:1.7.6.4.3.2|"
304,304,"C[C@@H]1C([C@@H](CO1)O)O.CC(=S)C(=O)O |$;;;;;;W;;;;;;;$,m:8:1.2.3.4.5|"
305,305,"CC1(COCCCOC1)C.CC |$;;;;;M;;;;;;R$,m:10:1.8.7.6.5.4.3.2,Sg:n:9:R:ht|"
306,306,"COC1[C@H](CCCO1)O.CC(=O)N(C)N(C)C |$;;;J3;;;;;;;;;;;;;$,m:9:2.7.6.5.4.3,Sg:n:4:Z:ht|"
307,307,"CC1=C(OC=C1)C=NC.CC(C)=NN(C)C |$;;;;;;;;Z;;;;;;;$,m:9:1.2.3.4.5|"
308,308,C1=COC=C1C(=O)C#N |$;Q;;;;;;;$|
309,309,"CCOC(=O)C(C)NC1(CCCC1)C.CC |$;;;;;;;T;;T;;;;;;R4$,m:14:8.9.10.11.12,Sg:n:5:f:ht,Sg:n:10:Z:ht|"
310,310,CC12CC3C(O1)C(C2I)NS3(=O)=O |$G8;;;;;;;;;;K;;$|
311,311,"CC1=C(C(=O)OC1)C.CC |$;;;;;;;;;A$,m:8:1.2.3.5.6|"
312,312,"CC1=C(C(=O)N2C=CSC2=N1)OC.CC |$;;;;E;;;;;;;;;;R65$,m:13:1.10.9.5.3.2|"
313,313,C1CCOC1 |$;W7;;;$|
314,314,"CC1=C[C@H]([C@H]2[C@@]1(OC(=O)[C@@H]2CO)CO)O.CC(=NO)N(C)C |$;G4;;;;;;;Y;;;;;;;;;;;;;$,m:15:6.5.4.9.7|"
315,315,COC1=C(C=CC(=O)C1)C(=O)O |$;;;;;;V9;K4;;;;$|
316,316,"C[C@]12C[C@H]([C@H](C[C@@H]1O)C(O2)(C)C)O.CC |$Y4;;;;;;;;;;;;;;R$,m:13:2.3.4.5.6.1|"
317,317,C1COCCN1C(N)P(=O)(O)O |$;;;;;E1;;A5;;;;Y$|
318,318,C1C2C(C(=O)O2)OO1 |$Z4;;;;;J7;;$|
319,319,"C1CC(COC1)(C2CC2)N.CC.CC |$;;;;;;;Q;U1;;;R74;;R$,m:10:0.5.4.3.2.1,m:12:7.6.8,Sg:n:0:j:ht,Sg:n:9:t:ht|"
320,320,"C1C[C@H]2C=C[C@H]1C3=C2C(=O)OC3=O.CC |$;;;;;;;;;;;;V;;T$,m:13:0.5.4.3.2.1,Sg:n:6:b:ht|"
321,321,"C1CC1NC2(COCCOC2)C(=O)N.COB(C)O.COC(C)=NN |$;;;;;X;;;;;;;;Z5;;;;;;;;;;;$,m:14:0.1.2,m:19:5.4.10.9.8.7.6,Sg:n:9:v:ht|"
322,322,"COC1=NC=C[C-]=C1.CN=C(C)ON=C(C)C |$;T3;K;;;;;Z4;;;;;;;;;$,m:8:2.7.6.5.4.3,Sg:n:2:C:ht|"
323,323,CC(OCC(=C)C)OP(=O)([O-])[O-] |$;B5;;;;B;;;;;G;$|
324,324,"C1C(=CC(=O)O)C(=O)OC1=O.CNN=C(C)N=C(C)C |$;;;;;;;;;;;;;;;;;;;$,m:11:0.1.6.8.9|"
325,325,"C1C2=C(C=CC=C2Br)C=CO1.CC=NN(C)C(C)=O |$;;;;;;;;;;;;;;;;;;$,m:11:0.10.9.8.2.1|"
326,326,"C1CC12CC3(C[C@@H]3O)OCC2=O.CC |$E6;;;;X7;;;;;;;;;Z7$,m:12:5.4.6,Sg:n:9:b:ht|"
327,327,"CN1C=C(C(=N1)C2CC2)OC=O |$;;;;;;;;;;;$,Sg:n:1:H:ht|"
328,328,"CC(=O)CC1CCOC1=O.CC |$;K;;;;;;;;;;K6$,m:10:4.5.6.7.8|"
329,329,CC=C(C)C(=O)C(=O)OC |$T2;;;;;;;;;Z5$|
330,330,COC(=O)CN1CCNCC1 |$;;;;;;;A;;;$|
331,331,"CC(=O)C(C1=COC=CO1)C(=O)C |$;;;;;;;;;;;;$,Sg:n:3:c:ht|"
332,332,"CCN(CC)C(C1CO1)Cl.CN(C)C(C)(C)O |$;;;;;;;;;;;;;;;;$,m:10:6.7.8|"
333,333,"C/C(=C\C1OCCO1)/CBr |$;;;;;;;;;$,Sg:n:2:z:ht|"
334,334,CC(CC(OC)(OC)[SiH3])N=C=O |$;;;;A3;;;;A;;;$|
335,335,"CCOC1=CC=CCN1.CS(N)=O |$;V3;;;;;;;;;;;$,m:9:3.8.7.6.5.4|"
336,336,"C/C(=C(/C1=NCCC1)\C(=O)OC)/O.CC |$;;;;;;;;;;;M1;;;R$,m:13:3.4.5.6.7|"
337,337,"C[C@H]1CC2(CCC(=O)N1)OCCO2.CNO |$Y5;;;;;Q9;;;;;W;;;;;$,m:13:9.3.12.11.10,Sg:n:9:V:ht|"
338,338,CC(OC(=O)C=C)Cl |$G;;;;;Q;;V5$|
339,339,"C1COC2=C(C1(CO)N)C=CC=C2Br.CC |$;W;;;;;;;Z9;;W1;;;K7;;R$,m:14:9.10.11.12.3.4,Sg:n:2:s:ht|"
340,340,"CC1COCC1OS.CC |$;K4;;;J;;;;;Y$,m:8:1.2.3.4.5|"
341,341,CC(=O)NC1CSCC1OC(=O)C |$;;;;;;;;;A0;;;$|
342,342,"CCC1(CNC2(CCCC2)CO1)C.CC.CB=O |$;;;;Z;;;;;;A6;;G;;Y85;;;$,m:13:2.11.10.5.4.3,m:15:6.5.9.8.7,Sg:n:5:w:ht|"
343,343,COC1=C(C=CC(=C1)Br)CN |$;;;;;;W7;;;;$|
344,344,"C=CCC1(CCCCO1)O.CP(=O)(O)O |$;B;;;;;;;;;;;;;$,m:10:3.8.7.6.5.4|"
345,345,"CC1CCOCC1.CC |$;;;;;;;;A4$,m:7:1.6.5.4.3.2,Sg:n:5:J:ht|"
346,346,"C1CC2=C(OC1)ON=C2 |$;;;;;;;W1;$,Sg:n:2:e:ht|"
347,347,"CCC1(CNCC(O1)(C)C(F)(F)F)C.C=NN(C)N=C(C)C |$;;;;;K;;;;A7;;;Y5;;;;;;;;;$,m:14:2.7.6.5.4.3|"
348,348,"C1COC=CN1C(=O)N.CSC#N |$;;;;;;;Z4;;;;;$,m:9:0.5.4.3.2.1|"
349,349,"C1COCCO1 |$;;;;;$,Sg:n:3:Y:ht|"
350,350,"C1CCOC(C1)N2C(C=CN2)CO.CC.CC |$;;;;;;;;;;;;;;R;;R69$,m:13:0.5.4.3.2.1,m:15:7.6.10.9.8,Sg:n:10:Q:ht,Sg:n:7:a:ht,Sg:n:1:d:ht|"
351,351,"CC1(CNC1)OCC(=C)Br |$;;;;;;;;;$,Sg:n:9:m:ht|"
352,352,"CC(C)(C)C(C1COCCN1)N |$;;;;;;;;;;;$,Sg:n:10:h:ht,Sg:n:9:z:ht|"
353,353,"CNC(=O)OCC(N)O |$W;W0;W1;;;;;;Z4$,Sg:n:7:c:ht|"
354,354,"CC(C)(C)OC(C)(C)[C@@H]1CO1.CC |$;;J;;;;;;;;;;R03$,m:11:8.9.10|"
355,355,"C1CC(NC1)C2(COC2)C3=CC(=CS3)Br.CN(C)C(C)(C)O.CC.CC |$V;;;;;;;;;;;Q9;;;;;;;;;;;;Y;;R$,m:15:0.1.2.3.4,m:22:6.7.8.5,m:24:10.9.13.12.11|"
356,356,"CC1(O[C@H]2C(O1)COC2=O)C.CN(C)C=S.CC |$;;;;;;;A;;;;;;;;;;T16$,m:11:1.2.3.4.5,m:16:6.4.3.8.7,Sg:n:4:F:ht|"
357,357,"CC1C2CCC(=CC2CO1)C.CC |$;;;;;U;Y1;;;;;;R0$,m:11:3.4.5.6.7.2,Sg:n:7:S:ht|"
358,358,"CC(C1=CC=CC=C1C(CN)O)OC.CC |$;;;;;;;;;;;;;;;R$,m:14:2.7.6.5.4.3|"
359,359,"CCO/C(=C\P)/[O-] |$;;;T2;;;$,Sg:n:4:n:ht|"
360,360,"C1C(C(=O)C2=C(O1)C=CC=C2I)Br.CN=S(C)(C)=N |$;;;U;;;;;G;;;;;;;;;;$,m:13:0.6.5.4.2.1,Sg:n:8:R:ht|"
361,361,"CC1(NC2(CC3CCC2C3)CO1)C.CC |$;;;;;;;;;;;;;;R9$,m:13:4.3.8.9.5,Sg:n:5:K:ht,Sg:n:8:N:ht|"
362,362,"C1C(C2C(O2)CO1)CO.CC |$;D5;;;;;;;;;J$,m:9:0.6.5.3.2.1|"
363,363,"CC[C@H]1[C@H]2[C@H](CC[C@@](O1)(O2)C)O |$;;;;;D9;;;;;;$,Sg:n:2:b:ht|"
364,364,"COC1[C@@H]2CC3C[C@H]1CC(C2)(C3)Cl |$;;;;;;;;;;;E2;$,Sg:n:9:H:ht,Sg:n:1:N:ht|"
365,365,C[C@@](C1CCCCC1)(C(=O)N)OC |$;;;;;;;;;U4;;;$|
366,366,"C1C=C2C=CC3=CC=CC3=C2C(=O)O1.CN=C(NC)NSC |$;G;;;;;;;;;;;;;;;;;;;;$,m:14:6.5.9.8.7|"
367,367,"CC1=C2C(=CC=C1)NC(=O)CO2.CC |$;;Q9;;;;;;D0;;L;;;V6$,m:12:7.8.10.11.2.3|"
368,368,"CC(C)N1COCC1=C |$;;;;;;;;$,Sg:n:0:J:ht|"
369,369,"CC(C)C1(CCOC1)OC |$;;;;;;;;;$,Sg:n:1:m:ht|"
370,370,"CC1([C@@H]2C[C@H]1C3C(C2)O3)C.CN(C)P.CC(=N)N(C)C |$;;;;;D;;;Z;;;;;;;;;;;$,m:10:7.2.1.4.5.6,m:14:7.2.3.4.5.6|"
371,371,"C1CC(C2=C1OC=C2)(CN)O.CNC(C)=NOC |$;J2;;;;;;;;;;;;;;;;$,m:11:5.4.3.7.6|"
372,372,"CC1CC1C2=C(N=CO2)CN.CC |$;;;;;M;;;;;;;R8$,m:11:1.2.3|"
373,373,"C#CC1=CC(=CC2=C1OCCC2)F.COP(=S)(OC)SC |$;;;;;;;;;;;;;;;;;;;;$,m:13:2.7.6.5.4.3|"
374,374,COC(=[18O])C1=CC=CC=C1CBr |$;;;G7;;;;;;;;$|
375,375,CC(=O)C(C(=O)C)OC=O |$;;;;;;M;;;$|
376,376,C1C(=O)NC2=C(O1)N=NC=C2 |$;;;;;;;;;D;$|
377,377,"COC1=CC=CC2=C1N=CC=C2.CC |$;;;;;;;;W3;;;;;R49$,m:12:8.9.10.11.6.7|"
378,378,"CC1(CCC12CNC(=O)O2)C.CC.CC |$;;;;;;;;;;;;V57;;R60$,m:11:1.4.3.2,m:13:5.4.9.7.6,Sg:n:1:g:ht|"
379,379,CCOC(C(=O)C1CC1)C(C)(C)C |$X;K;;;;;;;;;;;$|
380,380,"CS(=O)NC1(CCOCC1)C(=O)O |$;;;;;;;;;;;;$,Sg:n:6:w:ht|"
381,381,CC(C(=O)N)NC1(CCOC1)C |$;;;A;;;;;;;;$|
382,382,CC(C(C(=O)C)C(=O)OC)[O-] |$;;;;;;;;;;D$|
383,383,"CCC1=C(C=C(C=C1)F)OC=O.CNN(C)N |$;;;;;;;;;;;;;;;;$,m:12:2.7.6.5.4.3|"
384,384,"COC1=C(C=C(C=C1)F)S(=O)O.CC |$;;;;;;;;;;;;;X00$,m:12:2.7.6.5.4.3|"
385,385,"CCC[C@H]1[C@H](CO[C@H]1OC)O.CPC |$;;;;;;;;;;Q3;;;$,m:11:3.4.5.6.7,Sg:n:1,2:d:ht|"
386,386,"CCOC(=O)OCC |$;;;;;;;$,Sg:n:3:d:ht|"
387,387,"CC1CS/C(=N/O)/O1 |$;;;Y8;;V6;;$,Sg:n:3:W:ht|"
388,388,"C[C@H]1[C@H]2C=CC[C@H]2C(=O)O1.CN(N)[N+](=O)[O-] |$;;;;;;;;;;;;;;;$,m:10:1.2.6.7.9|"
389,389,"CC1C2CCOCC2=NO1.CC |$G8;;U;;;;;;;E;;L90$,m:10:3.4.5.6.7.2,Sg:n:6:c:ht,Sg:n:2:T:ht|"
390,390,"CCCC(C)C(C(=O)C)OCC |$;;;;;;;U;;;;$,Sg:n:8:O:ht,Sg:n:1,2:v:ht|"
391,391,"COC(=O)C12CCN(C1)CCC2=O.CC=NC(N)=O.CNP(O)O |$;V;;;;;;;;;;W;;;;;;;;;;;;$,m:13:5.4.8.7.6,m:19:9.10.11.4.8.7,Sg:n:7:b:ht|"
392,392,"CC1=NN2C=CN=C2C=C1OC.CP |$;;;;;;;;;;;;;$,m:12:4.3.7.6.5|"
393,393,"C1COC[C@@H]2[C@@H]1O2.CC |$G;;;;;;;;R94$,m:7:6.5.4|"
394,394,CC(=O)C(C1=CN=CC=C1)OC |$;;;;M;;;;;;;$|
395,395,"CN1C=CC=C1[C@@]23CCC(C[C@@H]2O3)(F)F.CC(C)=NN(C)C(=O)O |$;;;;;;;;;;;;;;;;;;;;;;;$,m:15:1.2.3.4.5|"
396,396,"CC(=C1CCCC2=C1C=C(C=C2)OC)C |$;U7;;L2;;;;;;;;;;;$,Sg:n:4:V:ht|"
397,397,"C1OC2C(C(C(C(C2S1)O)O)O)O.CC |$;;;;;;;;U7;;;;;;R$,m:13:0.1.2.7.8|"
398,398,"C1=COC(=N1)C(=O)I.CSNC(C)=O |$;A1;A;;;;;;;;;;;$,m:8:0.1.2.3.4|"
399,399,"C1C[C@H]2C3=CC=CC=C3[C@@H]1O2.CS(=O)(=O)C(N)=O.CC |$;;Z3;;;;;;;;;;;;;;;;;R72$,m:11:0.1.2.10.9,m:18:4.5.6.7.8.3,Sg:n:7:E:ht|"
400,400,"CCC1(CCCN1)CC2CCCO2 |$;;J;;;;;;;;;;E3$,Sg:n:0:I:ht,Sg:n:4:U:ht,Sg:n:7:C:ht,Sg:n:10:d:ht|"
401,401,"CC1=CC(=CC1=O)OC.CC |$;;Q;;;;;K1;;;R7$,m:9:1.2.3.4.5|"
402,402,"C1CC2(CCOCC2)C3=CC=CC=C31.CC.CC.CNC(=O)S |$;;;;;;L4;;;;;;;;;V;;R;;;;;$,m:14:0.1.2.8.13,m:16:3.4.5.6.7.2,m:18:9.10.11.12.13.8,Sg:n:10:t:ht|"
403,403,"C[C@H]1[C@@H](C2C(O1)[C@@H](CO2)O)O.CC.CN=CN(C)C=NC |$;;;;;;;;;;;;J;;;;;;;;$,m:11:1.2.3.4.5,m:13:6.4.3.8.7,Sg:n:1:i:ht|"
404,404,"COC1=C(C2=C(C=CN2)C(=C1)CN)OC.CNC(C)=NS(C)(=O)=O.CNS(=O)OC |$;;Z;;;U0;;;L9;;;;;;;;;;;;;;;;;;;;;$,m:15:2.10.9.5.4.3,m:24:6.5.4.8.7,Sg:n:7:r:ht|"
405,405,"COC1=NC=NC(=C1)N.CC |$;;;;;;;;;;J$,m:9:2.7.6.5.4.3|"
406,406,"COC(=O)CC1=CC=CC=C1S.CC |$;;;;Z;;;;;;;;;U8$,m:12:5.10.9.8.7.6|"
407,407,C1=CC=C(C(=C1)N=C=O)OC(=O)N |$;;;;;;;;;;;G2;$|
408,408,CC1C(CC(O1)OC)C=O |$;;;A7;;;G;;;$|
409,409,"CC1([C@@H]2CCCN[C@@H]2C(=O)O1)C.CN=C(C)N(C)N(C)C.CS(=O)(=O)NC(N)=O |$;;;Y;Z;;;;;;;K;;;;;;;;;;;;;;;;;$,m:12:1.2.7.8.10,m:21:3.4.5.6.7.2|"
410,410,COC(=O)C=C |$;Q2;;B6;;$|
411,411,CC(C(C)OC1(CCSCC1)C#N)O |$;;;;L;J8;;;;;;;;$|
412,412,"C1CC2C3C(C1O2)O3.COC(=O)NN=C(C)C |$;;;;;;U;;;;;;;;;;$,m:8:6.5.4.3.2,Sg:n:4:p:ht|"
413,413,CC(C)(OC(=O)C(F)(F)F)Cl |$;;X6;;;;;X0;;;$|
414,414,"CC(C)[C@@H]1C[C@H](CO1)O.CC |$;;;;;;;;;;K$,m:9:3.4.5.6.7|"
415,415,"CC1=COC=C1C2(CCC2(C)C)O.CC.CSN(C)C=O |$;;;;;L;;;;;;;;;Z3;;;;;;$,m:13:1.2.3.4.5,m:15:7.8.9.6|"
416,416,C1C2C(C(C(C(N2)O1)O)O)O |$;;J;;J3;;;;;;$|
417,417,"COC(=O)C1(CCC1)CO.CC |$A3;;;;;;;;;U;;R$,m:10:4.7.6.5,Sg:n:6:Z:ht|"
418,418,"CC(=C)CC1CNCCO1.CC=NNC(=O)O |$;;;;;;L;;;;;;;;;;$,m:10:4.9.8.7.6.5|"
419,419,"CCOC(=O)[C@@H](C)[NH3+] |$;;;;;;;$,Sg:n:7:g:ht|"
420,420,"CCC1COCC(=O)N1C=C |$G;;;;D7;;;;;;$,Sg:n:1:J:ht|"
421,421,"CCOC(=O)[C@H](C1CCCC1)O.CC |$;B8;;;;;;;;;;;;Z$,m:12:6.7.8.9.10,Sg:n:11:G:ht|"
422,422,CC1(C[NH+](C1)[CH2-])NC(=O)OC(C)(C)C |$U7;;;;;;;;;;;;;$|
423,423,"COC(=O)C1C=NC=NC1=O.COP(=O)(O)SC |$;;;;;B7;;Y5;;;;;;;;;;$,m:11:4.9.8.7.6.5|"
424,424,"C1O[C@@H]2[C@H](O1)C3[C@@H](OCO3)OC2CO.COP(C)(=S)SC.CN=C(SC)N(C)N=C(C)C |$;;;;E0;;;;;;;G3;;;;;;;;;;;;;;;;;;;;$,m:14:7.6.5.9.8,m:21:10.11.2.3.5.6,Sg:n:7:r:ht|"
425,425,"CC1=C(C=C(C=C1)CO)OC |$;;;;;;;;;;W$,Sg:n:4:s:ht|"
426,426,"CO[C@H]1CCC[C@@H]1OC.CC=NS(=O)(=O)NC |$;;;;;;;;;;;;;;;;$,m:9:2.3.4.5.6|"
427,427,"C1C(=O)OC(O1)(C(F)(F)F)C(F)(F)F |$;;W8;;;D6;;G;;;;;;$,Sg:n:12:k:ht|"
428,428,C[C@@H]1C=C[C@@H]2COC[C@@]23N1C3 |$;Q5;;;;;J;;;;$|
429,429,"C1=C(C=C(C2=C1N=CO2)Br)I.CC |$D;;E;;;;;;Z;;;;G$,m:11:0.5.4.3.2.1|"
430,430,"C=CN1COC2=CC=CC=C21.CC |$;;;;;;;;;;;;R72$,m:11:6.7.8.9.10.5|"
431,431,C(C(=O)OC(=O)N)N |$;X0;;;;;;$|
432,432,CC(C)(C)C(C1=NC(=CC(=N1)Br)Br)OC |$;;;;X;;;;;;Y;D5;;;$|
433,433,"C1CC(OC1)/C(=C/Cl)/F |$;;;;;A;;V;M$,Sg:n:6:o:ht,Sg:n:1:g:ht|"
434,434,"C1COCCN(C1CCN)N=[N+]=[N-] |$M;;;;;;;;;;M;;$,Sg:n:11:v:ht,Sg:n:8:p:ht|"
435,435,C=COC(C1=NC=CS1)C2=NC=CS2 |$;;U;;;;;;;;;;;V0$|
436,436,"COC(=O)C1=CCNCN1.CC |$;;W7;M8;;;;;;;;V$,m:10:4.9.8.7.6.5,Sg:n:0:d:ht|"
437,437,"C1CC[C@]2([C@H]([C@H]([C@@H]3OC[C@@]2(C1)O3)O)O)O.CC |$;;;;;;;T1;;;;;;;;;R2$,m:15:0.10.9.3.2.1|"
438,438,"CC(=O)OC1COCO1 |$;;;;;;;;$,Sg:n:1:w:ht|"
439,439,"COC1=C(C(=C(C=C1)F)CBr)OC |$;;;;;;;;D4;;;;$,Sg:n:2:P:ht|"
440,440,C/C=C(/N1CCOC1=O)\O |$;;;;;;;;A;$|
441,441,CO[C@H]1CCC[C@@H]2[C@H]1[C@@H]2Br |$;;;;;Y5;;;;E2$|
442,442,"CC1(COC1)C2=CC=CO2.CC(C)=NN(C)C(=O)N(C)C.CC |$;;;;;;;;;;;;;;;;;;;;;;K$,m:10:2.3.4.1,m:21:6.5.9.8.7,Sg:n:1:P:ht|"
443,443,"C([C@@H]1[C@@H]([C@@H]([C@H](C(O1)ON)O)O)O)O.COB |$M3;M;;;;G;;;;;A0;;;;;$,m:13:1.6.5.4.3.2|"
444,444,"C[C@]12C[C@@H]3[C@H]1C(=O)O[C@H]2CC3.CN(C)S(C)(=O)=O.CC.CC |$;;;;V1;;;;;;;;;;;;;;;W0;;G6$,m:11:2.3.4.1,m:18:5.4.1.8.7,m:20:9.10.3.4.1.8,Sg:n:10:Y:ht|"
445,445,"C1N(C=C(O1)N=[N+]=[N-])N.CC |$;;;;;;;;;;G35$,m:9:0.1.2.3.4|"
446,446,"C1=CC(=O)OC1=O.CC |$;;;;;;;;R6$,m:7:0.1.2.4.5|"
447,447,"CCC1C2(CCO1)CC3C=CC2O3.CC.CC.CC |$;;;;;;;;;;;;;;Y;;U;;X1$,m:13:2.3.4.5.6,m:15:7.3.11.12.8,m:17:9.8.12.11.10,Sg:n:12:C:ht|"
448,448,C1=C(C(=C(C(O1)(F)F)F)C(=O)O)F |$;;;;M7;E1;D;;;;;;$|
449,449,CCC(C)(CN)OC1CCN(C1=O)C |$;;;;;;B;;;;;W;;W$|
450,450,CC1=[N+](N=C(C=C1)OC)[O-] |$;;;;;;Z;;;$|
451,451,"CC1=CC2=C(COC2(C)C(F)(F)F)C=N1.CC |$;;;;L8;;W;;;;;;Q7;;Q0;;V$,m:15:5.4.3.7.6,Sg:n:8:U:ht|"
452,452,"CCC(C)(C)OCCS |$;;;K;;W;W0;;$,Sg:n:6,7:T:ht|"
453,453,"CC1=C(C=C(C=C1)NC)OC.CC(C)=NC(C)=NN(C)C |$;;;;;Q5;;;;K;;;;;;;;;;;$,m:11:1.6.5.4.3.2,Sg:n:3:w:ht|"
454,454,"C1COCCC12COC2.CC |$;;;;;;;;;;R$,m:9:6.7.8.5|"
455,455,"CC[C@@H]1C(C([C@@H](O1)C)(F)F)C |$;;;;;;;;;;$,Sg:n:0:m:ht|"
456,456,"CCOC(=O)C(C)CC1=CN=CN1.CC |$;;Y;;;T;;;;;;;;;Z23$,m:13:8.9.10.11.12,Sg:n:12:O:ht|"
457,457,CC1(C(=O)C2C(=C(C=CN2)N)O1)C |$;;;;;;;B5;;;;;$|
458,458,CC(=C(C=C)OC)C |$;;;;J6;;;$|
459,459,"C1CC2(C(C(C(CO2)O)O)O)OC1.CP(C)C |$;;;;;;;;;;;;T2;;;;$,m:13:3.4.5.6.7.2|"
460,460,"C1=C[C@H]2C3=C([C@@H]1O2)C=CC(=C3)F.CC(C)=NC(=O)N(C)C.CC |$;;;;;;;;;;;;;;;;;;;;;;T$,m:12:0.1.2.6.5,m:21:6.5.4.3.2,Sg:n:1:C:ht|"
461,461,"CCC[N+]1(CCCCC1)C(C)OC.CN=C(N(C)C)N(C)N=C(C)C |$;;G;;;;;;;;;;;;;;;;;;;;;;$,m:13:3.8.7.6.5.4,Sg:n:9:x:ht,Sg:n:1,2:U:ht|"
462,462,CC1(CC2CCC1(C2)COC)C |$;;;;;;;;W8;;B;$|
463,463,"C1CC2C(C2Br)OC1.CC(C)=NNN |$;;;;;;;;;;;;;$,m:8:4.3.2|"
464,464,CCC(OC)F |$;;B;;;$|
465,465,"C=NCC1CCCOC1.CC |$;;;;;;;;;;R67$,m:9:3.8.7.6.5.4|"
466,466,"CC(C)OC(=O)NC1(CCS(=O)(=O)C1)C.CNC(=S)NN=C(C)C |$;;;L;;;;;B;;;;;;;;;;;;;;;$,m:15:7.8.9.10.13,Sg:n:4:i:ht|"
467,467,"CC(=O)OC12CC3CC(C1)C(C(C3)C2)N=[N+]=[N-] |$;;;;;T1;;;;;;;W1;;;;$,Sg:n:0:R:ht|"
468,468,CC1=C(C=C(C(=C1C)OC)C(=O)Cl)OC |$;;;;;;;U;;;;;;;$|
469,469,C1[C@@H](C2=C(O1)C=C(C=C2F)F)N |$;;;B9;;;;;;;;$|
470,470,"CC[C@@H]1[C@H](C(=O)[C@H](O1)OC)F.CC |$;;;U9;;;;;;;;;R81$,m:11:2.3.4.6.7,Sg:n:0:X:ht|"
471,471,"CC12CC3C(O3)CC1(O2)C.CC |$;;;;;;;;;T5;;T$,m:10:2.3.4.6.7.1|"
472,472,C1=CC2=C(C(=C1)F)C(=C(C(=O)O2)F)F |$;A;;;U1;;;;;;;;;$|
473,473,"CC1COCCC1O.CC |$;;;;X6;;;;;R$,m:8:1.6.5.4.3.2,Sg:n:7:J:ht,Sg:n:1:E:ht|"
474,474,"C1OC2C(=CC=C2O1)N.CC=NN(C)N=C(C)C |$;;;B2;;;;;;;;;;;;;;$,m:9:0.1.2.6.7|"
475,475,"CCC1(COCC(=O)N1)C2CC2(C)C.CC.CNP(C)(=O)OC |$;;;;;;;;;;;;;;;W;;;;;;;$,m:14:3.4.5.6.8.2,m:16:10.9.11,Sg:n:6:v:ht,Sg:n:13:G:ht|"
476,476,"CC(C)(C)C1C(OC(O1)(P)P)C(C)(C)C.CNP(=O)(O)O |$;;;;;;;;;L3;;U3;;;;;;;;;$,m:15:4.5.6.7.8|"
477,477,"CC(C=C)C12CC(CO1)OC2C=C.CC |$;;;;;;;;;;;;;;G91$,m:13:5.4.8.7.6,Sg:n:6:t:ht|"
478,478,"C1CCOC/C=C\C=C\C1.CS(=O)(=O)Br |$;;;;;;X;X;;;;;;;$,m:10:0.9.8.7.6.5.4.3.2.1,Sg:n:1:k:ht|"
479,479,"CN[C@@H]1CC(=O)OC1=O.CON(C)N |$;;;;;;;;;;;;;$,m:9:2.3.4.6.7|"
480,480,"CC(=O)OC1C2CCC3C(S2)CC1S3.CC.CN[N+](=O)[O-] |$K;;;;;;;;;;;;;;;R;;;;;$,m:14:11.9.8.13.12,m:16:6.7.8.9.10.5|"
481,481,"COC1=CSC(=C1OC)C#N.CON(C)SC |$;;;;;;;;;;;;;;;;$,m:11:2.3.4.5.6,Sg:n:0:h:ht|"
482,482,"CCOCC(C)(CO)N |$;;;;;;;;$,Sg:n:0:f:ht|"
483,483,CC(/C(=C/C1CC=CCO1)/C)C(C)(C)C |$E;;;;;;;;;;;;;;$|
484,484,"C[C@H]1COC(N1)C(C)(C)C.CC |$;;;;;;;;;;;R$,m:10:1.2.3.4.5|"
485,485,COC1=C(SC=C1C#C)Cl |$;;;;;;;D;;$|
486,486,CC(=NC=C)COCN |$;;;L3;Y2;Q9;;;$|
487,487,"CN(CC=C)CC1COCC1N |$;;;;;;;;;;;$,Sg:n:4:M:ht,Sg:n:4:e:ht|"
488,488,"CC(C)[C@H]1C2(CCOCC2)CN1.CC.CC |$;;K3;;Z;;;;;;;;;W;;A$,m:12:3.11.10.4,m:14:5.6.7.8.9.4,Sg:n:3:q:ht|"
489,489,"CC1=NC=C(C2=C1OC=C2)CO.CC |$;;;;Y3;;;;;;;;;R6$,m:12:7.6.5.9.8|"
490,490,"C[C@H]([C@@H]1C[C@@H]2CC[C@]1(C=C2)OC)O.CP.CC |$;;;;;B6;;;;;;;;;;;V4$,m:13:2.7.6.5.4.3,m:15:5.6.7.8.9.4|"
491,491,CCC(C)OC(=O)C#N |$J5;;G5;;;;;;$|
492,492,"CC1C(=O)NC2=C(O1)C=CC=C2Cl.CNN(C)N(C)C |$;;;;;;;;;;;;Z3;;;;;;;$,m:13:8.9.10.11.5.6|"
493,493,"CC(C1CO1)(C(=O)O)O |$;;;;;;;;$,Sg:n:6:q:ht|"
494,494,"C1=COC(=C1)C2=CSC=C2.CC.CC(C)=[N+](C)[O-] |$;;;;;;;;;;;R;;;;;;$,m:10:0.1.2.3.4,m:12:6.5.9.8.7|"
495,495,"C[C@H]1COC2C1OCC2O.CC.CON(C(C)=O)C(C)=O |$;;;;;;;Y;;;;R68;;;;;;;;;$,m:10:1.2.3.4.5,m:12:6.5.4.8.7|"
496,496,"C1=CC2=C(C(OC2=O)O)C(=C1)Br.CNN=C(C)N=C(C)C |$;;T;;;;;;;;K8;;;;;;;;;;$,m:12:4.3.2.6.5|"
497,497,"COC1=NCC(C1)[OH2+].CC |$;;;;;;;;;Z47$,m:8:2.3.4.5.6|"
498,498,CC[C@@H](C)C([C@@H](C)OC)NC |$;;D7;;;;;;;;$|
499,499,CC1(/C(=N\N)/C(=N\O)/C(O1)(C)C)C |$;;;Q8;;;;;X;;;;$|
500,500,"COC(=O)C1=CC=CN2C1=NC=C2.CNNN |$;;;;;;;;Y1;;;;;;;;$,m:13:4.9.8.7.6.5|"
501,501,CN(CC#C)C(CN=[N+]=[N-])OC(F)F |$X;;;;;;X3;;;;;;;$|
502,502,"CC(CCOC)NC(C)C(=O)N |$;;;;;;L;;;;;$,Sg:n:8:S:ht|"
503,503,"COC(=O)C1COCSC1.CS(=O)(=O)C#N |$;;;;;;M;;;;;;;;;$,m:10:4.9.8.7.6.5|"
504,504,"C1COC2=CC(=CC(=C2[C@@H]1N)C#N)N.CS.CC |$;;;;;;;;;;;;;;;;;R91$,m:14:0.9.8.3.2.1,m:16:4.5.6.7.8.3|"
505,505,"CC(OC1=CC=CC=C1N)S(=O)(=O)O.CC |$;;;;;;;;;;K3;;;;;X0$,m:14:3.8.7.6.5.4|"
506,506,"CC1=C(OC(=C1)C(=O)C)C.CNOC(C)=N |$;;;;E8;;;E0;;;;;;;;$,m:10:1.2.3.4.5|"
507,507,C1CNCC2=C(CCOC1)SC=C2 |$Z2;;;Z3;;;;;;;T;;$|
508,508,[13CH2]1O[13CH2]O[13CH2]O1 |$;;;K6;;$|
509,509,"CC12CCC(O1)(C3=CC(=C(C=C23)Br)Br)C.CC.CC |$;;;;;;;;;J5;;;;;;;V;;K52$,m:15:2.1.5.4.3,m:17:5.4.6.11.1|"
510,510,"C1CC(C2C(C1)O2)CC[SiH3].CC |$;;;;;;;;;;;U$,m:10:6.4.3|"
511,511,CC(C)(C)OC1=C(C=CN=C1)C#N |$;D0;;;;D5;;;;;;;$|
512,512,C(=N/N)\C(C#N)OC(=O)N |$;;;;;;B;;;$|
513,513,"C1C(SCO1)CO.CC |$;;;;;;;;R6$,m:7:0.1.2.3.4|"
514,514,C1=COC(=C1S)N |$;;;;;;Y$|
515,515,"C1C(CO1)(C#N)C2=NN=NS2.CNOC.CC |$;;;;;;;;;A5;;;;;;;R4$,m:11:0.3.2.1,m:15:7.6.10.9.8|"
516,516,"C1COC2=C([C-]=CS2)C(=O)N1.CNNO |$;Z;;;;;;;;;;;;;$,m:11:5.4.3.7.6|"
517,517,"C1CN2CC1COC2N=[N+]=[N-].CN=C(NC)NOC |$;;M;E;;;;;;;;;;;;;;;$,m:11:5.6.7.2.3.4,Sg:n:1:J:ht|"
518,518,"COC(=O)N |$;;;;D9$,Sg:n:2:W:ht|"
519,519,"C1=CC=C(C(=C1)CS(=O)(=O)N)OC(F)F.CSC(C)(C)SC |$;;;;;;Y8;;;;;B;;;;;;;;;;$,m:15:0.5.4.3.2.1|"
520,520,"CCC1COC(N1)C(=C)C.CC(=O)OC(=O)O |$;;;;;;;;;;;;;;;;$,m:10:2.3.4.5.6|"
521,521,"COC1=C2CC(=CC=C1)C=CC=C2C=O.CC |$;;;M;;;;L;;;;;;;;;R38$,m:15:4.3.12.11.10.9.5|"
522,522,"C1CC=C2C(=C1)OCO2.CNNC(N)=O |$;;L;;;;;X;;;;;;;$,m:9:6.4.3.8.7|"
523,523,C[C@@H]1C2(CC2)N(CCO1)C |$;;;;;;;Q2;;K$|
524,524,C1=COC(=N1)C(N)S(=O)O |$;;;;V0;;;;;$|
525,525,"C1C[C@@H]2[C@@](C2(F)F)(OC1)C(=O)O.COC#N |$;;W;;;U4;;;;;;;;;;$,m:12:4.3.2,Sg:n:11:S:ht|"
526,526,"CC1(CCC(CO1)O)C.COC(=O)NS |$;;;;;;;;;;;;;;$,m:9:1.6.5.4.3.2,Sg:n:4:D:ht|"
527,527,"CCCNC(C)C(=O)OCC |$;;;;;;;;;;$,Sg:n:1,2:Z:ht|"
528,528,C[C@H]1CN(C[C@@H](O1)C)C(=O)C |$;;;;Y;;;;;;X$|
529,529,"CC(C)C1=CN=NC=C1C(=O)OC |$;;;;;;;;;;;;$,Sg:n:1:X:ht|"
530,530,"C1COC(=C(O1)C(=O)Cl)C(F)(F)F |$;;U2;;;;;;X7;D;;Z0;$,Sg:n:8:Z:ht|"
531,531,"COC1CCC=CN1OC.CC |$;;;;;;;;;;;R$,m:10:2.7.6.5.4.3|"
532,532,"C1CCOC(C1)OC2(CC2)C=O.COB(O)OC |$B4;;;K;;;;;;;Y1;;;;;;;$,m:12:8.7.9,Sg:n:5:x:ht,Sg:n:3:w:ht,Sg:n:6:W:ht|"
533,533,"C[C@@]12[C@@H](C[C@@H]3C[C@H]1C3(C)C)C=CO2.CN=C(NC)N(C)SC.CC.CC |$;;;;;;;;;;;;;;;;;;;;;;;Y;;Y$,m:13:5.6.7.4,m:22:3.4.5.6.1.2,m:24:3.4.7.6.1.2|"
534,534,"C1=CC=C2C(=C1)C(=O)OC2=O.CC(=O)SN(C)C |$;;;;;;;;;;;;;;;;;$,m:11:6.4.3.9.8|"
535,535,"CC(C)C1C2(CCC1(OC2=O)C(=O)C)C.CC=[N+](C)C |$G3;;;;;;;;;;Z1;;;;;;;;;$,m:15:3.4.9.8.7,Sg:n:1:u:ht|"
536,536,"COC1=CC(=C(C(=C1)Br)N)N=O.CC |$;G;;;L4;;;;;;;;;E56$,m:12:2.7.6.5.4.3|"
537,537,CC1C(O1)(C)C(C)(C)N=[N+]=[N-] |$U2;U;A;;;;Q;;;;$|
538,538,"C1COC(O1)CN=[N-].CNC(=S)N(C)NC |$;;;;;;;;;;;;;;;$,m:8:0.1.2.3.4,Sg:n:1:R:ht|"
539,539,C1=CC=C2C(=C1)NC(=S)O2 |$;;;;;;M3;;;$|
540,540,COC(=O)C1COCC2=CC=CC12 |$;;;;;;T;;;;;;$|
541,541,"C1COC2(C1=O)CNC2.COC(=O)NS.CC |$;;;;;;;;V0;;;;;;;;E30$,m:9:0.1.2.3.4,m:15:6.7.8.3|"
542,542,"CCC1=C(OCCC1)C(C)C.CC |$;;;;;;X7;;;;;;R8$,m:11:2.7.6.5.4.3,Sg:n:6:J:ht|"
543,543,C1C=CC=CC1(O)OC(F)(F)F |$K;;;;;;;;;;;$|
544,544,"C1=CC=C2C(=C1)C(=C(O2)O)C(=O)N.CC=S=O |$;;;;M1;;;;;;;;;;;;$,m:13:6.4.3.8.7|"
545,545,"CC1=CC2=CC=CC=C2CO1.CN=O |$;;;;;;;X;;;;;;$,m:11:4.5.6.7.8.3|"
546,546,"C1COC2=C(N1)C=CC(=C2)N.CC |$;V;;;;;G4;;;;;;R$,m:11:0.5.4.3.2.1,Sg:n:3:V:ht,Sg:n:5:w:ht,Sg:n:3:D:ht|"
547,547,"CC1=C(OCCO1)C(=O)NC |$;;U;;;;;;;;$,Sg:n:1:D:ht|"
548,548,"C1CC1(CN)N2CC3CC2CO3.CC |$;;;;;;;;;;E;;;R$,m:12:0.1.2,Sg:n:0:j:ht,Sg:n:6:h:ht|"
549,549,"C[C@@H]1COC(CN1C)C(=O)O.CC |$;;;V;T;;;;M8;;;;R8$,m:11:1.6.5.4.3.2,Sg:n:3:a:ht|"
550,550,CC(C)C(C(=O)OCS)(NC(=O)C)SC |$;K;;K;;M;;;;;;;;;$|
551,551,"C1CCC2(CC1)CC(OC2=O)O.CC |$;;;;;;;;;Z2;;;;W08$,m:12:0.5.4.3.2.1|"
552,552,"C1C[C@H]2[C@H](CCCO2)OC1.CC |$;;;;A;;;;;;;R6$,m:10:4.5.6.7.2.3|"
553,553,CN1C(=NC(=NC1=S)OC)OC |$;M0;;;;;;;;;;$|
554,554,"COC1=C(C=C(C=C1)Br)NS(=C)(=O)C |$;;;;;;;T;;;;;;$,Sg:n:5:w:ht|"
555,555,COC1=C(C(=CC=C1)OC)C(=O)Cl |$;W2;;;;;;T;;;;;$|
556,556,"CC(C)[C@@H]1C[C@H](CCO1)O.CC=NC#N |$;;;;;;;;;;;;;;$,m:10:3.8.7.6.5.4|"
557,557,C=COC(=O)[O-] |$;J9;;;;$|
558,558,[C@@H]1([C@@H]([C@H](O[C@@H]([C@H]1O)O)C(O)I)O)O |$;;;;;J3;;;;;X4;;$|
559,559,"C1(C(=C(C(=O)O1)Cl)Cl)C(=O)N.CNS(C)=O |$;;V;;;;;;;X2;;;;;;$,m:11:0.1.2.3.5|"
560,560,CC(=O)OC(C(=O)O)C(=O)O |$;;;;;B4;;;;;$|
561,561,"CC1(O[C@H]2C(=O)CC=C2O1)C.CC.CC |$M;;;;;;;M;;;;;R;;M78$,m:11:1.2.3.8.9,m:13:4.3.8.7.6|"
562,562,"COC1C(C(C(O1)C(O)O)O)O |$;;;;K6;;;;;;;$,Sg:n:2:j:ht|"
563,563,"C1CO[C@H]([C@@H]1O)CN.CS(=O)(=O)Br |$;;;X;;;;;;;;;$,m:8:0.1.2.3.4,Sg:n:4:t:ht|"
564,564,C/C(=C\C(=O)C)/NCOC |$;;;;;;;;Q1;$|
565,565,"CC1(C=COC2=C1SC=C2)C.CB(N)O |$;;;;;;;;;;K8;;;;$,m:11:7.6.5.9.8|"
566,566,CO[C@H]1COC([C@@H]([C@H]1O)OC)O |$;;;;;B;;;;;;$|
567,567,COC(C(C(=O)Cl)OC)C(=O)Cl |$D9;;;;;;;;;;;$|
568,568,"COC(=O)C12C3C1C4C3C24C(=O)OC.CC.CC.CC |$Z;;;Y;;;;;;;;;;;;R;;R84;;R$,m:14:4.5.6,m:16:4.9.8.5,m:18:5.8.7.6|"
569,569,"CO[C@H]1C[C@H]2C=C[C@@H]1C2(OC)OC.CC(N)=NO |$;;;;;;;;;;;;;;;;;$,m:13:2.3.4.8.7|"
570,570,CC1CC2=C(C=CC=C2O1)O |$;;;;;;;;;;U4$|
571,571,"C[C@@H]1COC2=C1C=CC(=C2)O.CC.CN=C(OC)N(C)C |$;;;;;;;;;;;;G4;;;;;;;;$,m:11:1.2.3.4.5,m:13:6.7.8.9.4.5|"
572,572,"C[C@H]1[C@@H](SC(=O)O1)C.CC |$;;L2;;;;;B1;;R$,m:8:1.2.3.4.6|"
573,573,CC1=CC(=C(C(=O)O1)Cl)C |$;;;;;E;;;;$|
574,574,"C1CCC2C(C1)C(O2)N=[N+]=[N-].CC |$;E0;;;;;;;;;;;R$,m:11:6.7.3.4,Sg:n:0:L:ht|"
575,575,"CC1(C[C@H](CO1)N)C.CNS(N)(=O)=O |$;;;;W7;;;;;;;;;$,m:8:1.2.3.4.5|"
576,576,"CCC[C@H]1[C@H](OC(=O)N1)CO |$;;;;;;;;T;;$,Sg:n:0:g:ht,Sg:n:1,2:i:ht|"
577,577,"CN1C(=O)C2[C@@H]3C=CC(C2C1=O)O3.CC.COP(=S)(S)OC |$;;L;V;;;;;U1;;;;;;R9;;;;;;;$,m:13:6.5.12.8.7,m:15:12.8.9.4.5|"
578,578,C/C=C(\C)/OC(=O)NN |$;;G;;;;;;$|
579,579,"COC(=O)C1=CC=CC=C1N2CCNC2=O |$;;;;;;;B;;;;;;;;$,Sg:n:13:n:ht|"
580,580,"CCOC(=O)C(C)C1CCCC(=O)C1.CC |$;;;;;;;;;;;;B;;;L$,m:14:7.13.11.10.9.8,Sg:n:0:B:ht|"
581,581,CC(C)(C)C(CC(=O)O)OC(F)F |$K;;;;;;;U1;;;J6;;$|
582,582,"CCC1=CC(=CO1)C.CC |$G1;;;;;;;;;A5$,m:8:2.3.4.5.6|"
583,583,"CCC1CC2(CCO1)C(O2)(C(=O)OC)Cl |$;;;;;G5;;;;;V;;;;$,Sg:n:10:g:ht|"
584,584,"CC1[C@@H](C[C@@H]([C@@H](O1)OC)O)O |$;;;;;;;;;W;$,Sg:n:4:y:ht|"
585,585,"C1C[N-]C1C2CO2.CC(=O)F.C=NC(N)=NC |$;;;W7;;;;;;;;;;;;;$,m:7:0.3.2.1,m:11:5.4.6|"
586,586,COC(=O)C1=C(C=CC2=NC=CN21)Cl |$;;;W8;Y3;;Z8;;;;;;;$|
587,587,CC1=C(C(=C(O1)C)C(=O)Cl)C(=O)Cl |$U;;;;;;;;;;;;$|
588,588,CC1C(OC(=O)/C=C/C(=O)O1)C |$U;;;;;;E;;;;;$|
589,589,CC1C=NC2=C(C=CC3=C2C1CCO3)C |$;;;;;;;;;;;W1;;;K2$|
590,590,"CC(C)C1(NC=CO1)C(=O)Cl.CC |$;;;A;;;;;;;B;;R37$,m:11:3.4.5.6.7|"
591,591,"CC1=NC=C2CNCC2=C1OC.CC.CC=NC(=O)N(C)C |$;;;;;;;;;;;;;R4;;;;;;;;$,m:12:1.9.8.4.3.2,m:14:5.4.8.7.6|"
592,592,CCOC(C)C |$;;J;;;$|
593,593,"C1CCC(C1)C2(CCOC2)CBr.CC |$;;;;;;;;A;;;;;X$,m:12:6.5.9.8.7,Sg:n:5:A:ht|"
594,594,"C[C@@H]1CCC[C@]2([C@@H]1O2)C.CC |$;;;;;;;;;;R04$,m:9:7.6.5|"
595,595,"C([C@@H]1[C@H](O1)C#N)Cl.CC |$;;;;;;;;Y$,m:7:1.2.3|"
596,596,COC(=O)CC1(CCCC1)CC(=O)OC |$;;;;;;;V7;;;;;;;$|
597,597,"C[C@H]1[C@@H](CCO1)Cl.CC |$;;;;;;;;K$,m:7:1.2.3.4.5|"
598,598,"CC1CN(C(CO1)C)C(=O)C2(CC2)CN |$;;;;;;;;;;;;;;$,Sg:n:7:S:ht|"
599,599,"C1CC2C(C(C1)N)C(=O)OC2=O.CC.CN(C)ON |$;;;;;;;G4;;;;;;R;;;;;$,m:12:0.5.4.3.2.1,m:14:7.3.2.10.9|"
600,600,"CC1(CCO[13C](=O)C1)O.CN=C(C)C#N |$;;;;;;L;;J;;;;;;$,m:9:1.7.5.4.3.2,Sg:n:1:I:ht,Sg:n:4:S:ht|"
601,601,"C/C=C\1/CCC(OC1)O.CC |$;;;V;;;;;;;R47$,m:9:2.7.6.5.4.3,Sg:n:4:x:ht|"
602,602,"CC(C(=S)N)N1CCOC2C1CCC2.C[N+](C)=[N-] |$;;;;;;;;;;;;;;;;;$,m:14:11.10.9.13.12|"
603,603,"CC1(C(=O)NC2(O1)CCNCC2)C.CC.CNN(C)N=O |$;;;;;;;;;;;;;;R;;;;;;$,m:13:1.2.4.5.6,m:15:7.8.9.10.11.5|"
604,604,"C1CNCCC12CCOC2O |$;;;;;;;;;;$,Sg:n:5:w:ht,Sg:n:7:n:ht|"
605,605,CC(C)C(C(Cl)(Cl)Cl)OC(=O)C |$;;W0;;;;;;;;;$|
606,606,C1COCC1[C@@H](C(F)(F)F)O |$;;;G;;M;;;;;$|
607,607,"CC(=C(CC=O)C(=O)OC)OC |$;;U6;;;;V6;;;;;$,Sg:n:7:H:ht|"
608,608,"COC(=O)CC1=NN=C(N1N)N.CON=C(C)N=C(C)C |$;;;;;;;;B9;;;;;;;;;;;;$,m:12:5.6.7.8.9|"
609,609,CC[C@H]1OC[C@H](CS1)C |$;;;;;M4;;;$|
610,610,CC(C)(CC(C)(C)O)C1C(O1)N |$;;;;Z;;;;;;;$|
611,611,"CC12CN(CC1(OCCN2S)C)C.CC.CCl |$W;B3;;;;;;;;;;;;;W97;;$,m:13:2.1.5.4.3,m:15:6.7.8.9.1.5,Sg:n:8:r:ht|"
612,612,COC1C2=C(CCCC2)OC(=O)C1(Cl)Cl |$;;Y7;;;;;;;;;;;;D3$|
613,613,"C1CC2(C1)/C(=C/I)/C(=O)O2.CN=C(C)N(C)NC.CC |$;;;;;;;;;;;;;;;;;;;L12$,m:10:0.3.2.1,m:18:4.7.9.2|"
614,614,"CC[N+](C)(CC1CO1)CC2CO2.CC=NC(=O)OC |$;;;;;;;;;;;;;;;;;;$,m:12:6.5.7|"
615,615,"CNCC1CCCCO1 |$;;;;;;;;$,Sg:n:8:A:ht|"
616,616,"C1=COC=C1C2=CN=CN2.CC(C)=[N+]=[N-] |$;;;;;;;;;;;;;;$,m:10:6.5.9.8.7|"
617,617,"C[C@@]12[C@@H](O1)CCC(C2CC=O)(C)C.CC |$;;;;;;;;;;;;;;R8$,m:13:4.5.6.7.1.2|"
618,618,C1C2C(C3C(C1S(=O)(=O)O3)O2)OCBr |$;G4;;;;;;;;;;;;$|
619,619,COC1=NN1 |$;;E;E5;$|
620,620,"CC1=CC(=CCC1N)OC.CC |$;;;;;;;;J3;Q4;;R$,m:10:1.6.5.4.3.2|"
621,621,"CC1COCOC(CO1)C.C=NNC(C)=O |$;;;;;;;;T;;;;;;;$,m:10:1.8.7.6.5.4.3.2,Sg:n:8:R:ht,Sg:n:2:g:ht|"
622,622,CO[C@H]1[C@@H](C(OC([C@@H]1O)O)CO)O |$;;W;;;;;;;;;;$|
623,623,CC(=O)OCC(C)(C)CN |$;X;;;;;;;;$|
624,624,C[C@@]1(CCCOC(=O)C(C1)(Cl)Cl)Cl |$;;;;;A;;;;;;;$|
625,625,"C[C@H]([C@]1(CCOC1=O)[Si](C)(C)C)O.CC |$;E4;;;;;;;;;;Q;;;J$,m:13:2.3.4.5.6|"
626,626,"CC1=C(C(=C(C(=N1)C)OC)CO)C=O.CS(=N)(N)=O |$;;;;;;;;;;;;;;;;;;$,m:14:1.6.5.4.3.2,Sg:n:12:L:ht|"
627,627,"COC1=CC=CC=C1C2(CCCN2)CN.CSC(=S)N(C)N |$B;;;;;;L;;;;;;;;;;;;;;;$,m:15:2.7.6.5.4.3,Sg:n:11:a:ht|"
628,628,"CC[C@H]1[C@@H](O[C@H](C[C@@H]1OC)C)C.CC |$;;;;;;;;X6;E;;;;R2$,m:12:2.7.6.5.4.3|"
629,629,"COC1=C2C(=C(C=C1)Cl)N=CC(=C2Br)Cl.CN=C(SC)N(C)N(C)C |$;;;;Z;;;;;;;M;;K;;;;;;;;;;;$,m:15:2.7.6.5.4.3|"
630,630,"C[C@@H]1[C@H]([C@H]([C@H](C(O1)SC)OC)OC)O |$;;;;;;;;;;;;;$,Sg:n:3:Z:ht|"
631,631,CC(C)(C(=NO)N)OC |$;;;;Y;;;;$|
632,632,"CC(CO)C(=O)OCI |$;;;;;;;;$,Sg:n:4:p:ht|"
633,633,CC(C)C([C@@H]1CCCN1C)OC |$;;A;;;;;;;;Q;$|
634,634,"C1COCC2=C(ON=C21)C=O.COP(N)(=O)N(C)C.CC |$;Q8;;;;;;;;;T0;;;;;;;;;;R$,m:11:0.8.4.3.2.1,m:19:5.4.8.7.6|"
635,635,"COC(=O)[N+]1(CCOCC1)O |$;;;;;;;;;;$,Sg:n:0:L:ht|"
636,636,"CCCC(OC)(OC)P([O-])OC |$;;;;;;;;;;;$,Sg:n:1,2:U:ht|"
637,637,"COC1=C(C(=CN=C1N)C(F)F)CCl |$L;;;;;G6;;;;;Z;;;$,Sg:n:6:z:ht|"
638,638,"C1C2C#CC1C3C2C(=O)OC3=O.CC.CC |$;;;B2;;T;;;;;;;;U;;Z21$,m:12:0.1.2.3.4,m:14:7.6.5.10.9|"
639,639,"C1COC2=C(C=C(C=C2[C@@H]1N)O)CO |$;A;;;;;;;G8;;;;;$,Sg:n:10:j:ht|"
640,640,COC1=C(C(=C(C=C1)C(OC)(F)F)F)F |$;;K;;;;;;;;;;;;$|
641,641,"CC1=C(C=CO1)C(=O)NCC(=O)N(CC=C)CC2=CC=CC=C2.CNP(=S)(OC)OC.CC |$;;;;;;;Y;;;;;;;;;;;;;;;;;;;;;;;;;G$,m:23:1.2.3.4.5,m:31:18.19.20.21.22.17|"
642,642,"COC1CC(C1)NC(=O)CCBr.CC |$;;;;;;;;;G0;;E;;M$,m:12:2.5.4.3,Sg:n:9,10:K:ht|"
643,643,"CC(CC(CC(=O)OC)N1CC1)N2CC2 |$;;;;;;;;J6;;;;;;$,Sg:n:14:I:ht|"
644,644,"COCC1C(O)CCN1C(=O)C(F)(F)F |$J;;;L;;A;;;;;;;;;$,Sg:n:1:K:ht|"
645,645,"COC[C@@H](C(=O)O)NCCN |$;;;;;;;;W4;;$,Sg:n:8,9:A:ht|"
646,646,"CO[C@@H]1CO[C@@H](C1O)/C=C\P(=O)(O)O.CC |$;;;;;;;;;;;;;;;G$,m:14:2.3.4.5.6,Sg:n:10:m:ht|"
647,647,"CCN(CC1=CC=NCC=C1)C(=O)OC.CC |$;;;;;;;;;;;;;;;;J$,m:15:4.5.6.7.8.9.10|"
648,648,"CC1=NC(=C(C=C1)C#N)OC(C)CNC.CC |$;;;;;Y;;;;;;;;;;;R18$,m:15:1.6.5.4.3.2|"
649,649,"C1=C(O[C@@H]([C@@H]([C@@H]1O)O)CO)C(=N)N.CC |$;;;;;;;G;;;;;;;E$,m:13:0.5.4.3.2.1|"
650,650,"CCCOCCOCCC |$;;;;;;;;;$,Sg:n:1:M:ht,Sg:n:8:D:ht,Sg:n:1,2:c:ht|"
651,651,"CC1=CC(=CC(=N1)OCC2CCCO2)C(=O)O.CC(=S)OC(C)=S.COC(C)(O)O |$;B;;;K0;;;;;;;;;;;;;;;;;;;;;;;;;$,m:17:1.6.5.4.3.2,m:24:10.9.13.12.11,Sg:n:4:U:ht|"
652,652,"COCCCC1COCCC1=O |$;;A2;;;;;;Q4;;M3;$,Sg:n:1:f:ht,Sg:n:3:E:ht,Sg:n:2,3,4:M:ht|"
653,653,"COC(=N)CCC1CCOC1.CC |$;;;;;;;Q;;;;;R$,m:11:6.7.8.9.10,Sg:n:4,5:T:ht|"
654,654,CC1=C(C(=C(C(=C1Cl)NC(=O)C)Cl)C)OC |$;;;;;;;;;D8;;;;;;$|
655,655,"C(COCCI)OCCCl |$;;;;;;;;;$,Sg:n:7:z:ht,Sg:n:1:h:ht,Sg:n:1,0:S:ht|"
656,656,CCOC(=O)N/N=C\C1=CC=C(S1)Br |$;;;;;G5;;;;;;;;$|
657,657,"CC1(OC[C@@H](O1)C2C(CCO2)O)C.CC |$;;;;;;;;;;;;;;R6$,m:13:1.2.3.4.5,Sg:n:4:h:ht|"
658,658,"CC(=O)CC(CCO)OC |$;;;;;;;;;$,Sg:n:5,6:E:ht|"
659,659,"CC(C)(C12CC(C1)N(C2)C3=NC(=NC(=C3)N4C5=C(C=CC(=C5)[C@@]6(CC67CC7)C#N)C=N4)OC)O.CN=CN(C)C=NC.CC.CNN=C(C)N=C(C)C.CC |$;;;;;;;;;;E1;Z;;;;;;;;V2;;;;;;G;;;A3;;;;;;;;;;;;;;;G7;;;;;;;;;;;R$,m:34:4.5.6.3,m:42:8.7.5.4.3,m:44:10.11.12.13.14.9,m:53:8.7.5.6.3,Sg:n:9:V:ht,Sg:n:30:V:ht|"
660,660,"CC(C)OCC(CN1CCCC1CO)O.CC |$;;;;;;;;;;;;;;;;R0$,m:15:7.8.9.10.11|"
661,661,COC1=CC=CC(=C1)CO[C@@H]2CCCC[C@@H]2N |$;;;X;;;;;;;;D5;;;;;$|
662,662,CC(C)C1=C2C(=CC=C1)NC(=S)O2 |$;;;J9;;;;Y6;;;;Y5;$|
663,663,"CCOCCC(=O)NC1CCCC1C#N.CONC(=O)OC |$T;;;;;A;;W;;;J5;;;;;;;;;;;$,m:15:8.9.10.11.12,Sg:n:3,4:U:ht|"
664,664,"CCCNC(C)C(C)OCCOCC |$;;;;;;;;L;V;;;;$,Sg:n:7:h:ht,Sg:n:11:f:ht,Sg:n:1,2:o:ht|"
665,665,CC(C)(C)OC(=O)N1CC[C@@H](C1)OSC |$;X;;J;L;;;;;;;;;;$|
666,666,"COC1=CC(=C(C(=C1)Br)OC)SC2=NC3=C(N=CN=C3N2CCCC#C)N.CC |$;;J;L;;;;;;;L4;;;;;;;;;;;;;E;;;;;Y$,m:27:15.16.17.18.19.14|"
667,667,"CC1=C(N=C(C=C1)C)OCC2=C(C=CC=C2[N+](=O)[O-])C(F)(F)F.CC(=S)NN.CC |$U1;;;;;;;;Y3;;;;;Y;;U5;;;;;;;;;;;;;;R22$,m:23:1.6.5.4.3.2,m:28:11.12.13.14.15.10|"
668,668,"C(C(C1=C(C(C(=O)O1)O)O)O)F.CC |$;;;;L;;;;;;;L;;Y$,m:12:2.3.4.5.7|"
669,669,"C1CCC2=C(C1)N=C(O2)C3=CC=CC=N3.CSC(=O)SC.CS(=O)(=O)C#N |$;;;;;;;;;;;;;K2;Z6;;;;;;;;;;;;$,m:15:0.5.4.3.2.1,m:21:6.4.3.8.7|"
670,670,COC(=O)C(C1=C(C=CC(=C1)Cl)Cl)N |$;Z;;;;;;;;;X;;;$|
671,671,"CC(C)OC1=CN=CC(=C1)C(=O)C2CCCC2.COOC.CC |$;;;;;;;;;;;;;;;;;;;;;;Z$,m:17:4.9.8.7.6.5,m:21:13.12.16.15.14,Sg:n:11:w:ht|"
672,672,"CCCNC(COC1=CC=CC(=C1)C)C2=CC=C(C=C2)C.C=[NH+]C.CC(=O)ON(C)C |$;;;;;;;;;;;;;;;;;;;;;;;;;;;;;;$,m:21:8.9.10.11.12.7,m:24:15.16.17.18.19.14|"
673,673,"C1=CC=C2C(=C1)OC(O2)CNO.COP(O)(=S)OC.CC |$;;;;J;;;;;;;;;;;;;;;;X98$,m:12:0.5.4.3.2.1,m:19:6.4.3.8.7,Sg:n:1:c:ht|"
674,674,"CC[C@H]1CN(C2=C(O1)C=CC(=C2)C)C(=O)NCC(=O)OCC.CC.C[NH+](C)[O-] |$T2;;;;;;;;;;;;;;;;;;;;;;;E12;;;;$,m:22:2.7.6.5.4.3,m:24:8.9.10.11.5.6|"
675,675,C1=C(NC(=N1)OC(=O)O)OC(=O)O |$;;;;;;W;J;;;;;$|
676,676,"CCOC(=O)C1=C(C=C(N=C1)C)OC |$;;;;;W1;;Y;;;;;;D$,Sg:n:13:M:ht|"
677,677,"CNC(=O)COC1=CC=CC=C1[C@H]2NC3(CCCCC3)C(=O)N2C.CNC(=S)SC |$V0;;J0;;;;;;;;;;;;;;;;;;;;;;;;;;;$,m:24:13.12.22.20.14,Sg:n:0:g:ht|"
678,678,"CC1=NC2=CC=CC(=C2O1)C/C(=N/O)/N.CC.CO[N+](=O)[O-] |$;;;;;;;;;;;;;;;;R4;;;;;$,m:15:1.2.3.8.9,m:17:4.5.6.7.8.3|"
679,679,"CCC1=NC(=CC(=N1)N(CCOC)C(CC)CC)NCC |$;;;;;;;;;;;;J;;;;;U;;;$,Sg:n:8:s:ht,Sg:n:9,10:r:ht|"
680,680,"CC1CC2CC(C1)C(=C)OC(C2OC(=O)C=C)C.CNN=CN(C)C.CN(C)ON |$;M2;M5;;;;T;;;;G5;;;;;;;;;;;;;;;;;;;$,m:18:1.6.5.4.3.2,m:25:7.5.4.3.11.10.9,Sg:n:12:K:ht|"
681,681,"COC1=NC2=C(C=[C+]N2)C(=N1)Cl.CC |$;;;;;;;;;;;;;K$,m:12:2.10.9.5.4.3|"
682,682,"C1CC2(C1)CNC3=CC=CC=C3O2.CC.CC |$;;G3;A0;;;;;X;D2;J6;;;;Q87;;Q$,m:13:4.5.6.11.12.2,m:15:7.8.9.10.11.6|"
683,683,"CC(C1=NC(=NO1)CCCOC)O |$;;;;;;;;;;;;$,Sg:n:12:m:ht,Sg:n:7,8,9:Z:ht|"
684,684,CCN(CCCCBr)CC1CCCO1 |$;J6;;V4;;;;;;;;V5;;$|
685,685,C1=CC(=CC(=C1)Cl)OCC2=C(N=CC=C2)Cl |$;;G;;;;;;;;;;;;;Z4$|
686,686,"CCC1=C(N=CO1)C2=NC(=NO2)[C@@H]3CCOC3.CC.CNNC(=O)N(C)C |$;L2;;;;;D;;Y2;;;;;V;T;;;;R58;;;;;;;;$,m:17:2.3.4.5.6,m:19:13.12.16.15.14|"
687,687,"CC1=NC(=C(O1)C(CF)(F)F)C(=O)O.COP(C)(=O)SC |$J0;;;;;;;;;;;;;;;;;;;;$,m:14:1.2.3.4.5|"
688,688,"CCN(CC)C1=CC2=C(C=C1)C=C(O2)C=O.CC#N.CC |$;;;;;;;;;;;;;;;;;;;;R0$,m:16:5.10.9.8.7.6,m:19:11.8.7.13.12|"
689,689,"CN(C)CCOC1=NC=C(C=C1)C(=N)N.CC |$;;;;;;;A2;;B;X8;;;;;;U5$,m:15:6.11.10.9.8.7|"
690,690,"COCCOC1=C(C=CC=C1Cl)S(=O)(=O)O.CSC(SC)(SC)SC |$;;;;;;;;;;;;;;;;;;;;;;;;$,m:16:5.10.9.8.7.6,Sg:n:6:M:ht,Sg:n:2,3:K:ht|"
691,691,"C1CCC(CC1)(COCC2=CC(=CC=C2)Br)N.CC.CC |$;;;;;;;;;;;;;;;;;;J70;;R6$,m:17:0.5.4.3.2.1,m:19:10.11.12.13.14.9|"
692,692,"C[C@H]1OC[C@H](O1)COP(=S)(O)O.CN(C)C(=S)NN |$;;;;;;;;;;;;;;;;;;$,m:12:1.2.3.4.5|"
693,693,"CCCCCCC(C)OCCBr |$;;;;;;;;;;;$,Sg:n:1,2,3,4:m:ht|"
694,694,"C1CCN(CC1)C2=NC=C(O2)C(CO)N.CNSSC |$;;;;;;E4;;V7;;T;;;;;;;;;$,m:15:7.6.10.9.8,Sg:n:4:W:ht|"
695,695,"COC1=C(C=CC(=C1)C#N)O.CNN(C)C(C)=N |$;;;;;;;;;;;;;;;;;$,m:11:2.7.6.5.4.3|"
696,696,"CCCC1CN(C(CN1)C(C)C)CCOC2CCCC2 |$;;;;;;;;;;;;;;;;;;;$,Sg:n:11:X:ht,Sg:n:2:f:ht,Sg:n:5:i:ht,Sg:n:1,2:d:ht|"
697,697,"CCC1CC(C(=O)O1)C2=CC=C(C=C2)C.CC.CC |$;;;;;;;;K5;;;G;;;;;T;;U$,m:15:2.3.4.5.7,m:17:9.10.11.12.13.8|"
698,698,"CC(C)NC1CCOC2=C1C(=CC=C2)Br.COS(=O)(=O)N(C)C.CSC(C)=O |$;;E8;D7;;;;;;;;;;;;;;;;;;;;;;;;$,m:15:4.9.8.7.6.5,m:23:10.11.12.13.8.9|"
699,699,C[C@H]1CN(CCN1)C(=O)OCC#C |$;;;G;Q3;;G7;;;;K;Q;$|
700,700,"CC1=CC=CC=C1[C@H]2[C@H](C[C@@](N2C)(C)C(=O)OC)C#N.CNC(=N)N.CN=C(C)OC |$;;;;;;;;;;;;;;;;;;;;;;;;;;;;;;$,m:20:1.6.5.4.3.2,m:25:8.7.11.10.9|"
701,701,C1=CC(=CN=C1)NCC2=CC(=CO2)C(=O)O |$;;;;;W;;;;;;E;;;;$|
702,702,"CCOC(=O)C(C)NC1CCC2=CC=CC=C2NC1=O.CSC(=O)C(C)O |$;;;;;;;;;;;;;;B2;;;;;Z;;;;;;;$,m:20:12.13.14.15.16.11|"
703,703,"CNC(=O)CNC(=O)C1=C(OC=C1)Cl.CC |$;;;;;;;;;;;;;;;U00$,m:14:8.9.10.11.12,Sg:n:1:L:ht|"
704,704,CCC(COCC)OC(COC=O)O |$;;;X;;;;;;;;;;$|
705,705,"C[N+]1=C(C(=O)ON1)C2=CC(=CC=C2)OC.CC.COC(=O)NN |$;;;;;;;;;;;;;;;;R7;;;;;;$,m:15:1.2.3.5.6,m:17:8.9.10.11.12.7|"
706,706,"CCOC(=O)[C@H](C)[C@@H](C1=CN=C(C=C1)OC)N(CC2=CC=CC=C2)CC3=CC=CC=C3.CC |$;;;;J;;;;;;Q6;;;;;;;;;;Z5;;;;;;;;G;;;;R$,m:31:9.10.11.12.13.8,Sg:n:10:e:ht|"
707,707,"CC(=C)CCOC1=NC(=C(C=C1)Cl)CO.CC |$;;;;;;;;Q;;;;;;;;R89$,m:15:6.11.10.9.8.7|"
708,708,"C1CC(COC1)C(=O)C(C2=CC=CS2)N |$;;;;;;;;;;Q8;;;;$,Sg:n:3:k:ht,Sg:n:14:R:ht|"
709,709,"COC1=CC2=C(CCC(C2)(CO)N)C=C1.CN=C(N)NO |$;;;;;;;;M;;;;;;;;;;;;$,m:15:2.14.13.5.4.3|"
710,710,"C1COCC(N1)C(=O)NCC(=O)O.CC(=O)NO |$;;;;;;;;;;;;;;;;;$,m:13:0.5.4.3.2.1,Sg:n:12:t:ht|"
711,711,CC1(CC(CO1)NCC2=CN(N=N2)C)C |$;;;;;;;;;;;;;Z;$|
712,712,"COC1=CC(=C(C=C1)Cl)NC2=NC(=NC(=C2)N)C(F)(F)F.CP(C)C |$;;;;;;;;;;;;;;;;;;;;;;;;$,m:21:2.7.6.5.4.3|"
713,713,"COC1=CC=CC=C1CCC#N.CN(C)OO |$;;;;;;;;;V;;;;;;;$,m:12:2.7.6.5.4.3,Sg:n:8,9:F:ht|"
714,714,"C1CC1COC2=C(SC(=C2)Cl)C(=O)O.COC(=O)NN=C(C)C.CC |$;;;;;;;;;;;;;;;;;;;;;;;;V74$,m:14:0.1.2,m:23:6.5.9.8.7|"
715,715,"CC1CC(CCO1)NC(=O)C2=CC(=NC(=C2)C)Cl.COC(C)O |$;;;;;M;G4;;;;;;;;;;Y;;;;;;$,m:18:1.6.5.4.3.2|"
716,716,"CC1(CCCN1)C2=C(C(=CC=C2)OC3CCCOC3)OC.CC.CC |$;;;Y;;;;;;Q1;;Y6;;;K6;;;;;;A8;;R50;;M96$,m:21:7.8.9.10.11.6,m:23:14.15.16.17.18.13,Sg:n:2:A:ht,Sg:n:13:t:ht|"
717,717,"C1COCCN1CC=CC2=CC(=CC=C2)N=[N+]=[N-].CC.CC |$;;;;;;;;;;;;Q3;;;A6;M;;;R;;K$,m:18:0.5.4.3.2.1,m:20:10.11.12.13.14.9|"
718,718,"CC(C(C(C)OC(=O)C)(C(=O)N)Br)OC(=O)C |$;;;T0;;;;;W;;;;;;;X0;V$,Sg:n:15:u:ht|"
719,719,CC(=O)OCC(=O)C(=O)CCCCl |$T;;;;V;;;U;;;W9;;$|
720,720,"CC(C)C1CC2=C(C=CC(=C2)OC)NC1.CC |$;;;;;Q;;;;;;;;;;;R99$,m:15:7.8.9.10.5.6|"
721,721,"COC(=O)C1=CC=CC(=N1)COSC.COP(C)(=O)OC |$;;T6;;;;;;;;;;A2;;;;;;;;$,m:14:4.9.8.7.6.5,Sg:n:8:J:ht|"
722,722,"CCC(C(=O)OCC(C)C)SC1=CC=C(C=C1)C(=O)CC.CC=NC(=O)OC |$W8;;;;;;;;;;;;;;;;;;;;J;;;;;;;$,m:21:11.16.15.14.13.12|"
723,723,CC1CCC(C(C1)NC2=CC(=C(C=C2)Cl)OC)C |$;;;;;;;;;;U9;;;;;;;$|
724,724,"CCC(COC)NC1=C(C=CC=C1Cl)C |$;;;;;;;;;;;;;;$,Sg:n:1:g:ht|"
725,725,"COC1=CC=C(C=C1)CC2=CC(=CS2)F.CC |$;;;;;;;;;;;Z;;;;;R18$,m:15:10.9.13.12.11,Sg:n:1:h:ht|"
726,726,"CCOC(C1=CC2=C(CN(C2)C)C=C1)O.CC |$;;;;;;;;;;;J;;;;;G$,m:15:8.7.6.10.9|"
727,727,"CCOC(=O)C1C2C1C3=CC=CC=C3C2.CC |$;;;B7;;;;;;;G;;;;;;R$,m:15:9.10.11.12.13.8|"
728,728,"COC(C1(CCC2C(C1)O2)C(OC)(OCCO)OCCO)(OCCO)OCCO.CC |$L8;W2;;;;;;;;G;;Y;;;;;;;;;;;;;;;G0;;;;Z$,m:29:9.7.6,Sg:n:17:e:ht,Sg:n:14:p:ht|"
729,729,"CC(C)C(CNC)C(C1=CC2=C(C=C1)OCO2)N |$;;;;;;;;;;;;;Q3;;;;$,Sg:n:8:h:ht|"
730,730,"CCCCC(=O)OCC(O)(O)O |$;;;;;;;;;;;$,Sg:n:3:x:ht,Sg:n:2,3:r:ht|"
731,731,CCOC(C)C1=NC=C(C(=N1)NC)I |$;;;W;;;;;;;;;;$|
732,732,"CO[Si](C)(CCCOCC1COC1)OC.CC |$;;;;;;;;;;;;;;;;X90$,m:15:9.12.11.10,Sg:n:10:y:ht,Sg:n:13:m:ht|"
733,733,"CC(=O)CC[C@H]1CN(C(=O)O1)C.CSN(C)N(C)C |$;;;X;;;;;;J5;;;;;;;;;$,m:12:5.6.7.8.10|"
734,734,"CC(C(=O)C)OCCCC=C |$;;;;;;;;;;$,Sg:n:6:w:ht,Sg:n:6,7,8:M:ht|"
735,735,"CC(C)(C)OC(=O)C[C@H]1C2=C(C=NO2)C3=C(C=C(C=C3)Cl)C(=O)N1C.CC=NO |$;;;;;Z5;;;U;;K;;;;;;;;;;;;;;;;;;$,m:25:8.9.10.14.15.21.23|"
736,736,"CC1(CNC(OC1)(C)C2CCNC2)C.CC |$;;;;;;;W;;;;;Z;;;R$,m:14:9.8.12.11.10,Sg:n:10:h:ht|"
737,737,CNC(C1CCOC1)C2=C(C=C(C=N2)Cl)Cl |$X;;;;;;;V6;;;;W1;;V0;;$|
738,738,CC1CCC(C(O1)(C)Cl)(CCl)Cl |$;;;;;Q8;;;;;;Z$|
739,739,"CC(COOCC1CO1)O[SiH2]C.CC |$;;K;;;A;;;;;;;;R$,m:12:6.7.8,Sg:n:3:N:ht|"
740,740,"CS(=O)(=O)NCC1=CCOCC1.CN(C)C(=S)S |$;;Q1;;;;D3;;;;;;;;;;;$,m:12:6.11.10.9.8.7|"
741,741,"C[Si](C)(C)CCOCN1C(=CN=C1C(=O)O)C#N.CNS(C)(=N)=O |$;;;;M6;;;;;;;;;;;;;;;;;;;$,m:18:8.9.10.11.12|"
742,742,"COC1=CC(=C(C=C1N)N=[N+]=[N-])OC.CC |$;;;;;;;L;;;;;;A8;;R0$,m:14:2.7.6.5.4.3|"
743,743,CCOC1=C(C=CC(=C1)C(=N)N)C |$;L;;;D;;;;;;;;$|
744,744,"CC1=CC=C(O1)CN(CCOC)C(=O)NC(C)(C)C.CN=C(N)NSC |$;;;;;;;;M;;;;;;;;;;;;;;;;;$,m:19:1.2.3.4.5,Sg:n:8,9:B:ht|"
745,745,"C1COC(O1)CNC2=CC(=CC=C2)Cl.CC.CC |$;;;;;;;;;;;X6;;W;;R;;J$,m:14:0.1.2.3.4,m:16:8.9.10.11.12.7|"
746,746,C1=CC(=C(C=C1[N+](=O)[O-])CO)OC(=O)O |$U9;;;;;D;;;;;;;;;$|
747,747,"CN(CCSC)CC1=C(C=CC(=C1)Br)OC |$;;;;;;;;;;;;;;;$,Sg:n:2,3:V:ht|"
748,748,CCOC(=O)/C(=C(\C)/C1=CC=CC=C1Cl)/F |$B2;;;;;;;;;;;;;;;$|
749,749,"C=CCOC1=CC=CC=C1.CC |$;;;;K;;;;;;;R$,m:10:4.9.8.7.6.5,Sg:n:5:l:ht|"
750,750,"C1CCOC(C1)(N=[N+]=[N-])N2CCCC=N2.CC |$;;;;;;;;;;;;;;;;E8$,m:15:10.11.12.13.14.9,Sg:n:4:o:ht|"
751,751,CC1=CC2CC=C(C(=C2C=C1)Cl)OC |$;;;M;;;;;M;;;;;D$|
752,752,CC1=C(C=C(O1)CN(C)C(=O)CC2CCCC2)C(=O)O |$;;;;D;;;;;;;;;;K0;;;;;$|
753,753,"CN(CCOC)C(=O)N[C@H](CC1=CN=CN1)C(=O)O |$;;;;;;;;;;;T2;;;;;;;$,Sg:n:2,3:h:ht|"
754,754,"C1=CC=C(C=C1)C2(C(=O)OC(O2)(C(F)(F)F)C(F)(F)F)[C@@H](C[N+](=O)[O-])C3=CC=CC=C3Br.CC.C[SH+]C |$;;Z0;;;;;;;;;;;;;;;K;;;;;;;;;;;;;;;;J80;;;$,m:32:0.5.4.3.2.1,m:34:26.27.28.29.30.25|"
755,755,"CCOC(=O)C1=C(N=CC=C1)N2C=C(C(=N2)N)Cl.CC |$;;;;;;;;;;;;;G;;;;;;Z$,m:18:12.11.15.14.13|"
756,756,"CCC1=CC=CC(=CC1)C2=CSC3=C2C(OCC3)CNC.CC.CC |$;;;V;;;;;;;;;;;;;Q4;;;;;;J;;R0$,m:21:10.9.13.12.11,m:23:14.15.16.17.12.13|"
757,757,"C[C@]12CC[C@@H](C1)C([C@@H]2NS(=O)(=O)C3=CC=CC=C3C(=O)OC)(C)C.CC |$;Y;;;;;;;Q;;;;A3;;;;;;;A;;;;;;A$,m:24:13.14.15.16.17.12|"
758,758,"CCOC(=O)C1=CC=CC=C1NC(=O)C(C)NC.CC(=S)C(C)S |$;;;;;;;;;U;;;;;;;;E9;;;;;;$,m:18:5.10.9.8.7.6|"
759,759,"CCOC(=O)C1=CN2C=NCC2C=C1.CN(N)C(N)=O |$;;;;;;;;;;;U6;;;;;;;;$,m:14:5.13.12.11.7.6|"
760,760,CC(C(=O)NC1=NC=CC(=N1)Cl)OC |$;;;;;;;;;;;;;D$|
761,761,"CCN1COC(=O)C2=C1C=C(C=C2)OC |$;;;;;;;;V;;;;;;$,Sg:n:4:n:ht|"
762,762,"C1COC=CN1C2=CC=CC=N2.CC |$T;X;;;;;;;;;;;;A$,m:12:0.5.4.3.2.1|"
763,763,"CCOC1=NC=NC2=C1SC=C2C.CC=NC(=NC)N(C)C |$;;;;;;L;;;;;;;;;;;;;;;$,m:13:9.8.7.11.10|"
764,764,"COC1=C2C(=CC(=C1)Br)C=C(N2)CN.CC |$;;;;;L1;;B0;;;;;;;;R$,m:14:2.7.6.5.4.3|"
765,765,"C1CCC(C(C1)OC(=O)CO)F.CC(=O)NC=N |$;;L;Q;;;;;;;A4;;;;;;;$,m:12:0.5.4.3.2.1,Sg:n:1:l:ht,Sg:n:6:o:ht|"
766,766,"CC(C)(C)OC(=O)ON1CCC2C(C1)O2.CC.CC |$;;;;;;;;;;;;;;;;R24;;R$,m:15:8.13.12.11.10.9,m:17:14.12.11,Sg:n:11:A:ht|"
767,767,"C1CC(S(=O)(=O)C1)CC2NCCO2.CN(C)C(=O)S |$;;;;;;;;;Z;;;;;;;;;$,m:13:9.8.12.11.10,Sg:n:4:K:ht|"
768,768,"COC(=O)C(=O)C[N+](=O)[O-] |$;;T;;;;;;;$,Sg:n:3:G:ht|"
769,769,C1=C(C(=O)N(C=C1Br)CCOCCN)Br |$;;;;;;;;Z;;;;;;$|
770,770,"CCC(C)C1=CC=C(C=C1)OC(C)C(=N)N |$;;;;;;;;;;;;;;;$,Sg:n:14:T:ht|"
771,771,C[C@H]1[C@@H](OC(O[C@@H]1[C@@H](C)[C@H]2[C@@H]([C@H]([C@H]([C@@H](O2)COC(=O)C(C)(C)C)C)O)C)(C)C)C |$;U3;;;;;;;;;;;U;;;;;;;;;;;;;;;;$|
772,772,"C1[C@H]2[C@H](COC(=O)O1)OCO2.CC=NN=C(C)N(C)C.CSN(C)S |$;;;A;;;;;Z2;;;;;;;;;;;;;;;;$,m:11:0.1.2.3.4.5.7,m:20:8.2.1.10.9|"
773,773,"CC1CC(=O)N(C1=O)C(C)C(=O)OC(C)(C)C.CC |$;;;;;;;;;;;;;Y9;G0;;;;R73$,m:17:1.2.3.5.6|"
774,774,"COC1=C(C2=C(C3=CC=CC=C3N=C2C=C1)C4=CC(=CC=C4)Cl)Br.CNNSC.CS(=N)(=O)O |$;;;;;;;;;;;;;;;;;;J;;;;T;;;;;;;;;;;$,m:24:2.15.14.13.4.3,m:29:17.18.19.20.21.16|"
775,775,C1=CSC(=C1S(=O)(=O)N)COCCF |$;X7;Z;;;;;;;;;;;$|
776,776,COC(=O)C1=CC(=NC=C1)[S-] |$;;;K6;;;;;;;$|
777,777,"C1CC2(CC(C1C#N)N=[N+]=[N-])OCCO2 |$;;;;;;;;;;;;Z;;$,Sg:n:6:r:ht|"
778,778,"CCCNC(=O)/C=C\C(=O)OC(C)C |$;B;;;;;;;;;;;;$,Sg:n:1,2:I:ht|"
779,779,"C1=CC2=C(C=C1O)C=C(O2)C(F)(F)F.CN(C)P |$;;;;;;;;;;;;;;;;;$,m:14:7.3.2.9.8|"
780,780,"C1CN(C2=C1C=C3C=CC=C(C3=N2)Cl)C(=O)C4=CC=CO4.CC.CNS(N)(=O)=O |$;;;;L;J;;;;;;;;;;;;E;;;L6;;R;;;;;;$,m:21:5.6.11.12.3.4,m:23:17.16.20.19.18|"
781,781,CCC(=O)OCC(C)([N+](=O)[O-])[N+](=O)[O-] |$;Q7;;;;;;;;;;;;A8$|
782,782,"C1[C@H](OC2=CC=CC=C21)C(=O)O.CSC(N)=S |$;;;;;;;;;;;;;;;;$,m:12:4.5.6.7.8.3|"
783,783,"CCOCC1=CC(=C(C=C1)O)CC(=N)N |$Q;;;;;;;;;Z7;;;;;$,Sg:n:9:C:ht|"
784,784,"CC(=O)NCC1CNCCO1 |$;;;;;;;;;;$,Sg:n:10:h:ht,Sg:n:6:Z:ht|"
785,785,"CN(C)C(=O)COC1=C(C=CC=N1)C#N.CS(C)=N |$;;;;;;;;;;;;;;;;;;$,m:15:7.12.11.10.9.8,Sg:n:0:S:ht|"
786,786,"CCOC(C1CC1)C(C2=C3C=CC=NC3=CC=C2)N.CC.CN=C(N)N(C)C |$;;;;;;Z3;;;;;;;V8;;;;;;;R;;;;;;;$,m:19:10.11.12.13.14.9,m:21:15.16.17.8.9.14,Sg:n:14:v:ht|"
787,787,COCCC(CC1=CC(=CC=C1)Br)CN |$;;;;V9;;;;;Z9;;;;;$|
788,788,"CCC1=C(C=CO1)C(=O)NCC#C |$;;J;Z7;W2;;;A;;;;;$,Sg:n:5:A:ht|"
789,789,"CC1CC1NC(C)CCOC.CN=C(C)NC(C)=O |$;;;M8;;;;;;;;;;;;;;;$,m:11:1.2.3,Sg:n:7:l:ht,Sg:n:6:o:ht,Sg:n:7,8:t:ht|"
790,790,C/C(=C(/C(=O)OC)\OC(=O)C)/C(=O)OC |$;;;;L;;;;;;;;D1;;K$|
791,791,"C1C(CO1)SC2=C(C=C(C=C2)Cl)CO.CO[N+](=O)[O-] |$;;;;;;;U2;;;;;;;;;;;$,m:14:6.7.8.9.10.5|"
792,792,"CCOC1(CC[Si]([Si](O1)(OCC)OCC)(OCC)OCC)OCC |$;;;;U6;;;;;M;;T9;;;L7;;;Q;;;G4;;;$,Sg:n:10:o:ht,Sg:n:4:O:ht,Sg:n:10:P:ht,Sg:n:23:w:ht|"
793,793,"CC1=C2CNCCN2N=C1C3=NC=CO3.CN(C)P(C)N(C)C |$;;;;;;;;D;;;;;L2;;;;;;;;;$,m:15:11.10.14.13.12,Sg:n:1:w:ht|"
794,794,"CCC(CNC1=C(C(=NN1C)C)[N+](=O)[O-])OC2=CC=CC=C2C.CC |$;;;;;;;X;;;;;;;J;M7;;;;;;;;;R8$,m:23:6.5.9.8.7|"
795,795,"COCCCS(=O)(=O)NCCC(=NO)N |$;;;A7;;;;;;;;B;;;$,Sg:n:0:p:ht,Sg:n:8:G:ht,Sg:n:9,10:a:ht|"
796,796,"C1CC=C(C=C1)OC2=CC=C(C=C2)I.CC.CON=C(C)SC |$;;;;;;;;;;;;;;;A;;;;;;;$,m:14:0.5.4.3.2.1,m:16:8.9.10.11.12.7,Sg:n:9:u:ht|"
797,797,"CC(C(CC1=NN(N=N1)C)NC)OC.CN=C(NC)SC |$;;;;;;;;;;;;;;;;;;;;$,m:14:4.5.6.7.8,Sg:n:12:l:ht|"
798,798,"CCOC1CC(C1)NCC(C)C(=NO)N.CSC(=N)N |$;;;;;;;;;;;;;;;;;;;$,m:15:3.6.5.4|"
799,799,"CCCNC(C1=C(C=C(C=C1)Cl)C)C(=O)OC.CC(O)C=O |$M;;;;;;;;;A5;;;;;;;;;;;;$,m:17:5.10.9.8.7.6,Sg:n:1,2:Q:ht|"
800,800,"CCN(CCNC1CCOCC1)CC2CCCO2 |$;;;;;;;E;;;;;;;;;;$,Sg:n:3,4:z:ht|"
801,801,"C(COCC(CO)O)N=[N+]=[N-] |$;B8;;;;;;;;;$,Sg:n:8:i:ht,Sg:n:2:a:ht,Sg:n:1,0:B:ht|"
802,802,"CCCNCC1=C(C(=CC(=C1)Br)C)OC.CC |$;;;;;;;;;;;;;;;;E$,m:15:5.10.9.8.7.6,Sg:n:6:O:ht,Sg:n:1,2:N:ht|"
803,803,"CC1=CC(=C[C-]=C1)OC=C.CN(C)C=N |$;;;;;;;;;;;;;;$,m:10:1.6.5.4.3.2|"
804,804,"CCC1(CC1)CNC(=O)C2CCCOC2.CC.CN(C)C(=O)S(C)(=O)=O |$;;;M;W;;;;;;;;;;;;K;;;;;;;;;$,m:15:3.2.4,m:17:10.11.12.13.14.9,Sg:n:11:y:ht|"
805,805,"C1COC(CO1)C(ON=[N+]=[N-])Br.COS(C)(=N)=O |$;Y;Q1;;;;;;;;;;;;;;;$,m:12:0.5.4.3.2.1,Sg:n:3:z:ht,Sg:n:8:q:ht|"
806,806,"C1COCC1OCCC(=O)ONN.CC |$;;K9;;;;;;;;E1;;;;R$,m:13:0.1.2.3.4,Sg:n:12:C:ht,Sg:n:1:c:ht|"
807,807,"CCN1CC2(CCNCC2)OC(=O)C1=O.CC |$;;;;;;;;E2;K1;;;;;;;Y1$,m:15:2.13.11.10.4.3,Sg:n:7:s:ht|"
808,808,"CC1CN(CCO1)C2=NC(=NC(=C2)C)C.CC |$;;;D;;;;;;;;;;;L6;;Q21$,m:15:8.9.10.11.12.7,Sg:n:1:E:ht|"
809,809,COC1=C(C=C(C=C1)C(N)P(=O)(O)O)O |$;;;;;;;W8;;;;;;;$|
810,810,"C[C@H](CO)N1C(=O)C2CCC(C1=O)O2.CC.CC |$;B7;;;;;;;;;;;;;;M55;;K$,m:14:4.11.10.13.7.5,m:16:8.7.13.10.9|"
811,811,CC1CC(CCO1)(C2=CN(C=N2)C)O |$;;;;;;;X4;;;;;;$|
812,812,C/C(=N\C1=C(NC=N1)C#N)/OC |$;;;;;;;M1;;V8;A;W$|
813,813,CCOC1=C(C=CC(=C1)Br)F |$;;;E;;;;;;;$|
814,814,"CCNCC(CC1CCOCC1)C(C)C.CC=NNN |$;;;;;;;;;J7;;;;;;;;;;$,m:15:6.11.10.9.8.7|"
815,815,"CCC(=O)C[C@@H]1[C@H](O1)CC2=CC=CC=C2 |$;;;;;;;;;;;;;;$,Sg:n:11:e:ht|"
816,816,"CC1=CC(=C(C(=C1CNO)Br)OC)OC.CN=C(N)NN(C)C |$;;;;;;;;;K;;;;;;;;;;;;;$,m:15:1.6.5.4.3.2,Sg:n:7:o:ht|"
817,817,C[C@@H](CCOCOC)[C@H](C)C(=C)C |$;;;B;;;;;;;;;$|
818,818,"CN[C@@H]1[C@H](CC2=CC=CC=C12)OC.CC |$W0;;;;U0;;;;;;;;;;R84$,m:13:6.7.8.9.10.5|"
819,819,"CCOC(=O)N1CCC(=CC1)C(C)C.CC |$;;;;;;;;;;;;Q;;;R21$,m:14:5.10.9.8.7.6|"
820,820,"CC(C)(C)OC(=O)N1[C@H]2[C@H](C=CC3=CC=CC=C23)C=C1C(C)(C)O.CC |$;;;J;;;;;;;;;;;;;;;;;;;;;;R$,m:24:7.8.9.18.19|"
821,821,CC(CNC)COCCC(F)(F)F |$;G;;;;;;;;;;;$|
822,822,"CC1=C(C2=C(S1)OC(=C2)F)F.CC |$;K;;;;;;;;;;;E$,m:11:6.4.3.8.7|"
823,823,"CCC1=CC=CC=C1C(C2=COC=C2)N.CC(=O)C#N.CC |$;;;Q4;;;;;;;;;U;;;;;;;;;Q1$,m:15:2.7.6.5.4.3,m:20:10.9.13.12.11|"
824,824,"C=C1CCCC(C1)OCC#N |$;;;;;;;;;;X3$,Sg:n:0:S:ht|"
825,825,CC(C(=O)O)OCC1CNC(=O)O1 |$;;;;;;;;;;V9;;$|
826,826,"C[C@@H](CI)OC1=NN(C=C1)C(C)(C)C |$;;;;;;;;;;;G7;;$,Sg:n:11:j:ht|"
827,827,"CC1=C(C=C(S1)C2=CC=C(C=C2)OC)N.CC.CC |$;;;;;;W9;;;;;;;;;;K73;;R$,m:15:1.2.3.4.5,m:17:7.8.9.10.11.6|"
828,828,"CC(C)OCC(C1CCCCC1(C)C)NN.CC=NN(C)C(=NC)SC |$;B;;;;;;;;;;;V;;;;;;;;;;;;;$,m:16:6.11.10.9.8.7|"
829,829,"CO[C@H]1[C@H]2C(=C)[C@H]([C@@H](O1)OC2=C)CC=O.CC.CC.CC(O)C(=O)S |$;;;;;;;;;;;;;X;;;Z12;;R6;;;;;;$,m:15:2.8.7.6.4.3,m:17:2.8.7.9.10.3,m:19:4.6.7.9.10.3,Sg:n:9:q:ht|"
830,830,"CC1=CC(=C(C=C1C2(CCCC2)C(=O)O)C(C)C)OC.CNC=NN |$;;;;;;;;;;;;V5;;;;;;;;;;;;$,m:20:8.7.11.10.9|"
831,831,"CC(C)(CCOCC1=CC=CC=C1)N.CC(C)(O)S |$;;;J;;L;;;;;A;;;;;;;;$,m:14:7.12.11.10.9.8,Sg:n:3,4:E:ht|"
832,832,"CC1CC2=C(C=C(C=C2)OC)C(=NN1C(=O)C)C3=CC(=C(C=C3)N)Cl.CC(C)=NN=N.CC(=S)NO |$D9;;;Y;;;;A;;;;;;A;;;V;;;;;;;;;;;;;;;;;;;$,m:25:1.2.3.4.11.12.13,m:31:18.19.20.21.22.17|"
833,833,"COC1CC2=C(O1)C=CC(=C2C#N)I.CC |$;;;;;;;;;;;;;;;R89$,m:14:2.3.4.5.6|"
834,834,CC[C@@H](C(=O)NOCCOC)N |$;;;;;;;K6;;;;$|
835,835,"C1COC(=N1)C2=CC(=NC=C2)Cl.CSC(=N)N.CC |$;;T8;K;G6;;;;;;E;;;;;;;;R26$,m:12:0.1.2.3.4,m:17:6.7.8.9.10.5|"
836,836,"C/C=C/C[C@@H](C)[C@@H]1[C@@H](N(C(=O)O1)C)C#N |$T;;;;V;;Z;;;;;;;;$,Sg:n:4:b:ht|"
837,837,"CC1=C(C=CC(=C1)CC[NH3+])OC.CC |$;;;;B3;;;;;;;;;A5$,m:12:1.6.5.4.3.2,Sg:n:10:c:ht|"
838,838,"CC1=CC(=C(C=C1)CC(C(=O)O)OC2=CC=CC=C2C(C)(C)C)C.CC |$;;;;;;;;;;;;;;L;;;;;;;;;;;W$,m:24:1.6.5.4.3.2|"
839,839,C[C@H]1C(C(CC(O1)C)N(C)CC#N)O |$Q;;V;;;;;;;;;;;$|
840,840,"CC(=O)OC(C1=CC=CC=C1I)Br.CC |$;;;;;D5;;;;;;;X5;;Z08$,m:13:5.10.9.8.7.6|"
841,841,"C1C=COC2=C1C=CC3=C2CNCO3.CC.CC |$;;X;;;;;;;;;;;;;R;;R7$,m:14:6.7.8.9.4.5,m:16:10.11.12.13.8.9,Sg:n:1:i:ht|"
842,842,"CCN1CC2=C(C=C3CCCC3=C2)OC1.CC.CC |$;;V9;;;;;;;B3;;;;W0;;;L03;;X$,m:15:6.7.11.12.4.5,m:17:8.7.11.10.9|"
843,843,CC(C)N1C[C@H]2CC3[C@@H]1[C@@H]2NC(=O)O3 |$;;;;;;Y;;;;;;M8;G1$|
844,844,CC1C(=CC2=CC=CC=C2O1)C(=O)O |$;;;;;D5;;;;;G4;;;$|
845,845,"CC(C(C1=CC=C(C=C1)F)O)NC(=O)C2=CSC(=N2)C3=COC=C3.COC(=O)ON=C(C)C.CNC(=O)OC |$;K;;;;;;;V;;;;;;;;;;;;;;;;;;;;;;;;;;;;;;$,m:24:15.14.18.17.16,m:33:20.19.23.22.21|"
846,846,"CCOCC1(CC2CCCC2C1)C.CC |$;;;;;J;;Z8;;;;;;;X8$,m:13:4.5.6.10.11|"
847,847,"CC1=CC2C(C=C1C(F)(F)F)N=CO2.CNC#N |$;;B6;;;;;;;;;;Q2;;;;;$,m:14:11.4.3.13.12|"
848,848,"C/C(=C\C=C(\C1=CN=C(C=N1)N)/C(=C/OC)/F)/C2CCCC2.CC |$;;;;V;;;X;;;;;;;;;;;;;;;;A4$,m:22:18.17.21.20.19|"
849,849,"CCOC=C(CCCCO)O |$;;;U2;;;;;;;$,Sg:n:5,6,7,8:r:ht|"
850,850,"CC(C)CNCC(C)CCCOC |$;;;;;;;Q8;B6;;;;$,Sg:n:8,9,10:Q:ht|"
851,851,CC1=C(C=CC(=C1)CNC(C)(C)C)N(C)C(C)COC |$;;;;;;;B;;;G6;D4;;;;;;;;$|
852,852,CC(C)C(CO)NC(=O)C1CCOC1 |$;;;;;;A0;;;;;W2;B0;Q0$|
853,853,CCC(C=O)OC1=CC=CC=C1 |$;;;A8;;;;;;;;$|
854,854,CCOC(=O)SCC(C)CC(=O)N=[N+]=[N-] |$;;;;T;;;;;;K9;;;;$|
855,855,CC(C)C(COC(C)(C)C(C)(C)O)N=N |$;;Q0;;;;;;;;;;;;$|
856,856,CCOC(=O)CNC(=S)N1C=NC(=N1)N |$;;;J9;;;;;;;;;;;$|
857,857,C1=CC(=C2C=CC3=C(C2=C1)OC=C3)C=O |$;;;;;;;;;;;;;K9;$|
858,858,"C1=COC(=C1)C2=CC(=S)SC=C2C#N.CNP(=O)(NC)N(C)C |$;;;;;;;Z;;;;;E;;;;;;;;;;$,m:14:0.1.2.3.4|"
859,859,"COC1=CC2=C(C(=C1)OC3CCC3)C(=NC(=O)N2)N.CON=C(C)N |$;;;;;;;;;;;;;;;;A;;;;;;;;$,m:19:13.14.15.17.4.5,Sg:n:15:j:ht|"
860,860,"CC1CC2=C(C1(C(=O)OC)N)C=NC=C2.CC |$;;;;Z5;;;U2;;;;;;;;;R$,m:15:1.2.3.4.5|"
861,861,"CC1=CC=C(C=C1)[C@H](C)OC2=NC(=NC(=C2C)C)Cl.COP(C)N(C)C |$Q5;;;;;;;;;;;;A;;;;;;;;;;;;;$,m:19:11.12.13.14.15.10|"
862,862,"COC1=C(C=C2C=CC(=O)N(C2=C1)CC3=NC=C(C=C3)C(F)(F)F)Br.CC.CC |$;;;;;;;;;;;;;;;;K2;;;;;;;;X;;R;;R5$,m:25:2.12.11.5.4.3,m:27:15.16.17.18.19.14,Sg:n:5:P:ht|"
863,863,CN(C)CC(CNC1CCOC1)O |$;;;D3;;;;;;;;;$|
864,864,CCOC(=O)C1=C2CCCC(=O)C2=C(S1)O |$;;;;;;;;;;;;;;;M7$|
865,865,"CC1=C(C=CC(=N1)NC2(CCCOC2)C)N.CC.COC(C)(C)N(C)C |$;;;;;;;;;M;K;;;;;;;Q4;;;;;;;;$,m:16:1.6.5.4.3.2,m:18:9.10.11.12.13.8|"
866,866,"CC1CN(C2=C(C=CC(=C2)N)OC1)C.CC.CC |$;;;;;;;;;;;;;X7;;R;;A4$,m:14:1.2.3.4.5.11.12,m:16:6.7.8.9.4.5|"
867,867,"C1COCCC1(C2=NC(=NO2)C3=CN=CN=C3N)C(F)(F)F.CC.CN=C(N=C(C)C)SC |$T;;;;;;;;;;;;;;;;;;;;;;;R;;;;;;;;;$,m:22:7.6.10.9.8,m:24:12.13.14.15.16.11|"
868,868,"CCNS(=O)(=O)C1=C(N=CS1)C(=O)OC |$;;;;;;;;;;;;;;E0$,Sg:n:12:d:ht|"
869,869,"CC1=C(N=NC(=N1)OC)CC(=O)O.CB(O)O |$;;;;;;;;;J;;;;;;;$,m:13:1.6.5.4.3.2|"
870,870,"COCCO[Si](=O)O |$;;;K4;;;;$,Sg:n:7:P:ht,Sg:n:2,3:k:ht|"
871,871,"CCNC(C1=CC2=CC=CC=C2O1)C3=CC(=C(S3)Br)Br.CN=C(NO)SC |$;;;;;;;;;;;;;;;;;;;;;;;;;;$,m:20:14.13.17.16.15,Sg:n:2:y:ht|"
872,872,"CCOC1=C(N=C(O1)C(=O)OCC)CC(=O)OCC.CC |$;L9;;D2;;E;;;;;;;;;;;;;;;E98$,m:19:3.4.5.6.7|"
873,873,"COCC(CO)NCC1=C(OC=C1)C(=O)O.CC |$;;;;;;M5;;;;;;;;;;;J2$,m:16:8.9.10.11.12,Sg:n:9:y:ht|"
874,874,"CC1=C(OC=N1)C(=O)N2CCNCC2C3=CC(=CC=C3)F.CC |$;;;;D;;;;;;;;;W8;;;;;;;;;Z60$,m:21:9.10.11.12.13.8|"
875,875,"CC1=C2C(=C(C=C1)C(=O)OC(C)(C)C)OC(O2)(C)C.COP(=S)(SC)SC |$;;;X0;;Q;;;;Z;;;;;;;;;;;;;;;;;$,m:19:1.6.5.4.3.2|"
876,876,CCOC(=O)[C@H]([C@H]([C@@H](C=O)O)O)O |$;;;;;;;;;;;B;$|
877,877,"CC(C)COC1=C(C(=C(C=C1)F)F)F.CS(C)=O |$;;;;;K;;;;;;;;;;;;$,m:14:5.10.9.8.7.6|"
878,878,"CC(=O)CN(C)C1CCOC1.CC |$;X;;;;;;;G5;Z5;;;R$,m:11:6.7.8.9.10|"
879,879,"C1COC(CO1)CNCCCF |$U5;;;;;;M7;;;;;$,Sg:n:8,9,10:r:ht|"
880,880,"CC1C(CCO1)NCC(C)(C)S(=O)(=O)C.CC(=O)NO |$;;;;;;;;;;;;;;;;;;;$,m:15:1.2.3.4.5,Sg:n:4:l:ht|"
881,881,CCC(C)OC(=O)OC1=NC=C(C=C1)Cl |$;;;;;;;;;;;;;;Y2$|
882,882,"CCC1COCCN1CC2(CC2)CCN.CC(=S)N(C)N=C(C)C.CC |$;;;;;;;;;;;;;;;;;;;;;;;;;Y$,m:15:2.7.6.5.4.3,m:24:10.9.11,Sg:n:7:J:ht,Sg:n:6:D:ht|"
883,883,CCOCC1(CC(CO1)O)C |$;;;;;;J;;;;$|
884,884,"C1COCC1CC(C2=CC=C(C=C2)Cl)N.CSP(=S)(SC)SC |$;;;;;X;;;;;;M;;;;;;;;;;;$,m:15:0.1.2.3.4|"
885,885,C=C[C@H]([C@H]1C[C@H](C(=O)O1)O)N |$;;;;;;;;G;;$|
886,886,"CCC(CN)C(C1=C(C=CS1)OC)O |$;T3;;;;;;;;;;;;$,Sg:n:12:v:ht|"
887,887,"CCCC1=NC(=C(C(=N1)OC2=CC(=C(C=C2)Br)C)C)N.CC |$;;;;T;;;;;;;;;;A4;;;;;;;R26$,m:20:11.12.13.14.15.10,Sg:n:1,2:w:ht|"
888,888,"CC(C)C1=CC(=C(C=C1)OC)NCC(CN)C(C)C |$A;;;;;;;;;;;;;;;;Y1;;$,Sg:n:2:e:ht|"
889,889,"CCOCC1(CCC1)CNC |$;;;;;;;;;;$,Sg:n:3:m:ht,Sg:n:3:C:ht|"
890,890,"CC1CN(CCCO1)C(=O)CO.CC |$;;;;;;X5;;;;;;;M$,m:12:1.2.3.4.5.6.7|"
891,891,"CC(C)(C)C1=NNC(S1)NC(=O)OC.CN=C(N)N(C)OC |$T;;;;;;;J4;;;;;;;;;;;;;;$,m:14:4.5.6.7.8|"
892,892,CCOCC=COCC |$;;X9;;;;;;E$|
893,893,CCC1=CC(NCOC1)C(C)C |$;;;;;;;;E;;;$|
894,894,CC(C)C1(CCNC1)C(=O)NCCOC |$;;;;;;X;;;;;K1;;;$|
895,895,"CCOC(=O)C1=CC(=CN1C)C(C)(C)C#N |$;;;;;V;;;;;;;;;;$,Sg:n:12:l:ht,Sg:n:4:B:ht|"
896,896,"C1CNCCC2=C1C=CC(=N2)OCC(F)(F)F.CC(=N)ON(C)C.CC |$;;;;;;;W;;;;;;;;;;;;;;;;;;T2$,m:17:0.1.2.3.4.5.6,m:24:7.8.9.10.5.6,Sg:n:15:m:ht|"
897,897,CC1=CN=C(O1)CNC(=O)C(C)C(C)N |$;;;;;;;B;;;;;;;$|
898,898,"C1COCCN1CC2=NC3=CC=CC=C3C(=N2)NC(CC(=O)O)C(=O)O.C=NN=CC.CNC(=S)NC |$;;;;;D;;;;;;;;;;;;;;;;;;;;;;;;;;;;;;;$,m:26:8.9.14.15.16.7,m:31:10.11.12.13.14.9,Sg:n:16:m:ht|"
899,899,COC1=C(C=CC(=C1)C#N)C(=O)OC |$;;;;;;;;;;;D;;Q5$|
900,900,"C1CCC(C1)OCC(F)(F)S(=O)(=O)O |$;;;;;;;M6;;;;;;$,Sg:n:8:g:ht|"
901,901,"C=IC1CCC2C(C1)C(=O)C=CO2 |$;;;;;;;;;;Y;;$,Sg:n:0:T:ht,Sg:n:7:m:ht|"
902,902,"CCOC1=C(C(=C(C=C1N=[N+]=[N-])Br)O)Br.CC |$;;;;;;;;;;;;;;;;R37$,m:15:3.8.7.6.5.4|"
903,903,"CCNC1(CCC(C1)N2CCOCC2C)C(=O)O.CNC(=S)N(C)C.CC |$;;;;;;;;;;;;;;;;;;;;;;;;;;V$,m:18:3.4.5.6.7,m:25:9.10.11.12.13.8,Sg:n:5:u:ht,Sg:n:3:Z:ht|"
904,904,"COC1=CC(=CC2=C1C=CC2)CO.CC.CN=C(NC)NSC |$;;;V;;;;;;;X4;;;;A6;;;;;;;;$,m:13:2.7.6.5.4.3,m:15:8.7.6.10.9,Sg:n:7:G:ht|"
905,905,CCOC1(CC1)C2=C(C=C(C=C2)C#C)C(C)(C)C |$;;;;;E6;;;;;;;;;;;;$|
906,906,"CCCCCCOC1=C(C=NC=C1N)Br.CC |$;L6;;X6;;;;;;;;;;;;;R0$,m:15:7.12.11.10.9.8,Sg:n:2,3,4,5:o:ht|"
907,907,"C1CNCC2=C1C=C(C=C2)OC3=C(C=CC=N3)C(=O)N.CN(C)N(C)[N+](=O)[O-] |$;Z;;;;;;;;;;;;;;;;;;;;;;;;;;$,m:20:0.5.4.3.2.1|"
908,908,"CCCCCC1C(C(=O)OC1=O)C.CC |$;;;;;;;;Z5;;;;;;K9$,m:13:5.6.7.9.10|"
909,909,"CCOC(=O)C(CC(=C)C(=O)C1=CC=CC=C1)C(=O)OCC.CN(N)O |$;;;;;;;;;;;;K;;V;;;;W;;;;;;;$,m:22:11.16.15.14.13.12|"
910,910,"CC/C(=C(/C)\C(=O)O)/OC(=O)CC#N |$;;;;;;;;;;;;;$,Sg:n:1:H:ht|"
911,911,"CCOC(=O)C(CCC1=CC(=C(C=C1)OC)C2=CC=CC=C2)N.CNN(C(C)=O)C(C)=O |$;D;;;;;;;;;;;;;;;;T1;;T2;;;;;;;;;;;;$,m:23:17.18.19.20.21.16|"
912,912,CC1CSCC(O1)OC(=O)CBr |$;;D9;;;T0;;;;;;$|
913,913,"CCO[C@@]12CCC(=O)[C@H]3[C@@]14CC[N+]([C@@H]2CC5=C4C(=C(C=C5)O)O3)(CC6CC6)O.CSC(C)=NN.CON(C)O.CN=C(OC)OC |$;;;;J;;;;;;;;;;G;;;K;;;;;;;;;G;;;;;;;;;;;;;;;;;;;$,m:28:4.5.6.8.9.3,m:34:14.15.16.9.3.13,m:39:22.17.16.9.8,Sg:n:7:z:ht|"
914,914,"CC(CC(CCCl)OC)OC |$;;T0;;;;;;;V;$,Sg:n:4,5:S:ht|"
915,915,"CC1C(CCO1)NC(C)C2=CC(=CC=C2)C(F)(F)F |$;;;;;;;;;;;;;;;;;;$,Sg:n:1:n:ht|"
916,916,"COC1=C(C(=NC=C1)F)C2=CC=CC=C2.CC |$;;;;;;;;;;;;;;;;W$,m:15:2.7.6.5.4.3|"
917,917,"C1CO[C@@H]([C@H]1NC(=O)C2=C(C=NC=C2)Cl)C3=CC=C(C=C3)Cl |$;;D;;;;G;;;;E5;;E;;;;;;Y;;;$,Sg:n:2:o:ht|"
918,918,CC1=C(C=CN=C1CS)OCC(F)(F)F |$;;;;;;;;;J0;;Y;;;$|
919,919,"CC1=CC=C(O1)C(C(C)N)N2CCN(CC2)C3CCCC3.CC.CC.CC(N)=NN |$;;;A;;U;;;X0;;;;;G1;;;;;;;W1;;R;;Q14;;;;;$,m:21:1.2.3.4.5,m:23:11.12.13.14.15.10,m:25:17.16.20.19.18,Sg:n:1:h:ht,Sg:n:9:M:ht|"
920,920,"C1COCCN1C[C@@H](N=[N+]=[N-])O.CC |$;;;;K6;;;;;;E;;;R$,m:12:0.5.4.3.2.1|"
921,921,"COC1=CC=CC=C1C2CNC(=O)CC2CN |$;;;;;;;;;;;;;;G;T;$,Sg:n:11:D:ht|"
922,922,"CC1=CC(=C(C=C1)F)OCC(C)(C)CS.CC |$;;;;;;;;;;;;;;;;Q$,m:15:1.6.5.4.3.2,Sg:n:11:A:ht|"
923,923,"COC(=O)/C(=C/CCCC=C)/I |$;;;;;;;;;;;$,Sg:n:6,7:k:ht|"
924,924,"C/C(=C\CO)/C(OC(=O)C)OC(=O)C |$;;L;E5;;;;;;;;X;;$,Sg:n:1:Z:ht|"
925,925,"C1CC1N(CC(=O)O)C(=O)C2=CC=CO2.CC |$;;;;X;;;;;;E;;;;;;R1$,m:15:0.1.2|"
926,926,"COCC1=C(C=CC(=C1F)CCO)OC.CC |$;;;;;;;;;;;;;;;;U6$,m:15:3.8.7.6.5.4,Sg:n:1:w:ht,Sg:n:10,11:V:ht|"
927,927,"CCCOCC1=CC=C(C=C1)C=C |$;;;;;;;;;E;;;$,Sg:n:7:h:ht|"
928,928,CC(C(=O)OC)N1CCCOCC1 |$;;;;;;V;;;;;E7;K$|
929,929,"C[C@@H]1CN(C[C@@H](O1)C)C2=C(C(=C(C=C2C(=O)OC)/C(=N/O)/C3=NC=CS3)F)C.CC |$;;;;;;;;D;;;;;;;;;;;;B1;;;;;U;;;;R$,m:28:9.10.11.12.13.8,Sg:n:0:U:ht|"
930,930,"CCNC(C)(C)C(=O)N1CCC(C1)OC.CC |$;;;;;;;;;;;;K1;;Y;;R5$,m:15:8.9.10.11.12,Sg:n:8:M:ht|"
931,931,"CC1=CC(=CC(=C1OC)Cl)CCON |$;;;;;;B8;;;;;;;$,Sg:n:10:j:ht|"
932,932,"CC1=C(C2=CC=CC=C2N1)C3(CC(=O)N3C4=CC(=CC=C4)OC)C(=O)NC5=CC(=CC=C5)OC.CN(C)P(C)C.CC.CC |$;;;;;;;;;;;;;;;;;;;;;;;;;;;;;Q5;E;;;;;;;;;;;R5;;Y7$,m:34:1.2.3.8.9,m:40:4.5.6.7.8.3,m:42:27.28.29.30.31.26,Sg:n:10:R:ht|"
933,933,"C1=CC(=C(C(=C1)F)OCCOCC(F)(F)F)CO |$;;;K3;;;;L0;;;;;;;;M;;$,Sg:n:8,9:u:ht|"
934,934,"CC1=CC=CC=C1C(C)(NC(=O)O)OC.CC |$;;;;;;;;;;X2;;;;;;R$,m:15:1.6.5.4.3.2|"
935,935,"CC(=O)[C@@H](C[C@@H]\1CCCC/C1=C\OC)C2=CC=CC=C2.CC(C)=P(C)(C)C |$;;;V7;;;;;;;;W;;;;;;;L1;;;;;;;;$,m:20:6.7.8.9.10.5,Sg:n:19:q:ht|"
936,936,"CC1=CC(=C(C=C1)OC)C=CCON |$T8;;;;;;;;;;;;;$,Sg:n:12:l:ht,Sg:n:0:c:ht|"
937,937,COC1=C(N=C(S1)N=[N+]=[N-])Cl |$;;;W1;;;;;;;$|
938,938,"CCOC(=O)/C=C/CN1C=C(C(=O)NC1=O)Br.CC |$;M8;;;;;;;;;;;;;;;;;R$,m:17:8.14.13.11.10.9|"
939,939,"CCCC(C)(CNC(=O)OC(C)(C)C)N |$;;;;;;;;D0;;X3;;;;$,Sg:n:3:h:ht|"
940,940,"CCCC(C(=O)O)NC1CCC(C1)OC.CNOOC |$;;;X0;A;;;;E7;;;X;;;;;;;;$,m:15:8.9.10.11.12,Sg:n:1,2:C:ht|"
941,941,"CC1COCCN1C(=O)C2=NC=NN2.CN=C(NOC)SC |$;;;;;;J0;;;;;;;;;;;;;;;$,m:14:1.6.5.4.3.2,Sg:n:7:L:ht|"
942,942,"CCC(C(=O)OC)NC(=O)CCNC |$;;;;;;;;;;;;;$,Sg:n:10,11:O:ht|"
943,943,"CC1(CCCC(O1)C(=O)O)C2=CC=CO2.CSN=O.CC |$;;;;;;;D7;;;;;;;;;;;;;R39$,m:15:2.3.4.5.6.1,m:19:11.10.14.13.12|"
944,944,"CCOC1=CC=CC(=C1)C2=C(SC3=C2C(=C(C(=O)N3)C4=CC=CC=C4)O)Cl.COC(C)OC |$;;A2;Z2;;;;;;;Q;;;;;;;;;;;;;;;Q6;D1;;;;;;$,m:27:10.9.13.12.11,Sg:n:8:B:ht|"
945,945,"C1CCOC(C1)CNCC2=CC(=NC=C2)CN.CC |$;;;;;;;;;;U;;;M;;;;;Z$,m:17:0.5.4.3.2.1,Sg:n:5:k:ht,Sg:n:9:H:ht|"
946,946,"CC(C)(CC(=O)N(CCOC)C1CCS(=O)(=O)C1)N.CC=NOC(C)=O |$;;;;;;;;A;;;;Q9;;M;;;K2;;;;;;;;$,m:19:11.12.13.14.17,Sg:n:8:S:ht,Sg:n:7,8:F:ht|"
947,947,"CC(C)[C@H]1COC(=O)N1C2=CC(=C(C(=C2)N3[C@H](COC3=O)C(C)C)S(=O)(=O)O)N4[C@H](COC4=O)C(C)C.CC.CS(=O)(=O)OS(C)(=O)=O.CNS(N)(=O)=O.CN(C)P(C)(=O)N(C)C |$;;;;;;;;;;;;;;;;D7;;;;;;;;T7;;;;T;;;;;;;;J;;A86;;;;;;;;;;;;;;;;;;;;;;;;$,m:37:3.4.5.6.8,m:39:10.11.12.13.14.9,m:48:16.15.19.18.17,m:54:29.28.32.31.30,Sg:n:30:n:ht,Sg:n:18:c:ht|"
948,948,"CC(C1CCCCC1)C(C=O)OC.CC |$;;;;;;;J;;;;;;;R59$,m:13:2.7.6.5.4.3|"
949,949,"C1COC(O1)C2=CC3=C(S2)C=CS3 |$;;;K;;;;;;;;;U3$,Sg:n:9:I:ht|"
950,950,C1=CC=C(C=C1)C2C(=COC2=O)N=[N+]=[N-] |$;;Q3;;;;;;;;;;;;$|
951,951,"CC(CCC1=C(C=CC(=C1)F)OC)N |$;;;;;T;;;;;;;;$,Sg:n:12:T:ht,Sg:n:0:n:ht,Sg:n:2,3:g:ht|"
952,952,"C1OC2C=CC(=CC2O1)C(=O)I.CON=CN(C)C.CC(C)(O)S |$;;;;;;;;;L9;;;;;;;;;;;;;;$,m:12:0.1.2.7.8,m:19:3.4.5.6.7.2|"
953,953,CCC(COC)NCC(=O)N(C)CC |$;;;;;;;;;;;Y;;$|
954,954,"C1CCC2(CC1)CC(=O)C(C(=O)O2)N.CC.CC |$;;;J;E;;;;;;;;;;;R;;R2$,m:14:0.5.4.3.2.1,m:16:6.7.9.10.12.3,Sg:n:10:D:ht,Sg:n:2:R:ht|"
955,955,"CNCC1(CC1)CN(C)CC2=COC3=CC=CC=C32.CC.CC=NN(C)N |$;;;;B5;;;X4;;;;;;M;;;;;;;V;;;;;;$,m:19:4.3.5,m:21:14.15.16.17.18.13|"
956,956,"CCCOCC(C1=C(C(=CC=C1)Br)F)N.COC(=O)N=O |$;;;;Z9;;;;;;;;;;T;;;;;;$,m:15:6.11.10.9.8.7,Sg:n:1,2:y:ht|"
957,957,"CCNC1CC(C1(C)C)OC2=CC(=C(C=C2)Cl)C |$;;;;;;;;;X2;W9;;;;;;;$,Sg:n:7:n:ht,Sg:n:1:h:ht|"
958,958,"CC1=NC2=NC=C(C(=C2C=C1)NC3=CC=C(C=C3)Cl)C(=O)N4CCOCC4.CC |$;;;;;;;;;;;;;;;;;;;;J;;;;;;;;R8$,m:27:1.10.9.8.3.2|"
959,959,"C[C@H]1[C@H](OC(=O)N1C)C2=NC(=CN2C)C.CC=NNC(=NC)N(C)C.CN=CN(C)S(C)(=O)=O |$;;;Z6;;;;;;X;;;;;J8;;;;;;;;;;;;;;;;;;;$,m:15:1.2.3.4.6,m:25:9.8.12.11.10|"
960,960,CSC[C@@H]1COCN1CC2=CC=CC=C2 |$B;;X1;;;;;;;;;;;;$|
961,961,"C[C@@H](C(=O)OCC1=CC=CC=C1F)N.CC |$J;;;;;;M3;;;;Q1;;;;;R49$,m:14:6.11.10.9.8.7,Sg:n:11:U:ht|"
962,962,"CC(=O)/C=C/COC(=O)C |$;;T1;T;;;;;;$,Sg:n:4:I:ht,Sg:n:5:G:ht|"
963,963,"CCOC(=O)C(=C)C1=C(C=CC(=N1)C)O.CC |$;;B;;;;;;;;;;;;;;R$,m:15:7.12.11.10.9.8|"
964,964,"C(COC(F)(F)F)C[SH2+] |$;;;;;;;;$,Sg:n:0,7:R:ht|"
965,965,"C1CN(CC2N1CCOC2)N=[N+]=[N-].CN=C(N(C)C)N(C)C |$T2;;;;;;;;X;;;;;;;;;;;;;$,m:13:6.7.8.9.4.5,Sg:n:6:J:ht|"
966,966,"CNC1=CC2=C(C=C1)C(=O)NC(O2)F.CC |$;;Q;;;;;;;;;J5;;;;V54$,m:14:8.10.11.12.4.5|"
967,967,"COC1=NC(=CC(=C1)OC(=O)O)Cl.CC |$;;U7;;;;;;;;M1;;;;R4$,m:13:2.7.6.5.4.3|"
968,968,"CC(=C)C1=NC2=C(C=CC(=C2)Cl)C(=O)O1.CN=CNN(C)C |$;;U;;;Q;;;M;;;;;;;;;;;;;$,m:15:7.8.9.10.5.6|"
969,969,"CCOC1=[C-]C(=CC=C1)OCC.CNC=NN |$;;;;;;;;;;;;;;;;$,m:12:3.8.7.6.5.4|"
970,970,CC(C)OC(=CC=C(C)C)C(F)(F)F |$Y9;;;;;;;;;;;;;$|
971,971,"CNC1CN(C1)C2=NC=NC(=C2)COC.CC.CC(=O)N(C)N(C)C |$;Q2;;;;;;;;;;;L7;;;;R;;;;;;;;$,m:15:2.5.4.3,m:17:7.8.9.10.11.6,Sg:n:2:z:ht|"
972,972,"CC1=C(C(=C(C=C1)CCO)OC2=NC=C(C=C2)N)C.CC(=O)N(N)C(C)=O.C[N+](=O)[S-] |$;;;;;;;;;;;;;;;E;;;;;;;;;;;;;;;$,m:19:1.6.5.4.3.2,m:27:12.13.14.15.16.11|"
973,973,"C1CC2(CC=C1C3=CC=C(C4=CC=CC=C43)F)OCCO2.CN=NNC.CC |$;;;;;;;;;;;;;;;G;;;;;;;;;;;;A$,m:21:11.12.13.14.15.10,m:26:17.2.20.19.18,Sg:n:9:h:ht|"
974,974,"COC1=CC=C(C=C1)C(=NN)C#N.CC |$;;Q;;;;;;;;;Z;;;Y8$,m:13:2.7.6.5.4.3|"
975,975,"COCOC1CCC(CC1)OC=O.C=NC(=NC)NC |$;;;;;;X1;;;;;;;;;;;;;$,m:13:4.9.8.7.6.5,Sg:n:4:v:ht|"
976,976,"COC1=CC(=C(C=C1)C(=S)N)OCCO.CC |$;T;;;B;;;;;;;;;U;;;K5$,m:15:2.7.6.5.4.3,Sg:n:12,13:m:ht|"
977,977,"C=CCOC1=CC(=CC(=C1)C#N)Br.CN=CN(C)C |$V2;;;;;;;;;;;;G;;;;;;$,m:13:4.9.8.7.6.5|"
978,978,"COC1=CC=CC(=C1)CCCC(=O)OC.CC |$;;;;;;;;;;;;;;;;R05$,m:15:2.7.6.5.4.3,Sg:n:1:b:ht|"
979,979,"CCCNC1=NC(=NC(=C1I)C)C2=COC=C2.CC.CSP(=O)(O)SC |$;V;;;;;;;;;;K4;;;;;J;;R;;;;;;;$,m:17:4.9.8.7.6.5,m:19:13.12.16.15.14,Sg:n:1,2:b:ht|"
980,980,"CC1=CC(=CC(=C1OC)C2CCCCC2)CC(=O)OCCO.CC |$;;;;;;;;;;;V0;;J2;;;;;;;;;;Y$,m:22:1.6.5.4.3.2,Sg:n:9:F:ht,Sg:n:0:w:ht,Sg:n:19,20:s:ht|"
981,981,"CSNC1=CC=CC=C1NC2=NC(=NC=C2Cl)NC3=CC(=CC=C3)OCCN4CCCC4 |$;;;T0;;;;;;;;;;;;;;;;;;;;;;A;M8;;Y3;;;$,Sg:n:25,26:T:ht|"
982,982,"CC(=O)NCCSCOC(=O)O |$;B3;;;;;;;;;;$,Sg:n:1:m:ht,Sg:n:4,5:D:ht|"
983,983,"CCOC(=O)CCN(C)CC(=O)N |$M7;;G0;;;;;;;;;;$,Sg:n:12:U:ht,Sg:n:5,6:Z:ht|"
984,984,"CN1C=NC=C1C(=O)NCCOC.CNC(C)=NN=C(C)C |$;;;;;;;;;G7;;;;;;;;;;;;$,m:13:1.2.3.4.5,Sg:n:10:p:ht,Sg:n:9,10:t:ht|"
985,985,"COC1=NC=C(C=C1)CNCCF.CC |$;;;;L5;B;;;;;;;;;R$,m:13:2.7.6.5.4.3,Sg:n:6:F:ht|"
986,986,"CC1=CC=CC=C1CN(C2CCCC2)C(=O)[C@H]3CCOC3.CC |$;;;;;;;;;;;;;D;;;;;;;;;R$,m:21:10.9.13.12.11,Sg:n:7:m:ht|"
987,987,"CN1C=CC(=N1)C2=CC=C(S2)C(=O)OC.CC.CC |$;;;;M;;;;;;;;;;E9;;R9;;R$,m:15:1.2.3.4.5,m:17:7.6.10.9.8|"
988,988,"COCC1=CC=C(C=C1)C(=O)CCN.CC |$;;;Z4;;;;;J;;;;;;;U0$,m:14:3.8.7.6.5.4,Sg:n:11,12:W:ht|"
989,989,"C1COC(O1)(C2=CC=C(C=C2)Cl)C3=CC(=C(C=C3)NC(=O)C(Cl)(Cl)Cl)C4=CC(=CC=C4)Cl.CC |$;;;;;;;D7;;;;L2;;;;;;;;;;;;;T;;;T;;;;;;R69$,m:32:0.1.2.3.4|"
990,990,"CC1=CC(=C(C(=C1)[N+](=O)[O-])OC2=CC(=C(C=C2)CBr)C)C.CC |$;;;;;;;;;;;;;;;;;;M5;;;;R65$,m:21:12.13.14.15.16.11|"
991,991,"C1CN(CCC1=O)C2=NC=CO2.CC |$;;;;;;;;;;;;;Y4$,m:12:8.7.11.10.9|"
992,992,"C[C@@H]1CN(C[C@@H](O1)C)CC(=C2CNC2)C.CSP(=O)(SC)SC |$;;;;;;;;;;;;;;;;;;;;;;$,m:15:1.6.5.4.3.2|"
993,993,"C[N+](C)(C)CCOC(=O)CC(=O)OC |$;;;;;;;;;J;;;;$,Sg:n:4:N:ht,Sg:n:4,5:O:ht|"
994,994,"CCCC(C)(C1=CC(=C(C=C1)OC)OC)O.CN=C(NNC)N(C)C |$;B;;;;Z;;V7;;;;;;;;;;;;;;;;;$,m:16:5.10.9.8.7.6,Sg:n:1,2:U:ht|"
995,995,"CC1=C(C(=O)CC(C1(C)OC/C(=C\C=O)/C)(C)C)C2CC2.CC=NOC(=O)N(C)C.CC(=O)C(N)=O |$;;;U8;U7;;;;;;;;;;;;;;;;;;;;;;;;;;;;;;;$,m:21:1.7.6.5.3.2,m:30:19.18.20|"
996,996,"CCOC(=O)C(C1=CC=CC=C1)NCCC2=CC=CO2.CC.CC |$G5;;;;;;;;;;;;;;;;;;J;;;R;;R$,m:20:7.8.9.10.11.6,m:22:16.15.19.18.17,Sg:n:13,14:U:ht|"
997,997,"CCC1=C(C(=CC(=C1)Cl)CC(=O)OCC)C#N.CC |$;;B7;;;;;;;;;;;;;;;;R$,m:17:2.7.6.5.4.3|"
998,998,"CC1=CC(=C2C(=C1)N=C(S2)N(CC3=CN=CC=C3)C(=O)C4=CC5=CC=CC=C5OC4=O)C.CC.CC.COP(N)O.COP(=O)(O)O |$;;;;;;K;;;;;;;;;;;;;;;;;;;;;;;;;;;R22;;R;;;;;;;;;;;$,m:32:1.6.5.4.3.2,m:34:7.5.4.9.8,m:36:13.14.15.16.17.12,m:41:21.22.27.28.29.20|"
999,999,CC1=CC=CC=C1C(CN)N2CC(OC(C2)(C)C)(C)C |$;;;;;;;;;;D;;;;;;;;;$|
1000,1000,"C1CCC2(C(C1)C3=CC=CC=C3O2)N.CC |$;;;;;;;U4;;;;;;;;R$,m:14:12.11.6.4.3|"
1001,1001,COC1=CC(=CC=C1)SC2=NC(=NC3=C2CCCC3)Cl |$;;;;;;;;;;L9;;;;;;;;;$|
1002,1002,"CC1CC(C(C1)C2=CC=CO2)C |$;;;Z;;;;;;;K;$,Sg:n:7:r:ht|"
1003,1003,CCC(C)(C)C(=O)OCC1CO1 |$;;;;;;;;;M;Y;$|
1004,1004,"CCOC(=O)CC(C)N(C)CC1=CC(=CS1)Br.CC |$;;;;;;;;;;;;L;;;;;;R9$,m:17:11.12.13.14.15|"
1005,1005,"CC(C)C(C)OC1=NC=C(C=C1)C(C)N.CC=[NH+]C |$;;;;;;;;;;;;;;;;;;$,m:15:6.11.10.9.8.7|"
1006,1006,"CC(=C)C(=O)OC(CCCO)O |$;;W4;;;;;;;;;$,Sg:n:5:I:ht,Sg:n:7,8:a:ht|"
1007,1007,"C/C=C\OC1=C(C=CC=C1OC)O.CC |$Z;;J8;;;;;;;;;;;;R$,m:13:4.9.8.7.6.5|"
1008,1008,"C1CCC(CC1)[NH2+]CC2OCCCCO2 |$Y;;;;;;;W;;;;Z7;;;Y$,Sg:n:7:u:ht|"
1009,1009,"CCOC(=O)C1=NC(=C(S1)C=O)C.CC |$;;;;;;;;;;;;;;R31$,m:13:5.6.7.8.9|"
1010,1010,"C1=CC2=C(C=CC3=C2C(=O)OC3=O)N=C1.CC.CC |$;;;;;;;;;;;;;;;;R95;;A$,m:15:0.14.13.3.2.1,m:17:4.5.6.7.2.3|"
1011,1011,"CC1C(=O)OC(C(=O)O1)CCN |$;;;;;;;;;;;$,Sg:n:9,10:e:ht|"
1012,1012,"CCNC(C1=CC2=C(O1)C(=CC=C2)Cl)C3=CSC=N3.CC.CC(C)=NN=C(C)N |$;;;;;;;;;;;;;D9;;Y;;;;;A25;;;;;;;;$,m:19:9.10.11.12.6.7,m:21:15.14.18.17.16,Sg:n:13:n:ht|"
1013,1013,"CCC(=O)CC(CO)OC |$;;;;Z;;;;;$,Sg:n:5:A:ht|"
1014,1014,"CC1=CC2=C(C=C1[C@@H]3C[C@H]3CO)OC(C2)(C)C.CNNN=O.CC.CC |$;;;;;;;;;;;;K;;;;;;;;;;;Q;;M$,m:17:1.6.5.4.3.2,m:22:8.7.9,m:24:12.4.3.14.13|"
1015,1015,"C1=CC=C(C=C1)NC(=O)C2=CN=CO2.CN=CN=C(C)C |$;B3;;;;;;;;;;;;;;;;;;;$,m:14:10.9.13.12.11|"
1016,1016,CC=CN1CC(C(=O)C(=C1)C2=CC(=CC=C2)F)OC3=CC=CC=C3 |$;;;;;;;;;;Z8;;;;;;;;;;;;;$|
1017,1017,"CCOC(=O)CC1=CC(=C(C(=N1)OC(F)(F)F)I)CN |$;;;;;;;;;;;;;;;;;;;$,Sg:n:5:a:ht|"
1018,1018,"CC1=NC2=CC(=CC(=C2O1)CNC)Cl.CN=CN(C)SC |$;;L1;;;;;;;;;;;;;;;;;;$,m:14:4.5.6.7.8.3|"
1019,1019,"CC(C)(CCl)C(=O)C(OC1=CC=C(C=C1)OC)Br.CC |$;;;;;;W9;;;;;;;;;;;;;J$,m:18:9.14.13.12.11.10,Sg:n:14:I:ht|"
1020,1020,"CCOC(CC1CC2=CCC1C2)OCC.CN(C)O |$;;;;;;U;;;;;;;;Z;;;;$,m:15:5.6.7.11.10,Sg:n:7:F:ht|"
1021,1021,"COCCOC(=O)C1=NN=C(C=C1)Cl |$;;;;;;;;;;;;;$,Sg:n:2,3:U:ht|"
1022,1022,"CC1=CC(=CC=C1)NC(=NCC2=C(C=C(C=C2)C)OC(C)C)N.CC |$;;;;;A8;;;;;;B;;;;;;;;;;;;;T$,m:23:1.6.5.4.3.2|"
1023,1023,C1NC(C(O1)C(=O)O)C2=CC=C(C=C2)F |$Q;;;;M;A;;;;G;;;;;$|
1024,1024,"COC1=CC=CC=C1C(C2=C(SC(=C2)Cl)Cl)N.CC.CC(=O)C(=O)N(C)C |$;;;Y;;;;;;;U6;;X;;;;;;R05;;;;;;;;$,m:17:2.7.6.5.4.3,m:19:10.9.13.12.11|"
1025,1025,"C1=CC=C(C=C1)CN(CC2=CC=CC=C2)C(=O)CCC3=CC=CO3.CS(=O)(=O)[O-].CC |$;;;;;;;;;L;;A;D0;;;;;;;;;;M4;;;;;;;;Z47$,m:24:10.11.12.13.14.9,m:29:20.19.23.22.21|"
1026,1026,"C=CCOCC1=CC=CC=[C-]1.CC |$;;;;;;;V9;;;;;Z$,m:11:5.10.9.8.7.6|"
1027,1027,"C[C@H](C1CCCC1)NCC2=C(OC3=CC=CC=C32)C(=O)O.CC.CC(O)C=S |$;;;;;;;;;D7;;D7;;;;;;;;;;;R;;;;;$,m:21:3.2.6.5.4,m:23:10.9.17.12.11|"
1028,1028,C1COC2=C(C=C3C(=C2)NC(=S)N3)OC1 |$;;;;;;L;;;;;U;;;$|
1029,1029,"CC(C)C(=O)OCCOC=C |$;;;;;M5;;;;V9;$,Sg:n:6:m:ht,Sg:n:6,7:a:ht|"
1030,1030,"CC(=CCC[C@@]1([C@@H](O1)CC=C)C)C.CN(C)C=N |$;;;;;;;;;L;;;;;;;;$,m:13:5.6.7,Sg:n:3,4:G:ht|"
1031,1031,"C1=CC(=C(C=C1N)OC2=NC=NC=C2)Cl.CC |$;;;;;;;;;;;U;;;;;M2$,m:15:0.5.4.3.2.1|"
1032,1032,"COC(=O)[C@H]1C[C@@H]1C2=CC=C(C=C2)O.CC.CC |$;;;;;;;;;;;;;;;E;;R0$,m:14:4.5.6,m:16:8.9.10.11.12.7|"
1033,1033,CC1=C(C=CC(=N1)NC(C)C2=CN=CC=C2)C(=O)OC |$;;;;;;;;E0;;;;;;;;;;;$|
1034,1034,"C1COCCC1C(CC2=CC=CC=N2)Cl.CPSC |$;;;;;;E;;;;;;K;;U;;;;$,m:15:0.5.4.3.2.1,Sg:n:1:E:ht|"
1035,1035,"CCOC(=O)OC(=O)[C@](C)(CSC(C)(C)C)C(=O)O |$Y6;;;;;;;;;;;;;;;;;;$,Sg:n:4:Z:ht|"
1036,1036,"C1CNCCC1CNC(=O)NC2CCOC2 |$;;;;;;;;;;;;;;V4;$,Sg:n:6:d:ht,Sg:n:6:N:ht,Sg:n:11:P:ht,Sg:n:13:d:ht|"
1037,1037,CCOC(=O)C=C(C(=O)O)[O-] |$;X5;;;;;;;;;$|
1038,1038,"C1COCCC(=C1)CC2CCC(CC2)N.COC(C)(C)N(C)C.CC |$;;;;L;;;;;;;;;;;;;;;;;;;;R7$,m:15:0.1.2.3.4.5.6,m:23:9.10.11.12.13.8,Sg:n:5:I:ht,Sg:n:1:F:ht|"
1039,1039,"CCC(C)(C(=O)OC)OCCCl |$;;;;;;J9;W;;;Z8;$,Sg:n:0:K:ht,Sg:n:9,10:l:ht|"
1040,1040,"CC1=CC2=C(C(=C1)Br)OCC(C2=O)(Br)Br |$;;;;T3;;;;;;;;;;$,Sg:n:4:Q:ht|"
1041,1041,"COC1=CC=CC=C1N=C(C2=CC=CC=C2)C3=NC=CN=C3.CSC(C)(C)O.CC.CNC(C)S |$;;;;;;;;V;;;T;;;;W5;;;;;;D8;;;;;;;;X;;;;;$,m:22:2.7.6.5.4.3,m:28:11.12.13.14.15.10,m:30:17.18.19.20.21.16|"
1042,1042,"CC(CCNCC(C)OC)CN |$;;;;;;;;;;;$,Sg:n:10:k:ht,Sg:n:2,3:C:ht|"
1043,1043,"CC1=CC(=C(C=C1N)C)C2CCC3(CC2)OCCO3.CC |$;;;;;A;;;;Q;;;G;;;;;;;;R2$,m:19:1.6.5.4.3.2,Sg:n:11:H:ht,Sg:n:5:l:ht,Sg:n:18:Z:ht,Sg:n:4:d:ht|"
1044,1044,"CCC1CCCC(C1)OC2=C(C=CC(=C2)Cl)C(=S)N.CONS.CNP(=O)(NC)OC |$;;;;;;;;G1;;;;;;;;;;;;;;;;;;;;;;$,m:19:2.7.6.5.4.3,m:23:10.11.12.13.14.9|"
1045,1045,"CC(C)C(=O)N1CCN(CC1)C(=O)C2=C(C(=CC=C2)OC)OC(F)F.CC |$;;;;;;;;;;;;;;;J;;;;;;A;;;;;Y2$,m:25:14.15.16.17.18.13|"
1046,1046,"CC1=NOC(=C1)C(=O)N2CCOC(C2)(C)C.COC(C)N |$;;;;;;;;;;;Z3;;;J;;;;;;$,m:16:9.10.11.12.13.8,Sg:n:11:L:ht|"
1047,1047,"C1COCCN1C2=C(C=CC(=C2)I)Cl.CC.CC |$;;;;;;;;;;;;;;;Y88;;R15$,m:14:0.5.4.3.2.1,m:16:7.8.9.10.11.6|"
1048,1048,"CC(C)OC(=O)C1=CC2=C(S1)SC=C2I.CC.CC |$Q3;;;;;;;;;;;;;;;;R52;;R0$,m:15:6.7.8.9.10,m:17:11.9.8.13.12|"
1049,1049,CC(C)(C)OC1=CC=CC=C1P(=O)(O)O |$;;;;;;;;;;;;;Q2;$|
1050,1050,"C1CN2CCC1CC2OC(=O)OCCCl.CC(C)=NNN(C)C.CC(N)=NN(C)C |$;;;;;W1;;;;;;;;;;;;;;;;;;;;;;;;$,m:15:0.5.6.7.2.1,m:23:3.4.5.6.7.2|"
1051,1051,"COC1=C(C(=NC(=C1I)Br)C2=CC=CC=N2)OC.CNP(C)(=O)NC |$;;;;;Z3;;;;;;;;;W7;;;;;;;;;;$,m:18:2.7.6.5.4.3|"
1052,1052,CC1=C2C(=CC(O2)Br)C(C(=C1)Cl)(C)Br |$;U;;;B;;;;;J3;A;A4;;$|
1053,1053,"CCCC1=C2CCOC2=C(C=C1)C(=O)O.CC.CC |$;;;;;;;;;;;;;;;;M;;R8$,m:15:3.11.10.9.8.4,m:17:5.4.8.7.6,Sg:n:4:c:ht|"
1054,1054,C=CC1CC1(C#N)OC(=O)O |$E1;;;;;;;;;;$|
1055,1055,"CCCCC(C)(C(=O)OC1=NNN=C1)N.CC(N)=S |$;;;;;;;;;;;;;T2;;;;;$,m:15:9.10.11.12.13,Sg:n:2:o:ht,Sg:n:2,3:F:ht|"
1056,1056,"COC1=C(C(=C([C-]=C1[N+](=O)[O-])[N+](=O)[O-])OC)OC.CC |$;;;;;;;;;;;;;V;;;;;;T$,m:18:2.7.6.5.4.3|"
1057,1057,COC(C1=CC=CC=C1)(C(=O)C2=CC=CC=C2)OC |$X;;;;;;;;D8;;;;;;;;;;A$|
1058,1058,"COC(=O)[C@@H]1C[C@H]2CC2N1.CNP |$;;T9;;;;;;;;;;$,m:10:7.6.8,Sg:n:8:Y:ht|"
1059,1059,"CCOC(=O)C1=CC=C(S1)C2=CC=CS2 |$;;B4;;;;;;;;;J;;;$,Sg:n:3:T:ht|"
1060,1060,"CCCCCC1C2C(O2)CO1.CC |$;;;;;;;;;;;;X2$,m:11:8.7.6|"
1061,1061,"CCC1CC(CCO1)NCC(C(F)F)O.CSNS |$L4;;;;;;;L2;;;;;W;;;;;;$,m:15:2.7.6.5.4.3|"
1062,1062,"CC1=CC(=CC=C1)SC2CCOC2=O.CN(C)C(=O)N(C)N(C)C |$;;;;;;;;X;;;;;;;;;;;;;;;$,m:14:9.8.12.11.10,Sg:n:10:P:ht,Sg:n:5:h:ht|"
1063,1063,"CN(C)C1=CC=C(C=C1)C2OCCO2.CC=NNC(=NC)N(C)C.CC |$;;;;;;;;;;;;;;;;;;;;;;;;;R$,m:14:3.8.7.6.5.4,m:24:10.9.13.12.11|"
1064,1064,"CC(C)COC(C1=CC=CC=N1)C(C)N.CN(C)S(C)(=N)=O |$;;J;;;;;;;;;;;;;;;;;;;$,m:15:6.11.10.9.8.7|"
1065,1065,"CCC1=CN2C=CC=C(C2=N1)OC.CNP(=O)(O)OC |$M;;;U;;;;;;Y6;;V7;;;;;;;;$,m:13:5.6.7.8.9.4|"
1066,1066,C[C@]12CC[C@H]3C(=CC(=O)O3)[C@H]1C(=O)CC2 |$;;;;;;X;;;;;;;K;$|
1067,1067,CC1C=CC2=C(C(=CC(=C2O1)Cl)F)N |$;;;;;;;;;;;;W3;$|
1068,1068,"CCCO[C@H]1CC[C@@H](C1)C.CC |$;;;;;;;;;;;U2$,m:10:4.5.6.7.8,Sg:n:1,2:P:ht|"
1069,1069,"CC[C@](C)(C1=CC2=C(C=C1)OCO2)O.CC.CC |$;;;;;;;;;;;;;;;R;;R71$,m:14:4.9.8.7.6.5,m:16:10.7.6.12.11,Sg:n:10:A:ht,Sg:n:9:F:ht|"
1070,1070,"C1OC2=C(O1)C=C(C=C2)C3=CC=CS3.CC.CC.CC |$;;;;;;;;;;;;;;;R;;R65;;X$,m:14:0.1.2.3.4,m:16:5.6.7.8.2.3,m:18:10.9.13.12.11|"
1071,1071,"CCCOC1(C=CC(=O)C=C1)OC.CN(C)NC(N)=S |$T;;;;X;;;;;;B;;;;;;;;;$,m:13:4.10.9.7.6.5,Sg:n:1,2:b:ht|"
1072,1072,"CC(C)N(C)CCOC1=CC=CC(=C1)O |$;;;;;;;;;;;;;;$,Sg:n:5,6:g:ht|"
1073,1073,"CC1=CC(=C(C=C1)N(C(=O)OC)C(C)(C)C)Br.CC(N)C=O |$;Y;;;;;;;;;;;;;Q;;;;;;;$,m:17:1.6.5.4.3.2|"
1074,1074,"CC1C(C(C(=C(N1COC)C)C(=O)O)C2=CC=CC=C2C(F)(F)F)(C(=O)OC)C(=O)OC.CNN=C(C)OC.CC(=O)OC(C)=O |$;;;;;;;;;;;;;;;Q6;;A;;;;;;;;;;;;;;;;;;;;;;;;;;;;$,m:32:1.6.5.4.3.2,m:39:15.16.17.18.19.14|"
1075,1075,"C1C[C@H](OC1)CNC(=O)/C(=C/C2=CC3=C(C=C2Br)OCO3)/C#N.CNC(=O)C(C)=O.CC(=S)N(C)C |$;;;;B5;;;;;;;;;;;;;;;;;;;;;;;;;;;;;;;$,m:23:12.13.14.15.16.11,m:30:18.14.13.20.19,Sg:n:19:U:ht|"
1076,1076,"CC(C)(C)OC(=O)N(C1=N[C@]([C@H]2COC[C@H]2O1)(C#C)C3=C(C=CC(=C3)N)F)C(=O)OC(C)(C)C.CC |$;;;;;;;;;A8;;;;;;;;;;;;;;;;;J4;;J2;;;;;;;T6$,m:34:12.11.15.14.13|"
1077,1077,"CCC(C(=O)OCC(C)C)SCCC#N |$;;;;;;;;;B1;;;;;$,Sg:n:9:d:ht,Sg:n:11,12:Z:ht|"
1078,1078,"CCOC1=NC2=C(N1)C=C(C=C2Br)Cl.CNSC(C)=O.CC |$;;;;Y2;L7;;;;;;;;;;;;;;;;U$,m:14:3.4.5.6.7,m:20:8.9.10.11.5.6|"
1079,1079,"CCSC[C@@H]1CCC(OC1)OC(=O)C.CC(=O)N(C)N=C(C)C |$;;;;A;A3;;;;;;;;;;;;;;;;;$,m:14:4.9.8.7.6.5|"
1080,1080,CCOC(=O)C(=[N+]=[N-])C(=O)CC1=CC=C(C=C1)C |$;;;;;;;W1;;;;;;;;;;Z$|
1081,1081,"CC(C)OC1=C(C=CC(=C1)C=C)OC |$;;;;;;;;;;;;;$,Sg:n:2:N:ht|"
1082,1082,C1=CC=C(C=C1)COCC(=O)O |$;;;M7;;;;;;;E6;$|
1083,1083,CC(C)N(C=C1C=CC(=O)C(=C1)OC)O |$;Q;;;;;;;;;;;;;$|
1084,1084,"CC1=CC(=C(C=C1)OC2=C(C=NC=C2)CO)Br |$;;;;W;G0;;;;;;;;;;;$,Sg:n:13:R:ht|"
1085,1085,"C1CCN(C(C1)COC2=CC=CC=C2)N.CNN(C)C(=S)S |$Y8;;;;;D;;;L1;;;;;;A4;;;;;;;$,m:15:9.10.11.12.13.8,Sg:n:12:M:ht|"
1086,1086,"CCN1C2=C(C=C(C=C2)F)N=C1C3(CCOC3)N |$;;W;;;;;;;;;;;;Q4;;;$,Sg:n:3:m:ht,Sg:n:15:N:ht|"
1087,1087,C1COCCN1CC2=C(C=CC=C2Cl)N |$;;;J;;;;A0;;;;;;D;J8$|
1088,1088,"CC(C)CC1=CC(=NC(=N1)C(=O)OC)N.CC |$;;;;Z3;T2;;;;;;;;;;;R$,m:15:4.9.8.7.6.5|"
1089,1089,COC1=CC(CN=C1)CNN |$;;;;G2;;;;;;$|
1090,1090,"COC(=O)CNC(=O)NC1=CC=C(O1)Br.CC |$;;;;;A6;;;;;;;;;;;M$,m:15:9.10.11.12.13|"
1091,1091,"CC1=COC(=C1)C2CCCN2C.CNC=NS(C)(=O)=O |$J;;;;;;;;;;;;;;;;;;;$,m:12:1.2.3.4.5|"
1092,1092,"CCCOC(=O)C1(CCC(=O)CC1)[NH3+].CN(C)S |$;;;;;;;;;;;;;;;;;$,m:14:6.12.11.9.8.7,Sg:n:1,2:W:ht|"
1093,1093,"CC1=CC=C(C=C1)[C@H](C(=O)NC(C)(C)C)N(C2=CC=CC=C2OC)C(=O)C3=CSN=N3.CC.CC=NN(C(C)=O)C(C)=O |$A;;;;;;Y1;;;;;;;;;;;;;;;;;;;;;;;;;;M;;;;;;;;;;$,m:31:17.18.19.20.21.16,m:33:27.26.30.29.28,Sg:n:30:e:ht|"
1094,1094,"CCCNC(C#C)C1=CC=C(O1)C.CC |$;;;;;;;;;;;;;;R86$,m:13:7.8.9.10.11,Sg:n:1,2:Z:ht|"
1095,1095,CCCC(C(=O)OC(C)(C)C)OC=O |$;;;M;;;;;;Z;Q;;;$|
1096,1096,"CC(C1=C(C=C(C=C1)OC2=C(C=CC(=C2)F)[N+](=O)[O-])Cl)N.CC |$;;;;;;;;;;;;;;;;;;;;;;R1$,m:21:2.7.6.5.4.3|"
1097,1097,"CCOCCCC(=O)N(C)C(C)CC#N |$T3;;;;;;;Y7;;;;;;;$,Sg:n:3,4,5:q:ht|"
1098,1098,CCOC(=O)C1=CC2=C(S1)C=CC(=C2)Br |$;;;;;;;X6;;;;;;;$|
1099,1099,"CC1(O[C@@H]([C@@H](O1)C(C#C)O)CO)C |$;;E4;G;;;;;;;;T7;$,Sg:n:1:B:ht|"
1100,1100,"COC(CCN=[N+]=[N-])C1=NSN=C1C2=C(C=CC=C2Cl)Cl.CNC(=S)OC |$G3;;;;;;U;;;;K7;;;;;;;;;;;;;;;;$,m:21:14.15.16.17.18.13,Sg:n:15:X:ht|"
1101,1101,"CCCNC(=O)C1=CC(=CO1)C.CC(N(C)C)N(C)C |$;;;;;;;;;;;;;;;;;;;$,m:12:6.7.8.9.10|"
1102,1102,"CC(=C)C(=O)OC1=CCC(=C)C=C1.CC |$;;;Y7;;;;;;;;;;;K14$,m:13:6.12.11.9.8.7,Sg:n:2:f:ht|"
1103,1103,"CCC/C=C\1/C2=C(C(=CC=C2)O)C(=O)O1 |$;;;;E4;;;;;;;;;;$,Sg:n:1,2:W:ht|"
1104,1104,"CNCCOC1=CC=C(C=C1)C(=N)N |$;A7;;;;;W;;;;;;;$,Sg:n:0:z:ht,Sg:n:2,3:l:ht|"
1105,1105,"CN(C1CCOC1)S(=O)(=O)C2=CN=C(C=C2)C#N.CN=C(N)N(C)S(C)(=O)=O |$;;;;;;;;;;Q7;A;;;;;;Z3;;;;;;;;;;$,m:18:11.12.13.14.15.10,Sg:n:0:m:ht,Sg:n:6:r:ht|"
1106,1106,"COC1=C(C(=C(C=C1)CCO)F)Br.CON(C)C |$;;;;;;;;T3;;;;;;;;;$,m:13:2.7.6.5.4.3,Sg:n:8,9:F:ht|"
1107,1107,"CCCC(C#C)NC(=O)C1COCC1NCC.CC |$;;;;;;;;;;;;;;;;;;G$,m:17:9.10.11.12.13,Sg:n:1,2:X:ht|"
1108,1108,"CC(=O)OC[C@H]([C@@H]1[C@@H]([C@H](CO1)O)OC(=O)C)OC(=O)C.CC |$;;;B0;;;;;;;;;;V;;;;;;;;R$,m:20:6.7.8.9.10,Sg:n:8:p:ht|"
1109,1109,"CC1(CO1)COCCO |$V3;;L1;;;;;;$,Sg:n:4:Z:ht,Sg:n:6,7:P:ht|"
1110,1110,"C1C=CCOC1/C=C/C2CC=CCO2.CC |$;;G;;;;;;;;;;;;;V92$,m:14:9.10.11.12.13.8,Sg:n:12:c:ht,Sg:n:8:m:ht|"
1111,1111,C1COCCN1P(=O)([O-])OCC(Cl)(Cl)Cl |$;;;;;;;;;;;;X;;$|
1112,1112,C1=CC(=C(C=C1C2=NC=CO2)O)C(=O)O |$;;;;V9;;;E;;;;;;;$|
1113,1113,"CCCOC1(C(CC(CC1CC)O)C)C.COP(O)(=S)SC |$;;;;;;;;;;;;;;;;;;;;;$,m:15:4.9.8.7.6.5,Sg:n:8:e:ht|"
1114,1114,"CCCCCC(C)NC(COC)C(C)C |$;;;;;;;;;;;;;;$,Sg:n:7:M:ht,Sg:n:1,2:W:ht|"
1115,1115,"CC(COS(=O)(=O)C)C1COC(O1)(C)C.CC |$;;;;;;;;;;;;;;;;T10$,m:15:8.9.10.11.12|"
1116,1116,"C1CC(CNC1)CNC2=NCCOC2.CC(=N)N(C)N=C(C)C.CC |$W1;Y1;D8;;;;;;V;;;;;;;;;;;;;;;;R$,m:14:0.5.4.3.2.1,m:23:9.10.11.12.13.8,Sg:n:1:m:ht,Sg:n:0:B:ht|"
1117,1117,"CC1=C(N=C(N=C1Cl)C2=CC=CO2)C.CC |$;;J;;;;;;;;;;;;;Z$,m:14:9.8.12.11.10|"
1118,1118,"C1C(NC(=O)O1)C2=CC(=C(C(=C2)F)F)F.COP(=O)(O)OC.CC |$;;;;;;;;;;;;;;;;;;;;;;;Q$,m:15:0.1.2.3.5,m:22:7.8.9.10.11.6|"
1119,1119,"CC(C)(C)C1=NN(C(=O)O1)C2=CC(=C(C=C2)F)OCC#C.CC |$;;;D;;;L2;;;;;;;;;;;;;T;;;M71$,m:21:4.5.6.7.9|"
1120,1120,"CC1=CC(=C2C(=C1)N(C=N2)C/C=C/3\C4=CC=CC=C4COC5=C3C=C(C=C5)C(=O)[O-])C.CC |$;;;;;;;;M0;;;;;;;V;;;;;;;;;;;;;A3;V;;;R$,m:31:8.7.5.4.9,Sg:n:22:h:ht|"
1121,1121,"COCCNC1=CC=CC(=C1)N.CC |$;;;;;;;;;;;;;K$,m:12:5.10.9.8.7.6,Sg:n:2,3:m:ht|"
1122,1122,"CCCOCC(=O)N1CCCO1.CC |$;;T;;;L;;;;A;;;;R94$,m:12:7.8.9.10.11,Sg:n:3:K:ht,Sg:n:1,2:j:ht|"
1123,1123,"CCC1(CNCC(O1)(C)C2CCCC2)C.CC |$;;;;Q1;T0;;;;;;;;;;;M04$,m:15:10.9.13.12.11,Sg:n:3:o:ht|"
1124,1124,"CC1(O[C@H]([C@@H](O1)C(=O)N(C)C)C(=O)CCOC)C |$;;;;;;;;;;;;;;;;;M3$,Sg:n:13,14:j:ht|"
1125,1125,"CC1CCC(C(C1)P)OC(F)F.CC |$K5;;;;M3;;;;;D;;;;T$,m:12:1.6.5.4.3.2,Sg:n:4:y:ht|"
1126,1126,"CC1CCN(CC1OC)C(=O)[C@@H]2CCCC[C@@H]2C(=O)O.CC(C)=NOS(C)(=O)=O |$;W9;;;A5;;;;;;;;;;;;;;;;;;;;;;;;$,m:20:1.6.5.4.3.2,Sg:n:11:N:ht|"
1127,1127,"CC1=C2C(=C(C=C1C(C)CO)Cl)OCO2.CON=C(C)OC |$;J;Y;;;;;;D1;Z;;K6;;;;;;;;;;$,m:15:1.6.5.4.3.2|"
1128,1128,"C1CCOC(C1)NC(=O)CNP.CC |$;;;;;;;;;;;;;R$,m:12:0.5.4.3.2.1,Sg:n:9:p:ht|"
1129,1129,"CCC(C(C)(C)C)OC(=O)C=CC(=O)[O-] |$;M;;;;;;;;;;;;;$,Sg:n:5:R:ht|"
1130,1130,CC(C)(CNS(=O)(=O)NC(=O)OC)O |$;;;;;;U8;;;;;;;$|
1131,1131,"C1COCC1ONC2=CC=CC=C2.CC |$;;;;;;;;;;W;;W;;L5$,m:13:0.1.2.3.4,Sg:n:4:M:ht|"
1132,1132,C1=CC=C(C(=C1)N)OC2=C(C=C(C=C2)Br)[N+](=O)[O-] |$;;;;L0;;K5;;;;;;;;;;A;$|
1133,1133,"COC1(C=CC=CC1N2CCCC2)N.CC |$;;;;;;;;;;V5;;;;;R93$,m:14:2.7.6.5.4.3,Sg:n:1:a:ht|"
1134,1134,C1=CC=C(C(=C1)OC2=NC=C(C=N2)[N+](=O)[O-])F |$;;V9;;;;;;;;;;;;;;X$|
1135,1135,"C1C2=C(C=NC=C2CN=[N+]=[N-])OCO1.C[N+](=O)[S-] |$U5;;;;;;;;;;;;T9;;;;;$,m:14:3.4.5.6.1.2|"
1136,1136,"CC1=NN=C(O1)C2=CC=CC=C2C(=O)NC3C(CC4=CC=CC=C34)O.CC.CN(C)SN(C)C.CC |$;;T6;;;;D1;;;;;;;J3;;;L;;;;;;;;;;R;;;;;;;;;R7$,m:25:1.2.3.4.5,m:27:16.15.23.18.17,m:34:19.20.21.22.23.18,Sg:n:6:v:ht|"
1137,1137,CCC(C(=O)OCC)OC1=C(C=CC(=C1)N)C |$;;;;J2;;U;;;;K7;;J;W9;;;$|
1138,1138,CNC1=NC=CC(=C1)OCC2CC2 |$;;;;G3;;;;U7;;;;$|
1139,1139,"CC(=O)OC(CC(=O)OCCBr)CBr |$;D7;;U;;;L;;M;T;;;;$,Sg:n:9,10:A:ht|"
1140,1140,"CCCCCCC(C(=O)O)OC(=O)CBr |$;;;;Q;;;;;;;;;;$,Sg:n:2,3,4:f:ht|"
1141,1141,CC1=C(C=CC=C1Cl)C(CC2=C(C=CC(=C2)Cl)OC)NC |$;;;;;;;;;;;;;;;;;;T6;;$|
1142,1142,"CC1=CC(=NN1CCOCC(F)(F)F)C |$;M;V;;;;;;;W;;;;;$,Sg:n:6,7:D:ht|"
1143,1143,C1CCC(CC1)OC[SiH](Cl)Cl |$;;M9;K;;L;U2;;;;E$|
1144,1144,"CC1=C(C=C(C=C1)F)OC2=NC(=NC=C2Br)Cl.CNNC(=O)SC |$;;;;;;;;;;;;;;;;;;;;;;;$,m:17:10.11.12.13.14.9|"
1145,1145,CCOC(=O)/C=N/NNC=O |$;;;;;;;;;V8;$|
1146,1146,"COC1=NC=NC2=C1NC(=S)N2C3CCCC3 |$;;;J8;;;;;;;;;;;;;$,Sg:n:3:a:ht|"
1147,1147,"CCC1CCCC(C1)C(=O)C2=COC=C2.CC |$;;;;;;;;;;;;;;;;R$,m:15:2.7.6.5.4.3,Sg:n:14:g:ht|"
1148,1148,"CC1=C(OC=C1)CCCCN=[N+]=[N-].CC |$;;;;;;;;;;W4;;;;R$,m:13:1.2.3.4.5,Sg:n:7,8:r:ht|"
1149,1149,CN1C=CC=C1C(=O)NC(CO)COC |$;;;;D4;;;;D1;;;;;;$|
1150,1150,"CC(CNC1(CCCCC1)CO)COC.CC |$;;G2;;;;;;;;X;;;;;;J1$,m:15:4.9.8.7.6.5,Sg:n:5:i:ht,Sg:n:9:X:ht|"
1151,1151,"CC1CCCC(C1NC2=CC(=C(C=C2)OC)O)C.CB(C)O |$K9;;;;;;;;;;;;;;;;;;;;;$,m:18:1.6.5.4.3.2,Sg:n:8:s:ht,Sg:n:11:X:ht|"
1152,1152,"C[C@H]1C/C(=C\C=C)/C(=C)C(=O)O1.CC |$;;;;;;;;;;;J;;R$,m:12:1.11.9.7.3.2|"
1153,1153,"C1COCC(N1S(=O)(=O)C2=C(C(=C(C=C2)Cl)N)Cl)C(=O)N.CC=NSC |$;;;;;;;;;;;;;;;Y;;;;;;;;;;$,m:21:10.11.12.13.14.9|"
1154,1154,"C1COCC1C(C2=CC=C(O2)Br)N.CC |$;;;;V7;D1;;;;;;;;;R$,m:13:7.6.10.9.8,Sg:n:4:u:ht,Sg:n:2:W:ht|"
1155,1155,CC1=CC(=NC=C1C(=O)CBr)OC |$;;;;;;K;;;;Y8;;$|
1156,1156,"C1CC(COC1)C2=NC(=O)NO2.CC(=N)N(C)C=N |$L;;;;;;;J2;W;;;;;;;;;;$,m:12:0.5.4.3.2.1,Sg:n:4:m:ht,Sg:n:3:h:ht|"
1157,1157,"CC(C)C1(CCCCC1)OC(=O)CCl.C=NN=C(C)SC |$;;;;T;;;;;K;;;;;;;;;;;$,m:14:3.8.7.6.5.4|"
1158,1158,"CCCNCC[C@H]1CCCC[C@H]1OC.CC |$;;E9;;;;;;;;;;;;;R$,m:14:6.11.10.9.8.7,Sg:n:13:E:ht,Sg:n:7:A:ht|"
1159,1159,"CCC1(C(CC1Cl)OCC(C)C)C.CN(C)N(C)C(=O)O |$;;;;;;;;;;;;;;;;;;;;$,m:13:2.5.4.3,Sg:n:10:A:ht|"
1160,1160,"CCCOC(=O)P(=O)(OC)OC |$;;;;;;;;;;L;$,Sg:n:8:h:ht,Sg:n:1,2:f:ht|"
1161,1161,CCCNC1=C(N=NS1)COCC(C)C |$;;;;;;;;;;;V;;;G4$|
1162,1162,CC1=CC=C(S1)C2=NC(=CO2)C(C)N |$;;;;;;;U;;;;;;D0$|
1163,1163,"CC1CC(N(C1)C(C)CC(=O)OC)C.CC |$;;;;;;;M;;;;;;;;R39$,m:14:1.2.3.4.5|"
1164,1164,"C[C@](COC)(C(=O)O)NC1=CC=CC=C1.CC=NS |$;;;;;;;;U8;;;;;;;;;;$,m:15:9.14.13.12.11.10|"
1165,1165,"CC1=CC(=C(C=C1)OC2=C(C=C(C=C2)[N+](=O)[O-])C)CN.CC |$Y3;;;;;D2;;U6;V;;;;;;;;;;;;;R$,m:20:1.6.5.4.3.2,Sg:n:19:n:ht|"
1166,1166,"CS(=O)(=O)C1CN(CCO1)N=[N+]=[N-] |$;;;;L1;;;;;;;;$,Sg:n:8:J:ht,Sg:n:7:J:ht|"
1167,1167,CCOC1=C(C=C(C=C1)C=O)NC(=O)C(C)C |$;;;;;;;X8;;;;;;;;;$|
1168,1168,"COC1=CC=CC=C1/C=C(\C#C)/F.CC |$;;D9;;;M2;;;;;;;;;E$,m:13:2.7.6.5.4.3|"
1169,1169,"C1COC2=C(C1=O)C=CC(=C2)C(CO)O |$;;;;;;;;;;;;;;Q6$,Sg:n:3:y:ht|"
1170,1170,"COC1CCN(CC1)C2(CCCCC2)C(=O)O |$;;;;J4;;;B;;;;A8;;E;;;$,Sg:n:11:P:ht|"
1171,1171,"COC1=C2C(=C(C=C1)Cl)N=C(N2)N.CNOC(C)=N.CONO |$;;;;;;K3;;K;;;;Z7;;;;;;;;;;$,m:13:2.7.6.5.4.3,m:19:9.4.3.11.10|"
1172,1172,CCOCC1=NNC(=O)N(C1)N=[N+]=[N-] |$;;U5;;;;;;;;;;;$|
1173,1173,C1COCCN1CCOC(=O)N=C(N)N |$;;U4;E2;;;M1;;;;;;;;$|
1174,1174,COC(=O)C1=CC=CC(=C1[N+](=O)[O-])C2C(=COC(=C2C#N)N)C#N |$;;;W0;;;;J;;;;;;;U9;;;;;;;;K;A4$|
1175,1175,"CC(C)OC(=O)[C@H](CCCl)N |$Z;;;;;;;;;M1;$,Sg:n:7,8:u:ht|"
1176,1176,"COC1=C(C=C(C=C1SC)F)C(=O)CN.CC |$D7;Z5;;;;;;V;;;;;;;;;R$,m:15:2.7.6.5.4.3,Sg:n:9:z:ht|"
1177,1177,"C1CCOC(C1)OCC2CC(COC2)O.CC.CC |$;B3;;;;;;X5;;;;;;K;;;K;;M7$,m:15:0.5.4.3.2.1,m:17:9.10.11.12.13.8|"
1178,1178,"CCS(=O)(=O)N(CCC(=S)N)CCOC |$;;;;;;;;;;;;;;$,Sg:n:4:c:ht,Sg:n:4:F:ht,Sg:n:6,7:R:ht|"
1179,1179,"C1COCCC12OCC(CO2)C(=O)O.CC.COP(C)(=O)OC |$;;;;;;;;;;;;;;;V27;;;;;;;$,m:14:0.5.4.3.2.1,m:16:6.7.8.9.10.5,Sg:n:3:R:ht|"
1180,1180,"CC1=CN=C(N=C1C2=C(CCC2=O)OC)C3=CC=C(C=C3)Cl.CC.CC |$;;;;;;;;;;;;;;;;;;;V5;;;;K;;Y1$,m:22:1.6.5.4.3.2,m:24:16.17.18.19.20.15|"
1181,1181,"CC(C)OC(=O)C1(CCC=N1)C.CP(O)O |$;;;;;;;;;;E1;;;;;$,m:12:6.7.8.9.10,Sg:n:0:W:ht|"
1182,1182,"CC(C)C(C(C1=CC=CC=C1)O)OC(C)C(F)(F)F.CC |$;;;;;;;;;;;;;;;;;;;;R$,m:19:5.10.9.8.7.6|"
1183,1183,CCOC(=O)C=C[C@@H]([C@H](C(=O)C)O)O |$;Y;;;;;;;;;;;;$|
1184,1184,"CCC1=CC(=C(C(=C1)OC)O)CCCN.CC=NOC(C)=O |$;;;;;;Z;;;B9;;;;;;;;;;;;$,m:15:2.7.6.5.4.3,Sg:n:2:c:ht,Sg:n:13:R:ht,Sg:n:6:A:ht,Sg:n:12,13:m:ht|"
1185,1185,"CCOC(=O)C1(C[C@@H]2C(=C)C(=O)C=C2C1)C(=O)OCC |$;;;;;;;;;;;;;;W;;;Q1;;$,Sg:n:17:e:ht|"
1186,1186,"CCOC(=O)C(CCN(C)C)C(=O)[O-] |$;;L;;;;;;;;;;;$,Sg:n:2:o:ht,Sg:n:11:o:ht,Sg:n:6,7:J:ht|"
1187,1187,"CCOC1=C(C=CC=C1OC)CC(C)C(=O)O |$;;;;;;;;;;;;;;;;$,Sg:n:5:H:ht|"
1188,1188,CCC(=O)C1=CC(=CC(=C1)C)OC(F)F |$;;;Q8;;;X0;T7;;;;;;;$|
1189,1189,CCC(C)C(COC(C)(C)CC)NC |$;;;;;;;G1;;;;;;$|
1190,1190,"COCC1CCCN1C(=O)C2=CC(=CC=C2)Br.CC.CC |$;;;;;;;;;;;;;;;;V;;Y75;;E$,m:17:3.4.5.6.7,m:19:11.12.13.14.15.10|"
1191,1191,"CC(C)(C)[Si](C1=CC=CC=C1)(C2=CC=CC=C2)OC[C@@H]3CC=CCC(=O)O3.CN(C)C(=O)N(C)S |$;;;;;;;;;;;;;;;;;;;;;D;;;;;;;;;;;;;$,m:27:6.7.8.9.10.5|"
1192,1192,"CC1=CC(=CC(=C1OC)C)C(C(C)C(=O)O)N.COS(C)(C)OC |$;;;;;;;;;;;;Y;;;;;;;;;;;$,m:17:1.6.5.4.3.2|"
1193,1193,"C1COC[C@H](N1)C2=CN=CC=C2.CC=NC(C)=NC |$;;;;;;;;Y9;T8;;;;;;;;;$,m:12:0.5.4.3.2.1|"
1194,1194,"COC(=O)C(C1CC1)SC2CCCC2.CN=C(NOC)SC.CC |$;;;;;;;;;;K2;;;;;;;;;;;;;R$,m:14:6.5.7,m:22:10.9.13.12.11|"
1195,1195,CC1(C(CC2=C1C=CC(=C2)OC)N)C |$;;;;;;;Z5;;;;;;$|
1196,1196,CC(C)C(CN=[N+]=[N-])(C1=CC(=C(C(=C1)OC)OC)OC)O |$;;;;;M;;;;;;;;;;;;;;;Y$|
1197,1197,CC(=C(C1=CC=CC=C1)C(=O)OC)C=O |$;;;;;;G8;;;;T;;;;$|
1198,1198,"COC(=O)C1CC1C(=O)C2=C(C=CS2)Cl.COP(N)(N)=O |$;;;;;;;;;;;;;;;;;;;;$,m:15:4.5.6,Sg:n:2:n:ht|"
1199,1199,"CCOC(=O)NC(C)(C)C1=CC=CS1.C=NN(C)N=C |$;;;;;;;;Y;;;;L7;;;;;;;$,m:14:9.10.11.12.13|"
1200,1200,"COC1(CCC1)CN2CC(=O)OC(=O)C2.CC |$;;;;;;;;;;;;;Z;;;Z$,m:15:8.9.11.12.14.7|"
1201,1201,C1COCC[NH+]1CC(=O)C2=CC=CC=C2 |$;;;;;;M;;;;;;;;$|
1202,1202,"COC1=CC=CC(=C1N)C(=O)CCCN |$;;;;;;;;;A;;;G0;;$,Sg:n:6:l:ht|"
1203,1203,"CC[C@H](C)[C@H](CO)N1[C@@H]([C@@]23CC[C@@H](O2)[C@@H]([C@H]3C1=O)C(=O)O)C(=O)N(CC=C)C4=CC=CC=C4Cl.CC.CN=C(C)ON.CN=C(C)NC(C)=O |$;;;;;;;;;;G4;;B;;;;Y;;;;;;;;;;;;;Y5;D;E;J6;;;R;;;;;;;;;;;;;;$,m:34:7.8.9.15.16,m:36:10.9.13.12.11,m:42:28.29.30.31.32.27,Sg:n:20:I:ht,Sg:n:32:n:ht|"
1204,1204,"CCC1=NC2=C(C=CC(=C2C(=C1CC3=CC=C(C=C3)Cl)OC(F)F)OCC(=O)OC)Cl.CC.CC |$;;;;;;K;;;;;;;;;;;;;T0;;;;;;;;;;;;;K5;;R$,m:31:2.11.10.9.4.3,m:33:5.6.7.8.9.4,Sg:n:21:y:ht|"
1205,1205,"CN(CC=O)C1=CC2=C(C=C1)NC(=O)O2.CC |$;;;D;;;;;X;;;;;;;;R$,m:15:5.10.9.8.7.6|"
1206,1206,"CC1=CC(=C2C(=C1C)C=C(O2)C(=O)O)C.CN=C(NC)N(C)N(C)C |$;;;;;;;;;A2;;;;;;;;;;;;;;;$,m:15:8.5.4.10.9|"
1207,1207,"CC[C@@H](C)[C@@H](CO)NC(=O)C1=CC(=NC2=CC=CC=C21)C3=CC=CO3.CC=NNC(=O)O.CC |$;;;D0;;;;;;E;;;;;;;;;;;;;X;;;;;;;;;;;R5$,m:25:10.19.14.13.12.11,m:32:15.16.17.18.19.14|"
1208,1208,"C1CN2C13CC3C4(C2)CN=C(O4)NC5=CN=CC=C5.CC.CC |$;G5;G;;;;A;;;;;;;J5;;U;;;;;R;;R1$,m:19:0.3.2.1,m:21:14.15.16.17.18.13,Sg:n:6:d:ht|"
1209,1209,CN[C@@H]1CC[C@H](C(C1)N)OC |$;;;;;;;;;;T3$|
1210,1210,"CC(=O)C1(CC(C1)O)C(=O)OC.CC |$G;T1;;;;;;;;;;;;R40$,m:12:3.6.5.4|"
1211,1211,COC(=O)C=CC1=C(C=C(C=C1)O)Cl |$;;;;;;;;;;K8;;;$|
1212,1212,"C[C@@H](CCC1=CC=CO1)NC2=CC=C(C=C2)C(=O)N.COP(=O)(O)N(C)C |$;;;;L;;G;L4;;;;;G;;E6;;;;;;;;;;;;$,m:19:11.12.13.14.15.10,Sg:n:2,3:r:ht|"
1213,1213,"CC1=C([C@]([N+](=C1C2=CC=CC=C2)[O-])(C3=CC=CC=C3)OC)C4=CC=CC=C4.CC.CNC(=N)OC.CC |$;;;;;;;;;;;;;;;;;;;;;;;U;;;;;M5;;;;;;;;U65$,m:27:1.2.3.4.5,m:29:7.8.9.10.11.6,m:35:14.15.16.17.18.13,Sg:n:20:l:ht|"
1214,1214,CC(C)(C)OC(=O)N1C[C@H](C[C@H]1C(=O)OC)NC(=O)OCC=C |$X7;;;;;;J2;;;;;;;;;;;;;;;;$|
1215,1215,CCOC/C=C/CC(=O)O |$E;;;;X8;;;;;$|
1216,1216,"C1CC(C1)OC2=NC=C(C3=CC=CC=C32)CCl.CSC(=N)SC |$;;Z0;;;;;;;T5;;;;;;;G;;;;;;$,m:17:10.11.12.13.14.9|"
1217,1217,"CC1CCC(O1)C(C2=C(C=CS2)Cl)NN.CN=C(C)SN(C)C.CC |$;;;;;;;;;;;;;;;;;;;;;;;;R$,m:15:1.2.3.4.5,m:23:8.7.11.10.9,Sg:n:14:Z:ht|"
1218,1218,"CCC(C)OCCNC1=CC=CC=C1Br.CC |$;;;;;;;;;;;Y4;;;;;R$,m:15:8.13.12.11.10.9,Sg:n:11:w:ht,Sg:n:0:M:ht|"
1219,1219,CCOC1=CC=CC=C1/C=N/N(C)C |$;;;;;;;K4;;K;J;;;B$|
1220,1220,"C1COCCN1C2=CC=CC=C2[N+]#N.CC |$;M3;;D;;;;;;;;;;;;M$,m:14:7.8.9.10.11.6|"
1221,1221,"CCC1=C2N(CC(CO2)O)N=C1.CC.CC(=O)S(C)=O |$L9;;A;;;;;;;;;;;J;;;;;;$,m:12:2.3.4.10.11,m:14:5.6.7.8.3.4|"
1222,1222,"COC1=CC=CC=C1NC(=O)C2=CSC(=C2)I.CC.CC |$;;;;;;;;;X0;;;;;;;;;X;;R6$,m:17:2.7.6.5.4.3,m:19:12.11.15.14.13|"
1223,1223,"CC(OC)S(=O)(=O)C1=CC=C(C=C1)OC |$;;;;;;;U;J;;;;;;M5$,Sg:n:1:a:ht|"
1224,1224,"C1COCC1CNC2=CC(=NC=C2)C#N.CC |$;;;;;;;;A;;;;;;;;K84$,m:15:8.9.10.11.12.7|"
1225,1225,"CN(C)C(=O)N(CCCN)CCOC |$;;;;;L6;;;;;;;X0;$,Sg:n:6:O:ht,Sg:n:6,7,8:d:ht|"
1226,1226,"C1CC2(CCC1N3C=CC=C3)OCCO2.CC |$;;;;;;;;;;;;;;;;R8$,m:15:7.6.10.9.8|"
1227,1227,"CC(C)(CCCC(C)(C=C)OCO)OC |$;;;;;;;;;;L0;;;;$,Sg:n:3,4,5:t:ht|"
1228,1228,"CCCC(CCCl)CNCCOC |$;;;;;;;;;;;;$,Sg:n:1,2:V:ht|"
1229,1229,"C1=C(OC=N1)CCCC=O.CC |$;;E;;;;;;;;;R$,m:10:0.1.2.3.4,Sg:n:5,6,7:E:ht|"
1230,1230,"CC(C)CN1C2=CC=CC=C2N=C1C=CC3=CC=CO3.CN(O)O.COP(C)N(C)C |$;;;;;;;;L;;;;;;W0;;;M5;;;;;;;;;;;;;$,m:20:6.7.8.9.10.5,m:24:16.15.19.18.17|"
1231,1231,"COC1=C(C(=CC=C1)OC)C(C2=CC(=C(C=C2)Cl)F)NN.CC(=O)N(C)S(C)=O |$J;;;;;;;;;;U6;D7;;;;;;;;;;;;;;;;;$,m:21:2.7.6.5.4.3,Sg:n:15:u:ht,Sg:n:14:F:ht|"
1232,1232,C1=CC(=CC=C1OCC(=O)[NH3+])Cl |$;;;;D;;;;;;;$|
1233,1233,"CCCN(CC(=O)OCC)C1=NC=C(C=C1)Br |$;;;;;;;;;;B1;;;V;;;$,Sg:n:1,2:t:ht|"
1234,1234,"COCC(C1=C(C=NC=C1)OC)NN.CC |$;;;;;;;;;;;;;;;R$,m:14:4.9.8.7.6.5|"
1235,1235,COC1=CC2=C(N=C1)OCC(=O)N2C3CCC(CC3)N |$;;;;;;;;;;;E5;;;;G3;;;;$|
1236,1236,"CCC1(CC(CCO1)(C2=CN=CC3=CC=CC=C32)O)C.CC |$;;;;;;;;;;E;;V2;;U;;;;;;;Z62$,m:20:13.14.15.16.17.12|"
1237,1237,"CC1=C(SC=C1OC)OC |$;D;V;;;;Z;;;$,Sg:n:3:P:ht|"
1238,1238,C1COCCC1(CO)NC2=C(C(=CC(=C2)F)F)[N+](=O)[O-] |$;;;;;;;;;;;;A5;;;;;;;$|
1239,1239,"CC1=NOC(=C1C(=O)N[C@H](C)C2=CC=C(C=C2)Br)C3=CC(=CC(=C3)OC)OC.CC.COC(=O)NSC |$;;E;;;;;;;;;;;;;;;;;;;;;;;;;;;Z3;;;;;;;$,m:28:1.2.3.4.5,m:30:19.20.21.22.23.18|"
1240,1240,CC(C)(C)OC(=O)N1CC[C@@H](NCC1)C(F)(F)F |$;;;;;;;;;Q;;;;Q;;;;$|
1241,1241,"CN1CCC(C1)NOCCOC |$;;;;;;;;;;;$,Sg:n:2:n:ht,Sg:n:8,9:c:ht|"
1242,1242,"CC(=C)COC1=C(C=NN1C)CC(=O)O.CC=NC(=NC)N(C)C |$;;;;;;;D;;;;;;L;;;;;;;;;;$,m:15:5.6.7.8.9|"
1243,1243,"C[C@@H]1[C@@H](CO[C@@H](O1)C2=CC=CC=C2)N.CN=CC(C)=N |$;;;;;;;;;;;X5;;;;;;;;$,m:14:1.6.5.4.3.2|"
1244,1244,CC(=O)CC(=O)N1CCCOC1 |$;;;K;;;;;;;;$|
1245,1245,"CN(C1=CC=CS1)C(=O)OC2=CC=CC(=C2)OC |$;;;;;;;;;;;;B;;J;;;$,Sg:n:13:M:ht|"
1246,1246,"C1CC(COC1)C2=CC=CC=C2Br.CC |$;U3;;;;;;;;A0;;Q1;;;R4$,m:13:0.5.4.3.2.1|"
1247,1247,CC(=C)C(=CCC(=C)C(=O)OC)C |$;;;T;;;;;;;;;$|
1248,1248,"CCC1CC(C(=O)O1)CCC[SiH]2CC2.CN=C(SC)N(C)C.CONS(C)(=O)=O |$;;;;;;;;;;;;;;;;;;;;;;;;;;;;$,m:14:2.3.4.5.7,m:22:12.11.13,Sg:n:6:h:ht,Sg:n:8,9:h:ht|"
1249,1249,"CCOCCN(CCS(=O)(=O)O)C1=CC=CC=C1.CC |$;;;;;;M;;;;;;;;;;U2;;;R4$,m:18:12.17.16.15.14.13,Sg:n:14:N:ht|"
1250,1250,"COCC1(C(=O)C23N1CCC2CC3)CO.CN=C(C)N(C)C.CC |$;;;;K5;;;;;;;;;;;;;;;;;;;G$,m:15:3.7.6.4,m:22:8.7.6.10.9|"
1251,1251,"CCC1=CN=C(C=C1OC2CC2)Br.CC(N)C(=O)S |$;;;;B2;;;;;;;;;;;;;;$,m:13:10.9.11|"
1252,1252,C1=C(C(=CN=C1N=[N+]=[N-])OCF)OCF |$;;;;;;;;M0;;;L;;;M$|
1253,1253,CC1COC(OC1)C2=CC(=CC(=C2)F)F |$;E8;;;;;;;;;;;;;$|
1254,1254,"CC1(OCCO1)CCOS(=O)[O-].CN=CN(C)C(C)=NC |$;;;;;Y0;;;;G9;;;;;;;;;;;$,m:12:1.2.3.4.5,Sg:n:11:s:ht,Sg:n:6,7:s:ht|"
1255,1255,"CC1=CC=C(O1)CNC(=O)CCCl |$;;;;;;;;E;;;;$,Sg:n:10,11:x:ht|"
1256,1256,CC1CCCCN1C(C2=CC(=C(C=C2)OC)OC)C(=O)O |$;;;;K;;;;;;;;;;;;;;;;$|
1257,1257,"CCOC(=O)CNCC1=CC=CC=C1I.CC |$;;;D5;;;;;;;;;;;;;R09$,m:15:8.13.12.11.10.9|"
1258,1258,"CCOC(C)C(C(=O)N1CCCC1)N |$;Z;;;A0;;;;;;;;;$,Sg:n:0:D:ht,Sg:n:3:z:ht|"
1259,1259,"C1CC(C(C1)N)CCOCC(F)F.CC=NOC(=O)OC |$;;;;;;;;;;;;;;;;;;;;$,m:13:0.1.2.3.4,Sg:n:6,7:U:ht|"
1260,1260,C/C(=C\C=C/C=C)/NC(=O)OC(C)(C)C |$B9;;;;;;;;;;;;;;$|
1261,1261,"C1CN[C@H]1C(=O)OCC2=CC=CC=C2.COC(=N)N(C)C |$;;;;;M;;;;;;;;;;;;;;;$,m:14:0.3.2.1|"
1262,1262,"CCC1CN(CC2=C(O1)C=CC(=C2)OC)CC3=CC(=CC=C3)O |$;;;;;;;;;;;;;;;;;;;E9;;;$,Sg:n:0:U:ht,Sg:n:18:n:ht|"
1263,1263,"CC[C@@]1(C(C(=C)C(=O)N1CC2=CC=C(C=C2)OC)(C)C)C(=O)OC.CC |$Q;;;;;;;;;;;;;;G2;;Z;;;;;;;;;R0$,m:24:2.3.4.6.8,Sg:n:14:k:ht|"
1264,1264,"CC(C)(C)[Si](C)(C)O[C@H]1[C@@H]([C@@H](CO[C@]12CNC(=O)O2)O)O |$;E7;;B6;;;;;;;;;;;;K4;;;;;$,Sg:n:11:w:ht,Sg:n:12:K:ht|"
1265,1265,CCC1CCCCC1OC(=O)C2=C(C=CC=C2Cl)N |$;;;Y;D;;;;D;;;Q3;;B;;;;;$|
1266,1266,"CC1=NC(CNC1)N2CCOCC2.CC(=O)N(C)O |$;;;;;;;;;;;;;;;;;;$,m:13:8.9.10.11.12.7,Sg:n:9:A:ht|"
1267,1267,"CC(C)N(C)CCNCC(OC)OC |$;;;;;;;;B;;;;;$,Sg:n:8:Q:ht,Sg:n:5,6:n:ht|"
1268,1268,CCC(C)(CC)NCC1OCCO1 |$;;;;;;;;;Y;;;$|
1269,1269,"CC(C)(C)OC(=O)N1CC(C1)NC |$;;;;;;;U1;;;;;$,Sg:n:10:m:ht|"
1270,1270,CCNCC(C)COC(C)C(C)C |$;;;;X;;;;;;;;$|
1271,1271,"CC1=CC=CC=C1CNC2COC2.CC.CC |$;J;;Y;;;G6;;;;;;;;Y;;R$,m:13:1.6.5.4.3.2,m:15:10.11.12.9|"
1272,1272,CNC(=O)C1CCCN(C1)C(=O)C2=C(C(=CC=C2)N)OC |$;B;G9;;T;;;;;;;;Q;;;;;;;Q3;L$|
1273,1273,"CN(C)CCCNCC1=CCCOC1 |$;;;;;;;;;;;;D7;$,Sg:n:9:V:ht,Sg:n:3,4:D:ht|"
1274,1274,"C1CC1C2=C(N=NN2C3=CC4=C(C=C3)OCO4)CO.CC |$;;;;D5;;;;K2;;;;;;;;K;;;;Q$,m:19:0.1.2|"
1275,1275,"COC1CC(C1)N2CCSCC2CC(=O)O.CC(N)=NN(C)C |$M1;;;;J0;;;;;W2;;;;;;;;;;;;;$,m:16:7.8.9.10.11.6|"
1276,1276,"CCOC(=O)C1=C(NC(=C(C1C2=CC=CC=C2OS(=O)(=O)C3=CC=CC=C3)[N+](=O)[O-])C)C.CSC(C)=NO |$L;;;;;;;;;;;;;;;;;;;;;;;;;;;;;;;;;;;;;$,m:32:22.23.24.25.26.21,Sg:n:23:t:ht|"
1277,1277,CC(C)C1C(C(C2=CC=CC=C2O1)C[N+](=O)[O-])C=O |$;;Z5;;;;;A8;B;;;;;;;;;;$|
1278,1278,"CCC(CCNCC1=CC=CO1)CN |$;;;;;;;M;;;;;;$,Sg:n:3,4:k:ht|"
1279,1279,COC(=O)C(=C)CC(C(F)F)(F)F |$T;;;;;;;;L;;L7;;V$|
1280,1280,"CC(C(=O)O)S(=O)CC1CCC2(O1)CCCC2.CSSN |$;;;;;;;;;;;;;;;;A4;;;;$,m:17:13.11.16.15.14,Sg:n:2:d:ht,Sg:n:8:X:ht|"
1281,1281,"CCOC(=O)C1(C(CCC1C)C)CCO.CC=PC |$V9;;;;Z;;;L8;;;;M0;;;;;;;$,m:15:5.6.7.8.9|"
1282,1282,"C1COCC(C(OCCO1)CC2=CC=CC=C2)O.CN=C(SC)N(C)OC |$;T6;L2;;;X;;;;;Y1;;;;;;;;;;;;;;;;$,m:18:12.13.14.15.16.11|"
1283,1283,"CCCN=C1NC(=O)C(N1)(C)COCC.CC |$;;;;;J;;;;;;U7;;;;;R$,m:15:4.5.6.8.9,Sg:n:8:w:ht,Sg:n:1,2:b:ht|"
1284,1284,CC1=C(C=C(C=N1)N)C(=O)OCC(CO)O |$;;;;;;;;T;;;B;;;;$|
1285,1285,"C1COC(CO1)C2=NC=C(N2)CCl.CSNC(N)=O.COP(C)(=S)N(C)C |$;;;;;;;;;;X;;V;;;;;;;;;;;;;;$,m:13:0.5.4.3.2.1,m:19:7.6.10.9.8,Sg:n:0:N:ht|"
1286,1286,"CC(C)C(C)(CN(C)C1CCOCC1)O.CC |$;Z4;;;;;;;;;;;Q;;;;R7$,m:15:8.13.12.11.10.9,Sg:n:9:n:ht|"
1287,1287,"CC(CC1=CC=C(C=C1)OC)NC2CCC(C2)SC.CNOC(C)=O.CN=C(N)N=C(C)C |$;;;X;;;Z4;;;;A6;;;;W5;;;;;;;;;;;;;;;;;;$,m:19:4.5.6.7.8.3,m:25:13.12.16.15.14|"
1288,1288,CC(C)CC1=NC=C(C(=N1)OC)CC=O |$;;;;;;;;;;G;;;;$|
1289,1289,"COCC[N+]1=NOC(=C1)NC(=O)C(F)(F)F |$;;;;;;;;;;;;;;;$,Sg:n:2,3:s:ht|"
1290,1290,"CCCCCC(C(C1CC1)OC)NCCC |$M;;;;;;;;E9;;;;;;;$,Sg:n:12:w:ht,Sg:n:1,2,3:d:ht|"
1291,1291,"CC(C)(C)N([C@@H](CC1CCOCC1)C2CO2)C(=O)O |$X9;;;T3;;;;;;;;;;;;;;L7;Z$,Sg:n:5:X:ht|"
1292,1292,"CCOC(=O)CCN1C(=O)C2CC2C1=O.CN=NC |$;;;;;;;;;;;;;;;;;;$,m:15:11.10.12,Sg:n:5,6:R:ht|"
1293,1293,"CC(C1CCCO1)NC2=NC(=NC3=CC=CC=C32)Cl.CC.COS(=O)(=O)OC |$;;;;;;;X9;;Y1;;L;;;;;J7;;;;Y;;;;;;;$,m:19:9.10.11.12.17.8,m:21:13.14.15.16.17.12|"
1294,1294,"CC(CC(=O)OC)NCC1=CSC=C1 |$;;;;;;;V8;;;;;;$,Sg:n:12:c:ht|"
1295,1295,"CC(COC)NC(=O)C1=CN=CC(=N1)N.CC(=O)NN=[N+]=[N-] |$;;;;;;;;;;;;;;;;;;;;;$,m:15:8.13.12.11.10.9,Sg:n:2:l:ht,Sg:n:4:f:ht|"
1296,1296,CN(CCCBr)C(=O)C1=C(C=NC=C1)OC |$;;;;;;Q3;;;;;;;;;$|
1297,1297,"CC1=NC(=NC(=N1)C2=CC(=CC=C2)OC)CCN.CC.CSSO |$;;D;;;;;;;;;;;;;;;;;R;;;;$,m:18:1.6.5.4.3.2,m:20:8.9.10.11.12.7,Sg:n:15,16:g:ht|"
1298,1298,"C=CCNC(=O)NC1CCCO1.CC |$;;;;;K5;;;;;;M7;;R3$,m:12:7.8.9.10.11,Sg:n:6:d:ht|"
1299,1299,COC1=C(C2=C(C=C1)[C@@H](CCSC2)N)F |$;;G3;;;D;;;;V4;;;;;$|
1300,1300,COC1=CC=CC(=C1)C(=O)NC2CC2N |$;W5;;;;;;;;;V0;;;L5;$|
1301,1301,COC1=CC=CC(=C1)C(=O)C2=NNC(=C2)C(=O)O |$;;;;;Q9;;;;;;T;;;;;;$|
1302,1302,"COCC(=O)CN1CCOCC1CO.CC |$;;;;;;L6;;;;;;;;;R31$,m:14:6.11.10.9.8.7,Sg:n:6:C:ht|"
1303,1303,"C/C(=C\1/C(=O)ONN1C2=CC=C(C=C2)OC)/N=N.COC=S.CC |$G3;;;;;;;;;;;;;;;;;;;;;;;E6$,m:18:2.3.5.6.7,m:22:9.10.11.12.13.8,Sg:n:15:T:ht|"
1304,1304,"C[C@H]1CN(C[C@@H](O1)C)C2=CC=CC=C2NC(=O)N3CCOCC3.CN=CN(C)C(C)=NC |$;;;;;;;;;;;;;;;;;;Y;L7;;;;;;;;;;;;$,m:23:1.6.5.4.3.2,Sg:n:19:E:ht|"
1305,1305,"C1C=CC(=CO1)OC(=O)N=[N+]=[N-].CC |$;;;;;B;;;;;;;;R$,m:12:0.5.4.3.2.1|"
1306,1306,"C[C@]12CC(CO[C@H]1CC(C(O2)CO)O)O.CC |$;;;;;;;;;;;;;;;;T9$,m:15:7.8.9.10.1.6|"
1307,1307,"CC1=CC=C(O1)C2=CC(=CC(=C2)Cl)Cl.COC(=O)OC.CC(N)C=N |$;;;;;;;;Q;;;;;;;;;;;;;;;;$,m:14:1.2.3.4.5,m:20:7.8.9.10.11.6|"
1308,1308,"CNCC1CCCCCC1C2=CC=CO2 |$;;;;;;;;;;;;;;$,Sg:n:6:q:ht|"
1309,1309,"CCCNC1=NC=C(C(=N1)C2=CC=CC=C2OC)[N+](=O)[O-].CNC(C)=NSC.CC |$A8;;;;;B8;;;;;;;;;;;;;;;;;;;;;;;;V$,m:21:4.9.8.7.6.5,m:28:11.12.13.14.15.10,Sg:n:1,2:R:ht|"
1310,1310,"CC(CBr)OC(=O)NC1CCOC1.CC |$;;;;;;U;;;;;;Z;;W00$,m:13:8.9.10.11.12|"
1311,1311,"CCOC(=O)N1C(=N)C=C2N1CC=NN2.CC |$;;;;;;;;E7;;;;;;;;R1$,m:15:5.6.8.9.10|"
1312,1312,"C1CN[C@H]2[C@@H]1CN(C2)C3CCOC4(C3)CCSCC4.CC(C)=NN(C)N |$;;;;K2;;T;;;;;;;X;;;;;E;;;;;;;$,m:19:9.10.11.12.13.8,Sg:n:17:E:ht|"
1313,1313,C1COC=C1C(C2=CSC(=C2)Br)N |$;;;;;;;;Y8;;;;$|
1314,1314,CCOCC#COCC |$;;;;;;;D;$|
1315,1315,"CCCOC1=CC(=C(C=C1)C(C)C)OC.CC(C)=NN(C)C(N)=O |$;;;;;Z9;;;X5;;;;;;;;;;;;;;;$,m:15:4.9.8.7.6.5,Sg:n:0:C:ht,Sg:n:1,2:x:ht|"
1316,1316,"CC1(CCCOC1)NCC2CCCO2.CN=CS(C)(=O)=O.CC |$;;;;;;;;;;;;U4;;;;;;;;;;R62$,m:14:2.3.4.5.6.1,m:21:10.9.13.12.11,Sg:n:1:C:ht,Sg:n:8:U:ht|"
1317,1317,"CN(CC1CCCOC1)C2=NC(=C(S2)C=O)C3CC3.CN=C(OC)N(C)C |$;;;M7;;;;;;;;;;;;;;;;;;;;;;;$,m:19:4.5.6.7.8.3,Sg:n:15:v:ht,Sg:n:2:y:ht|"
1318,1318,"COCCCC(C1=CC=CO1)O.CC |$;;;;Y7;;;;;;;;;R42$,m:12:6.7.8.9.10,Sg:n:1:R:ht|"
1319,1319,"C1CC(C(C1)N)C2=NC3=CC=CC=C3O2.CC.CC |$;;;G4;;;;;;;;L;;;;;J;;R$,m:15:7.6.14.13.8,m:17:9.10.11.12.13.8,Sg:n:7:k:ht|"
1320,1320,"COC1=C(C=C2C(=C1)[C@@H](CCO2)N)N.CNN=N |$;;U;;;;;;W7;;;;;;;;;$,m:14:8.9.10.11.5.6,Sg:n:3:n:ht|"
1321,1321,"C1=CC=C(C=C1)CC(CO)(C=O)OCC2=CC=CC=C2.CC |$;;;;;;;;;;;;;;;;;;;;;E1$,m:20:0.5.4.3.2.1|"
1322,1322,CC(C)COC(=O)C(CN)N |$;;;V;;;;;;;$|
1323,1323,COC(=O)C1=CC2=NC=C[C@H]2C=N1 |$;;;;;;;;;M;;;$|
1324,1324,"CC1=C(C=C(C=C1)C2=CN(N=N2)C)OCOC.CSP(=S)(SC)SC |$;;;;;;;;;;;;;J;;;;;;;;;;;$,m:17:8.7.11.10.9|"
1325,1325,"CC(COC=O)C1=CC(=CC=C1)[N+](=O)[O-].CB(N)O |$K8;;;;;J6;;;;;;;G;;;;;;$,m:15:6.11.10.9.8.7|"
1326,1326,"CC1=CSC(=N1)N2CC[C@H](C2)OC |$;;;;;;;;K;E;;;$,Sg:n:9:r:ht|"
1327,1327,CS/C(=C\C=C)/C(=O)NC1CCOCC1 |$;;B8;;;;;;;;T1;;;M2;$|
1328,1328,COC1=NC=CN=C1C(C(=O)OC)O |$;;;;;;M;;;;;;;$|
1329,1329,"C1C(CO1)SCC2=C(C=C(C=C2)N)Cl.CC |$;;;;;;;;;;;;;;;X$,m:14:7.8.9.10.11.6,Sg:n:0:H:ht|"
1330,1330,"C1CC1COCCNC2=CC=CC=C2N.CC.CC=NN(C)C(=O)NC |$;;;;;;;;;X;;;;;;;R;;;;;;;;;$,m:15:0.1.2,m:17:9.10.11.12.13.8,Sg:n:5:n:ht,Sg:n:3:Y:ht,Sg:n:9:b:ht,Sg:n:5,6:u:ht|"
1331,1331,"CCCC(COC(=O)N)C(C)CC |$;;;;;;;;;;U;;E$,Sg:n:4:T:ht|"
1332,1332,CC(=C)CC\1CCCC/C1=C\OC |$L;;;;;;;;Q8;;;;U6$|
1333,1333,"CC(C)(C)C1=NC2=C(O1)C(=C(C=C2)Cl)S(=O)(=O)[C@@H]3CCOC[C@@H]3OC.CN=C(N)NSC.CC |$;L6;;;;;;;;;M;;;;;;;;Z;;;;;;;;;;;;;;;R7$,m:25:10.11.12.6.7.9,m:32:18.19.20.21.22.17,Sg:n:9:j:ht|"
1334,1334,"CCOC(=O)C1(C2[C@@]1(CCCO2)C#C)C.CC |$M;Q;;;Q6;;;;Q;;;;;;J4;;R$,m:15:5.6.7|"
1335,1335,"C1COCCN1NCP(=O)(O)O.CC |$;;;;;;;;;;;;;R24$,m:12:0.5.4.3.2.1,Sg:n:6:i:ht|"
1336,1336,"CC1=CC(=C(O1)C)C(=O)N(C)CC(C)C.CC |$X1;;;;;;;;L5;;;;;Q7;;;R$,m:15:1.2.3.4.5|"
1337,1337,"CC(C)(C)CC(COC1=CN=CC=C1)N.CC |$;;;;;;;;;;;;A9;;;;A$,m:15:8.13.12.11.10.9|"
1338,1338,"C1C(CO1)NCCOCC(F)(F)F.C=NN(C)N=C |$;;;T1;;;L;;;;;;;;;;;;$,m:13:0.3.2.1,Sg:n:5,6:a:ht|"
1339,1339,"CCOC(=O)C1=C(N=CC(=C1)N)NC2=CC=CC=C2.CC |$;V;;;;;;;;;J7;;;;X6;;;;;;J$,m:19:5.10.9.8.7.6,Sg:n:5:i:ht|"
1340,1340,"CN(C)C1=NC=CC(=N1)CNC2=CC3=C(C=C2)OC4=C(C3)C=CC=C4C5CN(CCO5)C6=CC=CNC6=O.CNC(=O)C=O.CN=C(C)SN |$;B4;;E;;;;;L;;;;;;;;;;;Q2;;;;;;;;;;;;;;;;;;;;;;;;;;;;;;$,m:38:3.8.7.6.5.4,m:44:32.33.34.35.36.31|"
1341,1341,"CN1C(=CC=N1)CCNCC(=O)NC2=CC=C(C=C2)OC.CC.CC |$;;;;;;;;;;;Y3;;;D;;;;;U;;;Q3;;R$,m:21:1.2.3.4.5,m:23:14.15.16.17.18.13,Sg:n:16:j:ht,Sg:n:6,7:q:ht|"
1342,1342,C[C@@H](C1=C(C=C(C=C1)Cl)Cl)NC(=O)[C@H](C)OC(=O)C2=CC=CC3=CC=CC=C32 |$;;;;V;;;;;;;;;;;;;;G;;;;;;L;;;$|
1343,1343,"CCCCS(=O)(=O)NC1=CC=C(C=C1)OCC2=NC3=CC=CC=C3C=C2.CN(C)ON.CC.CN=C(NC)NNC |$;;;;;;B;;J3;B;;;;U;;;;;;;;;;;;;;;;;;;R17;;;;;;;;$,m:26:8.13.12.11.10.9,m:31:17.18.23.24.25.16,m:33:19.20.21.22.23.18,Sg:n:14:t:ht,Sg:n:1,2,3:Q:ht|"
1344,1344,"C1CN(CCC1CC(=O)O)C(=O)C2=CC=C(C=C2)OC3CCOCC3.CC.CN=NC(=S)N(C)C.CC |$;;B8;;E;;;;;;;;;;;;;;;;;;;;A;;G;;;;;;;;;;R94$,m:25:0.5.4.3.2.1,m:27:13.14.15.16.17.12,m:35:20.21.22.23.24.19,Sg:n:14:Y:ht,Sg:n:10:F:ht|"
1345,1345,"CC[C@@H]1C(=C=C=C[C@H]([C@@H](C[C@]2([C@@H]([C@@H](O2)[C@@H]([C@H](C(=O)O1)C)OCC3=CC=CC=C3)O)C)C)OCC4=CC=CC=C4)C.CC.CN(C)C(=O)NN.CC |$;;;;;;;;;;;W8;;;;;;B1;;K;;;;;;;;;;;;;;;;;;;;;;R73;;;;;;;;;R79$,m:40:11.12.13.10,m:42:23.24.25.26.27.22,m:49:34.35.36.37.38.33,Sg:n:10:H:ht,Sg:n:27:I:ht|"
1346,1346,"CC(C1=CC=CC(=C1)C2CC(NC2)C(=O)OC)N3CCCC3.CC |$;;;;;;;;Q9;;;;;;X;;;;;;;;;R$,m:22:3.4.5.6.7.2|"
1347,1347,"CC(C)OC1=C(C=C(C=C1)C2=NCC(S2)C3=CC=CC4=C3CCC4NCC(=O)N(C)C)C#N.CNN=C(C)N(C)C.CC(N)C(N)=S.CC(=NS(C)(=O)=O)N(C)C |$;;;A9;;;;;;;;;;;;;;;D5;;;;;;;;;;;;;;;;;;;;;;;;;;;;;;;;;;;;;;$,m:33:4.9.8.7.6.5,m:41:16.17.18.19.20.15,m:47:21.20.19.23.22,Sg:n:2:z:ht|"
1348,1348,"COC1=C(C(=CC(=C1)C=C(C#N)C(=O)O)Br)OCCN2CCCC2.CC.CC |$;W;;;;;;;;;;;;;Z2;;;;;;;;;;;R0;;R$,m:24:2.7.6.5.4.3,m:26:20.19.23.22.21,Sg:n:20:F:ht,Sg:n:17,18:a:ht|"
1349,1349,CCC(C1=CC=C(C=C1)OC)NCC2(CCOCC2)CO |$;;;;;;;;;;;;;;L;;;;;;$|
1350,1350,"COC1=C2C(=C(C=C1)C3=NC(=C(O3)CN)C(=O)N[C@H](CCO)C4=CC=CC=C4)C=CC(=N2)C(F)(F)F.CC.CC |$;;;;;;;;;;;;;;;J;;;;;;;;;;;E3;;;;A6;;;;;;;V15;;X$,m:36:2.7.6.5.4.3,m:38:9.8.12.11.10|"
1351,1351,"CC(C)C(CC[C@@H](CNC(CCC1=CC=CC=C1)CCC2=CC=CC=C2)NC(=O)OC(C)(C)C)NC(=O)OC(C)(C)C |$;;;;E9;;;;;;;;;;;;;;;;;;;;;;;;W8;;;;D;;;;;;;M;;$,Sg:n:18:R:ht,Sg:n:15:W:ht,Sg:n:5:L:ht,Sg:n:18,19:Q:ht|"
1352,1352,"CN1CCCN(CC1)CCCOC2=CC=C(C=C2)CN |$;;;;;;D;E7;;;;;;;;;U0;;;A$,Sg:n:14:A:ht,Sg:n:19:T:ht,Sg:n:18:F:ht|"
1353,1353,"CCCCCCCCCOC1=CC=CN(C1=O)C(C)CN |$;G;;;;B6;;;Q;;;;;;;;;;;;$,Sg:n:2:p:ht|"
1354,1354,"C1COCCN1C(=O)COC2=CC=CC=C2/C=N\NC(=O)C(=O)NCCC3=CC=CC=C3.CC |$;;;G;;;;;;;;;;;;;;;X;W;;;;;;T;;;;;;K9;;R$,m:32:27.28.29.30.31.26,Sg:n:29:I:ht,Sg:n:2:W:ht,Sg:n:8:a:ht,Sg:n:24,25:H:ht|"
1355,1355,"CCN(CC)S(=O)(=O)C1=C(C=CC(=C1)NC(=O)COC(=O)C2=C(C=CC(=C2)[N+](=O)[O-])NCCO)C.CC |$;;;G2;;;;;Q;;;;;;;;;;D;;;;;;;;;;;;;;;A;;;R34$,m:35:8.13.12.11.10.9,Sg:n:31,32:s:ht|"
1356,1356,"C[C@@H]1C(=O)N(C2=C(O1)C=CC(=C2)C)CC(=O)NCC3=CC=CC=C3Cl.CC |$;;;;;;;X9;;;;;;;;;;;;E;;M;;;;;A$,m:25:19.20.21.22.23.18,Sg:n:0:g:ht|"
1357,1357,"COC1=C(C=CC(=C1)CC(=O)NC2=CC=C(C=C2)N3C4=C(CCC4)C5=C3C(=NC=N5)N)F.CC.CC |$;;;;;;;;;;;;M;;;;D7;;U4;;;;;;;;;;;;;;;Q;;Z07$,m:32:2.7.6.5.4.3,m:34:26.27.28.29.24.25|"
1358,1358,"CCCC1=CC(=O)OC2=C1C=CC(=C2C)O[C@H](C)C(=O)NCC(=O)N3CC[C@@]4(CCCC[C@@H]4C3)O.CN=NS(C)(=O)=O.CC |$M;;;;;;;;;;;E;;;;;;;;;;;;;;;;;;;;;;;;;;;;;;;;E$,m:35:3.9.8.7.5.4,m:42:10.11.12.13.8.9,Sg:n:1,2:E:ht|"
1359,1359,"C1CN(CCC1CN2C(=O)C3=CC=CC4=C3C(=CC=C4)C2=O)CC(COC5=CC=CC=C5)O.CC.CC |$;;;;;X;;;T;;;Z;;;;;;;;;;;Y1;;;G0;;;;;;;Z;;G;;X$,m:33:17.18.19.14.15.16,m:35:27.28.29.30.31.26,Sg:n:27:T:ht|"
1360,1360,"CC(C)CC1C(=O)C(C(=O)O1)C(=O)CC2C3=CC=CC=C3SC4=CC=CC=C24.CC.CC |$;;X5;;;;;;;;;Q6;;;;T;;;;;;;;;;;;;;R;;Z$,m:28:4.5.7.8.10,m:30:16.17.18.19.20.15,Sg:n:23:w:ht|"
1361,1361,"CC1=NC(CO1)(CO)COC2=CC=C(C=C2)C3=CC(=CC(=C3)CCP(=O)(OC)OC)CCP(=O)(OC)OC.CN=C(C)NN=C(C)C |$;;;;;;M9;;;;;;;;;;E;Y;;;;;;;;;;;;;;;;;;;;;;;;;;;;;$,m:38:1.2.3.4.5,Sg:n:34:G:ht,Sg:n:22,23:h:ht|"
1362,1362,"CC(C)(C)OC(=O)N1CCCN(CCN(CCCN(CC1)CC2=CC=CC=C2)CC3=CC=CC=C3)C(=O)OC(C)(C)C.CC.CC |$;;;;;;;;;;;;;;;;;;;;;;;;;;;;;;;;;;;;;;;;;;;R0;;R$,m:42:7.20.19.18.17.16.15.14.13.12.11.10.9.8,m:44:23.24.25.26.27.22,Sg:n:11:A:ht,Sg:n:32:S:ht,Sg:n:0:V:ht|"
1363,1363,"CCOC(=O)C1=CC=C(C=C1)COC2=C(C=C(C=C2I)/C=C\3/C(=O)N4[C@@H](C(=C(N=C4S3)C)C(=O)OCC)C5=CC=C(C=C5)C)I.CC.CN(C)SO |$;;;;;;;;;;K9;;;;;;;T4;M2;;T;;;;;;;;;;;;;;;;;;J1;;;;;;U1;;R0;;;;;$,m:45:14.15.16.17.18.13,m:47:22.21.30.29.24|"
1364,1364,"C1=CC=C(C=C1)COCC2=CC=CC=C2CNS(=O)(=O)C3=CN=C(C=C3)Cl.CN(C)O.CC |$;M;;;;;;;;;;;;;;;;;;;;;;;;;;;;;;;R14$,m:27:0.5.4.3.2.1,m:31:21.22.23.24.25.20,Sg:n:2:K:ht,Sg:n:9:C:ht|"
1365,1365,"CCOCCCNC(=NC)NCCCC(C)(C)C |$;;;L3;X;W;;Y5;;;V;;;V;;;;$,Sg:n:16:Z:ht,Sg:n:5:A:ht,Sg:n:17:M:ht,Sg:n:11,12,13:K:ht|"
1366,1366,"CSC1=CC=C(C=C1)OCC(=O)N2CCN(CC2)C(=O)C3=CC=CS3.CN=C(SC)SN(C)C.CSP(C)(=O)SC.CB(N)O |$;;;;J;;B0;;;;;;;;;;;;;;;;;;;;;;;;;;;;;;;;;;;;;;$,m:25:2.7.6.5.4.3,m:34:13.14.15.16.17.12,m:41:21.20.24.23.22,Sg:n:6:r:ht|"
1367,1367,"CC1=NC(=CS1)C2=NN=C(O2)NC(=O)C3=CC(=CC=C3)S(=O)(=O)C(C)C.CNOC(C)=N.CNC=NO |$;;;;M1;;;V1;;;K;;U;J9;;;;;;;;;;;;;;;;;;;;;;;$,m:26:1.2.3.4.5,m:32:7.6.10.9.8|"
1368,1368,"C1=CC=C2C(=C1)C(=NO2)CN3C(=O)C=CN(C3=O)C4[C@H](C([C@H](O4)COP(=O)(O)O)O)O.CNC(C)=S.CC.CC |$D;;;G;J8;;;;;Y3;;;;;;;;;;;;;;;;;;;;;;;;;;;;Q6;;R69$,m:31:7.6.4.3.8,m:36:11.13.14.15.16.10,m:38:19.18.22.21.20|"
1369,1369,"C1CC2(CCC1OC(F)F)CC3=C(C2=O)C=C(C=C3)Br.CC(C)(O)S.CON(C)SC |$;;;G;;;;V4;;K8;;W;;K5;;;;;;M1;;;;;;;;;;;$,m:20:0.5.4.3.2.1,m:25:10.2.13.12.11,Sg:n:6:U:ht|"
1370,1370,"CCCCCCCOCCCC(=O)NN |$;;;;;;;;;T8;;;;;$,Sg:n:1:Z:ht,Sg:n:3,4,5,6:v:ht|"
1371,1371,"CC1=CC(=C(O1)C)CNC(=O)NCC2=CC3=C(C=C2)C=C(C=C3)OC.CN=NC=N |$;;;;;;;;;;;;;G4;;;;;;;L9;;;;;;;;;$,m:25:1.2.3.4.5|"
1372,1372,"CC(C)(C1=CC=C(C=C1)OC)C2=CC=C(C=C2)OC3=CC=C(C=C3)CC4=CC=C(C=C4)OC.COP(C)O.CN=C(C)O.COC(=S)OC |$;M;;;;;;;;;;;;;;;;;;G;;V;;;;;;;;E7;;L0;M;;;;;;;;;;;;;;;;$,m:33:4.5.6.7.8.3,m:38:12.13.14.15.16.11,m:43:26.27.28.29.30.25|"
1373,1373,"CCCCCC(=O)OC(C)CON=[N+]=[N-] |$;;;;K1;;;;;A2;;;;;$,Sg:n:1,2,3:E:ht|"
1374,1374,"CN(CCOC1=C(C=C(C=C1)C2=CC=CC=C2)C(=O)C3=CC(=CC=C3)Cl)CC(=O)O.CC.CC(=S)N(C)C |$;W3;;;;;;;;;;;;;;;;;;;;;;;;;;;;;;R;;;;;;$,m:30:5.10.9.8.7.6,m:32:12.13.14.15.16.11|"
1375,1375,"CCCCCCCCOC1=CC(=C(C=C1)C(=O)[O-])C2=CC=C(C=C2)OCCCCC |$;;;;;;A;;;;;;;;L;;;;;Y;;;;;;V7;;;;$,Sg:n:12:p:ht,Sg:n:4,5,6,7:y:ht|"
1376,1376,"C1COCCN1CC2=CC=C(C=C2)NC3=NC(=CN4C3=NC=C4)Br.CC |$;;W;Z;;;;D;;;;;;;;;;;;;;J;;;;R$,m:24:8.9.10.11.12.7,Sg:n:11:V:ht,Sg:n:19:X:ht|"
1377,1377,"CCOC(=O)N1CCC(CC1)NC(=NCC2=C(C=C(C=C2)C)SC)NCC(=O)N(C)C |$;;;;;;;;;;;;;;;;;;;;;;;;;;;;;;G$,Sg:n:12:s:ht,Sg:n:30:X:ht|"
1378,1378,"CCCOC1=C(C=CC=N1)CN=C(NCC)NCC2=CC=C(S2)C.CC.CC |$;;;;;;;;;;;;;;;;;;;;;;;;;Z8;;R98$,m:24:4.9.8.7.6.5,m:26:19.18.22.21.20,Sg:n:6:u:ht,Sg:n:1,2:y:ht|"
1379,1379,"C=CC(=O)N1[C@H]2CCC1CC(C2)OC3=C(C=C4C(=C3)C(=NC=N4)NC5=C(C(=C(C=C5)Cl)Cl)F)OCCCO |$;;;;;Y;G1;;;;;;;;;;;Z;;;;;;;;;;;;;U;;;;;K5;;$,Sg:n:34,35:v:ht|"
1380,1380,"CC1=CC=C(C=C1)C(=O)C2=CC=CC=C2C(=O)O/N=C(/C3=C(C=CC(=C3)Cl)OC)\N.CC |$;;U9;;;;;;W;;;J;;;;;;;;;B7;;G9;;;;;;;E;;T$,m:30:10.11.12.13.14.9,Sg:n:20:F:ht|"
1381,1381,"CC(C1CNC1)C(=O)NCC2=CC3=C(C=C2)C=C(C=C3)OC.CONC(=O)O |$;;;;;;;;;;;;;;;;Z9;;;;;;;;;;;$,m:22:3.4.5.2,Sg:n:9:x:ht|"
1382,1382,"CC(C)OC1=C2C(=C(C=C1)C3=NC(=C(O3)CN)C(=O)N(CCO)CC4=CC=CC=C4)C=CC(=N2)C(F)(F)F.CP(C)O.CC.CNC(=S)NN.CC |$;;;;;;;;;;;;;;;;;;;E2;;;;;;;;;;;;;;D2;;E2;;;;;;;;Y5;;;;;;;;R3$,m:38:4.9.8.7.6.5,m:42:11.10.14.13.12,m:44:25.26.27.28.29.24,m:50:30.31.32.33.5.6,Sg:n:28:s:ht|"
1383,1383,"CCOC1=CC=C(C=C1)C2CC(=O)N3CN(CSC3=C2C#N)CC4=CC=C(C=C4)OC.CC.COC(=O)C(C)=N |$;;;;;;;;;;;;;;;;;;;X3;;;T0;;;;Q5;;;;;;J7;;;;;;;$,m:31:14.15.16.17.18.13,m:33:24.25.26.27.28.23,Sg:n:19:X:ht|"
1384,1384,"C[C@@H](C(=O)NC1=C(C=CC(=C1)C2=CN3C=CC=NC3=N2)OC)N4C(=O)C5=CC=CC=C5C4=O.CC.CC.CNP(C)(=O)O |$;;;;;;T;;;;;;U1;;;L0;;;;G;;;;E;;Y;;;;;;;;;R7;;T00;;;;;;$,m:33:6.7.8.9.10.5,m:35:14.15.16.17.18.13,m:37:26.27.28.29.30.25|"
1385,1385,"CC(C)CNCC(COC1=CC=C(C=C1)SC)O |$;;Q;;V;;;;;;;;;;;;;$,Sg:n:9:G:ht|"
1386,1386,"CCCN(CC1=C(ON=C1C2=CC=CC=C2)N3CCCC3)CC(COCC4=CC=CC=C4)O.CC.CC |$;;L9;;;;;;;;;;J9;;;;;;;;Y;;V3;;;;;Y5;;;;;;;R;;K$,m:33:7.6.5.9.8,m:35:27.28.29.30.31.26,Sg:n:19:O:ht,Sg:n:20:G:ht,Sg:n:1,2:t:ht|"
1387,1387,"C1=CC(=CC=C1C2=CC=C(O2)CNC(=S)NC(=O)C3=CC=C(O3)C4=C(C=CC(=C4)Cl)Cl)Br.CN(C)C(=O)N(C)S.CN(N)C(N)=S |$;;;;;D1;;;E;;;;;;;;;;;A;;;;;;;;D;;;U;;;;;;;;;;;;;;;$,m:32:0.5.4.3.2.1,m:40:24.25.26.27.28.23|"
1388,1388,C#CCCCOC1=CN=C(C=C1)CCN |$;;;M;;;;;;;;;;;$|
1389,1389,C[C@@H](C1=CC=CC=C1)N(C)C(=O)COC(=O)C2=CC3=C(C=C2)N(CC3)S(=O)(=O)C |$;;;;;;;;;;;;;U8;;;;;J;;;;;;;;;;$|
1390,1390,"C1CC2=CC=CC=C2N(C1)S(=O)(=O)C3=CC=C(C=C3)C(=O)OCC4=NC5=CC=CC=C5N4C(F)F.CN(C)S(N)(=O)=O.CC.CC.CNSNC |$;;;;E;;;;G3;Q;;;;;;;L3;;;;;;;;Y7;;;;;Z;;;;;;;;;;;;;;U9;;M;;;;;$,m:35:0.9.8.7.2.1,m:42:3.4.5.6.7.2,m:44:24.23.31.30.25,m:46:26.27.28.29.30.25|"
1391,1391,"CC1=CC(=C(C=C1)C2=[N+](C(=CC3=CC4=C(N3C)C5=C(CC4)C=C(C=C5)OC)C6=C2C=C(C=C6)Br)C)C.CC.CSC(C)=NN(C)C.CC(=S)NO |$;;;;;;;;;;;;;;;;;;K;;;;;;;;;;;L;;;;;;;;R;;;;;;;;;;;;;$,m:36:1.6.5.4.3.2,m:38:8.7.28.27.9,m:46:21.22.23.24.17.18|"
1392,1392,"CC(C)[C@@H]1COC2=CC(=C(C=C2C3=CC(=O)C(=CN13)OC(=O)NC)Cl)OCCCOC.CC.CSC(=O)N(C)N(C)C |$;;;;;;;;;;;;;;;;;;;;;;;;;;;;;;;;R;;;;;;;;;$,m:31:7.8.9.10.11.6,m:33:13.14.16.17.18.12,Sg:n:29:p:ht,Sg:n:22:R:ht,Sg:n:26,27,28:t:ht|"
1393,1393,"COCCNC(=O)N1CCN(CC(C1)C(=O)O)C2=NC=CN=C2.CS(C)(C)N |$Y2;;;;B;;;;B;;;;;;;;E;;;K;;;;;;;;$,m:23:7.8.9.10.11.12.13,Sg:n:2,3:k:ht|"
1394,1394,"CC(C1C=CC(C(O1)OC2C(CC(C(C2OC3C(C(C(O3)CO)OC4C(C(C(C(O4)CN)O)O)N)O)O)N)N)N)N.CN=C(NC)NSC.CC.CC.COC(=S)S |$;Y9;;;;;;;;;;W;;;;;;Q;;;;;;;;;;;;T8;;;;;;;;;;;;;;;;;;;;;Z;;R55;;;;;$,m:41:2.7.6.5.4.3,m:49:10.11.12.13.14.9,m:51:17.16.20.19.18,m:53:25.26.27.28.29.24,Sg:n:5:V:ht,Sg:n:15:e:ht|"
1395,1395,"CC1=C(C=C(C=C1)[N+](=O)[O-])C2=CC=C(O2)/C=C/3\C(=O)N(C(=S)S3)C4=CC=CC5=CC=CC=C54.CC |$;;;;;;;;;;;;;G;;Y1;;;;;;A9;;;G8;;;;;E;;;;;K$,m:33:28.29.30.31.32.27|"
1396,1396,"COC1=C(C=C2C(=C1)CCC3=C2N(N=C3C=O)C4=CC(=CC(=C4)F)F)C5=CN(N=C5)CC(=O)N.CC.CC.CC |$;;;;;;;;;T2;;;;;;;;W;;;L;;;;;Y;;;;;;;;;;T9;;Z;;G20$,m:34:2.7.6.5.4.3,m:36:18.19.20.21.22.17,m:38:26.25.29.28.27|"
1397,1397,"CC1=C(C=CC(=C1)Br)C(=O)OC2CCN(CC2)CC3=CC=CC=C3.CC(=N)N(C)N.CC |$;;;;;;;;;;;;;;;;;;;;E;;V;;;;;;;;;M$,m:24:1.6.5.4.3.2,m:30:12.13.14.15.16.11,Sg:n:1:F:ht|"
1398,1398,"CCCCOC1=CC=C(C=C1)CCN(C[P+](=O)O)C[P+](=O)OCN=O |$;E;;;;;;;;;;;;T6;;;;;L;;;;;;$,Sg:n:13:B:ht,Sg:n:11,12:s:ht|"
1399,1399,"CC(C)N(CC1=CC=CC=C1OC2=CC=CC=C2)CC(=O)O.COC(N)=O.CC |$;;;;;;;;;;Z2;;;;;;;;;;;;;;;;;;U$,m:22:5.10.9.8.7.6,m:27:13.14.15.16.17.12|"
1400,1400,"CC1=C(N=C(O1)C2=CC=CC=C2)C(=O)NCCN3C(=O)/C(=C/C4=CC=CC=C4)/SC3=O.CC.COP(=O)(O)OC.CC |$;;;;;;;Z;;;;;;L7;;;;B3;;;;;;;;;;;;;;;U2;;;;;;;;;Y$,m:31:1.2.3.4.5,m:33:18.17.29.28.20,m:40:23.24.25.26.27.22,Sg:n:15,16:J:ht|"
1401,1401,"CC(C)CCOCCNC1=NN=C(S1)Br.CC |$;;;;;;;;B3;;;;;;;;X$,m:15:9.10.11.12.13,Sg:n:3,4:R:ht|"
1402,1402,"CCOC1=CC(=CC(=C1O)[N+](=O)[O-])C=NN2C(=NC3=CC=CC=C3C2=O)C4=CC5=CC=CC=C5O4.CNP(C)(=O)N(C)C.CC |$T;;;;;;;;;;;;J0;;;;;;;;;;;;;;;;;;;;;;K;;;;;;;;;;T$,m:35:19.20.21.22.23.18,m:43:27.26.34.33.28|"
1403,1403,"CC1=CC(=C(C=C1)NC(=O)NC2=NC=C(S2)C(C)SC3=NC=CN3)C(=O)C4=CC=CC=C4OC.CC(N(C)C)N(C)C.CC(=O)C(=O)S.CC.CSC(C)(SC)SC |$;;;L0;;;;;;G5;E9;;;;;Q7;;;;;X;K;;;;;;;;;;;;;;;;;;;;;;;;;;;;R4;;;;;;;;$,m:34:1.6.5.4.3.2,m:42:12.11.15.14.13,m:48:20.19.23.22.21,m:50:27.28.29.30.31.26|"
1404,1404,"CCOC(=O)CC1=C(C(=C(C=C1C2=CC=C(C=C2)Cl)SC)C(=O)OC)C.CC.CC |$;;;;W;;;;M;;;;;;;;;;;;;;;;;;;R;;E$,m:26:6.11.10.9.8.7,m:28:13.14.15.16.17.12|"
1405,1405,"CC(C)C1=CC(=CC=C1)OCCCCC(C)(C)CN.CN=NC(N)=S |$;;;;;;;;;L;;;;;;;;;;;;;;;$,m:19:3.8.7.6.5.4,Sg:n:16:D:ht,Sg:n:17:j:ht|"
1406,1406,"CCOC1=CC=C(C=C1)NC(=O)CCCNC(=O)C2=NC(=NC=C2Cl)SCC3=CC=CC=C3Cl.COP.CC |$;;;;;;;;W;;;;;;;;;;;;;;;;;;;;;;;;;L;;;;;K$,m:34:3.8.7.6.5.4,m:37:19.20.21.22.23.18,Sg:n:12,13,14:v:ht|"
1407,1407,"COC1=CC=C(C=C1)C#CC(=[W])OC.CC(O)C=S |$;;J;;;;;;A;;;;D;;;;;;$,m:14:2.7.6.5.4.3,Sg:n:4:V:ht|"
1408,1408,"CCOC(=O)NC1=CC(=NN(C1=O)C/C=C/C2=C(C=C(C=C2)F)F)C3=CC=C(C=C3)OC.CC=NOC(=O)NC |$;;;;;;;;;;;;;;;;Q;;;;;;;;;;;;;;;;;;;;;;;$,m:32:17.18.19.20.21.16|"
1409,1409,"CCCOC(=O)C1=C(NC2=C(C1C3=COC4=C(C3=O)C=C(C=C4)C)C(=O)C(C(C2)C)C(=O)OC)C.CC.CN=C(N)NNC.CC.CC |$;;G4;;;;;;;;;M;;;;;;;;;;E;;;;;;;;;;;K;;;;K80;;;;;;;;;R;;A$,m:35:6.11.10.9.8.7,m:37:13.14.15.16.17.12,m:44:19.20.21.22.15.16,m:46:24.26.27.28.9.10,Sg:n:4:z:ht|"
1410,1410,"CN1CCC[C@H]1CC(=O)N2CCC(CC2)OCCOC3=C(C=C(C=N3)C4=C5C=CN(C5=NC(=N4)C#N)C)C(F)(F)F.CC.CN=C(N)N(C)N=C(C)C.CC |$;;;;;;A;;;;;;;;;;;;;;;;;;;;;;;;;W;;;;;;;;;;;L2;;;;;;;;;;;;R$,m:41:10.11.12.13.14.9,m:43:20.21.22.23.24.19,m:53:27.26.30.29.28,Sg:n:4:M:ht,Sg:n:16,17:I:ht|"
1411,1411,"C[C@]1(C[C@@H]2[C@H](OC[C@@]2(N=C1N)C3=C(C=CC(=C3)NC(=O)C4=CN=C(C=N4)OCF)F)CF)C#N.CN=NN(C)C.CC |$;;D;;;;;;;;;;;;W1;;;B;;;;;;;;Y;;;;;B;;;;;;;;;;;Z$,m:34:1.9.8.7.3.2,m:40:21.22.23.24.25.20,Sg:n:0:Y:ht|"
1412,1412,"CC(C)(C)[Si](C)(C)O[C@H](C=C)[C@@H]1[C@H]([C@@H](OC1=O)/C=N\O)C=C.CON(C)C |$;E;;;;A9;;;;;;;;;;;;;;;;;;;;;$,m:22:11.12.13.14.15,Sg:n:21:X:ht|"
1413,1413,"COC1=CC(=CC=C1)OCCCOC2=CC=C(C=C2)/C=C/C3=C4C(=CC=C3)N(CC(O4)C(=O)O)CCCC(=O)O.CC.CNC=NO.CC |$;;;Q;;M;;;;;;;;;;;;L;;;;;;;;G;T;;;;;;;;;;;;;;;R;;;;;;;E$,m:40:2.7.6.5.4.3,m:42:24.25.26.21.22.23,m:47:27.28.29.30.22.23|"
1414,1414,"C[C@@H](C(=O)NC1=C(C=C(C=C1)[N+](=O)[O-])Br)OC2=CC=CC=C2.CC |$;T;X;;E;;;;;;;;;;;;;;;;;;;Q$,m:22:6.7.8.9.10.5,Sg:n:14:n:ht|"
1415,1415,"COC1=C(C=C(C=C1Cl)C2=NC3=C(O2)C=CC=N3)NC(=O)C4=CC=C(O4)C5=CC(=C(C=C5)Cl)Cl.CC.CC.CC(=O)C(C)=O.CN=NC(N)=O |$;;;;;;;;;;;;;;;;;;;;;;;;;;;;;;;;;;;Z86;;R6;;;;;;;;;;;;$,m:34:2.7.6.5.4.3,m:36:10.9.13.12.11,m:38:14.15.16.17.11.12,m:44:27.28.29.30.31.26|"
1416,1416,"C1=CC(=CC=C1OC2=C(C=C(C(=C2)C#N)C#N)OC3=CC=C(C=C3)Cl)Cl.CC.CC |$;;;;;;G2;;;;;;;;;;;L;;;;;;;;;;R;;R$,m:26:9.10.11.12.7.8,m:28:19.20.21.22.23.18|"
1417,1417,"CCN(CC)C(=O)N1CCC(CC1)C(=O)NCCCOC2=CC=CC3=C2N=CC=C3.CNS(C)(=O)=S |$;;;J;;;;;;;;;;;;;;;;;;;;;;;;;;;;;;;;$,m:30:21.22.23.24.25.20|"
1418,1418,"COC(=O)N1CCCC(C1)NC(=O)N2CCC(CC2)C3=CC=CC=C3.CC |$;G;;;;;;;;;;;;B;;;;;;;U4;;M2;;;;R6$,m:25:14.15.16.17.18.13,Sg:n:0:H:ht|"
1419,1419,"CC1=C(C=CC(=C1)SCCCNCCCS(=O)(=O)C2=C(C3=C(S2)C=CC(=C3)Cl)C)OCC(=O)O.CC |$;;U2;;;Z;;;Y5;;;;L2;;;;;;;;;;;;;;;;;;;;;;;R$,m:34:19.18.22.21.20,Sg:n:20:t:ht|"
1420,1420,"CC1=NN=NN1CCCN2CCCC3(CC2)CN(C(=O)O3)C.COC(C)(C)S |$;;;;;;;;;;;;;;;;;;;;;;;;;;;$,m:22:1.2.3.4.5,Sg:n:6:m:ht,Sg:n:6,7,8:B:ht|"
1421,1421,"C1CCC2=C(C1)C(=NC(=O)N2CC3=CC=CS3)SCC(=O)NC4=CC=C(C=C4)OC(F)(F)F.COP(O)O.CC.CSN(C)N(C)C.CC |$;;;;;;;;;;;;M7;K;;Z;;;;E8;;;;;;;;;;;;;;;;;;;;J;;;;;;;;;R92$,m:33:0.5.4.3.2.1,m:38:7.8.10.3.4.6,m:40:13.12.16.15.14,m:47:23.24.25.26.27.22,Sg:n:5:h:ht,Sg:n:32:l:ht|"
1422,1422,"CC(C)(C)OC(=O)NCC1=C(C=C(C=C1)CC2=NC=CC(=C2)C(=O)NCC3=CC4=C(C=C3F)NC=C4Cl)OC.CC.CC(=NS(C)(=O)=O)N(C)C |$;;;G;;U;;;M1;;;;;;;;T;;;;;;;;B;;;K;;;;;;J8;;;;;;;G64;;;;;;;;;;$,m:39:9.14.13.12.11.10,m:41:27.28.29.30.31.26|"
1423,1423,CCC1=CC=C(S1)CNCC2CCOC2 |$;;;;;J0;;;;;;;;;$|
1424,1424,"CC(C)C[C@@H](CNC(=O)C1=CC=C(C=C1)COC)O.CC |$L;;W;;;;;M7;D;;;;;;B;G;;;;;V$,m:19:9.14.13.12.11.10|"
1425,1425,"CC1=C(C2=C(C=C1)C3=C(O2)N=C(C=C3)CC(C)C)C4=[N+](C5=CC=CC=C5N4C6=C(C=CC=C6C(C)C)C(C)C)C.CC.CNC(C)O.CN=C(NOC)SC |$;;;;;;B4;X4;;;;;;;;;;;;;;;L;;;;;;;;;;;;;;;;;;;R;;;;;;;;;;;;;$,m:40:9.8.7.4.3,m:42:19.18.26.25.20,m:47:28.29.30.31.32.27|"
1426,1426,"COC1=C2C(=CC(=C1)C3=CC=C(C=C3)C(=O)N4CCNCC4)C=C(O2)CNC(=O)/C=C/C5=CN=C(C=C5)N.CNC(=O)NC.CC=NC(=S)N(C)C.CC(=O)N(C)S(C)=O |$;;Z0;;;;;G4;;;;;;;;;;;;;;;;;;;;;;;;;;;;;;T;;;;;;;;;;;;;;;;;;;;;;$,m:38:9.10.11.12.13.8,m:44:17.18.19.20.21.16,m:52:22.4.3.24.23|"
1427,1427,"CC1=NN(C(=N1)C)[C@H]2CCCN(C2)C(=O)CCOC(C)C |$;;;;;;;;Z2;A;E9;;;;;G0;;;;;$,Sg:n:12:R:ht|"
1428,1428,"C1=CC(=CC=C1CCNC2=NC=NC3=C2C=C(C=C3)N)OCCCl.CC.CC |$L;;;;G9;;;;;;;;;;;;;;;;;;;;;R59;;Z$,m:24:10.11.12.13.14.9,m:26:15.16.17.18.13.14,Sg:n:11:d:ht,Sg:n:6,7:V:ht|"
1429,1429,"CCCCOCC(CN=[N+]=[N-])S |$;;;;;;;;;;;$,Sg:n:8:S:ht,Sg:n:5:N:ht,Sg:n:1,2:i:ht|"
1430,1430,"CCCC1=C2C(=NN1CC3=CC=CC=C3)C4=C(C=CC(=C4N(C25CC5)CC6=CC=CC=C6)F)OC.CC.CC.CC |$M8;;;;;T5;;;;;;;;X;;;;;;;;W;;;;;M1;;;;;;D7;;;;J4;;R;;K02$,m:35:10.11.12.13.14.9,m:37:23.22.24,m:39:27.28.29.30.31.26,Sg:n:1,2:a:ht|"
1431,1431,"CC1=CC(=C(N1C2=CC=C(C=C2)C(=O)OC)C)C(=O)COC(=O)C3=CC=CC=N3.CC.CNC(C)SC |$;;X;;;;;;;;;;;;;;;;;;;;;;;;;;;;X81;;;;;;$,m:29:7.8.9.10.11.6,m:31:24.25.26.27.28.23,Sg:n:7:C:ht|"
1432,1432,"C1COCCN1CCCN2C(C(=C(C3=CC4=C(C=C3)OCO4)O)C(=O)C2=O)C5=CC=C(C=C5)[N+](=O)[O-].CC.CNONC |$;;;;;A;;;;;;;;;;;G;;;;;;D4;;;;;;;;;;;;;;;K06;;;;;$,m:36:0.5.4.3.2.1,m:38:23.11.10.9.25|"
1433,1433,"CC(C)(C)OC(=O)N1CCC2=C(C1)C3=C(N2)C=C(C=C3)OC.CC.CSC(=O)SC.CN=S(C)(=O)OC |$;;;;;;;;;;;;;;;;;;;;;;;R2;;;;;;;;;;;;;$,m:22:7.12.11.10.9.8,m:24:15.14.13.11.10,m:30:16.17.18.19.13.14|"
1434,1434,"CC1=C(C(=CC2=C1CN(C2=O)C#CC3CCCO3)CC4=C(C=C(C=C4)N5C=CC=N5)F)C.CC(=O)ON=[N+]=[N-].CC.CC.C[SH2+] |$;;;Q;;;;;;;;;;;;;;;;;;;;;;;;;L9;;J;;;;;;;;;;R;;R9;;$,m:32:7.6.5.9.8,m:39:14.13.17.16.15,m:41:20.21.22.23.24.19,m:43:26.25.29.28.27,Sg:n:27:y:ht|"
1435,1435,"CC1=NC(=NO1)CCN(C2CCCN(C2)C(=O)C3=C(C(=CC=C3)OC)OC)C(=O)C.CNC(=O)N(C)N(C)C.CC |$;;Z;;;T;;;;A8;D8;U8;;;;;;G6;;;;;;;;;;;;;;;;;;;;;;;R1$,m:30:10.11.12.13.14.9,m:39:18.19.20.21.22.17,Sg:n:14:j:ht,Sg:n:6,7:V:ht|"
1436,1436,"CC(C(=O)NC1=NC(=CS1)C2=CC3=CC=CC=C3C=C2)OC(=O)C4=C5C(=CC=C4)OC=N5.CC.CS(C)=O |$;;;;Q9;;;;;;;;;;;;;;;;;;;;;E;;;;B0;;;;R7;;;;$,m:32:13.14.15.16.17.12,m:34:29.25.24.31.30|"
1437,1437,"C1[C@@H](C[C@H]2[C@@H]1CN(C2CC3=CC(=NO3)C(=O)N)C(=O)O)OC4=CC=CC(=C4)C(F)(F)F.CC |$;;;;;;;;;;;;Z;;;;;W;;;;;;;;;;A;;;;;Z16$,m:31:22.23.24.25.26.21|"
1438,1438,C1=CC=C(C(=C1)COC2=C(C=C(C=C2Cl)C=C[N+](=O)[O-])Cl)C#N |$;;;;;;Y;;;B;Q2;;;;;;;;;;;K;X8$|
1439,1439,"COC(=O)CC(=O)NCCC(=O)NC1=CC2=C(C=C1)N=CN=C2NC3=CC(=C(C=C3)OCC4=CC(=CC=C4)F)Cl.CC.CC |$Y0;;G;;;;;;;;;;;;T9;X;;;;;W5;Y5;;;;U;;;;;;;;;;;;;V0;;;R8;;Q$,m:40:13.18.17.16.15.14,m:42:33.34.35.36.37.32,Sg:n:8,9:l:ht|"
1440,1440,"C1COCCC1NS(=O)(=O)C2=CC3=C(C=C2)C4=C(C3=NOCCOCCOCCO)C=C(C=C4)S(=O)(=O)NC5CCOCC5.CNN(C)N=[N+]=[N-].CN=S(C)(=O)N(C)C |$;J;;;;;;Y;;;;;;;;Q;;;;;;;;B9;;;;;;;;;;;;;;;;;;;;;;;;;;;;;;;;;;;$,m:44:0.5.4.3.2.1,m:51:18.17.16.13.12,Sg:n:8:z:ht,Sg:n:24,25:w:ht|"
1441,1441,"CCN1C=C(C=N1)S(=O)(=O)N2CCC(CC2)N3C[C@@H]([C@@H]3C4=CC=NC=C4)OC.CN(C)C(=O)N(C)C |$;;;;;;;;;;;;;;;;;;;;;;;;;;;;;;;;;;;$,m:28:2.3.4.5.6,Sg:n:23:M:ht|"
1442,1442,"CC(CC1=CC(=C(C(=C1)F)OCC(=[NH+]C2=CC=C(C=C2)C(=O)N)C=C(C)N)F)C(=O)O.CC |$;;;;;;;;L;;;;;;;;;;;;;;;;V9;E6;;;;Z;;;K$,m:31:3.8.7.6.5.4|"
1443,1443,"CC(C)(C)OC(=O)NCC[C@@H](CCS(=O)(=O)[O-])NC(=O)OC(C)(C)C |$L8;;;;;;;U5;;;M4;;;;D0;;;;;;;;;;$,Sg:n:11,12:b:ht|"
1444,1444,"COC1=CC=CC(=C1)CO[C@@H](CN2CCN(CC2)C(=O)C3=CC=C(C=C3)Br)C4=CC=C(C=C4)Cl.CC |$;;;;;;;;;;;;;;;;;;G5;;;;;L6;;;;;;;;;;;;R8$,m:34:21.22.23.24.25.20,Sg:n:24:E:ht|"
1445,1445,"COC1=CC(=C(C=C1)OC)/C=N\NC(=O)C2=C3CCC4=CC=CC=C4C3=NN2.CC |$;;;J3;;;;;;;;;;;;;;;;;;;;;;K3;;;;V6$,m:28:2.7.6.5.4.3,Sg:n:22:x:ht,Sg:n:1:x:ht|"
1446,1446,"COC1=CC(=C(C=C1C2=NC3=C(N2)C=NN3CC4=CC=CC=C4)OC)OC.CC(=O)C=S |$;;;;;;;;;;;;;;;;U1;;;;;;;;W;;;;;;;$,m:27:18.19.20.21.22.17|"
1447,1447,"CCC(C)(C)[C@H]1CCC2=C(C1)SC(=C2C(=O)OC)NC(=O)C3=CC(=NC4=CC=CC=C43)C5=CC=C(C=C5)OC(C)C.CN(C)P(=O)(O)O.CC.CC |$;;;;;;;;;;;;;;;;;;;;;;U8;;;;;L6;;W3;Y;;E;;;K;;;;;L0;;;;;;;;;X97;;R$,m:41:5.10.9.8.7.6,m:48:11.9.8.13.12,m:50:22.23.24.25.30.21|"
1448,1448,"C[C@@H]1CN(C[C@@H](O1)C)C(=O)C2=CC3=C(C=C2)OC(=N3)CC4=CC=C(C=C4)Cl.CC.CN=C(N(C)C)N(C)N=C(C)C |$;;;;;;;;;;;;L0;;;;;;;;;;E;;;;U1;;Y22;;;;;;;;;;;;$,m:27:1.6.5.4.3.2,m:29:21.22.23.24.25.20,Sg:n:20:v:ht,Sg:n:5:a:ht|"
1449,1449,"CC1=CSC(=N1)[C@@H](C#N)C(=O)COC(=O)C2=C(C=C(C=C2)F)Br.CNC(=S)N(C)N |$;;;;;;;;;;;;;;;;L;;;Z;;;;;;;;;;$,m:23:1.2.3.4.5|"
1450,1450,"CC1=CC=C(C=C1)SCC2=NNC(=S)O2.COP(OC)OC.CC |$;;;U;Z;;;;;;;;;;;;;;;;;;;J$,m:15:1.6.5.4.3.2,m:22:10.9.14.12.11|"
1451,1451,"CCC(C)C(C)(CC(C)(C)C)C(=O)OCC1COC2(O1)CCCCC2.CN=S(C)(C)=O |$;;;;;;;;M;;;;A;;;;;D1;;;Z;;G3;;V2;;;;;;$,m:25:20.21.22.23.24.18,Sg:n:14:H:ht,Sg:n:5:b:ht|"
1452,1452,"COC1=CC=CC=C1NC(=O)C2=NC3=CC=CC=C3N=C2CC(=O)C(=O)NC4=CC=CC=C4C(=O)N.CC |$W;;;;;;;;;;;;;;;;;;;;;;;;;;;;;;;;;;;A;;R8$,m:36:28.29.30.31.32.27|"
1453,1453,"C1CCC(=O)N(CC1)CCOC(=O)C2=CC=C(C=C2)CN3C=NC=N3.CC |$;;;;;;;;;;;U;;;;;;;;;D;;;;;;R3$,m:25:0.1.2.3.5.6.7,Sg:n:8,9:E:ht|"
1454,1454,"CC(C)(C)OC(=O)N1CCC(CC1)C2=CC(=NC=C2)NC3=NC=C(S3)C4=CC(=CC=C4)F |$;;J;;;;;;V6;;;;;;;;;;;;X;Y;;;;;;;;;;$,Sg:n:25:D:ht,Sg:n:27:x:ht,Sg:n:9:q:ht|"
1455,1455,"CN(CCOC)C1=CC(=C(C=C1)C#N)Br.CSC(SC)SC |$;;;;;;;;;;;;;Z4;;;;;;;;$,m:15:6.11.10.9.8.7,Sg:n:6:K:ht,Sg:n:2,3:c:ht|"
1456,1456,"CN1C=CC=C1[C@H]2CCCN2CC(=O)NC3=CC=CC=C3C(=O)NC4=CC=C(C=C4)OC.CC.CC(C)=NC(C)=NN(C)C |$;;;;;;;;;;;;;;;;;;;;;;;;;;;K;;;;;;K;;;;;;;;;;$,m:32:1.2.3.4.5,m:34:16.17.18.19.20.15,Sg:n:13:w:ht|"
1457,1457,CC(C)OC(=O)COC1=C(C=C(C=C1)OC)C=O |$;;Q2;;;;;A;;;;;;;;;;$|
1458,1458,"C1CC(CCC1C(=O)OC2=CC=C(C=C2)C=CC(=O)OCCC3=C(C=CC(=C3)N)N)C(F)(F)F.CC.COC(OC)SC |$;;;;;;;;G0;;;;;;;;;;;;;;;;;A;;;;;;;;Z4;;R1;;;;;;;$,m:34:0.5.4.3.2.1,m:36:23.24.25.26.27.22,Sg:n:20,21:b:ht|"
1459,1459,"CC(C)(C)OC(=O)NCC1=CC=C(C=C1)OC(=O)OC2=CC=C(C=C2)OC.CBOC |$;;;;;;;;D4;;;;;;;;;;;;;;;;;;K;;;;$,m:27:9.14.13.12.11.10,Sg:n:15:v:ht,Sg:n:26:I:ht|"
1460,1460,"CC1=NOC(=N1)[C@@H]2CC[C@@H](O2)CNC3=C(N=NC4=CC=CC=C43)C#N.CN=C(N=C(C)C)SC.CC |$;;;;E;;;;;;;;W;;;;;;;;;;;;;;;;;;;;;;;R1$,m:25:1.2.3.4.5,m:34:14.15.16.17.22.13|"
1461,1461,"COC(=O)CCCCCCCCCCN1C(=O)C2=C3C(=C(C=C2)OC4=CC=CC=C4)C=CC=C3C1=O.CN=C(NO)N(C)C |$;;;;;;;;;;;B;;T;;;K7;;;;;;Q;;;;;E;;;;;;;;;;;;;;;;$,m:36:25.26.27.28.29.24,Sg:n:34:D:ht,Sg:n:26:w:ht,Sg:n:8,9,10:e:ht|"
1462,1462,"COC1C(C(OC1OCC2C(OC3=C2C=C(C=C3O)CCCO)C4=CC(=C(C=C4)O)OC)O)O.CC.CC |$;;;;;M2;;;E6;;;;;;E9;;;;;;;;;;;;M4;;;;;;G8;;;Z69;;Y5$,m:34:11.10.9.13.12,m:36:24.25.26.27.28.23,Sg:n:22:x:ht,Sg:n:19,20,21:k:ht|"
1463,1463,"CCN1C(=O)/C(=C\2/N(C(=O)/C(=C\C3=CC4=C(C=C3)N(C5C4CCC5)C6=CC=C(C=C6)OC)/S2)CC(=O)O)/SC1=O.COC(=N)N.CC.CC |$M3;K7;;J;;;;;;;;;;;;;;;;;;;;;;;;;;;;;;;;;;;;;;;;;;;R1;;R1$,m:40:2.3.5.37.38,m:45:25.26.27.28.29.24,m:47:14.15.18.19.20|"
1464,1464,"COCC1=NC(=CC(=N1)N2CCN(CC2)CC3=CC=CC=C3)C4CCOC4.CC.CNC(=S)N(C)C.CC |$;;;G9;M7;;;;;;V;W;;;;;X1;;;;;;T;;;;;;R;;;;;;;;;L$,m:27:10.11.12.13.14.9,m:29:17.18.19.20.21.16,m:36:23.22.26.25.24,Sg:n:25:z:ht|"
1465,1465,"CCS(=O)(=O)C1=NSC2=NC(=O)/C(=C\C3=CC=C(C=C3)OCCCOC4=CC=CC=C4OC)/C(=N)N21.CC.CC(N)C(=S)N(C)C.CC |$;;;;;;Y9;;;;Y9;;;;;;;;G;;;;;;;;;L9;;;;;;;;;;R;;;;;;;;;;Y$,m:36:5.6.7.8.35,m:38:9.10.12.33.35.8,m:46:26.27.28.29.30.25,Sg:n:21,22,23:D:ht|"
1466,1466,"C1C[C@H]([C@@H](C1)O)NC2=C3C(=NC(=N2)N4C=C(C=N4)C(=O)N)N(C=N3)[C@H]5C(C([C@H](O5)CO)O)O.CC.CC.CC |$;;;;T;U;;;B1;;;;;;;;;;;;M2;;;D;;T9;;;;;;;;;R4;;R;;R$,m:33:0.1.2.3.4,m:35:10.11.12.7.8.9,m:37:22.21.9.8.23|"
1467,1467,"C1=CC=C(C(=C1)CC(=O)N)O[C@H]2[C@@H]([C@H]([C@@H]([C@H](O2)CO[C@H]3[C@@H]([C@H]([C@@H]([C@H](O3)CO)O)O)O)O)O)O.CC.CC(C)=NN=C(C)N.COC(=O)C(C)=O |$;;;;;;;;;;;;;;;;;;;K;E6;;;;;;;;;;;;;;K;;;;;;;;;;;;;;;$,m:33:0.5.4.3.2.1,m:35:12.13.14.15.16.11,m:43:20.21.22.23.24.19,Sg:n:28:h:ht|"
1468,1468,"CCNC1=NC(=C2C=C(SC2=N1)C)NCCOCC(=O)N.CC |$D;;;;;;;;;;;;;;;K6;M;;;;A2;;R$,m:21:7.6.10.9.8,Sg:n:14,15:S:ht|"
1469,1469,"CN(C)S(=O)(=O)N1CCCOC2=CC=CC(=C2)CCC3CCCCN3CC1.CC |$;;;L5;;;;;;;;;;;;;;;;;;;;;Z7;;;;E$,m:27:6.26.25.24.19.18.17.15.16.11.10.9.8.7,Sg:n:21:p:ht|"
1470,1470,"CC(C)[C@@H](C1=CC=C(C=C1)F)[NH2+]CC(=O)NC2=C(C=C(C=C2)[N+](=O)[O-])OC.CC(=O)N(C)N(C)C |$;;;A7;;;;;V;;;;;;Q0;;;;;;;;;;;;;;;;;;;;$,m:27:5.6.7.8.9.4|"
1471,1471,"CC1=NC(=CC(=N1)NC2=CC(=C(C=C2)OC)Br)C#N.CSNC(N)=O |$;;;;;;;Y;;;;;;;;;;;;;;;;;$,m:19:1.6.5.4.3.2|"
1472,1472,"CCOC1CC(C1(C)C)NC(C)C(=O)NC2CC2.CNC(C)SC |$;;;;;;;;;;;;;;;;;W;;;;;;$,m:18:3.6.5.4,Sg:n:14:f:ht|"
1473,1473,"COC1=CC(=C(C=C1)OC)NC(=O)CN2CCC3=C(C2)SC(=N3)NC(=O)C4=CC=CO4.CC.CC.CC(=O)SN=[N+]=[N-] |$;;;E4;M6;D2;;;;;;;;A5;;;;;;;;;;;;;;;;;;;X;;R;;;;;;;$,m:31:2.7.6.5.4.3,m:33:15.16.17.18.19.14,m:35:20.18.17.22.21|"
1474,1474,"CC1=C(C(=NN1C2=CC=C(C=C2)C(=O)OCCCC#N)C)Cl |$;;;;;L;;;;;;;B;;;;;Q6;;;;$,Sg:n:21:L:ht,Sg:n:3:d:ht,Sg:n:15,16,17:h:ht|"
1475,1475,"COC1=CC=C(C=C1)NC(=O)CCCN2C3=C(C=C(C=C3)S(=O)(=O)N4CCCCC4)N=N2.CC.CNS(=O)O.COC(=O)C(C)=S |$;;;;;;;;;;;;;;;;B;;;;;;;;;;;;;;;;;R09;;;;;;;;;;;;$,m:32:2.7.6.5.4.3,m:34:25.26.27.28.29.24,m:39:30.16.15.14.31|"
1476,1476,"CC1(O[C@H]2C(O1)C(OC2N3C=NC4=C3N=C(NC4=O)/N=C/N(C)C)CN=[N+]=[N-])C.CS(C)(=O)=S.CC.CNS(=O)N(C)C |$;;Y;;;;;;;;;;;;;;;;;;;;;;;;;;;;;;;;;G53;;;;;;;$,m:29:1.2.3.4.5,m:34:6.4.3.8.7,m:36:10.9.13.12.11|"
1477,1477,"CCCOC1=CC=C(C=C1)C=CC(=O)N(C)CC2=CC(=CC=C2)C(=O)N |$;;;;;;;;;;;;B;;;;;;;;;G;;;;$,Sg:n:18:i:ht,Sg:n:1,2:C:ht|"
1478,1478,"C1COCCC1(C(=O)N2CCN(CC2)CC3=CC=C(C=C3)Cl)N.CON=S |$;;;;;;;G8;;;;;;;;;;;;;;;;;;;$,m:23:0.5.4.3.2.1|"
1479,1479,"CS(=O)(=O)C1=CC2=C(C(=C1)F)N(CC2)C3=CC(=NC=N3)OC4CCN(CC4)C5=NC(=NO5)C6CCCO6.CC.CC.CC(C)=NC(=O)N(C)C.CN=C(NN(C)C)N(C)C |$;;;;E;;;;;;X3;;B3;;;;D;;;;;;;;U;;;;;;;Q;;;;;;;R;;R13;;;;;;;;;;;;;;;;;;;$,m:37:12.11.7.6.13,m:39:15.16.17.18.19.14,m:41:28.27.31.30.29,m:50:33.32.36.35.34|"
1480,1480,"CCC/C(=C(\C1=CC(=C(C=C1C)OC(F)F)F)/C(=O)N)/C=C(\C)/C=C(/N)\N=C/C |$;;;;;;;;;;Z;;;;;;V;;;;;;;;;;;;$,Sg:n:28:F:ht,Sg:n:1,2:S:ht|"
1481,1481,"C1=CC(=CC(=C1)[N+](=O)[O-])COC2=CC=CC(=C2)/C=C\3/C(=O)OC(=N3)C4=CC=C(C=C4)Br.CC.COC(N)=S |$;;X8;;;;;;;J;;;;;;;;;;;;;;;;V;;;;;;;Q;;;;;$,m:31:0.5.4.3.2.1,m:33:12.13.14.15.16.11,Sg:n:12:C:ht|"
1482,1482,"C1CN(CC(CN1)O)C(=O)[O-].CNC(=S)N=[N+]=[N-] |$;;;;X;;;;;;;;;;;;;$,m:11:0.1.2.3.4.5.6|"
1483,1483,C/C(=C/C(=O)Cl)/CN(C)C |$;;;;;U7;;;;$|
1484,1484,"CCN[C@H]1CN2CCC1CC2.CC |$;;;;;;G;;;;;;R$,m:11:3.8.7.6.5.4|"
1485,1485,CC(=O)C1=C(C=CN1C)Br |$;;;;Y;;;;;$|
1486,1486,"CC[C@H](C)N1C=NC=C1Br.CC |$;;;;;;;;;;;K8$,m:10:4.5.6.7.8|"
1487,1487,"CN([C@@H]1CCSC1)C(=O)C2CCNCC2.CC |$;;;;;;;;;;;;;;;;W$,m:15:3.2.6.5.4,Sg:n:5:o:ht|"
1488,1488,"CN1C2CCCCC2=CCC1=C.C[NH3+] |$;;;;;;;;;;;;;$,m:12:3.4.5.6.7.2|"
1489,1489,"CC1(CCC(N1C)(C)C)C.CN(C)C(=O)N(C)N(C)C |$;;;;;;;;U1;;;;;;;;;;;$,m:10:1.2.3.4.5|"
1490,1490,"CC(N=[N+]=[N-])N1CC1 |$;;;K4;;;;$,Sg:n:3:C:ht|"
1491,1491,"CC1CC(=O)N2C1(CCC2)CO.CC.CNP(C)N(C)C |$;;;;E9;;K9;;;;;W9;;W;;;;;;;$,m:12:1.2.3.5.6,m:14:7.6.5.9.8|"
1492,1492,"C1[C@H]2N(C1=O)CC(CS2=S)O.CC |$;;;;;;;;;;;;R0$,m:11:0.3.2.1|"
1493,1493,"CN(C)C1=C(NC=C1)C(=O)O.CC |$;;;;;E;;;;;;;R26$,m:11:3.4.5.6.7|"
1494,1494,CN(C)C1=C(N=C(C=C1)Br)C#N |$L;;;;G9;;;;;;;$|
1495,1495,"CCN(C)C(C)(C1=CC=CC=N1)C(=O)O.CC |$;;;;G3;;;G4;;;;;J2;Q;;;Z$,m:15:6.11.10.9.8.7|"
1496,1496,CC(C)N1C(=O)CC(C1=O)S |$;;;;E;;;;;;$|
1497,1497,"CCC(C)C1(C(=N)NC(=O)N1C2CC2)C.CC |$;;;;;;;;W;;;B0;;;E3;;A0$,m:15:4.5.7.8.10|"
1498,1498,"C1C=CC(=C2N1CC3CNCC2C3=O)F.CC.CC |$;;;;;;;;;;;;;;;;R55;;G$,m:15:0.5.4.3.2.1,m:17:6.7.12.11.4.5|"
1499,1499,"CC(=O)N1CCNCC1C=C.CC |$;;;;;;;;;;;;R28$,m:11:3.8.7.6.5.4|"
1500,1500,"CN1C=CC=CC1=NC(=O)OC.CC |$;;;;;;;;;;;;;M$,m:12:1.6.5.4.3.2|"
1501,1501,CC1=C(C(=O)N(C1=O)C(C)(C)C)C |$;;;;;;;W;;;;;$|
1502,1502,"C1CC(C(N(C1)C(=O)[O-])N)CO.CC |$;;;;;;;;;;;;;R$,m:12:0.5.4.3.2.1|"
1503,1503,CN(CC1CCNC1)C2CCCC2 |$;;;;K2;;;X;;;;;$|
1504,1504,"CC1=CC(=C(N(C1=O)C)Cl)C(=O)O.CC |$;;;;;;Y;J;;;Z;;;;E$,m:13:1.6.5.4.3.2|"
1505,1505,"CN1C2=C(C=C1I)C(=CC=C2)Br.CN(C)S(=O)O.CN(C)P(C)(=S)N(C)C |$;;D2;;;;;;;;;;;;;;;;;;;;;;;;$,m:12:1.2.3.4.5,m:18:7.8.9.10.2.3|"
1506,1506,"C1(=C(C(=O)N(C1=O)C(=O)N)Cl)Cl.CN(C)C(=O)S |$;;;;;;;;W1;;J1;;;;;;;$,m:12:0.1.2.4.5|"
1507,1507,"C[C@H]1CN(C[C@@H](O1)C)C(=O)C.COPO |$M3;;;;;;;;U2;;;;;;$,m:11:1.6.5.4.3.2|"
1508,1508,COC1COCCN1C=O |$;;;;Q8;;M;;;$|
1509,1509,CN(C)C(=O)N=[N+](C)[O-] |$;;L;;;;;;D$|
1510,1510,"CC1C2=C(CCN1C)C(=CC=C2)F.CC=NC(=O)O |$;;;;;;;;;;;;;;;;;;$,m:13:1.6.5.4.3.2|"
1511,1511,CN1C(=C(NC1=O)C#N)O |$;;;;;W2;;;;$|
1512,1512,CC1CCC(=O)C(C1)CN(C)C(C)C |$;U;;Z;;;K;;;;;;;$|
1513,1513,"C1CC1N2CNCC2=O.C=NN=C(C)C |$;;;;;;;;X3;;;;;;$,m:9:4.3.7.6.5,Sg:n:3:y:ht|"
1514,1514,"CC(C(=O)N)N1CCCC(C1)CN.CC |$;;;;;;;;;;;;;;R$,m:13:5.10.9.8.7.6|"
1515,1515,CCC(C)N1C2=CC=CC=C2NC1=O |$;;;;;;;;;D;;;;$|
1516,1516,"CC1CC(N1CC#N)C.C[Te] |$;;;;;;;;;;$,m:9:1.4.3.2|"
1517,1517,CC(C1=C(C=CC(=C1)Br)N(C)C)O |$;L1;;;;;;;;;;;$|
1518,1518,C[C@H]1C[C@@H](C[C@@H]2N1CCCC2)O |$E2;;;;;;;;;;;$|
1519,1519,"CC(=O)N1CCCC2=C1N=C(C=C2)Br.CC |$W;;;;V;;Q;;;;;;U1;;;R$,m:14:9.10.11.12.7.8,Sg:n:6:h:ht|"
1520,1520,"CCC(C)N1C=CN=C1C#N.CC |$;;;;;V9;;;M7;;;;R73$,m:11:4.5.6.7.8|"
1521,1521,"CN(CCO)C(=O)C1=NON=C1N |$;;;;;;;;;;;;$,Sg:n:2,3:j:ht|"
1522,1522,"CC1(CC1)C(=O)N2CCCCC2C#N.CC.CC(C)=NNC(=O)N(C)C |$;;;;;;;;;;;;;;;R56;;;;;;;;;;$,m:14:2.1.3,m:16:7.8.9.10.11.6|"
1523,1523,"C1COCC(N1CCO)CN.CC |$X;;;;;;;;;;;;Y3$,m:11:0.5.4.3.2.1,Sg:n:10:S:ht,Sg:n:6,7:s:ht|"
1524,1524,"C[C@H](C1=CN(C(=O)C=C1)C)S.COS(C)(=O)=O |$;;;T4;B1;;;;;;;;;;;;$,m:11:2.8.7.5.4.3|"
1525,1525,"C1=CN(C(=N1)N)C2=CN=CN=C2.CC |$;;;;;;;;;;;;;R60$,m:12:0.1.2.3.4|"
1526,1526,CN1CCCC(N=[N+]=[N-])C1 |$;;;;;;;L;X;$|
1527,1527,"CN1CC(OC(C1)(F)F)F.CC |$;;W5;;;;;;;;;R$,m:10:1.6.5.4.3.2|"
1528,1528,"C1[C@@H]2N(C1=O)C(=C(C(S2)(F)F)F)C(=O)[O-] |$;;;;;;;;;;;;;;$,Sg:n:6:l:ht|"
1529,1529,C[C@H]1CCCN(C1)C |$V;;;;;W;;U9$|
1530,1530,"CN1CC(CC(C1)(F)F)C#N.CS(C)=O |$;;;;;;;;;;;;;;$,m:11:1.6.5.4.3.2|"
1531,1531,"CC1=NNC(=S)N(C1=O)CC#C.CC |$E3;B;;;;;;;;;;;;J84$,m:12:1.7.6.4.3.2|"
1532,1532,"CC1CCC(N1CCI)C.CN(O)S(C)(=O)=O |$;;;Q6;;;;;;;;;;;;;$,m:10:1.2.3.4.5,Sg:n:6,7:Q:ht|"
1533,1533,"C1CC1C(=O)N2CC3CC2CS3.CC.CC |$;;;;;;;;;;;;;R;;R9$,m:12:0.1.2,m:14:6.5.9.8.7|"
1534,1534,"CC1CCC(N1C(=O)OC)C.COP(=O)(OC)N(C)C |$;E;;V4;;;;;;;;;;;;;;;;$,m:11:1.2.3.4.5|"
1535,1535,CCN(CC)C1CCCC1O |$;;;V7;;;;;;;$|
1536,1536,"CN([C@@H]1CCC[C@H]1O)C2CNC2.CN=CNSC |$;;;;;;;;;;;;;;;;;$,m:12:9.10.11.8|"
1537,1537,"CCC1C(CCCN1C2CC2)O.COP(N)(=S)OC |$;;B3;;;;;;;;;;;;;;;;$,m:12:9.8.10|"
1538,1538,CN(C)C1=C2C(=C(C=C1)N)C=CC=N2 |$;;;;;;Z0;;;;;;;$|
1539,1539,"CC(C)(C)C1=NC(=C2N1C=CN=C2)C=O.CC |$;;;;;;Y;;J;;D5;;G;;;;A$,m:15:9.10.11.12.7.8|"
1540,1540,"CN1CCC2(C1)CCN2C.CC.CC=NNC(=NC)NC |$;;;;;;;;;D8;;R13;;;;;;;;;$,m:10:1.2.3.4.5,m:12:6.7.8.4|"
1541,1541,"C[C@]1(CCCNC1)C(=O)N(C)C.CC |$L9;;;;;;;;;;;;;R8$,m:12:1.6.5.4.3.2|"
1542,1542,"CN1CC[N+](CC1)(C)CO |$B;;;;;;;;;$,Sg:n:1:b:ht|"
1543,1543,CCN1C(=NN=C1C=O)C |$;;;;Q6;;;;;$|
1544,1544,"CCC1NN=CN1C#N.CNC(C)NC |$;;;;;;;;;;;;;;$,m:9:2.3.4.5.6|"
1545,1545,"OCCCN1CCOCC1.CN=NC(=S)N(C)C |$;;;;;;;;;;;;;;;;;$,m:10:4.9.8.7.6.5|"
1546,1546,"CC(C)N1CC2C3C2C31.CN=C(N(C)C)N(C)SC |$;;Z4;;;;;;;;;;;;;;;;$,m:9:3.4.5.7.8|"
1547,1547,"CN1C2CC3CC(C2)CC(C3)C1=C.CC.CS(=N)(=O)O.CC |$E1;G;;;;;;D;;;;;;;Y;;;;;;;R$,m:13:5.6.8.9.10.4,m:15:1.2.3.4.10.9.11,m:20:1.2.7.6.8.9.11|"
1548,1548,C[N+]1=CC=CC=C1N(C)C |$A5;;;D;;;Z1;;;$|
1549,1549,"C[C@]1(C(OC(=O)N1C2CC2)(C)C)O.CC |$;;;;;;;J5;;;;;Z4;;R$,m:13:1.2.3.4.6|"
1550,1550,"C[C@H]1CCCN1CC2CC2N.COC(=O)NN.CC |$;;;;;Z;V4;U0;;;A;;;;;;;;K7$,m:11:1.2.3.4.5,m:17:8.7.9,Sg:n:2:v:ht|"
1551,1551,"CC1(CCCCN(C1)C)C |$;;;;;M1;;;;$,Sg:n:9:m:ht|"
1552,1552,"C1=CSC(=O)N1CCN |$;;;;;;;;E$,Sg:n:6,7:T:ht|"
1553,1553,"CN1CCCCCNCCC1 |$J8;;M;;;;;;;;$,Sg:n:0:T:ht|"
1554,1554,"C[C@]12CCCC3N1C3C2.CC.CC |$;;;;;;;;;;R;;R$,m:9:2.3.4.5.6.1,m:11:8.1.6.7,Sg:n:4:A:ht|"
1555,1555,"CCN(CCBr)C(=O)C1CCC1.CN=CNS(C)(=O)=O |$K;;;;;;;;;;;;;;;;;;;$,m:12:8.11.10.9,Sg:n:3,4:b:ht|"
1556,1556,CN1CCCC2=C1C=C(C=C2)S |$;;;A8;;;;;;;;$|
1557,1557,"C1CC(CSC1)(C(=O)O)N2CCSC2=O.CC.CC |$;;;;;;;;;;;;;;;;U9;;R$,m:15:0.5.4.3.2.1,m:17:10.9.13.12.11|"
1558,1558,C1[C@@H]([C@@H]2[C@H]([C@@H]([C@H](N2C1=O)CO)O)O)O |$;;;W;;;;;;;;;;$|
1559,1559,CC1=NNC(=S)N1C(C(C)C)C(=O)N |$;;;L;;Z;;;;;;;;$|
1560,1560,CC(C)(C)N1CCCSC1=N |$;;;Q;;;;;;;$|
1561,1561,CCN(CC)C(=O)C(C)(C)[Te]C |$K;;;;;;;;;;;$|
1562,1562,"C1COC(=O)N1C2COCC2N.CC.CC(=O)NN=[N+]=[N-] |$;;;;;;;;;;;;;K9;;;;;;;$,m:12:0.1.2.3.5,m:14:7.6.10.9.8|"
1563,1563,"CCN1C[C@H](C[C@@H]2[C@H]1CCC2)O.CC |$;;;;;J0;U;;;;;;;X06$,m:12:8.7.6.10.9,Sg:n:6:k:ht,Sg:n:6:z:ht|"
1564,1564,"CN(CC=O)C(=O)C1=CC(=CC=C1)F.CC |$;;;;;;;;;;;;;;;R34$,m:14:7.12.11.10.9.8|"
1565,1565,"C1CN2CC1(CC2=O)N.CC |$;;;;;X;;;;;R$,m:9:0.1.2.3.4|"
1566,1566,"CC=CC1CN1C.C=NC(C)=NC |$;;;;;;;;;;;;$,m:7:3.4.5|"
1567,1567,"CC1=CC=CC2=C(N=C(N12)CN)Cl.CC.CC |$;;;;;B1;;;;;;;;;R62;;Q30$,m:13:1.9.5.4.3.2,m:15:6.5.9.8.7|"
1568,1568,"C1C[C@H]2CC(C[C@@H]1N2C3CCOCC3)O.CC |$;;;;;;;Y9;;D7;;;;;;;A$,m:15:3.4.5.6.7.2|"
1569,1569,"CC(N(C)CC=C)(O)O |$;;;;;;;;$,Sg:n:1:p:ht|"
1570,1570,CN(C(=O)O)C(CCl)(C1=CC=CS1)O |$;;;G;;;;;;;;;;$|
1571,1571,"C1CCN(C1)C2=CC=NN2.CC.CC |$;;;;;;;;;;;L05;;R$,m:10:0.1.2.3.4,m:12:6.5.9.8.7|"
1572,1572,"CC12CNCC1N2C.COC(C)(C)OC.CN(C)C(=O)O |$;;;;;;G5;;;;;;;;;;;;;;$,m:8:2.1.5.4.3,m:15:6.5.1|"
1573,1573,CCN1CC(N(C1=S)C)S |$;;;;;;;;Y4;$|
1574,1574,"C1CC2=CC=CN3C2C1=CC=C3.CC |$;;K;;;J;;;;;B;;;L$,m:12:3.4.5.6.7.2,Sg:n:2:z:ht|"
1575,1575,"CN(CCO)C(=NO)N |$;;;;;;;X;B$,Sg:n:0:q:ht,Sg:n:2,3:t:ht|"
1576,1576,"CC(C1=CC=CC=C1)N(C)C(C)SS |$;;;G;;;;;;;;;;$,Sg:n:10:S:ht|"
1577,1577,C1CN2C(=NC(=C2Cl)I)C1O |$J;J3;;;;;A;;;;$|
1578,1578,CCC=C(C)CN(C)C |$X;;T5;;;;;;A$|
1579,1579,"CC1CC(CC(O1)O)N(C)C |$;;;K;;;;;;;$,Sg:n:8:Q:ht|"
1580,1580,"CC1[C@H]2CC[C@H](C2)N1C(C)C.CC=NN(C)S(C)(=O)=O |$;;;;;;;;A;;;;;;;;;;;$,m:11:1.2.6.5.7|"
1581,1581,"C1C[C@@H]2CN(C1)CC[C@@H]2C(=S)N.COP(N)(=O)O |$;;;;;K;;;;;;;;;;;;$,m:12:0.5.4.3.2.1|"
1582,1582,C[C@@]1(CCN=CC1)N(C)C |$;;;;;;;;;X8$|
1583,1583,"C1CC(C1)N2CC3CC(C3)(C2)N.CC(=N)N(C)N=C(C)C.COP(=S)(OC)OC |$;;;;;;;;;;;;;;;;;;;;;;;;;;;;$,m:12:0.3.2.1,m:21:7.8.9.6|"
1584,1584,CC(C)(CN(C=C)/C=C(/Br)\I)F |$;;;K;;;;;;;;$|
1585,1585,"CC(C)(C)C1=NN=C2N1CSCC2.CC |$;;;;;;;;Q7;;;;;;R$,m:13:4.5.6.7.8,Sg:n:11:n:ht|"
1586,1586,"CCN1C(=CC2=C1CCCC2)C.CC.CC |$;;;;;;;;;;;A7;;R3;;R$,m:12:2.3.4.5.6,m:14:7.8.9.10.5.6,Sg:n:6:c:ht|"
1587,1587,"CN1CC(N(C1=O)C(=O)O)CO.CC |$;;;;;;;;;;;;;E$,m:12:1.2.3.4.5|"
1588,1588,"CC1=C(CCN(CC1)C)C.CN=C(C)N(C)N(C)C |$L;;;;;K;;;;;;;;;;;;;$,m:10:1.2.3.4.5.6.7,Sg:n:6:u:ht|"
1589,1589,CC1=CC2NC#CN2C=C1 |$;;;;;;;L7;;K3$|
1590,1590,"CC(C(=O)O)N1CCCCC1 |$;;;;;D;;;;;$,Sg:n:3:V:ht|"
1591,1591,"CN(C)C1=NSN=C1C2=CN=CN=C2.CNC(=S)N=[N+]=[N-] |$;;;;;;;;;;;;;;;;;;;;$,m:14:3.4.5.6.7|"
1592,1592,CC1=NCC2=CN=CC3=CC=CC=C3N12 |$;;;;Y;;;;;;;;;;$|
1593,1593,"CN1CCC(CC1)I(C)C.CC=NC(=NC)SC |$;;U9;W8;;;;;;;;;;;;;;$,m:10:1.6.5.4.3.2|"
1594,1594,CC1(C(CCN1C)C(=O)O)C |$;;;;;;;K;;;$|
1595,1595,"CC(CN1CCNCC1=O)N.CC=NC(=O)O |$;;;;;;;W;Y6;;;;;;;;$,m:11:3.8.7.6.5.4|"
1596,1596,"CCC1CCCCCN1C(=O)C(C)(C)O.CN=CN(C)NC |$;;;;;Z0;L;;;;Q5;;;;;;;;;;;$,m:15:2.3.4.5.6.7.8|"
1597,1597,"CCC1(CC(=O)N(C1)C)CC |$;;;;;;;;Q;;$,Sg:n:1:G:ht|"
1598,1598,C[C@@H](C(=O)O)N(C1CCCC=N1)C(=N)N |$;;;;K3;;;;D6;Z;;;;;$|
1599,1599,"C1CC=C2C(=O)CCN2C1.CC |$W;;Q;;;;;;;;;K8$,m:10:4.3.8.7.6|"
1600,1600,CC=C(C)N1CCCC(C1)C |$;;Q0;;;;;;;;$|
1601,1601,"C=CN1C=CCCC1=O.CC |$;;;;;;;;;;R$,m:9:2.7.6.5.4.3|"
1602,1602,"CC(C)CN1CCC[C@@]12CCNC2 |$;;D3;;;;;;;;;;$,Sg:n:10:M:ht|"
1603,1603,CC12C=CC=CN1C=CC2=O |$;;;;Q5;;;;;;$|
1604,1604,CC12CC1CCN(C2=O)C |$K3;;;Q5;;;E;;;$|
1605,1605,CC(C)([CH2+])CN(C)C |$;;;Q2;;E8;Z;$|
1606,1606,"CC1=C2C(=CC=C1)C=CC3=NC=C(N32)Br.CC.CC |$;X8;D;;D;;;;;;;;;;;;R;;R$,m:15:7.8.9.13.2.3,m:17:10.9.13.12.11|"
1607,1607,"CN1CC2C(=C1)C=NC=N2.CNN(C)N=[N+]=[N-] |$;;;;;;;;;;;;;;;;$,m:10:1.2.3.4.5|"
1608,1608,"CC(=N)N1CCC[C@@H]2[C@H]1CCCC2.CC |$;J8;;;;;;;;;;;;;Y$,m:13:9.10.11.12.7.8,Sg:n:4:G:ht|"
1609,1609,"CCC(C)C(C)C1CCCCN1C |$;;;;;;;;;;;;$,Sg:n:7:A:ht,Sg:n:2:s:ht|"
1610,1610,"CN1C(CCCCCCCC1O)O.CSN(C)S |$;;;;B9;;;;;;D5;T;;;;;;$,m:13:1.10.9.8.7.6.5.4.3.2,Sg:n:6:Z:ht|"
1611,1611,"CCN(CC)[C@@H](C)[C@@H](C)C(C)C |$;;;;;;;M;;;;$,Sg:n:3:f:ht|"
1612,1612,CC1=NC(=C(N1C)N=[N+]=[N-])N |$;;;;;V;;;;;$|
1613,1613,"CC(C)C[C@]1(CC1N(C)C)C.CSSS |$;;;;;;D;;;;;;;;$,m:11:4.5.6|"
1614,1614,CC(C)(C)N1CCCC2C1OC=CO2 |$;;;;;;Y;;;;G1;A1;;$|
1615,1615,CC(C)N(CC(C)O)C(=N)N |$;;;Q8;;;;;;;$|
1616,1616,"C1=CN2C=C(C(=CC2=N1)Br)Cl.CC |$;;;;;;;;;;;;Q18$,m:11:0.1.2.7.8|"
1617,1617,"CCOC12CCCN(C1)CC2.CC |$;;;;T;;;;;;;;E$,m:11:4.5.6.7.8.3|"
1618,1618,"CCCN1C(=C2N=C1O2)[N+](=O)[O-].CB(C)N.CC |$;;;;;;;Q;;;;;;;;;;R$,m:12:6.7.8.5,m:16:3.4.5.6.7,Sg:n:10:h:ht,Sg:n:3:I:ht,Sg:n:1,2:P:ht|"
1619,1619,"CC1CCN(CC1Cl)C(C)C |$;;;;;;;;;;G0$,Sg:n:2:U:ht|"
1620,1620,"CC(C1CN(CCN1)C)F.CSC=NN |$;;;;;;;;;;;;;;$,m:10:2.7.6.5.4.3|"
1621,1621,"CC1(CC2=C(C1)N(C=N2)C)C.CC |$;;;;;;Y6;;;;;;R1$,m:11:6.4.3.8.7|"
1622,1622,"CN1C[C@@H]2CC1CO2.CNS(N)=O |$;;;;;;;;;;;;$,m:8:1.2.3.4.5|"
1623,1623,"CC1C2CC3CC1C(N(C2)C3(C)C)N.CONO.CC.COC(=O)ON(C)C |$;;;;;;;;;;;;B;E;;;;;;R5;;;;;;;;$,m:14:1.6.5.4.3.2,m:18:1.6.7.8.9.2,m:20:5.6.7.8.10.4|"
1624,1624,CCN(C)CC(C)(C)N(C)C |$;U1;;;;;;;;;$|
1625,1625,"C1C2COCC1N2C3=CC=NN3.CC.CSC(C)(C)N |$;W;;;;;;;;;;;;R;;;;;;$,m:12:0.5.6.1,m:14:2.3.4.5.0.1,Sg:n:2:M:ht|"
1626,1626,"CN1CCC[C@@H]1N2CCC[C@H]2CO.CC.CC(C)=NN=C(C)C |$;;;;;;;;;;;;D;;L49;;;;;;;;$,m:13:1.2.3.4.5,m:15:7.6.10.9.8|"
1627,1627,CN(C)C1=C(C=NC=C1)SC |$Q;;;;;;J;;;;$|
1628,1628,"CN1C=CC2=C(C1=N)C=NC=C2.CNNC(=S)NC.CC |$T7;;;;;;;;K;;;;;;;;;;;;U$,m:12:1.6.5.4.3.2,m:19:8.9.10.11.4.5|"
1629,1629,CC(C)C(=O)N(C[CH2-])C[CH2-] |$;;;Y;X7;;;Q4;;$|
1630,1630,"CN1C2CCC1C=CC=C2.CC(=O)NS |$;;;;;;;;;;;;;;$,m:10:6.5.1.2.9.8.7|"
1631,1631,"CCCN(C)CC(=C)C |$;U9;;;;T4;A;;$,Sg:n:6:N:ht|"
1632,1632,"CN(C1CC1)C(CN)C2=CC=CC=C2.CC |$;;;;;;;;;;;;;;;Y$,m:14:3.2.4|"
1633,1633,"C1=CC=C(C=C1)N(C(Cl)Cl)C(=O)Cl.CC(=O)SN=[N+]=[N-] |$;Y1;;;;;;;;;;;;;;;;;;$,m:13:0.5.4.3.2.1|"
1634,1634,"CC(N)N1CCNCC1CC=C |$;;;;;;;;;;;$,Sg:n:11:I:ht|"
1635,1635,"CC(C(=S)N)N1CCOCC1C(=O)N.CC |$;;;;;;;;;;;;;J;;V$,m:14:5.10.9.8.7.6|"
1636,1636,C1=CN(C(=C1)C2=CC=CN2CO)CO |$;;;;;;;;;;;K9;G5;$|
1637,1637,"CC1COCCN1CC2(CC2)CCN.CC=NN=C(C)SC |$;;;;;;Q;;;;;;;;;;;;;;;$,m:14:9.8.10,Sg:n:7:Z:ht,Sg:n:6:P:ht,Sg:n:11,12:h:ht|"
1638,1638,"CC[N+]12CN3CN(C1)CN(C3)C2.CC |$;;;;D;;;;;;;;;R7$,m:12:7.2.11.9.8.6|"
1639,1639,"CN1CCS(=N)C2=CC=CC=C2C1.CNS(=O)OC |$;;;;;;;;;;;;;;;;;;$,m:13:7.8.9.10.11.6|"
1640,1640,"CN1CC2C(C1)C2F.CC |$;A7;;;;;;;;R3$,m:8:6.4.3,Sg:n:4:T:ht|"
1641,1641,"COC(=O)N1COCC1CC=O.CC |$;;;;;;;T0;;;;K;;R$,m:12:4.5.6.7.8,Sg:n:6:I:ht|"
1642,1642,"C1=C(N2C(=CSC2=N1)C(=O)O)Cl.COC(O)OC |$;;;;;;B5;Q6;;;;;;;;;;$,m:12:3.2.6.5.4|"
1643,1643,"CCCN1C=CN=C1Cl.CC(=O)C(C)=S |$;;;;;;M8;;;;;;;;$,m:9:3.4.5.6.7,Sg:n:1,2:N:ht|"
1644,1644,CN(C)C(C(N)(N(C)C)N(C)C)(N)N(C)C |$;;;;;;;;A9;;;;;;;U2$|
1645,1645,"CC(C)N(C1CC1)C(C)(C)C.CC |$;;;;;;;;;;;;R83$,m:11:4.5.6|"
1646,1646,CN1C(=O)C(CNC1=O)(C(F)(F)F)Br |$T;;;;;;;;;K9;;;;$|
1647,1647,"CN1C[C@H]2C[C@@H](C1)O2.CC.CNC(=N)NC |$;;;;;;;;;R;;;;;;$,m:8:4.5.7.3,m:10:1.6.5.7.3.2|"
1648,1648,CC(C)(CN1C=CC=NC1=O)N |$;;;;;;;B0;;;;$|
1649,1649,"CN1CCC2(C1)CSC2.CN=C(N=C(C)C)OC |$;;;;;;;;;;;;;;;;;$,m:9:1.2.3.4.5,Sg:n:5:m:ht,Sg:n:3:D:ht|"
1650,1650,"CN1CC2C[C@]1(CN2C=O)N.CN=CN(C)C.CC |$;;;;;;;;;;;;;;;;;;G10$,m:11:1.2.3.4.5,m:17:4.3.7.6.5|"
1651,1651,"CCC1=CN(C(=S)CC1)CC |$B7;W;;;;;;;;;$,Sg:n:3:T:ht,Sg:n:10:M:ht|"
1652,1652,"C1=CN(C(=N1)I)CCO.CC |$Y;;;;;;;;Q;;R$,m:9:0.1.2.3.4,Sg:n:6,7:K:ht|"
1653,1653,"C1CN2CC=CC=C2CN1.CC.CC |$;;;;;;;;;Q8;;R;;Q$,m:10:0.9.8.7.2.1,m:12:3.4.5.6.7.2,Sg:n:4:z:ht|"
1654,1654,"CN(C)CC(C1CC1)(C2=CC=CS2)O.CC |$;;;;;;;;;J8;W4;;;;;R70$,m:14:9.8.12.11.10|"
1655,1655,CC(C)C(C)N1C(=O)CCC1=O |$;;;;X;;;;;;;$|
1656,1656,CN(C)C(=O)N(C)N=O |$;;;;;D4;;;Y1$|
1657,1657,"CC(CN(C)C(=N)N)OC(=O)C |$;;;;;;;;;;;$,Sg:n:9:G:ht|"
1658,1658,"C1CN(C1)[C@H]2CCNC[C@@H]2CO.CNN(C)C(N)=S |$;;;;;;;;;;A;;;;;;;;$,m:12:0.3.2.1|"
1659,1659,"COC1=NC2=CC=CC=C2N3C1=NN=C3.CC |$Z;;;;;;;;;;M;;;;;;R62$,m:15:5.6.7.8.9.4,Sg:n:5:Z:ht|"
1660,1660,"CN1CC([C@H]2[C@H]1C2)OC.COOC |$;Q9;;;;;;;;;;;$,m:9:1.2.3.4.5|"
1661,1661,CCN1C(CC(=O)C(C1C)C)C |$;;;;;;;;;;Q;$|
1662,1662,"CC(C=C)C(C1CCCN1C)OC |$;M3;;;;U6;;;M;;;;$,Sg:n:0:z:ht|"
1663,1663,"C1C[C@@H](N(C1)C2=CC(=NC=N2)Cl)C(=O)N.CNNC |$;B5;;J;;;;;;;;;E;;G;;;;$,m:15:0.1.2.3.4,Sg:n:4:z:ht|"
1664,1664,"C1C=CC=C2N1C(=O)CN2.CN=NC(C)=S |$;;;W;D;;;;;;;;;;;$,m:10:0.5.4.3.2.1,Sg:n:1:i:ht|"
1665,1665,"C1=CN2C=C(C=CC2=C1)S.CC.CC |$;;B6;;;;U;;;Q1;;Z72;;E47$,m:10:0.1.2.7.8,m:12:3.4.5.6.7.2|"
1666,1666,CCCN(CC)C(=O)C(=O)[O-] |$A7;L8;;;;;;Q6;;;$|
1667,1667,"CCC1(CCCN1C(=O)[O-])CC.CN(C)C(N)=S |$;;;;L;;;;;;;;;;;;;$,m:12:2.3.4.5.6,Sg:n:4:t:ht|"
1668,1668,"C1=CC2=CC=CN3C2(C=C1)C=CC=C3.CC |$;;;;;;;;;;;;;E;;R$,m:14:3.4.5.6.7.2|"
1669,1669,"CC(C)C1CNC(=O)CN1CC(C)N.CC=NSC |$;;;;;;T;;;;;;;Z;;;;;$,m:14:3.9.8.6.5.4|"
1670,1670,"CC1=C(N2C=NC=C2S1)N=[N+]=[N-].CC.CC |$;;;D3;;;;;;;Y9;;;J;;M$,m:12:1.2.3.7.8,m:14:4.3.7.6.5|"
1671,1671,"C1CCN(C1)C2CCOCC2.CC.CC |$;X5;;;;;;;;;;;L51;;R$,m:11:0.1.2.3.4,m:13:6.7.8.9.10.5|"
1672,1672,"C1CN2CCN1[C@H]([C@@H]2F)F.CC.CC(=O)N=C(C)C.CC |$;;;;;;;;;;;M;;;;;;;;;R3$,m:10:0.5.4.3.2.1,m:12:0.5.6.7.2.1,m:19:3.4.5.6.7.2|"
1673,1673,C1=CN2[C@@H]([C@H]([C@@H]([C@@H](C2=N1)O)O)O)CO |$;;;Q;;;;;;;;;;$|
1674,1674,"C1CN2C(=CC1=O)COC2=O.CC |$;;;;;;Z0;;L;;;;R9$,m:11:7.3.2.9.8|"
1675,1675,"CC1=CC(=O)N(C2=C1C=CC=C2OC)C.CC=P(C)(C)C.CC |$;;;;;;;;;;;;;;;;;;;;;;R$,m:15:1.7.6.5.3.2,m:21:8.9.10.11.6.7|"
1676,1676,CN(C)C(=O)S |$B5;;;;;$|
1677,1677,"C1CN2[C@H]1[C@H]([C@@H]([C@H](C2)O)O)O.CC |$;;;;;;;;;;;;X$,m:11:4.5.6.7.2.3,Sg:n:8:o:ht,Sg:n:10:f:ht|"
1678,1678,"CC(=O)N(C)C1CC=CC2=C1C=CCC2.CC.CC |$;;;;;U9;;;;;;;;;;;L19;;A34$,m:15:5.10.9.8.7.6,m:17:11.12.13.14.9.10,Sg:n:4:D:ht|"
1679,1679,"CC[C@@H]1CC(CN1C(C)C)F.CS(C)=N |$M;;;;;;;;;;;;;;$,m:11:2.3.4.5.6|"
1680,1680,C1=CNC(=O)N(C1=O)C(F)(F)F |$;T;;;;U8;;;;;;$|
1681,1681,"CN(C)C(=O)N1CN=CC=C1.C=NN=C(C)OC |$;;;;;L5;;;;;;;;;;;;$,m:11:5.10.9.8.7.6,Sg:n:2:J:ht|"
1682,1682,"CC1N=NC(=O)N1C.CN(C)ON(C)C |$;;E6;;;;;;;;;;;;$,m:8:1.2.3.4.6|"
1683,1683,"C1=CC=C2C(=C1)C(=CN2C(=O)N)N.CC |$;;;;;;;;;;T;;;;R3$,m:13:0.5.4.3.2.1|"
1684,1684,"CN1C(=NC(=NC1=S)OC)OC.CC |$;;;;;;;V;;;;;;J$,m:12:1.6.5.4.3.2|"
1685,1685,"CC1CC2C3(CN2)CN3C1.CC.CC |$;;;;;V;;;;;;Z55;;Y91$,m:10:5.6.3.4,m:12:7.4.8,Sg:n:8:I:ht,Sg:n:2:t:ht|"
1686,1686,"CC1(CCCC1=O)N(C)C.CC |$J;;;;;;;;;;;R$,m:10:1.2.3.4.5,Sg:n:7:f:ht,Sg:n:8:z:ht|"
1687,1687,CC1(CC(CC=[NH+]1)N(C)C)C |$;;;;;;;;G5;;$|
1688,1688,CCC(C)(C(=O)O)N1C=CC=C1 |$Z;;;;;;;K;;U;;$|
1689,1689,"CC(C)N1CCSCC1CC(=O)O |$;;;;;;;;;A2;D6;;$,Sg:n:2:f:ht|"
1690,1690,CN(C)CC1(CCCSC1)O |$;;;;;;;;;;X7$|
1691,1691,"CCC(C)N1CCCC(C1C)Br.CNC(=O)NS(C)(=O)=O |$;;G5;;;A8;;;;;;Z9;;;;;;;;;$,m:12:4.9.8.7.6.5|"
1692,1692,"C1=CN2C(=C(OC2=N1)O)N.COP(=S)(S)OC |$;;;;;;;;Q3;;;;;;;;$,m:10:0.1.2.6.7|"
1693,1693,"CC1CC2(C(C1C)C)C(N2C)C.CC |$;;K8;;;L;;;;;;U6;;Q$,m:12:8.3.9|"
1694,1694,C1=CC2=NN=CN2C3=NC=CN=C31 |$;;;;;;;;;;;D8;Q3$|
1695,1695,"C[C@]1(CCN2C1=CC=C2)C=C.CSC=N |$;;;;;;;;;;;;;;$,m:11:6.5.4.8.7|"
1696,1696,"CC1=C(N2C=CC=CC2=N1)N.CC |$;G6;;;;;L;;;;;;R$,m:11:4.5.6.7.8.3|"
1697,1697,"C[C@H](CC[C@@H](C)N)C(N(C)C)O |$;;Z;;E1;;;;;;;$,Sg:n:2,3:h:ht|"
1698,1698,"C[C@@H](C1=CC=CC=C1)N(C)C(=O)O.CNS(=O)(=O)N=C(C)C |$;;;;L3;;;;;;;;;;;;;;;;;$,m:13:2.7.6.5.4.3|"
1699,1699,C1C=CN2C(=O)C[C@]2(S1)N |$;;;;;;;;M4;$|
1700,1700,"CCC(CN(C)C)C(CS(=O)(=O)C)CI |$E;;;;;;;;;;;;;;$,Sg:n:12:E:ht|"
1701,1701,"CC(C)N1CC[N-]CC1.CC |$;;K3;;;J;;;;;T$,m:9:3.8.7.6.5.4|"
1702,1702,"CC1=CN(C2=NC=CC(=C12)Cl)C.CC.CC |$E4;;;;;;M9;;;;;;;R0;;J1$,m:12:1.2.3.4.9,m:14:5.6.7.8.9.4|"
1703,1703,"C[C@@H]1[C@H]2C(=O)NC(N2CCN1)(C)C |$;;;;;;;;;;;;J9$,Sg:n:12:Z:ht|"
1704,1704,"CN1CCC[C@@H](C1=O)N |$;Q;;;;;;;$,Sg:n:1:y:ht|"
1705,1705,"CC1C(=O)N(C2=CC=CC=C2O1)CN.CC |$;;;;;;;;;D3;;;;;;R27$,m:14:1.11.10.5.4.2|"
1706,1706,"CC1CCC2(S1)CN3CCC2CC3.CC.CC |$;;;;;;;;;;;;;;R;;R49$,m:13:6.7.8.9.10.4,m:15:8.9.10.11.12.7,Sg:n:7:a:ht|"
1707,1707,"CN(C1C=CON1O)C(=O)O.CS(=N)N |$;;;;;;;;;;;;;;$,m:11:2.3.4.5.6|"
1708,1708,"C[C@@H]1CC[C@H](N2[C@H]1CCC2=O)CO.COS(=O)(=O)OC |$;;;;;;;;;;;;;;;;;;;$,m:13:7.6.5.9.8|"
1709,1709,"C1CCN(C(C1)C2=CC=CO2)C=O.CC |$;;Y3;A2;;;;;;;;Y;;;R74$,m:13:7.6.10.9.8|"
1710,1710,"CN1CCCCC1C2=C(SC=N2)C(=O)O.CC |$;;;;;W3;L;;L;;W;;;;;;Q14$,m:15:8.7.11.10.9|"
1711,1711,"C[N+]1=CN2C=CC=C2[N-]1.CC=NOC(=O)NC.CN=[N+](C)[O-] |$;;;;G;;;;;;;;;;;;;;;;;$,m:9:1.2.3.7.8,m:17:4.3.7.6.5|"
1712,1712,"CCN(CC)CC1(CC1)CBr |$;;;;;;;;;;$,Sg:n:9:k:ht,Sg:n:8:t:ht|"
1713,1713,CCC(C(=O)O)N1CCCCC1=O |$G7;W0;;;;;G1;;;;;K;$|
1714,1714,"C1CCN2C(=C(N=C2C3CC3)Cl)C1.CC=NOC.CC.CC(C)=NC=N |$;;;;K;V;;;;;;;;;;;;;;X;;;;;;$,m:13:0.12.4.3.2.1,m:18:5.4.3.7.6,m:20:9.8.10,Sg:n:10:Z:ht,Sg:n:4:G:ht|"
1715,1715,"CC(C)(C)C1CC(=O)N(C1O)C.CC |$;;;;;J5;;;;;;;;T$,m:12:4.5.6.8.9|"
1716,1716,"CC1=CN2CCOCC2=N1.CC |$;;;;;;;;;U0;;R43$,m:10:1.2.3.8.9|"
1717,1717,"CN(CCC=C)C(=O)C(F)(F)F |$;;;;;;;;;;;$,Sg:n:2,3:I:ht|"
1718,1718,CCC1=NC=CN1C[C@@H](C)C(=O)O |$W;;;;;;;;;;;;$|
1719,1719,"C[C@@H]1CC[C@H](CN1C)N.CC |$;;;;;Z3;W;;;;R$,m:9:1.6.5.4.3.2|"
1720,1720,"CN1CC2C=NNC2(C1=O)C(=O)N.CC |$;;;;;;;;;;;;;;E$,m:13:4.3.7.6.5|"
1721,1721,"CC1CN(C1C2CN3C2C3)C.CC |$;;;;;;;;;;;;T$,m:11:9.8.7|"
1722,1722,"CC1=CC=CC=C1C2=NN=CN2C3CC3.COP(OC)OC |$;;;;;;;;;;;;;Z4;;;;;;;;$,m:15:1.6.5.4.3.2|"
1723,1723,"CCC(=O)C(C)N(C)CC(C)C |$;;;;;;;;;;;$,Sg:n:0:A:ht|"
1724,1724,"CNC1=C(NC(=O)C=N1)C(=O)N(C)C.CC=NNS(C)(=O)=O |$;;;;;;;;;K;;;;;;;;;;;;$,m:14:2.8.7.5.4.3|"
1725,1725,C=CC1=CN2C(CC2=O)SC1 |$;;;;;;G2;;;;$|
1726,1726,"CN1CC2=C(C1=O)SC=C2.CSC(=S)N(C)N(C)C.CC |$E1;;;;;;;;;;;;;;;;;;;;V55$,m:10:1.2.3.4.5,m:19:7.4.3.9.8|"
1727,1727,"CCN1CC2CCNC[C@H]1C2.CC |$;;;;;;;;;;;;R4$,m:11:2.3.4.10.9|"
1728,1728,CC(=C(C(=N)C(Cl)(Cl)Cl)C(=O)N(C)C)O |$;;;;;Q8;;;;;;;;;$|
1729,1729,"CC(CN1CCCCC1CN)N |$;;;;;;;;;;;$,Sg:n:10:e:ht|"
1730,1730,"C(CO)N(C(=O)N)C(=O)N |$;;;;;;D;;;$,Sg:n:1,0:l:ht|"
1731,1731,"CC1=C2C(=C(C=C1)OC)N(CCS2)C.CC(C)=C=O |$;;;;;;;E9;;A;;;;;;;;;$,m:14:1.6.5.4.3.2,Sg:n:4:z:ht,Sg:n:3:Q:ht|"
1732,1732,CC(=O)C(C(=O)O)(N(C(=O)C)C(=O)C)S |$;;;;;;;;;;;;D1;;Y5$|
1733,1733,"C1CCN(C1)C2(CC2)C=O.CN=CN(C)C=NC |$;;;;;;;;;;;;;;;;;$,m:10:6.5.7,Sg:n:9:l:ht|"
1734,1734,"CC1=C(N2[C@@H](CC2=O)SC1(C)N)C(=O)O.CNOS(C)(=O)=O |$E0;;;;;;Y0;;;;;;;;;;;;;;;$,m:15:1.9.8.4.3.2|"
1735,1735,"CC(C#C)N(C)CC1=CC=CS1.CC |$;;;;;L5;;B0;;J3;;;;R$,m:12:7.8.9.10.11|"
1736,1736,"CCN(C)C1=NNCN1C |$;;;;;;;;;$,Sg:n:9:R:ht|"
1737,1737,"CC(=O)N(CC(=O)O)CC(=O)O |$;;;;;Z;;;;;;$,Sg:n:8:O:ht|"
1738,1738,"CCNC(=O)N(C)C(=N)SCC |$;;;T0;;;;;;;;$,Sg:n:6:T:ht|"
1739,1739,"CCCC1(CCCCN1C)CC(C)C |$;;;;E3;;;;;;E1;;Z6;$,Sg:n:12:Y:ht,Sg:n:1,2:H:ht|"
1740,1740,CCC(CC)(N=[N+]=[N-])N(C)C |$;;;Q;;;;;;;$|
1741,1741,"CC1CCCC1N2C(=NN=C2Cl)C |$;;;;;G8;J2;;M;;;;$,Sg:n:4:Y:ht|"
1742,1742,"CN1CCCNC(C1)N.CC |$;;;;;B;;;T6;;Y$,m:9:1.2.3.4.5.6.7,Sg:n:1:t:ht|"
1743,1743,"CN1C=C[N+](=C1C(=[Se])[Se]C)C.CC |$;;;;;G;;;;;;;X7$,m:11:1.2.3.4.5|"
1744,1744,"COC1CC2CCC(C1)N2C(=O)OC |$;;;;;;Q;X;;;;;;$,Sg:n:3:a:ht|"
1745,1745,"CN1C=CC(=C1I)F.CN=C(NC)N(C)NC |$;;;;;;;;;;;;;;;;$,m:8:1.2.3.4.5|"
1746,1746,"CN1CCC(C1)(CC(=O)O)C2CC2.CC |$;;;;;K7;Q5;X;;;;;E;;Q$,m:13:1.2.3.4.5|"
1747,1747,CC(C)C(C)(C(=O)N)N(C)C |$;K;;;;;;;;Y1;$|
1748,1748,"C[C@H]1CN[C@H](CN1CC(C)C)C.CN=C(N)OC |$;;;;;;;;;;;;;;;;;$,m:12:1.6.5.4.3.2|"
1749,1749,"C1CN2CC1C(C2)(CCN)O.CSC(C)(C)S.CC(N)C=N |$;;;;;T;;;;;;;;;;;;;;;;$,m:11:0.1.2.3.4,m:17:3.2.6.5.4,Sg:n:8:s:ht,Sg:n:7,8:L:ht|"
1750,1750,CC(C)CN(CO)C(=O)O |$;;;;;;;T9;G;J$|
1751,1751,CC1=C(N(C=C1)C(C)(C)C)OC |$;;;D;;;;;;;;$|
1752,1752,"CC1=CC=CN2C1=NC(=C2C(C)C)CN.CC |$;;;;;;;;;;;;;;;;R$,m:15:1.6.5.4.3.2|"
1753,1753,"CC1=C(C=CN1)N2CCNCC2.CN=C(OC)OC |$G;;K3;;;;;;;;;;;;;;;;$,m:12:1.2.3.4.5|"
1754,1754,"CN(C)C1=C2C=NOC2=NC=N1.CC |$;;;;;;;;;;;;;R$,m:12:3.11.10.9.8.4|"
1755,1755,"CC1CCN(C1C(CO)O)C(=O)O.CC=NOC |$;;;;;;;;;Z1;L9;;;;;;;$,m:13:1.2.3.4.5|"
1756,1756,CC1[NH+](CCN1C(C)(C)C)C |$;;;G9;;;;;;;$|
1757,1757,"CN(C)C=C(C#N)C(C(F)(F)F)(NN)O |$;;;;;;M;;;;;;;;$,Sg:n:8:N:ht|"
1758,1758,"CN(C)C(=O)N1C=CC=CC1C(=O)O.CC |$;;M8;;;;Q7;;;;;;;;;R7$,m:14:5.10.9.8.7.6|"
1759,1759,"CC1[C@@H]2N(C1=O)C(C=C(S2)C)C(=O)O.CC(=O)C#N.COC(OC)OC |$;;;J8;;;;J;;;;D8;;;;;;;;;;;;;;$,m:14:1.4.3.2,m:19:6.7.8.9.2.3|"
1760,1760,CC(C)(C)C(CN)N1CCCCC1 |$;;;;;;Q;;;;;;$|
1761,1761,"CCC(CC)N(CCOC)C(=O)C(C)(C)NC |$;;;Y;;;;;;;;;;;;;$,Sg:n:6,7:i:ht|"
1762,1762,"CC(C)(C)OC(=O)N(C)C[C@@H]1CO1.CC |$;;;;;;;;;;;;;;R$,m:13:10.11.12|"
1763,1763,"CN1CCC2=C(C1=O)C=NC=C2.CC |$;;;;;;;L0;;;;;;R85$,m:12:8.9.10.11.4.5|"
1764,1764,"CCN(C)C1=CCCCN1.CSC(C)SC |$;;;;;;;;;G;;;;;;$,m:10:4.9.8.7.6.5|"
1765,1765,"CC(C)(C)C1CC(N(C1)C)CN |$;;;;;E9;;;;;;$,Sg:n:11:K:ht|"
1766,1766,"C1=CN2C=CS(=O)(=O)C2=C1.CC |$;W;;;;K;;;;;;R$,m:10:3.2.8.5.4|"
1767,1767,"CN1C=C2CCCC(C2=C1)(C(=O)O)N.CC |$B;;;;;;Y;;;V6;;;;;;R46$,m:14:4.5.6.7.8.3|"
1768,1768,"CN1C=CC=CC1C(=O)NN.CC=NN=C(C)NC |$;;K1;;;;;;;;;;;;;;;;$,m:11:1.6.5.4.3.2|"
1769,1769,"CCN(CC)C1=CC(=CC(=C1)C)Br.CC |$W;;;;;;Y0;;;;;Y7;;;E1$,m:13:5.10.9.8.7.6|"
1770,1770,"CC1([C@@H]2CC[C@@]1(C(=O)C2)C(=O)N(C)C)C.CC |$;;;;;;;X;;;;;;;;;U$,m:15:1.2.8.6.5|"
1771,1771,"CC1(COCC(N1CO)(C)C)C.CC(=O)C=N |$;;;;;;;;;;;;;;;;$,m:12:1.6.5.4.3.2|"
1772,1772,"C[C@H]1CCCN1C2=CC=NN2.COC(=O)C(=O)O |$;J;;;;Z9;;;;;;;;;;;;$,m:11:1.2.3.4.5|"
1773,1773,"C1CN2[C@@H](CN1)C(=O)NCC2=O.CNN(C)C(=O)SC |$;;;;;;;;;;;;;;;;;;;$,m:12:0.5.4.3.2.1|"
1774,1774,"CCC(C)N1C(=NNC1=O)N |$;;;;;;;;;;$,Sg:n:2:T:ht|"
1775,1775,CC(CN1CCCCC1CO)CCl |$G;Q;;;;;;;;;T;;$|
1776,1776,"C1CC(=O)N(C(=O)C1)C(C2CC2)C(=S)N.CNC(=S)NN(C)C |$;D;;;;;B5;;Y3;;;;;;;;;;;;;;$,m:15:0.7.5.4.2.1|"
1777,1777,"CCN(C)C(C)C1=CC=CC=C1.CNC(=O)C(C)O |$;;;;;;;;;D5;;;;;;;;;$,m:12:6.11.10.9.8.7,Sg:n:7:k:ht|"
1778,1778,"CN1CCCC1CC#C.CN(C)N=[N+]=[N-] |$;;X;;;Q9;;;;;;;;;$,m:9:1.2.3.4.5,Sg:n:1:B:ht|"
1779,1779,"CC(=O)CCN1CC1 |$;;;;;;;$,Sg:n:3,4:a:ht|"
1780,1780,CN(C)C1=CC(=C(N=C1)N)Cl |$;T;;;;;;;;;$|
1781,1781,"CC1=CC2=C(C=C1F)C(=CN2C)C.CN=C(OC)N(C)NC.CC |$;K4;;;;;;;T4;;;;;;;;;;;;;;;W$,m:13:1.6.5.4.3.2,m:22:8.4.3.10.9|"
1782,1782,C[C@H]1[C@H](C(=O)N(C1=O)C)C(C)(C)C |$;;;;;;;;;;;G9;$|
1783,1783,"CC(C)N(C)C(=C)C1(CC1)C.CC |$;;;;K;;;;;;;;R23$,m:11:7.8.9|"
1784,1784,"CCCC(C)N(C)C(=O)C(C)N |$;;;Y3;;;;B;;;;$,Sg:n:10:G:ht,Sg:n:1,2:m:ht|"
1785,1785,CC1COCCN1CC(C)C#N |$;;;;;;;;;;Q6;$|
1786,1786,"CN1CC(=CC=C1)S(=O)(=O)OC.CN=C(NC)N(C)N |$;;;;;;;;;;;;;;;;;;;$,m:12:1.6.5.4.3.2|"
1787,1787,"CCN1CCNC(C1)O.CC |$;;;;;;;;;;R4$,m:9:2.7.6.5.4.3,Sg:n:3:j:ht|"
1788,1788,"CCN(C1=C(C=NC=C1)CN)C(C)C |$L;;;;;;;V8;;;;M;;$,Sg:n:13:N:ht|"
1789,1789,"CN1CC(OC1O)CS.CSSSC |$;;;;;;E7;;;;;;;$,m:9:1.2.3.4.5,Sg:n:4:Z:ht|"
1790,1790,CN1C=C(C=CC1=O)C(=O)O |$;;;;;;;;B;;$|
1791,1791,CCN(C)CC(C)(C)CS |$;;U;;;;;;;$|
1792,1792,"CC(C)(C(=O)N1CC=CC1)Br.CC |$;;;;;;;;;;Q2;;R5$,m:11:5.6.7.8.9|"
1793,1793,"CC(C)C1C=CC=CN1C(=O)OC.CC |$;;;;;;;;;;V;;;;R$,m:13:3.8.7.6.5.4|"
1794,1794,"CC(C)N(C)C(=NC1CC1)N.CC=C=S |$;;;;;;;X1;;;;;;;$,m:11:7.8.9|"
1795,1795,"CC1=C(C(=CC=C1)N(C)C)C(=O)NC.CN(C)OS |$;;;;;;;;;;;;;;;;;;$,m:14:1.6.5.4.3.2|"
1796,1796,"CCCN(C)C(C)C(C1=CC=CC=C1)O.CC |$;U;;;;;;;;J6;;;;Y2;;;R82$,m:15:8.13.12.11.10.9,Sg:n:1,2:G:ht|"
1797,1797,CC1(C(=O)N(C(=O)N1)C)C |$;U;;;;;;;;$|
1798,1798,"CC1CC2C=CC=NC2N1C.CC |$;;;;;;;;;;;;K7$,m:11:1.2.3.8.9|"
1799,1799,"CN1CCC2CCOC2C1.CNP(C)NC.CC=NOC(=O)NC |$;;;;;X;;;;L;;;;;;;;;;;;;;$,m:10:1.9.8.4.3.2,m:16:5.4.8.7.6|"
1800,1800,"CC(C)(CCl)N(C)C1=NN=CC=C1.CSSS |$X;;;;;;;;B6;V;K6;;;;;;$,m:13:7.12.11.10.9.8|"
1801,1801,"CC1(C(N2C=NN=C2S1)N=O)C.CC.CC |$;;;;Z;;;;;;;;;R;;V4$,m:12:1.2.3.7.8,m:14:4.3.7.6.5|"
1802,1802,"CCC(=O)C(C)CN1CCCC1 |$;;;;;;;;;W3;;$,Sg:n:10:E:ht|"
1803,1803,"C1=CN(C(=N1)CCF)C(=O)[O-] |$;;;;;;;;;B2;$,Sg:n:5,6:r:ht|"
1804,1804,"CC1=C(C=C2N1C=CS2)O.CC |$;;L;;;;;;;;;R$,m:10:1.2.3.4.5|"
1805,1805,C[C@H]1CN([C@H](CO1)C)C(=O)C |$;Q3;;;;;J8;B5;;;$|
1806,1806,CCN(C)C1=CC=CC=C1C(F)(F)F |$;;;;;;;;;;;;U;$|
1807,1807,CC(C)N1CCSCC1C(=O)O |$;;;;U6;;;;;;;E$|
1808,1808,"CC(C)N1CN2C=CN=C2C1=O.CN=NC(N)=S.CC=NC(=NC)OC |$;;;E9;;;;;;;;;;;;;;;;;;;;;;$,m:12:3.4.5.9.10,m:18:6.5.9.8.7,Sg:n:0:K:ht|"
1809,1809,"CC12CC(C1)(N2C)C.CC.CC.CN(C)C(=O)N(C)S(C)(=O)=O |$;;;;;;W;M;;Z7;;K90;;;;;;;;;;;$,m:8:2.3.4.1,m:10:2.3.5.1,m:12:4.1.5.3|"
1810,1810,"CCN(C)CC(CF)O |$;;;;;;;;$,Sg:n:4:a:ht|"
1811,1811,"CCN1CCC(C1)(C)C=C.CC |$;;;;;;;;;;;R$,m:10:2.3.4.5.6,Sg:n:1:D:ht|"
1812,1812,"CC1(CCNC1)N2CCNC2=O.CC |$;;;;;;;A2;M3;;;;;G97$,m:12:2.1.5.4.3,Sg:n:5:r:ht,Sg:n:4:E:ht,Sg:n:10:W:ht|"
1813,1813,"CCN1CC2(CCCNC2)NC1=O.COC(=S)S.CC |$;;;;Z9;;Y;;;A;Z;K;;;;;;;;M24$,m:13:2.3.4.10.11,m:18:5.6.7.8.9.4,Sg:n:4:D:ht|"
1814,1814,"CCCC(=N)N(C)C |$;B2;;;;;;V$,Sg:n:1,2:K:ht|"
1815,1815,"CCC1=C(N2[C@@H](S1)CC2=O)C(=O)[O-].CC.CC |$;;;;;;X;;;;;;;;R41;;T$,m:13:2.3.4.5.6,m:15:7.8.4.5|"
1816,1816,"CC(C1CCCCN1CC(=O)O)O.CN=NC(=NC)NC |$G;;J3;;;;;;;;;;;;;;;;;;$,m:13:2.7.6.5.4.3|"
1817,1817,CCC(C)N(C(C)(C)O)C(C)(C)O |$;;L;;;;;;;;;;$|
1818,1818,"CC1=CC(=O)C(N(C1)C)(C)C.CC=C=NC |$;;;;;Y1;;;;;;;;;;$,m:11:1.7.6.5.3.2|"
1819,1819,"CC1=CC=CC=C1CN(C)CO |$;;;;;;;E;;;;$,Sg:n:3:k:ht|"
1820,1820,CN1C=CC2=C1NC(C=C2)Cl |$;W0;;;;;;;;;$|
1821,1821,"C1C2(CN3CN1CN(C2)C3)N=[N+]=[N-].CNC(=O)ON(C)C.CC(C)=NC(=O)O |$;;;;U;;;;;;;;L;;;;;;;;;;;;;;;$,m:13:0.5.6.7.8.1,m:21:4.5.6.7.9.3,Sg:n:7:B:ht|"
1822,1822,"CC(C)C1=CN2CNC(=O)C2=C1.COP(=O)(OC)N(C)C |$;;;;;;;;;;;;;;;;;;;;$,m:12:6.5.10.8.7|"
1823,1823,"C1CC2C#CN2C1.COC(=O)N(C)N=C(C)C |$;;;;;;;;;;;;;;;;$,m:7:0.1.2.5.6|"
1824,1824,"CN1CCO[C@@H]2[C@@H]1CNCC2 |$;;;;;;;;;;$,Sg:n:3:v:ht|"
1825,1825,"CC(C)N1CC(=CC2=CC=CC=C21)N.C=NS(C)(=O)=O |$;Y;;;;;;;;;;;;;;;;;;$,m:14:3.12.7.6.5.4|"
1826,1826,"CN=C1NC(=NC(N1CCl)F)N.C[N+](C)=[N-] |$L;;;K;;;;D0;;L8;;B0;;;;$,m:12:2.7.6.5.4.3|"
1827,1827,"CN(C)C1=C(N=C(N=C1N)N)N.CNC=N |$;;;;;;Y;;W1;;;;;;;$,m:12:3.8.7.6.5.4|"
1828,1828,"CC1CNC(CN1CC#C)(C)C.CC |$;;;;;;;;;;;;;Q$,m:12:1.6.5.4.3.2,Sg:n:5:s:ht|"
1829,1829,CN(C)CC1(COC1)CN(C)C |$D2;D2;;;G;;;;;;;$|
1830,1830,"CCN1CC(CCC1C(=O)O)(C)C.COC(=O)N(C)N=C(C)C |$;;;;;;E;Q7;;;;;;;;;;;;;;;$,m:13:2.7.6.5.4.3,Sg:n:5:V:ht|"
1831,1831,"CC1(C2=CN=CC(=C2N(C1=O)C)Cl)C.CC |$;;;K;Q5;Z8;;;Z0;;;;;;;K7$,m:14:1.2.7.8.9|"
1832,1832,"C1CC1N2C(=NCC23CCOCC3)N.CC |$;T;;;;;;;;;;;;;;Q2$,m:14:8.9.10.11.12.7,Sg:n:13:f:ht|"
1833,1833,"C1[C@@H](OC[C@H]2N1CSC2)CCl.CC |$;;;;;T;;;;;;;U5$,m:11:0.5.4.3.2.1,Sg:n:0:l:ht|"
1834,1834,"C1CSCC2=NC=C(N21)C=O |$;;;E;;;;;M;;$,Sg:n:4:C:ht,Sg:n:8:E:ht|"
1835,1835,"CC1=NC(=CS1)C(=O)N(C)CCO.CC |$;;;;Z8;;;;T;;;Z3;;;M$,m:13:1.2.3.4.5,Sg:n:10,11:a:ht|"
1836,1836,CN(C)C(=O)Cl |$;;Q6;;;$|
1837,1837,"CN1CCCC1C(=O)OC.CNC(=O)N=[N+]=[N-] |$;;D8;;;;J0;;;;;;;;;;$,m:10:1.2.3.4.5|"
1838,1838,"CC1C(CCN1C)C#N.CN(C)N(C)S(C)(=O)=O |$;;;;;;J7;;;;;;;;;;;$,m:9:1.2.3.4.5|"
1839,1839,"CN1C(=C)NN=C1SC |$;;;D6;;;;;$,Sg:n:6:e:ht|"
1840,1840,"C1CN(CC1=O)C2=C(SC=C2)CCN |$;;;X;;;;;;;;;;$,Sg:n:11,12:L:ht|"
1841,1841,"CCC1CN(CCN1C)C(=N)C.CC |$;;;;;;;;;;;B;;Y0$,m:12:2.7.6.5.4.3|"
1842,1842,"C=CCN(CCI)C1CC1.CC |$;;;;;;;;J;;;R03$,m:10:7.8.9,Sg:n:4,5:i:ht|"
1843,1843,"C1CCN(C1)C2C=CC=CN2N3CCCC3.CC.COS(C)=S |$T4;;;;;;;;;;;;;;;;;R61;;;;;$,m:16:6.7.8.9.10.5,m:18:12.11.15.14.13|"
1844,1844,"CCOC(C)N(C)C(C)OCC |$;;;;;A;;;A5;;;$,Sg:n:3:N:ht|"
1845,1845,"C[C@@H]1C([C@@H]2CCCN3C2C1CCC3)C.CC |$;;;;;;B2;;;;;;;;;R$,m:14:4.5.6.7.8.3,Sg:n:1:a:ht|"
1846,1846,"CN(C(=O)COC)C(=O)COC |$;;;;;;B2;;;;Z5;$,Sg:n:11:S:ht|"
1847,1847,"CN1C2=C(C=CN=N2)C(=O)N(C1=O)C.CN=CSC |$;;G5;Z8;;;;;;;;;;;;;;;$,m:14:4.5.6.7.2.3|"
1848,1848,"CN1C=C[N+](=C1N)C.CN=S=NC |$;;;W5;;;;;;;;;$,m:8:1.2.3.4.5|"
1849,1849,"CN1CC#[N+]C2=C1[N+](=CC=CC2)C.CC |$;;;;;;;;;;;;;;R11$,m:13:7.6.5.11.10.9.8|"
1850,1850,CCN(CC#N)C(=O)OC(C)(C)C |$;;;;;;;;;;;Z;K$|
1851,1851,"CN1CCSCC1 |$;;;;;;L0$,Sg:n:3:T:ht,Sg:n:6:c:ht|"
1852,1852,"CCN1C(CCC(C1C)C)C.CC |$;;A;;;;;;;;;;Y$,m:11:2.7.6.5.4.3,Sg:n:5:n:ht|"
1853,1853,"C1COC=CN1C(=O)N |$;;;;;;;;$,Sg:n:6:s:ht|"
1854,1854,C1CN2CC1C(C2)(C(=O)O)O |$;;;;;;;;;;Z$|
1855,1855,CC1=CC(=C(C(=C1)Cl)O)N2CCN=C2 |$;;;;;M2;;;;;;;;$|
1856,1856,C(C1=NNC(=S)N1C(F)(F)F)N |$;;;;;;;;;;;D$|
1857,1857,"C1CC(C2=CN=C(N2C1)N)F.CC.COP(C)N |$;;;;;;;;;;B9;;R;;;;;$,m:11:0.8.7.3.2.1,m:13:4.3.7.6.5|"
1858,1858,CN1CCNC=C1CNN |$;;;;;Y;;;;$|
1859,1859,"CC(=O)N1CC2CC(C1)NC2 |$;;;;;;;;;;$,Sg:n:4:h:ht|"
1860,1860,"CCC1CC(N(C1)C)CC |$;;;;;;;;;$,Sg:n:4:C:ht|"
1861,1861,CC(=O)N1CCNC=CC1 |$J;;;;;;;;;$|
1862,1862,"CC1=NN=C(N1C2CCCC2)C(C)CN.CS(=O)(=O)NS(C)(=O)=O |$;V7;;;;;;;;;;;;;;;;;;;;;;$,m:15:7.6.10.9.8,Sg:n:12:X:ht|"
1863,1863,"CC(CCC=N)CN(C)C |$;;;;;;;B3;;$,Sg:n:2,3:I:ht|"
1864,1864,CCN(C=O)C(C)C |$;;;;;;K0;$|
1865,1865,"COC12CCCCN(C1)CCCC2.CC.CNC(=O)ON |$;;;;;;;;;;;;;;R7;;;;;;$,m:13:3.2.8.7.6.5.4,m:15:8.7.9.10.11.12.2,Sg:n:0:L:ht|"
1866,1866,CC(=O)N1CC(OC2=C1N=CC=C2)(C)C |$;K3;;;;X;D;;;;;;;;$|
1867,1867,"CNC1CC2CCC(C1)N2C.CC(=N)N(C)C=N.CN=C(NN)N(C)C |$;;;;;;;;J;Y;;;;;;;;;;;;;;;;$,m:11:2.8.7.9.4.3,m:18:5.4.9.7.6,Sg:n:8:q:ht|"
1868,1868,CCC1C(C(=O)N(C1=O)C)C(C)C |$V;U1;;V5;;A4;;;;;;;J$|
1869,1869,"C1CN2CC(=O)CC1C2C(=O)O.CC |$Z;;;A1;;;;L9;;;;;;R01$,m:12:3.4.6.7.8.2|"
1870,1870,"CN[C@H](CO)C1=CC=CN1C.CNSOC |$;;;;;;;;;;;;;;;$,m:11:5.6.7.8.9|"
1871,1871,"CC1C(N(C2C1CCC2)C)C.CC.CC |$;;M7;;;;;;;;;;R9;;K53$,m:11:1.2.3.4.5,m:13:6.5.4.8.7|"
1872,1872,"CN1C/C=C\C=C/CSC1=C.CC=NC(C)=NNC |$M7;;;;;J;;U0;;;;;;;;;;;$,m:11:1.2.3.4.5.6.7.8.9|"
1873,1873,"CC1CCN(CN1C)C.CC |$;;;;;;;V;;;R$,m:9:1.6.5.4.3.2,Sg:n:0:W:ht|"
1874,1874,"CC1CSCC(=O)N1CC(C)N.CN=S(C)(N)=O |$;;;;;;;;;;W3;;;;;;;$,m:12:1.7.5.4.3.2|"
1875,1875,"CCN1C2=CC=CC=C2N(C1=[Se])C(F)F.CC |$;;;;;;;;;;;;;;;;L1$,m:15:4.5.6.7.8.3|"
1876,1876,"CCC1CNC(CN1C(=O)N(C)C)CC.CC |$;;;;;;;;K5;;;;;U;;;R$,m:15:2.7.6.5.4.3,Sg:n:13:O:ht|"
1877,1877,CCN(C)CC(C)(F)F |$;;;;;Z1;;;L5$|
1878,1878,"CCN1CC2(CNCC(C1)(C2O)C)C |$;;;;;;;;;;;;;$,Sg:n:13:O:ht|"
1879,1879,"CNC(=O)N1CC2CC1C2C(=O)O.CC |$;;;;G;;;;;X;;;;;R$,m:13:4.5.6.7.8|"
1880,1880,"C[C@H]1CCC2=CC=CC=C2N1C(=O)Cl.CC.CO[N+]#[C-] |$G;B;;;;;;;;;;;;;;E11;;;;$,m:14:1.10.9.4.3.2,m:16:5.6.7.8.9.4,Sg:n:10:V:ht|"
1881,1881,CCN(CC)C(CO)C(C(C)O)O |$;;;;Z4;;;;;;;;$|
1882,1882,CC(N(C)C)(OS(=O)(=O)C)S |$;;;M;;;;;;;$|
1883,1883,"C=C1CC(N2[C@H](S1(=O)=O)CC2=O)C(=O)[O-].CNN(C)[N+](=O)[O-].CC |$;;;;;;;L7;E2;;Y4;;;;E;;;;;;;;;E95$,m:15:1.6.5.4.3.2,m:22:9.10.4.5|"
1884,1884,CC(C)(C(=O)N(C)C)S(=O)(=O)C |$;;;;G;;M5;;;;;$|
1885,1885,CN(C1=CC=CC=C1C(=O)N)C(=O)N |$;;D7;;;;;;;;;;;B3$|
1886,1886,"CC1=CN(C(=O)C(=C1)CBr)C |$;;;;;;;;;;$,Sg:n:10:k:ht|"
1887,1887,"C1=CN(C=N1)C(=C(F)F)F.CC=NN(C)C=NC |$V0;;;;;;;;;;;;;;;;;$,m:10:0.1.2.3.4|"
1888,1888,"CN1CCC2CCCC1C2=O.CSC(C)SC |$;;;;;B;Q;;;;;;;;;;$,m:11:5.6.7.8.9.4|"
1889,1889,"CC1(OC2CC(CN(CC2O1)C)O)C.CC.CC |$;;;;;U;;;;;;;;;;R;;A$,m:14:1.2.3.9.10,m:16:4.3.9.8.7.6.5,Sg:n:6:F:ht|"
1890,1890,"CN1C=CC=C1C(O)OC.CC |$B;;;;M8;;;X8;;;;R$,m:10:1.2.3.4.5,Sg:n:8:m:ht|"
1891,1891,"C[C@]12[C@@H]3C(CCN1)CCN3CCN2.CNP(C)(C)=S.CN(C)C(=S)S.CNO |$;;;G4;;;;;;;;;;;;;;;;;;;;;;;;$,m:13:4.5.6.1.2.3,m:19:7.3.2.9.8,m:25:10.11.12.1.2.9,Sg:n:10:K:ht|"
1892,1892,CN1C(=O)[N+](=C(OC1=O)N(C)C)C |$;;;;;;;;;;;G;$|
1893,1893,"CN1CCC(C1C2=CN=CC=C2)CN.CON(O)OC |$;;;;T;;;Q;;;;K7;;;;;;;;$,m:14:1.2.3.4.5|"
1894,1894,CC(C)C(C)C(=O)N1CC[C@H](C1)O |$;Y;;;;;;;;;;;$|
1895,1895,CC(C)(C1=C2C=NC=CN2C(=N1)Br)O |$;;;;;;L;;;;;;;$|
1896,1896,"CCC[C@]1(C(=C)N(C2=CC=CC=C21)C)C.CC.CP(O)(O)=S |$;;;;;U;;;;;Q9;;;;;;R;;;;;$,m:15:3.4.6.7.12,m:17:8.9.10.11.12.7,Sg:n:7:d:ht,Sg:n:1,2:D:ht|"
1897,1897,"CCCC1=NC=CN1C2=CC=CC(=N2)C.CC |$;;;;;;;;;;L;;;;;;Q17$,m:15:9.10.11.12.13.8,Sg:n:1,2:v:ht|"
1898,1898,"CN1CCN2CCCC2C1.CS(N)(=O)=O |$;;;;;;;;;;;;;;$,m:10:5.4.8.7.6|"
1899,1899,CC(C)N1C2=CC=CC=C2N=NC1=O |$;Q;;;;;;;W4;Q;;;L8;J$|
1900,1900,"CN1CCC=ICC1.CC |$;;Z;;;;;B9;;W1$,m:8:1.2.3.4.5.6.7|"
1901,1901,"C1CC(=O)N2CCSC2=C1 |$;;;;;;;;;$,Sg:n:6:g:ht|"
1902,1902,"CC1(CCCC=C1N2CCCC2)C.CC.CC(C)=NN=N |$E;A;;;;;;;;;;;;;X;;;;;;$,m:13:1.6.5.4.3.2,m:15:8.7.11.10.9,Sg:n:7:e:ht|"
1903,1903,"CCCN1C(=CN=C1[N+](=O)[O-])CC.CC |$;;;U3;;;;;;;;;;;U$,m:13:3.4.5.6.7,Sg:n:1,2:Y:ht|"
1904,1904,"C1CCN(C1)C2(CCCN2N=[N+]=[N-])N |$T;;;;;;;;;;;X4;;$,Sg:n:6:P:ht,Sg:n:1:d:ht|"
1905,1905,"CCN1C2=CC=CC=C2C(C1=O)N.CC.CNOS(C)(=O)=O |$;;;Y;;;J9;;U8;;;;;;Z;;;;;;;$,m:13:2.3.8.9.10,m:15:4.5.6.7.8.3|"
1906,1906,CC1N=CC=C(N1C(=O)Cl)C |$;;;;;E8;;;;;$|
1907,1907,"CN1CCNS(=O)(=O)C2=CC=CC=C21.CC |$;;;;D;;;;;;;;;;;Z$,m:14:1.2.3.4.5.8.13|"
1908,1908,"CC(C(=NO)N)N(C)C1CCCCC1O.CC |$;;;;;;;;;M6;;;;;;;R95$,m:15:8.13.12.11.10.9,Sg:n:4:e:ht|"
1909,1909,"CCC1(CCCC1)C(=O)N(CC)CCBr |$;;;;;;;E4;;;;;;;$,Sg:n:11:m:ht,Sg:n:4:K:ht,Sg:n:11:I:ht,Sg:n:3:n:ht|"
1910,1910,"C1CC2C(C1)OCCN2C3(CC3)CN.CNC(=S)OC.CC |$;;;;;;;;;T8;;;;;;;;;;;;R1$,m:14:0.1.2.3.4,m:20:5.6.7.8.2.3,Sg:n:0:U:ht|"
1911,1911,"CCN(C1CC1)C2=NC=CN=C2C(=N)N.CC |$;;;;;;Q3;;;;;;;;;;T02$,m:15:7.8.9.10.11.6,Sg:n:14:m:ht|"
1912,1912,"C1CN(CCC1N)CI.CC |$;;;;;V;;;;;R$,m:9:0.5.4.3.2.1,Sg:n:2:h:ht,Sg:n:4:s:ht|"
1913,1913,"CC1(C(OC(=O)N1C)(C)C)C.CB=N |$;;;;;;;;;;;;;$,m:11:1.2.3.4.6|"
1914,1914,"CC1=COC(N1CCO)(C)C |$;A;;;;;;;;;J$,Sg:n:6,7:d:ht|"
1915,1915,"CC1=[N+](CCC(N1C)CO)C.CC(C)=P(C)(C)C |$;;;M;;K;;;;;;;;;;;;$,m:11:1.6.5.4.3.2|"
1916,1916,"CC1CCN1C2=NC(=CC(=N2)C)C.CNC(=O)SC |$;;;;;;;;X7;;;;;;;;;;$,m:13:6.7.8.9.10.5|"
1917,1917,"CN1C(=C(N(C1=O)C)Br)C=O.CNC=NO |$;;G4;;;;;;;;;;;;;$,m:11:1.2.3.4.5|"
1918,1918,"C1[C@H]2CNC[C@@H]1C3=CC=CC(=O)N3C2.CC.CC |$;;;;;;;;;;;;;;;R95;;R$,m:14:0.5.4.3.2.1,m:16:0.5.6.12.13.1,Sg:n:4:t:ht|"
1919,1919,"CN1C=NC(=C1[N+](=O)[O-])CO.CC |$;;;;;B1;;;;;;;Y27$,m:11:1.2.3.4.5|"
1920,1920,"CCC(C)(C(=S)N)N1C(=O)CCCC1=O.CC |$;;;;;;;;W2;;D;;Z;G5;;;R9$,m:15:7.13.12.11.10.8|"
1921,1921,"CN1CCOC2C1CC(C2)O |$;;;;;;;;;;B$,Sg:n:2:p:ht|"
1922,1922,"C[C@@]1(CCCN1C2=CC=CC=C2)C#C.CC |$;;;;;;;;;;;D4;A7;W;;R$,m:14:7.8.9.10.11.6|"
1923,1923,"C1CC1N2C=CNC(=O)C2=O.CC |$;K;;;;;;;;;A5;;R00$,m:11:0.1.2|"
1924,1924,CC1C(=NC(=O)O1)CN(C)C |$;V;K7;;;;;;;;$|
1925,1925,"CN1CCCCC1C(Cl)(Cl)Cl |$;;D;;;Q7;D5;;;;$,Sg:n:1:i:ht|"
1926,1926,"C1COC(=O)N1C(=S)NN.CC |$;;;Q;;;;;;;;R$,m:10:0.1.2.3.5|"
1927,1927,"C1CN2CCC(N(C1O)C(=O)C2=O)O.CN=NC(=O)O |$;;;;K;;;;;X;;;;;;;;;;$,m:14:0.1.2.11.9.6.7,Sg:n:2:x:ht,Sg:n:7:F:ht|"
1928,1928,"CC(CN1CCOCC1C(=O)NC)N |$;;Z;;;;;M9;;J6;;;;$,Sg:n:6:t:ht|"
1929,1929,"C1CN2CC2(C1C(=O)O)C(=O)O.CN=C(SC)SN |$;;;;;;;;Z0;;;;;;;;;;$,m:12:0.1.2.4.5|"
1930,1930,"CC(C)(C(=O)N1C2CCC1C2)N.CC(O)C(=O)N(C)C.CC |$;J9;;;;;;;;;;;;;;;;;;;;R7$,m:12:5.9.10.6,m:20:7.6.5.9.8,Sg:n:6:I:ht|"
1931,1931,CC1=CC=C(C=C1)N(C)C |$;;;;;;Y9;;E8;$|
1932,1932,"CC(C)(C)N1CC[C@H](C1)F.CC |$;;;;;X;;;;;;E$,m:10:4.5.6.7.8,Sg:n:7:N:ht|"
1933,1933,"CN1C(=S)CCNC1=O.CNC(C)=NN |$;;;;;;;;;;;;;;$,m:9:1.7.6.5.4.2|"
1934,1934,"CCC(=O)C1C2CCCC2CN1C.CC.CC |$;;;;;;;;;;;;;;Q29;;R01$,m:13:4.5.9.10.11,m:15:6.5.9.8.7|"
1935,1935,C1=CC=C(C=C1)N2C(=COC2=S)O |$;;;;;;;;;;;Y;$|
1936,1936,"CC1=C(N=CC=C1)N2C(=CC=C2C)C.CC |$;;;;;;;;;X1;;J;;;;R2$,m:14:8.7.11.10.9|"
1937,1937,"CC1CCCC2C1N=CN2C.CC.CC |$;;;;;;;;U0;;;;W;;U9$,m:11:1.6.5.4.3.2,m:13:7.6.5.9.8|"
1938,1938,"CN1CCC2=C(C1=O)N(N=N2)P(P)PP.CC.CC |$;;;;;;;L8;;;;;;;;;R73;;K$,m:15:1.6.5.4.3.2,m:17:8.5.4.10.9,Sg:n:8:w:ht|"
1939,1939,CCN(C)C(=O)C(C)C(=O)O |$Q;;;;;;;;;;$|
1940,1940,"CCCC(C=C)N(CC)CC |$Q1;;;;;;;;;;$,Sg:n:5:k:ht,Sg:n:6:w:ht,Sg:n:1,2:m:ht|"
1941,1941,CCC1CCCN1CC(=S)N |$;;;;;;;;;;J3$|
1942,1942,"CN1CCC2(CC1)C(CCO2)C(=O)O.CNC=S |$;;;;;;;;;;;Z5;;;;;;$,m:14:7.4.10.9.8|"
1943,1943,"CC(C)C1=NC=CN1C(CCN)C(=O)O |$K9;;;;;;;;;;;;;B;$,Sg:n:9,10:G:ht|"
1944,1944,"CC1CCC2CCCCC2N1C(=S)C.CC |$;;;X7;;;;;;;;;;;;R$,m:14:5.6.7.8.9.4,Sg:n:12:v:ht|"
1945,1945,"CC(C(N)N1C=CN=C1)O.CC |$;;;V;;;;;A0;;;K76$,m:10:4.5.6.7.8|"
1946,1946,"CC1C(CCO1)N2C=NC=C2C3CNC3.CC.CN(N)C=O |$;;;;Y;;;;;;;;;;;;R18;;;;;$,m:15:1.2.3.4.5,m:17:7.6.10.9.8|"
1947,1947,"C1CCN2CN(C2)CC1.CC |$W0;;;;G8;;;;;;R63$,m:9:4.5.6.3|"
1948,1948,"CC1=CC=C2C=CN=C2N1C.CNC(=S)N(C)N=C(C)C.CC |$;;;;;;;;;;;;;;;;;;;;;;Z9$,m:11:1.9.8.4.3.2,m:21:5.4.8.7.6|"
1949,1949,"CC1=CN(C2=CC=CC=C12)C(=O)O.CNNC(N)=O.COC(=O)N(C)O |$W9;;;;;;;;;;;;;;;;;;;;;;;;;$,m:13:1.2.3.4.9,m:19:5.6.7.8.9.4|"
1950,1950,CC(=O)N1CC(C(C1)O)O |$;;;;;;;;;D6$|
1951,1951,"C1CC12CCN(CC2)C(=O)N.CC.CC |$;;;;;;W2;;;;;;R;;Y91$,m:11:0.1.2,m:13:3.4.5.6.7.2,Sg:n:4:P:ht|"
1952,1952,"C1CSC(N1)N2C=CSC2=O.CN=C(O)OC |$;;A;;Q7;;V;;;;;;;;;;$,m:11:0.1.2.3.4,Sg:n:3:G:ht|"
1953,1953,"CC1=CC(=CC=C1)N2C(=NNC2=S)CN.CN=C(NC)NNC |$;;;Y;;;;L;;;J5;;;;V;;;;;;;;$,m:15:8.7.11.10.9|"
1954,1954,CC1CC(CCN1C)(C#N)O |$V;;;;;;;;;;M$|
1955,1955,"C1C(CN1C(=O)O)N.CC |$;;;;;;;;;R3$,m:8:0.3.2.1|"
1956,1956,"C1C=CN=C2N1C=CCS2.CC.CN(N)C(=S)S |$;;;;;;;;;;;Q1;;;;;;$,m:10:0.5.4.3.2.1,m:12:6.7.8.9.4.5|"
1957,1957,CCC(CC)N(CC(=O)O)C1CC1 |$;;;;;;;;T;;;;$|
1958,1958,"C1COCCN1C(C#N)C(=O)O.CC |$;;;;;Y1;;;;;;;;R$,m:12:0.5.4.3.2.1,Sg:n:7:W:ht|"
1959,1959,"CC1CN(CC2=C1CC=C2C)C.CC |$Z7;;;;;;;;;;;;;R73$,m:12:7.6.5.9.8|"
1960,1960,"CN1C=C(C2=C1C=CC(=C2)F)S.CNP(C)N(C)C.CC |$;;;;;;;;;;;;;;;;;;;;M08$,m:12:1.2.3.4.5,m:19:6.7.8.9.4.5|"
1961,1961,"CC1=NN=C(S1)N(C)CC2=CC=CC=C2.CC |$V0;A;;;Y;;;;;;W;;L0;;;;R0$,m:15:10.11.12.13.14.9|"
1962,1962,"CN1CCCC1CO.CNN(C)[N+](=O)[O-] |$;;;;;;;;;;;;;;$,m:8:1.2.3.4.5,Sg:n:0:y:ht|"
1963,1963,CCN(C)C(=O)C1=C(N=CS1)Cl |$;;;;;;;;X;;;$|
1964,1964,"CN1CC2=C(C1=O)C=CN=N2.CC |$;;;;;;B1;;;;;;E$,m:11:1.2.3.4.5|"
1965,1965,"CC1=CN=C(N1C)Br.CC |$;;;;;X6;;;;R$,m:8:1.2.3.4.5|"
1966,1966,"CN1CC[C@H](C1)SC.CC |$;;;;;;;;;G05$,m:8:1.2.3.4.5|"
1967,1967,"C[C@H]1C(=O)N([C@]2(N1C(=O)CC2)C)O.CC.CC |$;;X7;;;;;;;;;;;;R25;;R$,m:13:1.2.4.5.6,m:15:7.6.5.10.9,Sg:n:5:M:ht|"
1968,1968,"C1CC(C(N(C1)/C(=N/N)/N)O)N.CC |$;;;;;X7;;;;;;;;J61$,m:12:0.5.4.3.2.1|"
1969,1969,"CC1=CSC2=NC=C(N12)N.CN=C(C)ONC.CC |$;;;;;;;;;M7;;;;;;;;;R09$,m:10:1.2.3.4.8,m:17:5.4.8.7.6|"
1970,1970,"CC1CCCCN1C(=O)Cl.CN(C)N(C)N |$;;;;;;;;;;;;;;;$,m:10:1.6.5.4.3.2|"
1971,1971,"CC1=C(N2C=CN=C2C=C1)F.CC=NC(=O)NC |$;;;;D;;;;V9;;;;;;;;;$,m:11:4.3.7.6.5|"
1972,1972,COCC1CCCN1C(=O)C2CC2 |$;;;;;M;;;;;;;$|
1973,1973,"CN(C)C[CH2-] |$;;;;$,Sg:n:2:K:ht|"
1974,1974,"C1=CC(=O)N(C(=C1)C=O)C=N.CON |$E;;X;;;;;;;;;;;$,m:11:0.6.5.4.2.1|"
1975,1975,"CC(=O)C1CCC(N1C)I.CN(C)P(C)N(C)C |$;;;;;;;;;;;;;;;;;$,m:10:3.4.5.6.7|"
1976,1976,"C1CN(C1)C2=CC=CC=C2.CC |$;;;;;;;;;;;R18$,m:10:5.6.7.8.9.4|"
1977,1977,CCC(C)C(C1CN(CCO1)C)N |$;;;K0;Q0;;;;;;;;$|
1978,1978,CN1CC2CCC1(CCN2)C(=O)O |$;;;;;;;A;;;;;$|
1979,1979,CC(C)[C@@H]1CC2CCCC2N1C(C)C |$;V7;;;;;;E;;;;;;$|
1980,1980,"C1CCN(C(C1)F)C(=O)N.CNP(C)(=O)OC |$;;;;;;;;;;;;;;;;$,m:10:0.5.4.3.2.1|"
1981,1981,"C1[C@@H]2N(C1=O)C(=C(CS2)Cl)C(=O)O.CC.CC |$;;;;;;;;;;;;;;R6;;M$,m:13:0.3.2.1,m:15:5.6.7.8.1.2|"
1982,1982,"CCC1CCCCN1C2(CCCC2)CN.CC.C[SH2+] |$;;;;;;;;;;;;;;;;U42;;$,m:15:2.7.6.5.4.3,m:17:9.8.12.11.10,Sg:n:8:n:ht,Sg:n:11:S:ht|"
1983,1983,"C[C@@H]1C=CC(=O)N1C.CC |$U5;;;;;;;;;G$,m:8:1.2.3.4.6|"
1984,1984,"C1CC(N2C[C@@H]1CC2=O)C(=O)N.CSC(=O)C(C)=O.CC |$;;;;L;;;;;T;;;;;;;;;;;R73$,m:12:0.5.4.3.2.1,m:19:4.3.7.6.5|"
1985,1985,"C1CN(CC(N1)C=O)C=O |$;;;;;;;;;$,Sg:n:7:P:ht|"
1986,1986,"C1CN2C(=N1)CNC3=C2C(=CC=C3)Br.COC(C)(C)OC.CNNC(=S)NC |$;;;;;;;;;;;;;;;;;;;;;;;;;;;$,m:14:0.1.2.3.4,m:21:5.6.7.8.2.3|"
1987,1987,"C1C2=CC=CC=C2N3C(=CC=C3F)C=N1.COC(=S)C(C)O.CNP |$;;;;M7;;;;;;;;U;;;;;;;;;;;;$,m:15:2.3.4.5.6.1,m:22:9.8.7.11.10|"
1988,1988,"C[C@H]1CC[C@@H]2CCCN2C1.CB |$;;;;;;;T;;;;$,m:10:1.9.8.4.3.2|"
1989,1989,"CN1CCN(CC1)C.C[N+]#[C-] |$;;;;B;;;;;;$,m:8:1.6.5.4.3.2|"
1990,1990,"CN(C)C1=NC=C(C(=O)N1)O.CC |$;;;;;;B9;;;E5;D9;;R83$,m:11:3.9.7.6.5.4|"
1991,1991,"C1CC1CN2C=NC=C2I.CN=C(NC)N(C)S(C)(=O)=O |$;;;;;;;;;;;;;;;;;;;;$,m:10:0.1.2|"
1992,1992,"CC(N)N(CC(=O)O)CN |$;;T5;U0;;;;;;$,Sg:n:7:B:ht|"
1993,1993,"CC(=O)C1=CN(C2=C1C=CS2)C.C=NOC(C)=NC.CC |$;T5;;;;;;;;;Y;;;;;;;;;;R0$,m:12:3.4.5.6.7,m:19:8.7.6.10.9|"
1994,1994,"CN1C2=C(CCNC2)C(=O)NC1=O.CC.CC |$;;;;;;;;;;;;;;Q2;;R51$,m:13:1.11.10.8.3.2,m:15:4.5.6.7.2.3|"
1995,1995,"CC(C)(CN)CN1CC(=O)OCC1=O.CN=C(NC)N(C)O |$;;;;;;;;;M;;;;;;;;;;;;$,m:14:6.12.11.10.8.7,Sg:n:7:p:ht|"
1996,1996,CCN1C=C(C(=C1)O)N |$;;;;;;B;;$|
1997,1997,"CCC(CC)(C(=O)O)N1CCOC1=O.COP(C)(C)=O |$;;;;;;;;;;;;X5;;;;;;;$,m:14:8.9.10.11.12,Sg:n:6:Y:ht|"
1998,1998,"CC1=C(N2C=CSC2=N1)N=C=O.CC.CNNC(C)=S |$;;;;;;Q4;;;;;Z;;R;;;;;;$,m:12:1.2.3.7.8,m:14:4.3.7.6.5|"
1999,1999,"CC(CBr)N(C)CC1=C(C=CC(=C1)Cl)Cl.CC |$;;;;;;;;;;;;;;;;X$,m:15:7.12.11.10.9.8|"
2000,2000,"CN1CCNC[C@@H]1C#C |$;;;;;;;;$,Sg:n:7:i:ht,Sg:n:0:n:ht|"
2001,2001,CCN(C)/C=C(/C)\C(=C)C |$Y;;;;;;;;;$|
2002,2002,"CN1C(=C(C(=C1Br)Br)C#N)Br.CC |$;;;;;;;;;T5;;;Y41$,m:11:1.2.3.4.5|"
2003,2003,"CN1CC2CCCC2OC1=O.CC |$;;;;;;;;;L;;;R$,m:11:4.3.7.6.5|"
2004,2004,"CCN(CC)CCCN |$;;;;;;;T;$,Sg:n:5,6,7:p:ht|"
2005,2005,"CCCN1C(=NN=C1CN)CC.CSC(C)(SC)SC |$T;;;;;;;Z0;;;;;;;;;;;;$,m:12:3.4.5.6.7|"
2006,2006,CN(CC1=CSC(=C1)Br)C(=NN)N |$T5;;;;;;;;;;;;$|
2007,2007,C1CCN(C(C1)C(=NO)N)C(=O)N |$E3;;;T;;;;;;;;;$|
2008,2008,"CC(C)C(C1=CC=CC=C1F)N(C)C.CC |$;Z0;;;;;;;;;;Z5;T;;;W$,m:14:4.9.8.7.6.5|"
2009,2009,"CC1CC(CN(C1)C(C)C)CBr.CON(OC)OC |$;;;K;;;;;;;;;;;;;;;$,m:12:1.6.5.4.3.2|"
2010,2010,CN1CCCC1C(=O)O |$;;;;;U3;;;$|
2011,2011,"C(C1C(=O)NC(=O)N1CO)O.CC |$;;;;;;;;;;;;R$,m:11:1.2.4.5.7|"
2012,2012,"CC1=[N+](C(N(C1=O)C)(C)C)[O-].CC |$;;;;;J7;;;;;;;Y$,m:11:1.2.3.4.5|"
2013,2013,CC(C)N(C)C |$;;;;;G0$|
2014,2014,CC1=NC(=CC=C1)N(C)C(C)C(=O)O |$;J;;;;;;E;;;;;;$|
2015,2015,C[C@H]1C[C@]([C@H](CN1C)C)(C(=O)C)O |$;;;;;;;;W3;;;B;$|
2016,2016,CC(=NOC)C(=NO)C(=O)N(C)C |$;;;;;;A;;;;;;$|
2017,2017,CCN(CC=C)C(C)C(=C)C |$;;;;;;;;B3;;$|
2018,2018,"CC(C)N1C=CN=C1.CC |$;;;;;;;;;R2$,m:8:3.4.5.6.7|"
2019,2019,"CC1(CN(CC2=C1SC=C2)C)C.CC |$;;M;;J;;;;;U;;;;R4$,m:12:7.6.5.9.8,Sg:n:5:F:ht|"
2020,2020,C1=CN2C=CN=CC2=C1CN |$;;;;;;E5;;X;;B9$|
2021,2021,"C1CN2[C@@H]1SCC2.CC(S)C=O |$A5;;;;;;;;;;;$,m:7:0.3.2.1,Sg:n:4:i:ht|"
2022,2022,"C[C@@H]1CNCCN1C(=O)C2CC2.CC.CC=N |$;;;;;;;;;Z7;;;;X;;;$,m:12:1.6.5.4.3.2,m:14:10.9.11,Sg:n:7:a:ht,Sg:n:2:n:ht|"
2023,2023,"C1CC1N2CNC3=CN=C4C(=C32)C=CN4.CC.CN=CN(C)C.CC |$;;;;;X;D;;;D;;;Z3;;;;R0;;;;;;;;T$,m:15:0.1.2,m:17:4.3.11.6.5,m:23:12.10.9.14.13|"
2024,2024,CC1=CN(C(=O)C=C1)C(F)(F)F |$;J;;;;;;;;;;$|
2025,2025,"C1CC2CCC(C1)N2CC(CN)(F)F.CC=NC(=S)N(C)C.CC |$V9;;;;;;;;;;;;;;;;;;;;;;;M68$,m:14:0.6.5.7.2.1,m:22:3.2.7.5.4|"
2026,2026,"CC(C1CC1)N(C)CCO.CC |$;;;;;;;;;;;R3$,m:10:2.3.4,Sg:n:7,8:s:ht|"
2027,2027,"C1CCC2C(C1)CCCN2C(=N)N.CN=C(C)N(C)C(C)=O |$;;;;;;;;W1;;;B;;;;;;;;;;$,m:13:6.7.8.9.3.4|"
2028,2028,"CC1(C2CC3CN1CC(C2)C3(C)N)C.CC.CNC(=O)NN=C(C)C.CC |$;Q8;;;;;;;;;;;;;;T55;;;;;;;;;;;L$,m:14:1.6.5.4.3.2,m:16:1.6.7.8.9.2,m:25:5.6.7.8.10.4,Sg:n:7:e:ht|"
2029,2029,"C1=CN(C(=N1)CCN)CC(F)F |$;;;;;;;;M;;;$,Sg:n:5,6:x:ht|"
2030,2030,"C[C@@H]1CC(=O)NC2=CC=CC=C2N1C=O.CBr |$;;;;;;A;;X5;;;;;;K7;;$,m:15:1.2.3.5.6.11.12|"
2031,2031,"CC(C)(CN1CC[C@@H](C1)O)N.CC |$;;;;;;;;;;;;R3$,m:11:4.5.6.7.8|"
2032,2032,"C[C@@H]1CN(C2(CC2)CN1)C.CNN=[N+]=[N-].CC |$;;;;Z8;;;;;;;;;;;;W$,m:10:1.8.7.4.3.2,m:15:5.4.6,Sg:n:6:H:ht|"
2033,2033,"CC1=CC(=O)N(C(=N)N1C)C.CC |$;;;;D1;;;;;;A8;;R5$,m:11:1.8.6.5.3.2|"
2034,2034,"CC(=O)C1=NC=CN2C1=CN=C2.CC |$;;;;;;;;;;;;;K$,m:12:3.8.7.6.5.4|"
2035,2035,"CCC12CN3CCN(C1)CC(C3)C2O.CN=S(C)(=O)OC.CNP(=O)(NC)NC |$;;;;;;;;;;;;;;;;;;;;;;;;;;;;$,m:14:3.4.11.10.12.2,m:21:5.4.3.2.8.7.6|"
2036,2036,"CC1CN(CCO1)C2COC2 |$;;;;;;K1;Z;;;$,Sg:n:10:t:ht|"
2037,2037,"CCOS(=O)(=O)CC1=NC=CN1C.CNS(C)=O |$;;K;;;;Q1;;B0;;;;;;;;;$,m:13:7.8.9.10.11|"
2038,2038,"CC(C(=O)N)N1CCNC2=CC=CC=C21 |$;;;;;;;;;;;;;;$,Sg:n:13:p:ht|"
2039,2039,"CSC1=CC(=C2N1C=CN=C2)SC.CN(C)N=O |$;;;;;;;;;;;;;;;;;$,m:13:2.3.4.5.6|"
2040,2040,"CC1C=C2C(N3CC3C2C1C)C.CC |$;;;;;;;;;;;;;R8$,m:12:1.2.3.8.9|"
2041,2041,"CC1(CCCN1)CN2C(=O)CCC2=O.CC |$;;W;;;X2;;;;;;;K;;;A$,m:14:8.7.12.11.10,Sg:n:8:a:ht,Sg:n:12:M:ht|"
2042,2042,"CN1C=[N+](C2=C1C=C(C=C2)Cl)[O-].CC |$;;;D;;;;;;;M8;;;G$,m:12:6.7.8.9.4.5|"
2043,2043,CN1C(=C(C(=O)N(C1=O)C)N=O)N |$;;;;;;K6;;U;;;Z0;$|
2044,2044,"CC(C)C(CN)N(CC=C)C1CC1 |$;G9;;;;;;;;;Q8;;$,Sg:n:5:t:ht|"
2045,2045,"CCC(CC)(CC)N1C(=CC=C1C)C.CC |$;;;;;;;;;;;;;;;R53$,m:14:7.8.9.10.11|"
2046,2046,"CN1CCCCC1=NC#N |$;;;;;;;;;$,Sg:n:9:i:ht|"
2047,2047,"CC(CN1CCCCC1CNC)CO |$;;;;;;;;;;V;;;$,Sg:n:8:E:ht,Sg:n:12:n:ht|"
2048,2048,"CCCN(C1CC1)C(C(C)N)C(F)(F)F |$Q;;B6;;;;;;;;;;;;$,Sg:n:10:E:ht,Sg:n:1,2:A:ht|"
2049,2049,CC(C)(C)CN(C(=O)N)C(C)(C)C |$;;;;;;;;;;J9;;W4$|
2050,2050,"CC(C1CC1)(C(=O)O)N2C(=O)NNC2=O.CN(C)C(N)=O |$;;;;G;;;;;;;;;;;;;;;;$,m:15:9.8.13.12.11|"
2051,2051,"CN(C)C(=O)C1=CC=CC=C1OC.CN=C(SC)N(C)C |$;;;;;L8;;;;;;;B;;;;;;;;$,m:13:5.10.9.8.7.6|"
2052,2052,"CC(C(=S)N)N1CCOC2C1CCC2.CC |$;;;;;;;Y;;;;;L2;U4;;R$,m:14:11.10.9.13.12|"
2053,2053,CCN(CC)C1=CS[C+]=N1 |$;;;Y0;;;;;;B1$|
2054,2054,CN(C)C(=O)[C@@H]1CCCN1 |$;M;;;;;;;;$|
2055,2055,C[C@@H]([CH2-])N(C[CH2-])CC(=O)O |$;;;;;;;V4;;$|
2056,2056,CN(C)C(=O)NC1(CC1)CN |$;L;;;;;;;;L4;$|
2057,2057,CCN(CC)CC(C(Cl)(Cl)Cl)O |$;;;;U;;;;D;;;$|
2058,2058,"CN1CC(=O)N(C12CCSCC2)C.CC(=O)C(=O)N=C(C)C |$;;;;;;;;;;;;E8;;;;;;;;;$,m:13:7.8.9.10.11.6|"
2059,2059,CC1=CNC(=S)N1CC(F)F |$;;;V;;;;;;;$|
2060,2060,"CC(CN1C=CC=N1)N2C=CN=C2.CC |$;;;;;;;;;;;;;;K7$,m:13:4.3.7.6.5|"
2061,2061,"CC1=CC(=NC2=[N+](NC(=O)N12)C)C.CC(O)=S |$;;;;;;;;;;;;;;;;$,m:13:6.5.10.8.7|"
2062,2062,"C[C@@]1(CN1C)I.CC |$;;;;;;;L$,m:6:1.2.3|"
2063,2063,CC1=C(N2CCCC(=O)C2=C1)Br |$;L;;;;;;;;;;$|
2064,2064,C/C(=C(/C(=O)N)\N(C)C)/N |$;;;;T1;;;;;L$|
2065,2065,"C1CCN(CC1)C(=O)C(Cl)Br.CC |$;;X;;;;;;;;;;R94$,m:11:0.5.4.3.2.1,Sg:n:5:m:ht,Sg:n:7:j:ht|"
2066,2066,"CN(C=O)C1=CC=CC=C1.CC |$;;;;;;;;;;;R$,m:10:4.9.8.7.6.5|"
2067,2067,"CC(=O)[C@H]1CNC(=O)N1C2=CC=CC=C2.CN=CN(C)C(C)=N |$;;;;;;;;;T7;;;;;;;;;;;;;$,m:15:3.4.5.6.8|"
2068,2068,"CCC(CO)N1CSCC1=O.CN(C)P(C)(=O)O |$;;;;;;;;;;;;;;;;;$,m:11:5.6.7.8.9,Sg:n:7:L:ht,Sg:n:8:Z:ht|"
2069,2069,CC(C)(C)C1=NN=C2N1C=C(C=C2)F |$;;;;G;;;;;;;;;$|
2070,2070,"CC1=C(CCN(CC1)C(=O)N)C |$;;;;;;;J;;;;Z$,Sg:n:9:E:ht|"
2071,2071,CC1=CN(C=C1)C=O |$;W3;;;;;;$|
2072,2072,"CCCC1CN(CCN1C)C |$;G1;;G0;;;;;;;$,Sg:n:9:l:ht,Sg:n:1,2:f:ht|"
2073,2073,CC1=CC=C(N1C(C)C)C(C)C |$;L;;;;;;;;;;$|
2074,2074,"C=CC1(CCC(=O)N1CCO)O |$;;;;;;;;;;;$,Sg:n:8,9:h:ht|"
2075,2075,"CCC1C(=O)CCN1C(=O)O.CSC(=O)NN |$;;;D2;;B4;;;;;;;;;;;$,m:11:2.3.5.6.7|"
2076,2076,"CCC1=NSN=C1N2CCOCC2.COC(=O)C(C)S.CC |$;D;M6;;;;;;;;;;;;;;;;;;;U7$,m:13:2.3.4.5.6,m:20:8.9.10.11.12.7,Sg:n:2:a:ht|"
2077,2077,"C1CC2CC(CC1N2CC(F)(F)F)Cl.CN=C(C)C=O |$;;;;J9;;;;;;;;;;;;;;;$,m:14:3.4.5.6.7.2|"
2078,2078,CN1CC2=C(C1)N(N=C2)C |$W0;;;;X;;;;;$|
2079,2079,"CC1=C2C(=CC=C1)C(CCN2C)N.CNC(=O)C(C)O |$;;;;;D9;;;;D5;A;;;;;;;;;$,m:13:7.8.9.10.2.3|"
2080,2080,CCC(CN)C(=O)N(CC)CC |$;;;;M;;;;;;;$|
2081,2081,"CCC(C(=O)N(C)C)NN |$;;;;;;;;;$,Sg:n:9:H:ht|"
2082,2082,"CCN(CC)CC |$;;;;W;;$,Sg:n:0:K:ht|"
2083,2083,"CCN1CCCNCC1C2CC2 |$;;;;;;;;;Z;;$,Sg:n:8:C:ht,Sg:n:2:Q:ht|"
2084,2084,"CCC[C@@H]1[C@@H](CCN1CC)N.CC |$;;;;;;;;;;;;E$,m:11:3.4.5.6.7,Sg:n:2:G:ht,Sg:n:1,2:p:ht|"
2085,2085,"CC1=CN2C=CCC2=N1.CC |$;;;;;;;;;;R16$,m:9:1.2.3.7.8|"
2086,2086,CC(C)N(CC=C)CC=C |$;;;;;;;;;K4$|
2087,2087,"CN1CC[N+](=C1N2CCOCC2)C.COP(=O)(N(C)C)N(C)C |$;;;;;;;;;;;;;;;;;;;;;;$,m:13:1.2.3.4.5|"
2088,2088,"C=CC1=C2C(=CC=C1)SC3=NN=CN23.CN=C(C)C(=O)OC.CC.CC |$;;;;;;;;;;U2;;;T3;;;;;;;;;;G91;;R$,m:14:2.7.6.5.4.3,m:22:8.4.3.13.9,m:24:10.9.13.12.11|"
2089,2089,"C1[C@@H]2CN[C@H]1CN2CI |$;;;;;;;;$,Sg:n:7:g:ht|"
2090,2090,"COC(=O)C1CCN1C2CC2.CNC(=S)NN=C(C)C |$;;;;J5;V;;;;;;;;;;;;;;$,m:11:9.8.10,Sg:n:10:L:ht|"
2091,2091,"CN=C1CC(CCN1C)I.CC |$;;;;;;;;;;;U$,m:10:2.7.6.5.4.3,Sg:n:1:A:ht|"
2092,2092,"CN1C(=O)CNCCC12CC2.CN(S)C(=O)O |$;;;A;;;;;;;;;;;;;$,m:11:1.2.4.5.6.7.8,Sg:n:1:m:ht|"
2093,2093,"CN1C2=CC=CC=C2C(=NC1=N)N.CC |$;;Y6;;;;;;X;;;;G;;Q72$,m:13:3.4.5.6.7.2|"
2094,2094,CN1CC(CC1C(=O)O)N |$;;;;;;;;;V$|
2095,2095,"CN1C=C(C=C(C1=O)N)N.CC |$;;;;;Y;;;;;;L38$,m:10:1.6.5.4.3.2|"
2096,2096,CCN(C)/C(=N/[N+](=O)[O-])/N(C)C |$J8;;;;V;B8;M;;;;;$|
2097,2097,CC1(CN(C1)CC(F)(F)F)O |$;;;;;M;;Z7;;;$|
2098,2098,C1=CN(C(N=C1)Br)C(=O)O |$;;;;;;;K1;;$|
2099,2099,"CCC1C(=CC(=CN1C)C)CC.CN=CN(C)N |$;;;;;;;;;;;;;;;;;$,m:12:2.7.6.5.4.3,Sg:n:5:Y:ht|"
2100,2100,"CCC1=CCN(CC=CC1)C |$;T5;;;;;;;;;$,Sg:n:9:n:ht|"
2101,2101,CN(C)C(=S)S |$;D;;;;U0$|
2102,2102,CN(C)/C=C(\C#N)/C(=O)O |$;;;;;;D;;;$|
2103,2103,"CCN(CC)C(C(C)(C)O)N(CC)CC |$D3;;;;Y;;;;;;;;;;$,Sg:n:8:o:ht|"
2104,2104,C[C@H]1[C@H](C2CC1C=C2)C(=O)N(C)C |$B1;;;;J6;;;;;;;;$|
2105,2105,"CN=C1C2=C(NC=C2)N(C=C1C=O)C.CC |$;;;;;;;;;;;;;;;R$,m:14:5.4.3.7.6|"
2106,2106,CC(C1C=CC=CN1C)O |$;;;;;Y;;;;A1$|
2107,2107,CC1=CC(=CN2C1=NC=C2)C |$;;;;;;L0;;;;$|
2108,2108,CN(C)C(=S)OO |$;;;;;;A6$|
2109,2109,CN1C(=O)C(=CCl)SC1=S |$;K;G9;;;G;;;;Z$|
2110,2110,CN(C)C(=O)C(CCl)(Cl)Cl |$;;;;;;;;;K$|
2111,2111,"CN(C)C1=NC(=CC(=N1)Cl)Cl.CC |$;;;;;;;;;;;;R7$,m:11:3.8.7.6.5.4|"
2112,2112,"C1[C@H]([C@@H](CN1)O)N2CC3CC2CO3.CN=C(SC)N(C)N=C(C)C |$;;;;Y;;;;;;;;;;;;;;;;;;;$,m:13:9.8.12.11.10,Sg:n:6:L:ht,Sg:n:5:C:ht|"
2113,2113,"C1CCC(=C(C1)C#N)N2CCCC2.CC.CC |$;;;;;;X;;;;;;;;R;;V$,m:13:0.5.4.3.2.1,m:15:9.8.12.11.10,Sg:n:1:v:ht,Sg:n:4:G:ht|"
2114,2114,"CC(C#C)N1CCC(C1=O)Br.CC |$;;M0;;;;X;T2;;;;;R$,m:11:4.5.6.7.8|"
2115,2115,"CNCC1(CCCOC1)CN2CCCC2.CC |$;;;;;;;;D;;;;;;;;R6$,m:15:11.10.14.13.12|"
2116,2116,"CN1CCOCC1CC(=O)OC.CC |$;;;;;;;;;M1;G1;;;J5$,m:12:1.6.5.4.3.2,Sg:n:8:l:ht|"
2117,2117,"C1C(=O)NC(=O)N1C(O)O.CN=S(C)(C)=O |$;;;;;;;;;;;;;;;$,m:10:0.1.3.4.6|"
2118,2118,"CCC1(CC1C(C)C)CN(C)C.CN=C(NC)NOC |$;;;;;;;;;;;;;;;;;;;$,m:12:2.3.4|"
2119,2119,"CCN1CC2CCC(N2C)CC1=O.CC |$;;;;;;;;;;;;;;K3$,m:13:5.4.8.7.6|"
2120,2120,CN(CC(=O)C=C)C(O)(O)O |$U;;;;;D;A;;;;$|
2121,2121,"CC(C)CCN(C)C(C)(CCOC)CN |$;;;;;;;;;;;;;;$,Sg:n:11:t:ht,Sg:n:9,10:e:ht|"
2122,2122,"CN1C(=O)C2C3C=CC(C2C1=O)C34CC4.CC.CN=CN(C)NC |$;;;;;;;;G;V4;;;B;;;;T6;;;;;;;$,m:15:13.12.14,m:17:4.5.12.8.9|"
2123,2123,"C1C2C(C2N)CN1CC3=CC=C(C=C3)F.CC |$;;;J;;;;;;;;;;;;;R63$,m:15:0.1.2.5.6,Sg:n:2:d:ht|"
2124,2124,CCC1CCC(CC1)N2C=NC=C2CO |$;;Q;;;;;;;;;;;A2;$|
2125,2125,"CC1CCCCC(C1N(C)CCCO)C |$;;;;;;;;;;;;;;$,Sg:n:10,11,12:J:ht|"
2126,2126,CCOC1=C(C=C(C=C1)N)CN(C)C2CCN(CC2)C |$;;;;;;;;;;;;;M;;;;;;$|
2127,2127,"CCC1CCC(C(C1)CN2CCCCC2CC)N.CC |$;;;J;;;;;;;;;;;;;;;;L$,m:18:2.7.6.5.4.3,Sg:n:12:i:ht,Sg:n:10:J:ht|"
2128,2128,"CCC1=CSC(=N1)N(C)C(C)CC(=S)N.CC |$;;;;M3;;;;;W1;;;;;;;R$,m:15:2.3.4.5.6|"
2129,2129,"CCCCN1C[C@@H](C[C@H]1C(=N)OCC)F.CON(O)OC |$;;;J;;;;;;J5;;Y;;;;;;;;;$,m:15:4.5.6.7.8,Sg:n:12:I:ht|"
2130,2130,"CN(C1=C(C=CC(=C1)F)F)C(=O)CCS.CC |$;V6;A8;;;;B2;;;;;;;;;;R$,m:15:2.7.6.5.4.3,Sg:n:12:Q:ht,Sg:n:12,13:F:ht|"
2131,2131,"CCCCN(C)C[C@@H](CCSC)N |$;X2;;;;Y5;;;;;;;$,Sg:n:0:z:ht,Sg:n:1,2,3:S:ht|"
2132,2132,"C1CC(COC1)N2C=CN=C2CCN.CC.CNC(C)=NN |$;;B3;;;;;;;;W;A6;;;;J;;;;;;$,m:14:0.5.4.3.2.1,m:16:7.6.10.9.8,Sg:n:12:S:ht,Sg:n:11,12:s:ht|"
2133,2133,"CN(C)C(=O)NC1=C(C(=CC=C1)Cl)OC.CS |$;E;;;J5;W6;D;V;;;;;;;;;$,m:15:6.11.10.9.8.7,Sg:n:7:E:ht|"
2134,2134,"C=CCC1=CC=CC=C1OCC(CN2CCOCC2)O |$;;;;;;;;;;;;;;;;;;;$,Sg:n:6:v:ht,Sg:n:9:r:ht|"
2135,2135,"CN(CCCC(=O)C1=CC=CS1)CC2CCCOC2.CC |$;;;;;;;;;;;;;B;W;;;;;;R24$,m:19:14.15.16.17.18.13,Sg:n:3,4:d:ht|"
2136,2136,"CC(C)(C)N(C)CC[NH2+]C |$;;;;;;;;L6;$,Sg:n:6,7:a:ht|"
2137,2137,"CCCCCN1C(=O)C(N(C1=O)C)(C)C.CC |$;;;;;;;;;;;;T;;;;R$,m:15:5.6.8.9.10,Sg:n:1,2,3:D:ht|"
2138,2138,"C1C(CN1C(=O)O)(C#N)C2=CC=CC=N2 |$;;;;;;;;;;;;;;$,Sg:n:5:D:ht|"
2139,2139,"CCC(CC1=CC(=C(C(=C1)F)N(C)C2CCCC2)F)N.CC |$;;;;;;;Q0;;;;;;;;Q;;;;L;;M6$,m:20:14.13.17.16.15,Sg:n:2:B:ht|"
2140,2140,"C1COCCN1C(=O)C2=CC=C(S2)Br |$;;;;;;;;;;;;;$,Sg:n:2:H:ht|"
2141,2141,"C1CNCCC12COC(=O)N2CC3=CC=CC=C3.CC(=O)N(N=C(C)C)C(C)=O |$;;E;;;;J2;;;;;;;;;B;;;;;;;;;;;;;$,m:18:6.5.10.8.7,Sg:n:13:l:ht,Sg:n:5:T:ht|"
2142,2142,C1C(OCN1C(=O)[O-])C2=CC=CC=C2 |$;;G;;;;;;;;;;X0;$|
2143,2143,"CN1C(=CN=C1I)C2OCCCO2.CC |$;U0;;T4;;;;;;J1;;;;;R$,m:13:1.2.3.4.5,Sg:n:10:O:ht|"
2144,2144,"C1CC1N(CC2=NC=CN=C2)CC(=O)O.CC |$;;;;;;;;;;;D;;Y;;;R$,m:15:0.1.2|"
2145,2145,"CC(CN)N1CCC(C1)COC |$;;;;;;;;;A8;;$,Sg:n:0:g:ht|"
2146,2146,"CN1CCN2C(=NC3=C2C=CC(=C3)CO)C1.CC |$;;;;;;Z;;;;;;;;;;;R2$,m:16:1.15.5.4.3.2|"
2147,2147,"CCCC(N(C)C)O[Al](CC)CC |$;;;;;;;;;;;;$,Sg:n:1,2:Y:ht|"
2148,2148,"CN(CCCN)C1=C(N=CC=C1)[N+](=O)[O-] |$;;;;;;;;;;;A;;;$,Sg:n:2,3:b:ht|"
2149,2149,"CC(=O)CC(=O)N1CCCCC2=CC=CC=C21.CN=CN(C)OC |$;;;;;;;;;;;;;;;;;;;;;;;$,m:17:6.7.8.9.10.11.16|"
2150,2150,"CC(=O)N1C=C2C=CC(=CC2=C1)N=[N+]=[N-].CC.CC |$;;;A5;;;;;D3;;;;;;V6;;R6;;R$,m:15:3.4.5.10.11,m:17:6.7.8.9.10.5|"
2151,2151,"COC1=CC=C(C=C1)N2C(=O)OCC23CCCNC3.CN=S(C)(=O)NC.CC.CC |$;;;;;;;;;M;;;;;;E3;;;;;;;;;;;;R;;R1$,m:19:2.7.6.5.4.3,m:26:9.8.13.12.11,m:28:14.15.16.17.18.13|"
2152,2152,"C1CCCN(CC1)CC(=O)NCCN.CC |$;;;;;;K;;;;;;;;;R$,m:14:0.1.2.3.4.5.6,Sg:n:8:N:ht,Sg:n:13:j:ht,Sg:n:11,12:R:ht|"
2153,2153,"CCC1COC(CN1CC(CS)C(C)(C)C)C.CC |$;;;;;;;;;K;;;;;A;;;;R17$,m:17:2.7.6.5.4.3|"
2154,2154,"C1CCN(C(C1)CCl)C2=CC=C(C=C2)C(F)(F)F |$;;;;;;;;;;;;;;;;Y6;$,Sg:n:2:A:ht|"
2155,2155,"CC1=C(N=CN1C(C)C)C(=O)N.CC |$;Q1;;;;;;M;;;;;;R$,m:12:1.2.3.4.5|"
2156,2156,C1CN(CC(=C1)Br)C(=O)C(=O)C(=O)O |$;;;J;;;;;B5;;;;;$|
2157,2157,"C1=C(N(C(=C1)O)C(=O)CCCl)O |$;;;;;;;;;;;$,Sg:n:0:o:ht,Sg:n:8,9:j:ht|"
2158,2158,"CC(CCCN1CCCC(C1)C(F)(F)F)(C(=O)OC)N |$;;;;;;K4;;;;;A5;;;;;;;;$,Sg:n:2,3:X:ht|"
2159,2159,"C1CC(NC1)C(=O)N2CCC23CCC3.CNS(=O)(=O)N(C)C.CC(=O)O |$;;;;;;;Q9;;;;;;;;;;;;;;;;;;$,m:14:0.1.2.3.4,m:22:11.12.13.10,Sg:n:2:O:ht|"
2160,2160,"CCNC1=C(C(=NC=N1)N(C)CC2CCCN2C)[N+](=O)[O-].CC |$;;;;;B;;;;;;;;Z4;;;;;Q;;;;R$,m:21:13.12.16.15.14,Sg:n:9:M:ht|"
2161,2161,"CC1=CC2=C(C=C1)N3CCCCCC3=N2.CC(=O)NS(C)(=O)=O.CC.CN=C(NC)N(C)N |$;;;;V6;X;;;;;;;;;K8;;;;;;;;;;J;;;;;;;;$,m:15:1.6.5.4.3.2,m:23:8.7.13.12.11.10.9,m:25:14.13.7.4.3,Sg:n:10:y:ht|"
2162,2162,"CCOC1=CC=CC(=C1N)N2CCC(C2)C(=O)N.CSS(C)(=O)=O |$;;;;;L;;;Z;;;;;;;;;;;;;;;$,m:18:3.8.7.6.5.4,Sg:n:13:q:ht|"
2163,2163,"CCCN(CC(C)CO)C(C)C |$;Y;;;;;;;;;;$,Sg:n:1:D:ht,Sg:n:1,2:M:ht|"
2164,2164,CC[N+]1=CN(C=C1)C2=CC=CC=C2 |$;Y7;;;;;;;;;;E4;$|
2165,2165,"CC(C(=NO)N)N(C)CCSC |$;;G;;;;;;;;;$,Sg:n:8,9:b:ht|"
2166,2166,"CCOC(C)CNC(C)C1=NC=CN1C |$A0;;;;;;;;;;;;;;$,Sg:n:11:u:ht|"
2167,2167,"C1COCCN1C2=C(N=NC=C2)N=[N+]=[N-].CN(C)N=[N+]=[N-].CN=PC |$;;;;D5;;;;;;;;;;;;;;;;;;;;$,m:15:0.5.4.3.2.1,m:21:7.8.9.10.11.6|"
2168,2168,"CC1CCN(CC1(C)C)CCN |$;;;;;;;;;;;$,Sg:n:6:r:ht|"
2169,2169,"C1CN(CC2=CC=CC=C21)C(C3=CC=CC=C3)C(F)(F)F.CC(=NO)N(C)C.CC |$;;;;;;;;;;;;;;;;;Z;B;;;;;;;;;;;R06$,m:21:5.6.7.8.9.4,m:28:12.13.14.15.16.11|"
2170,2170,"CCN(CCCO)C(=O)C1=C(C=C(C=C1)F)F.CSC(=S)N(C)C |$;;;;;;;;;;;;;;;;;;;;;;;$,m:17:9.14.13.12.11.10,Sg:n:6:T:ht|"
2171,2171,"CC1=NC(=CS1)C(C)N2CCCC(C2)N.CC.CC |$;;K;;;;;;L4;;;;;;;;Q51;;R27$,m:15:1.2.3.4.5,m:17:9.10.11.12.13.8,Sg:n:6:V:ht|"
2172,2172,"CC1=CC(=CC=C1)C(C2CN(C(=O)C3=C(C(=O)C=NN23)O)C(C)C)C4=CC(=CC=C4)F.COC(O)OC |$;;;;;;;;;;;;;;;;;;;;;;;;;;;;;;;;;;;;$,m:31:1.6.5.4.3.2|"
2173,2173,"CC1CCCCN1C2=CC(=NC=N2)Br.CC |$;;;;;;X;;G;;;;;;;X$,m:14:1.6.5.4.3.2|"
2174,2174,"CC1=CN(C=CC1=O)CC2=CC=NC=C2.CNC(=O)OC.CN=C(N(C)C)N(C)N(C)C |$;;;;Z;;;;;;;;;;;;;;;;;;;;;;;;;;;$,m:15:1.6.5.4.3.2,m:21:10.11.12.13.14.9|"
2175,2175,"CCCNC(CC)CN1CCCCC1.COC(=O)SC |$J8;;;;L;;;;;;;;;;;;;;;$,m:14:8.13.12.11.10.9,Sg:n:5:U:ht,Sg:n:12:y:ht,Sg:n:1,2:D:ht|"
2176,2176,"CCC(=O)C1=CC=CC=C1N2CCOC3C2CCCC3.CNOC(C)=N.CC |$;;;;;;;;;;;;E;Q;;;;;T;;;;;;;;;V34$,m:20:11.12.13.14.15.10,m:26:16.17.18.19.14.15,Sg:n:16:o:ht|"
2177,2177,"CN1C(=CC=N1)C(=O)N(CCCN)CC2=CN=CC=C2.CC |$;;;M8;W3;;;;;Q;;;;;;;;;;;;A$,m:20:15.16.17.18.19.14,Sg:n:9,10,11:A:ht|"
2178,2178,"CC1(C2CCC(N2C1=O)C(=O)O)C.CC=NNC(C)=NC |$;;;;;;;;;;;Q8;;;;;;;;;$,m:13:3.2.6.5.4|"
2179,2179,"CC(N(C)C)N(C)CCO |$;;;;;;;;;$,Sg:n:4:c:ht|"
2180,2180,"CCC1(CN(C(CN1)C(C)C)C2=C(C=CC(=C2)Cl)C)CC |$;;;;;;Y;;Z0;;;;;;;;;;;;V$,Sg:n:2:M:ht|"
2181,2181,"C1CCC(C1)(C2=CC=C(C=C2)F)C(=O)N3CCNCC3 |$;;;T6;;;;;;;;K5;;;;;;;;$,Sg:n:17:w:ht|"
2182,2182,CCOC(=O)C1(CN(C1)C(C)(C)C)N |$;;;;;;;B8;;;;;;$|
2183,2183,"CC1(CCC(C(C1)CN(C)CC2=CC=C(C=C2)OC)N)C.CC |$;;;;;;;;;;;;;;;;;;;;;;A0$,m:21:1.6.5.4.3.2,Sg:n:6:a:ht,Sg:n:4:Y:ht|"
2184,2184,"CC1=NN(C(=O)C2=CC3=CC=CC=C3N12)CC(=O)OC.CN=S.CC |$;;;;;;A;;;;;;;;;;;;;;;;;;R$,m:20:1.14.6.4.3.2,m:23:9.10.11.12.13.8|"
2185,2185,"C1CCN(CC1)C(=O)[C@@H](C2=CC=CC=C2)N3CCCC4(C3)OCCO4.CN(C)NN(C)C |$;;;;;;;;;;;;;;;;;;;;;;;;;;;;;;;$,m:25:10.11.12.13.14.9,Sg:n:11:e:ht|"
2186,2186,"CCC1(CN(C1)CC2=CC=C(C=C2)F)O.CC(=O)C(=O)N(C)C.CC |$;;K3;;;;;;;M4;;;;;;;;;;;;;;;R6$,m:15:2.5.4.3,m:23:8.9.10.11.12.7,Sg:n:2:J:ht|"
2187,2187,"CN1CCC(CC1)CN(C)CC2=CC=C(S2)C(=O)NN.CN(C)OC=O |$;;;;;;;;;;;G5;;;E7;;;;B3;;;;;;;$,m:20:1.6.5.4.3.2,Sg:n:5:w:ht|"
2188,2188,"CC1=CN(C(=C1N=[N+]=[N-])C)CCC(=O)O.CC |$;;;;;;;;;;;;;;;;Q11$,m:15:1.2.3.4.5,Sg:n:10,11:t:ht|"
2189,2189,"CCCCN(C)CC(CC)(CC)CO |$;;;;;;;;;;;;;G$,Sg:n:3:S:ht|"
2190,2190,"CCC(C)N(CC(=O)O)C1=NN(C(=O)N(C1=O)C)C.CN=C(N)N(C)S(C)(=O)=O |$;;;B5;;;;;;;;;;;;;;;;;;;;;;;;;$,m:19:9.15.14.12.11.10,Sg:n:8:n:ht|"
2191,2191,"C=CCCN1C=CC2=C1C(=CC=C2)C=O.CN(C)SN.C=C=NC |$;;G;;;;;;;;;W3;;;;;;;;;;;;$,m:15:4.5.6.7.8,m:20:9.10.11.12.7.8|"
2192,2192,"CCC1=C2C(=C(N(C2=NC=N1)C)Cl)C=O.CC |$;;;W;;A;;D5;;;;;;;;;Y$,m:15:2.10.9.8.7.3,Sg:n:12:q:ht|"
2193,2193,"CCCN(CCOCC)C1CCNC1 |$;;;;;;;;;;;;;$,Sg:n:8:B:ht,Sg:n:4,5:F:ht|"
2194,2194,"CCSC1CCCC1N2CCC(=O)C2=O.CC.CC=S |$;;X;;;;;;;;;M;;;;;Q98;;;$,m:15:3.4.5.6.7,m:17:9.8.13.11.10,Sg:n:14:V:ht|"
2195,2195,"COC(=O)CCN(CC(F)(F)F)C1CC1 |$;;;;;M;;;;;;A;;;$,Sg:n:10:q:ht,Sg:n:4,5:W:ht|"
2196,2196,"C1CNCCC1N2CCOC(=O)C2.CC |$;;;U4;;;;;;;;;;;M7$,m:13:7.8.9.10.12.6|"
2197,2197,"C1COCCN1C(=N)N2C=CC=CC2=O.CC=NNC(=S)NC |$;;;;;;;;;;;;;;;;;;;;;;$,m:15:9.10.11.12.13.8|"
2198,2198,"C1CN(C(=O)C1Cl)C2=CC(=C(C=C2)Cl)Cl.CC |$;;;;;;;;;;;;;;;;R$,m:15:8.9.10.11.12.7|"
2199,2199,"CC1(N(C(C(O1)[C@H](C2CCC2)O)CC3CCCCC3)C(=O)O)C.CC |$;;;;;;E;;;;;;;;;;;;;;;;L9;;Y51$,m:23:14.15.16.17.18.13,Sg:n:14:E:ht,Sg:n:7:Z:ht|"
2200,2200,"CCC1(C(=O)N(C(N1)C(C)C)C(COC)C(C)C)C.CC |$L7;;;;;;;;;;;;;;;;;;;;R$,m:19:2.3.5.6.7|"
2201,2201,"CCN(CC1=CC=C(S1)Cl)C(=O)C2=C(C(=CC=C2)Br)Cl.CN=C(C)N(C)S.CC |$;;;;;;;;;;;;;;;;;;;;;;;;;;;;R$,m:20:5.4.8.7.6,m:27:13.14.15.16.17.12|"
2202,2202,"CC(C1=NC(=NO1)C2=CC(=CC=C2)Cl)N(C)C(=S)NC.CN=S=O |$;;;;;;;;;;;;;;;D3;;;;;;;;$,m:20:8.9.10.11.12.7|"
2203,2203,"CCCCN(CCC)CCNC(=O)C=C |$;;;;;;;;;X;;;;;$,Sg:n:12:m:ht,Sg:n:1,2,3:S:ht|"
2204,2204,"CC1=C(C(=CC=C1)C(=O)N2CCC(C2)NC(=O)OC)I |$;;;;Y9;;Z;;;;;;;;;;;;W;$,Sg:n:0:R:ht|"
2205,2205,"CC(C1=C(N=CC=C1)N2CCCC3C2CNC3=O)NC.CC.CC |$;;G;X9;;;;;;;;;;;;;;;;;;Y6;;R66$,m:20:2.7.6.5.4.3,m:22:9.10.11.12.13.8|"
2206,2206,"C(CO)N(C(CO)CO)C(CO)CO |$;;;;;;;;;;;;;$,Sg:n:3:T:ht,Sg:n:1,0:O:ht|"
2207,2207,"CC1=NOC(=N1)C2(CCN(C2)C(=O)NC3=CC=CC=C3C4=CC=CC=C4)O.CC |$;;;;;;Z7;;;;;;Q;;;;;;;;;;;;;;;;K1$,m:27:21.22.23.24.25.20,Sg:n:18:e:ht|"
2208,2208,"CCN(C(C)C1=CC=C(C=C1)C#N)C(=O)CN2C(=O)COC3=CC=CC=C32.CC.CC |$;B;;;B9;;;;;;;;;;V6;;D1;K;;;;;;;;;;;U7;;Z$,m:27:17.19.20.21.26.16,m:29:22.23.24.25.26.21|"
2209,2209,"COCC(CN1C(=CN=C1[N+](=O)[O-])Br)O |$;;;;;;;;;X;;;;;$,Sg:n:3:E:ht|"
2210,2210,C[C@@H]1CNC[C@@H](N1CC2=NC=C(S2)Cl)C |$;;;;;;;;L9;;;;;;$|
2211,2211,CC1(CCC(CC1)N2CC(C2)F)C[N+]#[C-] |$;;;;;Y;;;;;;;;;D3$|
2212,2212,"CNCCNS(=O)(=O)C1=C(C=CC(=C1)N(C)C)Br |$;;;;;T;;;;A;;;;;;;;$,Sg:n:2,3:q:ht|"
2213,2213,"CC=NC1C(C2=C(S1)CCCC2)C(=C)N3CCC(CC3)C(=O)N=C.CC(=S)N(C)S |$;;;;;;;;;;;;;;;;;;;;;;;;;;;;;$,m:24:8.9.10.11.5.6|"
2214,2214,"CC1(CCCC1C(=O)N2CCCC2CBr)C.CC |$;;E;;;;;;;W1;Q2;;;;;;;Z$,m:16:9.8.12.11.10|"
2215,2215,CC(C)OC(=O)N(CC(=O)N)CC(=O)N |$;;;;;;;T;;;;;;;$|
2216,2216,"CC(C)CN(C1CCCCC1=O)C(C)C.CC |$;;;;;;;;T;;;;;;;;R9$,m:15:5.10.9.8.7.6|"
2217,2217,"CCCCN(CCCC)CCC(CN)O |$;;;;;;;A3;;;;;;;$,Sg:n:5:l:ht,Sg:n:10:c:ht,Sg:n:13:o:ht,Sg:n:1,2,3:g:ht|"
2218,2218,CC(C1=CC=CN1CCC(C)(C)C)N |$;;;;;;;;;;;;;E5$|
2219,2219,"CC1=CC=C(C=C1)N2CCCOCC2.CC |$;;;;;;;;;;;;;;;K06$,m:14:8.7.13.12.11.10.9|"
2220,2220,"CC1CN(C(CN1)CCO)C2=C(C=C(C=C2C)C)C.CC |$;;;Q;T;;;;;;;;;;;;;;;;W3$,m:19:1.6.5.4.3.2,Sg:n:18:d:ht,Sg:n:8:q:ht,Sg:n:7,8:a:ht|"
2221,2221,"C1COC2=C(N1CCO)C=CC(=C2)CO.CC=NN=C(C)NC.CC |$;Q4;;;;;;;;;;;;;U;;;;;;;;;;W81$,m:15:0.5.4.3.2.1,m:23:9.10.11.12.3.4,Sg:n:6,7:e:ht|"
2222,2222,"CC(C)(CO)N(C)CCC1CCC1 |$;;;;;;;E;;;;;$,Sg:n:2:o:ht|"
2223,2223,"CCN1CCCC(C1C2=CN(N=C2)C)N.CN=NC |$;;;;;;;;;;;;;;;;;;$,m:15:9.8.12.11.10|"
2224,2224,"CC(C(=O)N1CCOCC1)NC2=NC=CC(=C2)C(=O)OC.CC(N)N |$;;;;;;;;;;U9;;;;;;;;;;;;;;$,m:21:12.13.14.15.16.11,Sg:n:2:D:ht|"
2225,2225,CCN1C(=O)NN=C1SCC(C)C(=O)O |$;;;;;G4;;;;;;;;;$|
2226,2226,CCC1=CSC(=N1)NC2CCN(C2)C |$;;;;Z;X;L;;;;;;;$|
2227,2227,CCCCN(C[C@@H](C)C(C)(C)C)C(=O)C |$;;;;;;D2;;;;;L;;;$|
2228,2228,"CC1(CC(CC(C1)(C)C)N2C3CCCC2CC(C3)NC)C.CNC(C)O.CC |$;;;;;;;;;;;;;;;Q3;;;;;;;;;;;;Z$,m:21:1.6.5.4.3.2,m:26:11.12.13.14.9.10,Sg:n:15:P:ht|"
2229,2229,"CC1=C(N(C=N1)CCC(C)CCCl)C |$X5;;;;;;;;;M;;;;X$,Sg:n:1:A:ht|"
2230,2230,"CC1=CC2=NC=NN2C(=C1)N3CCCC(CC3)(C)O.CC |$;;;;Y;;;;;;J0;;Y;;J;;;;;;R6$,m:19:11.10.16.15.14.13.12,Sg:n:14:D:ht|"
2231,2231,"C1CN(CCN1/C=C\[N+](=O)[O-])P |$;;;;;;;;;;;$,Sg:n:5:N:ht,Sg:n:2:A:ht,Sg:n:10:N:ht|"
2232,2232,"CC1=NN(C(=C1N)N2CCCOCC2)C.CC |$;;;;;;;;;;;;;;;;L$,m:15:1.2.3.4.5,Sg:n:0:Y:ht|"
2233,2233,CC(=C)CN(C)C(=O)COCC(=O)O |$;;;;;;;E;;;J2;;;$|
2234,2234,"CN(C1CCNC1)C(=O)C2(CCCC2)C3=CC=C(C=C3)F.CC.CC |$;;;;;;;;;;;;;;;;;;;;;;M1;;L$,m:21:3.2.6.5.4,m:23:10.9.13.12.11,Sg:n:16:x:ht,Sg:n:16:B:ht,Sg:n:12:J:ht|"
2235,2235,"CC(CCCN1C=NC=CC1=O)N |$;;;;;;G1;;;;V0;;$,Sg:n:4:a:ht,Sg:n:2,3:H:ht|"
2236,2236,"COC(=O)[C@@H]1CC2=CC=CC=C2CN1CC(=O)NC3=CC(=CC=C3)[N+](=O)[O-].CN=C(SC)N(C)N=C(C)C |$;;;;;Q9;;;;;;;;;;;;;;;;;;;;;;;;;;;;;;;;$,m:27:7.8.9.10.11.6|"
2237,2237,"CC(C(C1=CC=CS1)N(C)CCSC)N.CC |$;L;;;;;;;;;;;;;;;R1$,m:15:3.4.5.6.7,Sg:n:5:Y:ht,Sg:n:10,11:n:ht|"
2238,2238,"C1C[C@H](N(C1)C(=O)C2=CC=CC=C2Br)C(=O)NC3CC3.CC |$;;;Z5;;;;;;;;X;;;;;;J;;;;L$,m:20:8.9.10.11.12.7|"
2239,2239,"CC1(CCCN(CC1)C2=C(C(=CC=C2)Br)C(=S)N)O.CC.CC |$;;;;;;;;;;;;;;;;;;;;W;;L67$,m:19:1.2.3.4.5.6.7,m:21:9.10.11.12.13.8,Sg:n:0:a:ht|"
2240,2240,"COC(C(CN1C(=O)C(=O)NN=C1N=[N+]=[N-])O)OC |$;;;;;Q3;G0;;;;;J;;;;;L8;D;$,Sg:n:11:o:ht|"
2241,2241,"CC(=O)NC1CC12CCN(CC2)C=O.COB(O)OC.COB(C)O |$;;;E0;;;E4;;;;;;;;;;;;;;;;;;$,m:14:4.5.6,m:20:7.8.9.10.11.6,Sg:n:7:u:ht|"
2242,2242,CC(C)C1CCCN1CC(=O)NN |$;;;;V8;;;;;;;;$|
2243,2243,"CC1=C(C=C(C=C1)C(=O)N=CN(C)C)C.CC |$;;;;;;T;;;;;;;;;;T8$,m:15:1.6.5.4.3.2|"
2244,2244,"CCC(C)N1C(CNC(C1=O)(C)C)C.CC |$;;;B;;;Y;;;;;;M;;;R$,m:14:4.9.8.7.6.5|"
2245,2245,CC(C1=CC=CO1)N(C)C(=O)NCC2=CC=C(C=C2)C(=O)O |$X;;;;;;;;;;;M0;;;;;;;;;;$|
2246,2246,"CCC(C)N(CC1=C(C=CC(=C1)NC(=O)C2CC2)N(C)C)C(=O)C3=CC(=CC=C3)F |$;;;W;;M8;;;;;;;;;X;;;;G2;;;;;;;;;;;$,Sg:n:14:C:ht|"
2247,2247,"COCCNCC1=CN=CN1CC2=CC(=C(C=C2)F)Cl.CSN(C)N(C)C.CN=NC(N)=NC |$;;;;;;;;;;;;;;;;G;V;;;;;;;;;;;;;;;;$,m:20:6.7.8.9.10,m:27:13.14.15.16.17.12,Sg:n:18:I:ht|"
2248,2248,"CN1CCC2=C(C1)C[C@@H](C=C2)F.CC.CC |$;U;;;;;;;Q1;;;;;W;;Z83$,m:12:1.6.5.4.3.2,m:14:7.8.9.10.4.5|"
2249,2249,CN1C(=O)CC(C1=O)S[I-]C |$;;;;;;;;;;K8$|
2250,2250,"CCOCC(=O)N(C)CCCN |$;;;;;;;;;;;$,Sg:n:8,9:j:ht|"
2251,2251,"C1=C(N(C=C1CN=[N+]=[N-])C/C=C\Cl)C#N.CC |$;;;;;;;;B;;;;L;;;;R$,m:15:0.1.2.3.4|"
2252,2252,"CCC1CCCN1CC2(CCCN2)C.COP(N)(=O)OC.CNOC(C)=O |$;;;;;;;V;;;;;;;;;;;;;;;;;;;$,m:14:2.3.4.5.6,m:21:9.8.12.11.10|"
2253,2253,"C1CN(CC(C1N)C(C2=CC=C(C=C2)F)C3=CC=C(C=C3)F)C(=O)O.CON(C)O.CC |$;;;;;;;;;;;;;;;;;;;;;;;;;;;;;;;R7$,m:25:0.5.4.3.2.1,m:30:9.10.11.12.13.8|"
2254,2254,"CC1=C(C(=NN1C)C)C(=O)N2CCCC(=O)C2.CC=NN(C)S(C)(=O)=O |$;;;;;;;;;;;;;;;;;;;;;;;;;$,m:17:11.12.13.14.16.10,Sg:n:3:P:ht|"
2255,2255,"C[C@H]1COCN1C(=O)OC(C)(C)C |$;;;;;;Y1;;;;;;$,Sg:n:5:N:ht,Sg:n:2:m:ht|"
2256,2256,"C=C1CCC(=O)N1COC=O |$;;;;;;;;K4;;$,Sg:n:9:D:ht|"
2257,2257,"CN(CCNC(=O)C1(CCC1)N)C2CC2 |$;M;;;;;;;;M;Y7;;;;Y9$,Sg:n:2,3:F:ht|"
2258,2258,"C1CCC(C1)N2C=CC=C(C2S)C(=O)N.CC(=S)SC(C)=S.CN=C(OC)SC |$;;;;;;;;;;;;;;;;;;;;;;;;;;;;$,m:15:0.1.2.3.4,m:22:6.7.8.9.10.5|"
2259,2259,"CCCN(CCO)C1CCCNCC1.CC |$;;;K;;;;;;;;;;Z;;R$,m:14:7.8.9.10.11.12.13,Sg:n:4:E:ht,Sg:n:3:v:ht,Sg:n:1,2:i:ht|"
2260,2260,"CC1C(=O)N(C(=O)N1)C2=CC=CC=C2O.CN(C)P(C)(=O)O |$;;;;;;;;;;J7;;;;;;;;;;;$,m:15:9.10.11.12.13.8|"
2261,2261,"CN1CC(C1C(C(CO)O)O)O.CC |$;;;;;;;;;;K7;;;A49$,m:12:1.4.3.2|"
2262,2262,"C1CC2=C3C(=CC=C2)C(=CN3C1)CCS.CC.CC |$;;;;;;;;;;;;U4;;;;R7;;R$,m:15:0.11.10.3.2.1,m:17:8.4.3.10.9,Sg:n:11:l:ht,Sg:n:12,13:F:ht|"
2263,2263,"CCCN(CCN)C1=CC=CC=C1 |$W;;;;;;;;;;Y;T;$,Sg:n:4,5:s:ht|"
2264,2264,CC(C)N1CCC[C@@H](C1)C2=CC=CC=C2 |$;L;;;;;;;;;;Q;;;$|
2265,2265,"CC1=C(C(=CC=C1)C2C(=N)NC(=O)N2C)C.CC |$;;;;;;;;;;;;;;;;;R19$,m:16:8.7.13.11.10|"
2266,2266,CN(C1=CC=C(C=C1)N)C(=O)N |$T5;;;;;;;;;A;;$|
2267,2267,"CC=C(C(=O)N)C(=S)N1CCCC1.CC(=N)C=N |$Q;;;;;;;;;;;;;;;;;$,m:13:8.9.10.11.12,Sg:n:11:W:ht|"
2268,2268,CC1=NC(=C(N1C(C)(C)C)N)C(=O)OC |$;L;;;;;;;;;;;;L;$|
2269,2269,"C1CNCC2C1N(C2)CC3=CC=CC=C3.CN(S)C(N)=O.CC(C)=NNC=O.CC |$;;;;;;;;;G7;;;;;;;;;;;;;;;;;;;;Y37$,m:15:0.5.4.3.2.1,m:21:7.4.5.6,m:28:10.11.12.13.14.9,Sg:n:10:V:ht|"
2270,2270,"CC(CCC1=NN=CN1CCOC)N.CC |$;K4;;;;J;;;;;;;;;;R6$,m:14:4.5.6.7.8,Sg:n:9,10:V:ht|"
2271,2271,"CCNCC1CCCCN(C1C2=CC=CC=C2Br)C.CC.CNB(C)N(C)C |$;;;A;;;;;;;;;;;;;;;;;W;;;;;;;$,m:19:4.5.6.7.8.9.10,m:21:12.13.14.15.16.11|"
2272,2272,"C1CC1C2N(C(CS2)C(=O)O)C(=O)C3=CC(=CC(=C3)Br)Cl.CC.CC |$;;;;;;;;;;;;;;;;;;;;;;G;;R$,m:21:0.1.2,m:23:5.4.3.7.6,Sg:n:0:I:ht|"
2273,2273,"CCC1=CC2=C(S1)N(C(=O)N(C2=O)C)C.CC |$;;;;;;;;;Y;;;;;;;R$,m:15:7.8.10.11.4.5|"
2274,2274,"C1CC2(CCN2CCF)CNC1.COP(C)N |$;;;;J;;;A4;;;;;;;;;$,m:12:0.11.10.9.2.1|"
2275,2275,"CCC1=NC2=C(N1CCC3CCCO3)CCNC2.CNNC(=O)NC.CC=NN(C)C(N)=NC |$;;;;;;;L;;;;;;;;;;Z;;;;;;;;;;;;;;;;$,m:18:10.9.13.12.11,m:25:14.15.16.17.4.5,Sg:n:9:s:ht,Sg:n:7:u:ht,Sg:n:1:V:ht,Sg:n:7,8:o:ht|"
2276,2276,C=CCN1C2=C(C=CC1=O)C=C(C=C2)N |$;;;;;Y0;A;;;;;;;;$|
2277,2277,"COC1=CC2=C(C=CN=C2C=C1)[C@H]([C@@H]3C[C@@H]4CCN3C[C@@H]4C=C)O.CN(C)C(=O)C=O.CC |$V;;;;;;;;;;;;;M;;;;;;;;Y5;;;;;;;;;;;R$,m:24:2.11.10.9.4.3,m:31:14.15.20.19.18.13|"
2278,2278,"CC1=CC(=C(N=C1)NC(C)CN(C)C)N |$V;;;;;;;K;;;;;D6;;$,Sg:n:3:N:ht|"
2279,2279,"CC(C)N1C[C@H](CC1=O)CC(C)CF.CC |$;;;;;;;;;;;;;;;X$,m:14:3.4.5.6.7|"
2280,2280,"CCCN(CCC)C(=O)C(C)(C)NC=O |$;V7;;;;;V;;;;;;D;;$,Sg:n:4,5:n:ht|"
2281,2281,CC(CNC(C)C(=O)N(C)C)SC |$;;;G7;Y;;;;;;;;$|
2282,2282,"CC1=NNN=C1N(CCCN(C)C)N.CS(=O)(=O)NO |$;;M;;;;;;;;;;;;;;;;;$,m:14:1.2.3.4.5|"
2283,2283,"C1=CC2C=CC3=NC=CN3C(=C2)C=C1.COP(N)(=O)N(C)C |$;;;;Q3;;;;;;;;;;;;;;;;;$,m:14:3.2.11.10.9.5.4|"
2284,2284,CC1CN(CCN1CC2=NC(=CC=C2)NC)C |$;;;;;;T1;;;;;;Q1;;;;$|
2285,2285,"CC1=CC(=C(C=C1)CN)N(C)CCSC |$;;;;;;;;;;;T;E2;;$,Sg:n:11,12:H:ht|"
2286,2286,"C1CN1C2=CC=C(C=C2)C(=O)CN=[N+]=[N-].CN=S(C)NC |$;;;;;;;;;;;;;;;;;;;;$,m:15:0.1.2|"
2287,2287,"CN1[C@H]2CC[C@@H]1[C@H]([C@@H](C2)O)C(=O)OC.CNC(=S)N(C)N |$Q3;;;;;;;;;;;U4;;;;;;;;;$,m:14:6.7.8.2.1.5|"
2288,2288,"CC1=NN(C(=C1Cl)C2=NC=CN2C)C.COC(C)=NN(C)C |$;;;;;;;;X0;;;;;;;;;;;;;$,m:14:8.7.11.10.9|"
2289,2289,"CN(CC1(CCCC1)O)C2CCOCC2.COC(=O)NN.CN=C(N(C)C)N(C)N |$X;;T;;;;;;;E3;;;;;;;;;;;;;;;;;;;;$,m:15:4.3.7.6.5,m:21:10.11.12.13.14.9,Sg:n:14:o:ht,Sg:n:0:h:ht,Sg:n:0:f:ht|"
2290,2290,"CN1CCCC1CCC2(CCCC2)N.CC |$;;L1;;;;;;;;Z2;;;Z;;R$,m:14:9.8.12.11.10,Sg:n:6,7:V:ht|"
2291,2291,"CCC1NCC(=O)N1C(CC)CC2CC2.CC |$A0;;;;;;G;;M;;;;Q;;X1;;R4$,m:15:2.3.4.5.7|"
2292,2292,CC1C(=CN2[C@H](S1)CC2=O)C(=O)O |$;;;;;;T2;A6;;;;Y;U$|
2293,2293,"CN(CC(=O)N)C1=CC2=C(CCC2)C=C1.CC |$;M;G6;;;;;;;;;;;;;;R8$,m:15:10.9.8.12.11|"
2294,2294,"CCC1=C(N2CCCCC2=N1)CC(=O)C.CSC(C)=NN=C(C)C |$;;;;;;;X;;;;;;;;;;;;;;;;$,m:15:5.6.7.8.9.4|"
2295,2295,"CCCC1=NOC(=N1)CN2C=C3CCCC(=O)C3=C2.CSC(=S)SC.COC(SC)SC |$;;;;;;;;;;W;;;;;;;;;;;;;;;;;;;;;$,m:19:10.9.18.17.11,m:25:12.13.14.15.17.11,Sg:n:1,2:r:ht|"
2296,2296,"CC(C)OCCN(C)C1CCCC1O.CC |$;;;;;Y0;;;;;;;;;;Y97$,m:14:8.9.10.11.12,Sg:n:12:F:ht,Sg:n:10:B:ht,Sg:n:4,5:h:ht|"
2297,2297,"CN1CCC(C1)N2C=C(N=C2)N=[N+]=[N-].COP(=O)(OC)N(C)C |$;;;;;;;;;;;;;;;;;;;;;;$,m:14:7.6.10.9.8|"
2298,2298,"CCN1CCN2C1=C3C(=NC=N3)N=C2.CC.C[Bi] |$;;;;;;;;;;;;G8;;;R81;;$,m:14:9.8.7.11.10,m:16:12.13.5.6.7.8|"
2299,2299,"CC(CN(C)CCCNC(C)(C)C)C#N |$;;B6;;;;;;;;J2;;;;$,Sg:n:5,6:p:ht|"
2300,2300,"CC1=C(C=C(O1)[C@@]2([C@H](N2C3=CC=CC=C3)C4=CC=CC=C4)C5=CC=CC=C5)C(=O)C.CNC=NOC.CN=C(N)S(C)(=O)=O.CC(=O)ON(C)C.CON(C)O.CC=NC=N |$;;;U1;;;;;;;;;;;;;;;Q1;;;;;;;;;;;;;;;;;;;;;;;;;;;;;;;;;;;;;;;;;;$,m:30:1.2.3.4.5,m:36:10.11.12.13.14.9,m:44:16.17.18.19.20.15,m:51:22.23.24.25.26.21,m:56:6.7.8|"
2301,2301,"C1CCN([C@@H](C1)C(=O)O)C(=O)C2CC=CC2.CN(N)O |$G9;;;;;;;;;;;M;;Z;;;;;;$,m:16:12.11.15.14.13|"
2302,2302,"CN(C)C1CCCC(C1)S(=O)(=O)C |$;;;;T;;;;;;U9;;$,Sg:n:5:u:ht|"
2303,2303,"CC1=CC2=C(C=C1Cl)N(C=C(C2=S)C)C.CNC(=O)N(C)N(C)C |$;;;;;L8;;;;;;;;;;;;;;;;;;$,m:15:8.9.10.11.3.4|"
2304,2304,"C[C@@H]1CNCCN1CCCC=C |$;;;U;;;;L8;;;;$,Sg:n:7,8,9:r:ht|"
2305,2305,"CCCN(CC)C(C)C1CNCCO1.COOC(=O)OC |$;;;;;;;V;;;;;;;;;;;;;$,m:14:8.13.12.11.10.9|"
2306,2306,CC(=C)C(=O)N(C)C/C(=N\[N+](C)(C)C)/[O-] |$;;;;K;;;;;;;;;;$|
2307,2307,"CCCC(CN)N1CCCC(C1)C |$;;;;;;;;;;;;$,Sg:n:0:Z:ht|"
2308,2308,"CC1C(CCO1)N(C)CCCC(C)CN |$;;;;;;;;T;;;;;;$,Sg:n:14:z:ht,Sg:n:8,9,10:U:ht|"
2309,2309,CC(C1=CN=CN1C2=CC=C(C=C2)Cl)N |$;;;;;;;;;G;;;;;J$|
2310,2310,"C=CCN1C=NC=C(C1=O)N.CC=NC(=O)C(C)=O |$;;;;W5;;;V1;;;B9;;;;;;;;$,m:11:3.8.7.6.5.4|"
2311,2311,CCN(CC)CCCN(CC)CC(C)N |$;;Z5;;;;;;;;;;;;$|
2312,2312,"C1CC2=C(C=C(C=C2)Br)N(C1)CC3CC3.CN=C(C)NS(C)(=O)=O.CN=C(O)OC |$;;;;;;;;;;;;;;;;;;;;;;;;;;;;;$,m:15:4.5.6.7.2.3,m:24:13.12.14,Sg:n:5:I:ht|"
2313,2313,"CN(CCC=C)CC(COC)O |$;;Z;;;;;;;;;$,Sg:n:1:a:ht,Sg:n:2,3:b:ht|"
2314,2314,"CCOC1(CCCN(C1)C(C)(C)C)CN.CC |$;;;;;;Z;;;;;;;;;;R$,m:15:3.8.7.6.5.4,Sg:n:8:T:ht|"
2315,2315,"CC(CCCN1CCC(C1)OC)(C#N)N.CN(N)[N+](=O)[O-] |$;;;W;;;;;;;;;;;;;;;;;$,m:15:5.6.7.8.9|"
2316,2316,CCN(CC)C(=O)CN(C)C(=O)C(C)(C)CCl |$;;;;;;;;;;;;Q2;;;;$|
2317,2317,CCN(CC(COC)O)C(C)C |$;;;;;;;U;;;;$|
2318,2318,"CC(C)(C)OC(=O)N1CCC[C@@H](C1)NC(=O)C2=CC=CO2.CC.CC |$;;;;;;;;;;;;;K;;;;;;;;;R;;M$,m:21:7.12.11.10.9.8,m:23:17.16.20.19.18,Sg:n:12:s:ht,Sg:n:1:y:ht|"
2319,2319,"COCCNCC1=NC=CN1CCCCCCO |$L5;;;;;;;;;X;;;;;;;;$,Sg:n:6:U:ht,Sg:n:2,3:p:ht|"
2320,2320,"C1CCC(C1)(CCN2CCC2)C(=O)O |$;A3;;W5;;;;;;;;;;$,Sg:n:5,6:p:ht|"
2321,2321,"CN1C=NN=C1CCC2CCCNC2.CC.CNN=O |$;;;;;;;;;;;;;;;R;;;;$,m:14:1.2.3.4.5,m:16:9.10.11.12.13.8,Sg:n:1:I:ht,Sg:n:6:z:ht,Sg:n:11:j:ht,Sg:n:6,7:S:ht|"
2322,2322,"CCC(C(=O)NCC1CCCN1CC)Br.CNNC(=O)N(C)C |$;;U;;;;;;;;;;;;V;;;;;;;;$,m:15:7.8.9.10.11|"
2323,2323,"C1C(CN1C[C@H](C2=CC=CC=C2)O)N.CC.COP(C)(C)=S |$;;;;;;;;;;;;;;;Q;;;;;;$,m:14:0.3.2.1,m:16:7.8.9.10.11.6|"
2324,2324,"CC(=O)N1CC[C@@]2(C1)CC[C@@H](C2)C(=O)O.CN=CC(=O)OC |$;;;G4;;;;;A9;;B;;T;B;G;;;;;;;$,m:15:3.4.5.6.7,Sg:n:11:p:ht,Sg:n:1:V:ht|"
2325,2325,"CN(CC(=O)N1CCNCC1)C2CCC23CCCCC3.CC=NC(=NC)OC |$;;;;;;;;;;;;;;;;;;;;;;;;;;;$,m:20:12.13.14.11,Sg:n:6:t:ht|"
2326,2326,"CC(=O)N1CCC2(CC1)C(O2)(C)C.CN(C)N=S.CN(C)C |$;A;L7;;;;;;;;;Z;D1;;;;;;;;;$,m:13:3.8.7.6.5.4,m:18:9.6.10|"
2327,2327,"C1C=CC(CN1C(=O)C2=CC=CC=C2)O.CSC(=N)SC |$;;;;;G5;U;;;;;;;;;;;;;;$,m:15:9.10.11.12.13.8|"
2328,2328,CN(CC1CC(C1)Cl)C(=O)CC(F)(F)F |$;;;;;;;;;;;V1;;;$|
2329,2329,"CN(C)CCC(=O)C1=CC=CC=C1O |$G0;;;;B;;;;;;;;;$,Sg:n:3,4:w:ht|"
2330,2330,"CC[C@H]1C2=C(CCN1CCOC)SC=C2 |$;;;;;;;;G6;;;;;;G9$,Sg:n:12:p:ht|"
2331,2331,"C1CC(CN(C1)CCC(=O)O)SC(F)F.CC |$;;;E;;;;;;;Z;;;;;;R$,m:15:0.5.4.3.2.1,Sg:n:6:q:ht,Sg:n:6:G:ht,Sg:n:6,7:s:ht|"
2332,2332,CC(C1=CN(C=C1)CC2=CC=CS2)N |$;;;D1;;;;;T6;;;;;$|
2333,2333,"C1COCCN1CCNS(=O)(=O)CCl.CP(=O)(O)O |$B;;;;;;;;;;;;;;;;;;$,m:14:0.5.4.3.2.1,Sg:n:6,7:w:ht|"
2334,2334,"COC1=C(C=C(C=C1)CN2C=NN=C2)N |$;;;;;;;;;;;;;;$,Sg:n:13:h:ht|"
2335,2335,"C1CC(C1)CC(=O)N2CCCC(C2)CO |$;;;;;;;;;;B;;;;$,Sg:n:9:B:ht,Sg:n:11:b:ht,Sg:n:8:q:ht,Sg:n:13:W:ht|"
2336,2336,"CCNCC(C)(C)CN1CCC(=CC1)C |$;U9;;;W;;;;;;;;;;$,Sg:n:5:Y:ht|"
2337,2337,CN(CC(=O)N(C)C1CCCCC1)C(=O)C2COCC2N |$;;M;;K4;;;;;;;;;;;;;;;;$|
2338,2338,"CCN(CC(F)(F)F)C(=O)NC1=C(N=CC=C1)C(=O)O.CC |$;;;;D6;;;;;;;;;;;;;;;;;R$,m:20:11.16.15.14.13.12,Sg:n:19:N:ht|"
2339,2339,"CN1CC(=CC2=CC=CC=C2)C(=O)C1=O.CC |$;;;;;;;;;;;;;;;;R70$,m:15:6.7.8.9.10.5|"
2340,2340,"CC1=CN2C(=C(N=C2C(=C1)Br)C3=CC(=CC=C3)OC)CO.CC=NC(=NC)SC.C[N+](C)(C)C |$V;Z;;;;;;K;D9;;J;;;L;;;;;;;D5;;;;;;;;;;;;;$,m:21:4.3.7.6.5,m:29:12.13.14.15.16.11|"
2341,2341,"C1CC(CCN(C1)C2=CC=CC=C2)CN.C=NC(=O)N(C)C |$X1;;;;;;;;;;;;;;;;;;;;;$,m:15:0.1.2.3.4.5.6|"
2342,2342,"CN1CCNCC1CCC2=C(C=CC(=C2)Br)OC |$;;;;;;;;;;;;;;;;;$,Sg:n:17:n:ht,Sg:n:7,8:B:ht|"
2343,2343,"CCC(C)(C(C1=C(C=CN=C1)C)NC)N(CC)CC.CC |$;;;G;;;;D;;L;;;;;;;;;;;T$,m:19:5.10.9.8.7.6,Sg:n:6:I:ht|"
2344,2344,CC[C@H](CN1CCCCC1)O |$;;;;;W5;;;;D;$|
2345,2345,"CC(C)CCN(CC1=CN=C(C=C1)Cl)C2CC2 |$;;;;;;Y0;;;;;;;;;;$,Sg:n:3,4:L:ht|"
2346,2346,"CS(=O)(=O)C1CCN(CC1)C(=O)CCl.CC |$X;;;;G3;;;;;;;;;;;Y$,m:14:4.9.8.7.6.5|"
2347,2347,"CN(C)C(=O)C1=CC(=C(C(=C1)OC)OC)N.CN=C(C)C |$;B;;;;;;;;;;;;;;;;;;;$,m:16:5.10.9.8.7.6,Sg:n:13:l:ht|"
2348,2348,CC1=NN=C(S1)N2CCOCC(C2)O |$;;;;;;;;;;G9;;;$|
2349,2349,"CN(C)C1=NC=C(C=C1)C2CCCC2Cl.CC.CC |$;;;;;;;;;;;;;;;;R;;Z$,m:15:3.8.7.6.5.4,m:17:10.9.13.12.11,Sg:n:7:w:ht|"
2350,2350,"CC1C=C(CS1)N2CCCC2.COP(N)(N)=O |$;;;;;;;W6;;;;;;;;;$,m:11:7.6.10.9.8|"
2351,2351,"C1CSCCN1C2=NC=CN=C2NN |$;;;;;;;;;;;;;$,Sg:n:6:T:ht|"
2352,2352,"CN1C2=CC=CC=C2N(C1=C/C=C/C=N)C.CC |$T2;;;;;;;;;U8;J;;;;;;;W4$,m:16:3.4.5.6.7.2|"
2353,2353,"C1CN(CCC1CCC2=NCCN2)C=O |$;;Z;;;;;Y3;;;;;;;U4$,Sg:n:6,7:A:ht|"
2354,2354,"C1CC(C1)(C(=O)N2CCC(CC2)O)N.CC |$;;;;;;;;;;;;;;;R$,m:14:0.3.2.1,Sg:n:6:I:ht|"
2355,2355,"C1C[C@H](N(C1)C(=O)CNCC2CC2)CO.CC=NN=C(C)OC.CC |$;;;;;;W;;;;;;;;;;;;;;;;;;R7$,m:15:0.1.2.3.4,m:23:11.10.12,Sg:n:6:w:ht|"
2356,2356,CNC(=O)N1CC[C@@H](C1)O |$;;D;;;;X1;;;$|
2357,2357,"CC1=CC2=C(C=C1)N(C3=C2CCCC3NC)C.CNP(OC)OC |$;;;;;;;;;;;;;;;;L9;;;;;;;$,m:17:10.11.12.13.8.9,Sg:n:14:O:ht|"
2358,2358,"CN1CCCC2C1CCN(C2)C(=O)Cl.CC.COC(=O)NN |$U0;;;;;;L3;;E;;;;;;;R45;;;;;;$,m:14:1.6.5.4.3.2,m:16:7.8.9.10.5.6,Sg:n:5:t:ht,Sg:n:3:P:ht|"
2359,2359,"CN1C=C(N=C1)C(=O)OC.CSN(C)N(C)C |$;;;;;;;;Z;;;;;;;;$,m:10:1.2.3.4.5|"
2360,2360,"C[C@H](CN(C)C1=CC=CC=C1)C(=O)O.CSN(C)C=O |$;;K4;;;;;;;;Q5;;;;;;;;;$,m:14:5.10.9.8.7.6|"
2361,2361,"C1C(CN1C2=CN=C(C=C2)[N+](=O)[O-])N.CC(C)=NOS(C)(=O)=O.CN=C(NC)NN(C)C |$M1;;T;;Y;;;;;;;;E9;;;;;;;;;;;;;;;;;;;$,m:14:0.3.2.1,m:23:5.6.7.8.9.4|"
2362,2362,"CCC1=C(N(C(=N1)C2CC2)C(C)(C)C)N.CC |$;W9;;;;;;B4;;;;;;;;;V2$,m:15:2.3.4.5.6|"
2363,2363,CN1CCCCCN(CCCCC1)C |$;;;;;;;;E6;;;;;$|
2364,2364,"CCNC(=NCC1=CC=CC=C1F)N2CCCC(C2)C(=O)OCC.CC |$;;;W;;;;;;;;J7;;;;;;;;;;Q;;;;E4$,m:24:14.15.16.17.18.13,Sg:n:9:x:ht,Sg:n:3:g:ht|"
2365,2365,"CN(CC(CCOC)N)C1CCOC1 |$;;;;;;;;;;;;;$,Sg:n:5:x:ht,Sg:n:4,5:k:ht|"
2366,2366,"CCCN(CCC)C(=O)C1=CC(=C(C=C1)N(C)C)N.CNN(C)C |$;;;;;;;;;;;;;;;;;;;;;;;$,m:19:9.14.13.12.11.10,Sg:n:12:W:ht|"
2367,2367,"C1CCN(CC1)/C=C(/CO)\C(=O)N |$;;Q;;;;;;;;;;$,Sg:n:7:W:ht|"
2368,2368,CC1=C(C(=O)N(C(=S)N1)C)C#N |$;Q4;;;;;;;;;;G$|
2369,2369,"CCOCC(CN1CCNC[C@@H]1C)O.CN(O)C=O |$;;;;;;;;;;;;;;;;;;$,m:14:6.11.10.9.8.7,Sg:n:9:I:ht|"
2370,2370,"CC1(CN(C1)C2=C(C=CC(=C2)Br)I)C.CC |$;;;;;;E9;;;;;;;;;U$,m:14:1.4.3.2|"
2371,2371,CC(=C)CN1CC(C1)C(F)(F)F |$;;;;;;;;Y7;;;$|
2372,2372,"CN(CC1=CC=C(S1)Br)C(=O)C2CCCC2.CC(=N)N=N.CC |$;;;;G;;;;;;;;;;;;;;;;;;X1$,m:16:4.3.7.6.5,m:21:12.11.15.14.13,Sg:n:0:h:ht|"
2373,2373,"CN1C=NC(=C1S(=O)(=O)N(C)CC2=C(C(=CC=C2)Cl)Cl)N.CC.COP(N)(=O)OC |$;;;;;;;;;D;;;;;;;;;;;;;K44;;;;;;;$,m:21:1.2.3.4.5,m:23:13.14.15.16.17.12|"
2374,2374,"CC1=NN=C(N1C)CNCCO.CNP(N)(=O)OC |$;;;;;;;;;;;;;;;;;;$,m:12:1.2.3.4.5,Sg:n:10:k:ht,Sg:n:9,10:c:ht|"
2375,2375,"CC(C)CNC1CCN(CC1)C(=O)N |$;;;;;;;;Y8;;;;;$,Sg:n:1:S:ht|"
2376,2376,"C1CS(=O)(=O)CC2N1C(=O)NC(=O)C2.CN=S(C)(=O)O.CC |$X;;;;;;;;;;;;;;;;;;;;;R2$,m:14:0.7.6.5.2.1,m:20:8.10.11.13.6.7,Sg:n:9:c:ht|"
2377,2377,"CCCC(CN)N1CC(CCC1C)C |$;;;;;;;;;;;;;$,Sg:n:1,2:s:ht|"
2378,2378,"CC1=CC(N(C2=C1C=C(C(=C2)OC)CNC(C)C)C)(C)C.CC.CC(C)=NN(C)C(=O)N(C)C |$;Q3;;;;;;;;;;;;;;;;;;;;;K;;;;;;;;;;;$,m:21:1.6.5.4.3.2,m:23:7.8.9.10.5.6|"
2379,2379,"COCCCN(CCOC)CC1=C(C(=CC=C1)N)F |$;;;;;;;;;;;J;;;;;;A;$,Sg:n:7:f:ht,Sg:n:2,3,4:o:ht|"
2380,2380,"C1CCC(C1)C(=O)N2CCCNC(=O)C2 |$;;;;;;;;;;K1;;;;$,Sg:n:14:i:ht,Sg:n:2:Z:ht|"
2381,2381,"CC(C1=CC=CC=C1)N2C=CC(=C2)CO.CNC(=O)N=N |$;;;;;;;;;;;;;U8;;;;;;;$,m:15:9.8.12.11.10|"
2382,2382,"CC(=O)N(CCNC)C(=O)C1CCC1.CC |$;;;;;;;;;;;;;Q3;;Z1$,m:14:10.13.12.11,Sg:n:4,5:F:ht|"
2383,2383,"C1=CN2C(=NC=C2I)C=C1C=C[N+](=O)[O-].CC |$;;;;;;;;;;;;;;K;;A$,m:15:0.9.8.3.2.1|"
2384,2384,"CCN(CCOCC)C(CNC(C)C)C(C)C |$W;;;;;K;;;;G;;;;;;;M8$,Sg:n:3,4:e:ht|"
2385,2385,"CC1=CC=C(S1)C(CN)N2CCC(C2)CCO.CC.CC |$;;;;;;;X;;;M;;;;E;L2;;;Y;;Z3$,m:17:1.2.3.4.5,m:19:10.9.13.12.11,Sg:n:13:K:ht|"
2386,2386,C[C@@H]1[C@H](N(C2=CC=CC=C12)C(=O)OC)C |$;;;;;;;;T5;;;;;;$|
2387,2387,"CC[NH+]1CCN(C1C)CC(C)(C)C.CC |$;;;;;B6;;;;;;;B;;Z7$,m:13:2.3.4.5.6,Sg:n:6:i:ht|"
2388,2388,"CNCC1CCCCN1CC(=O)NC.CC |$;B;A;;;X;;;;;;;;;;R$,m:14:3.8.7.6.5.4,Sg:n:8:j:ht|"
2389,2389,"CN1C=CN(C1=O)C2=CC=CC(=C2)CO.CC(=N)ON(C)C.COC(=O)N(C)OC |$;;;;X;;;D4;;;;;;;;;;;;;;;;;;;;;;$,m:15:1.2.3.4.5,m:22:8.9.10.11.12.7|"
2390,2390,"CN(CCC1=CCCCC1)CCN |$;K;;;;;;;;;;;$,Sg:n:11:q:ht|"
2391,2391,"C1[C@@H]2COC[C@@]2(CN1CC3=NC=CS3)C(=O)NCC4=CN=CC=C4.CC.CBC |$;;;T3;;;;;;;;;;;;;;;;;;;;;;T;;;$,m:24:2.1.5.4.3,m:26:19.20.21.22.23.18,Sg:n:19:J:ht|"
2392,2392,CCC1=C(C=CC(=C1)NC(=O)N(C)C(C)C(=O)O)C |$;;;;;E;;;;D;;;;;;G6;L;;$|
2393,2393,CC(C)N(CC(=O)OC)C(=O)CC(C)(C)C |$;;;;;;D;;;;;;;;;$|
2394,2394,"CC(=O)N(C1=NC=C(C=C1)Cl)C(=O)C2=CC=CC=C2Br.CC |$;;;;;W8;;;;;;;;;;K;W1;V3;;;;R$,m:20:14.15.16.17.18.13|"
2395,2395,"C1COCCN1CN2C(=S)OC=N2.CC.CC |$;;;;;;J;;;;;;;;V;;E$,m:13:0.5.4.3.2.1,m:15:8.7.12.11.10,Sg:n:8:D:ht|"
2396,2396,"CC(CC(=O)N(CCOC)CCOC)N |$B7;;;;;;;;;U;;;;;J0$,Sg:n:11:J:ht,Sg:n:10,11:p:ht|"
2397,2397,"CN(C1=CC=CC=C1)C(=O)C2=CN3CCS(=O)(=O)N=C3C=C2.CC(=N)N(C)N=C(C)C |$J;;;;;;;M8;;A;;;E9;;;;;;;;;;;;;;;;;;$,m:22:11.12.19.20.21.10|"
2398,2398,"C1CN(C2=CC=CC=C21)C3=NC(=O)C4=CC=CC=C4C3.CN(C)NC(=S)S.CC=NNC(C)=NC.CC |$;;;;;;;;;J;;;;;;;;;;;;;;;;;;;;;;;;;;;L48$,m:20:0.1.2.3.8,m:27:10.11.13.18.19.9,m:35:14.15.16.17.18.13|"
2399,2399,"CC1=CC2=C(C=C1C(=O)N(C[C@H]3CCCO3)CC4=CC=CC=N4)OCCO2.CN=NC(=NC)OC |$;;;;;;;;;;;;W;;;;;;;;;;;;;;;;;;;;;;$,m:27:18.19.20.21.22.17,Sg:n:12:p:ht,Sg:n:17:e:ht,Sg:n:13:R:ht|"
2400,2400,"CC1=C(N(C2=NC=NC(=C12)N)CC3=CC=CS3)C.CC |$D7;;;;;;;;;;;J1;;;;;;;;L0$,m:18:5.6.7.8.9.4|"
2401,2401,"CN(C)C(C1=CC(=C(C=C1)OC)F)S.CC |$;;;;;;;;;;;G;A7;;;R48$,m:14:4.9.8.7.6.5,Sg:n:0:O:ht|"
2402,2402,"CN1CCN(CC1)CC2=C(N=NS2)N.CC(=N)N=[N+]=[N-].CSC(C)=NO |$;;;;;;A2;;Z;T;;M6;;;;;;;;;;;;;;$,m:14:1.6.5.4.3.2,m:20:9.8.12.11.10|"
2403,2403,"CCCN(CCO)C1=NC=C(C(=C1)C)Br.CC |$;;;;B2;;;Y;;;;;G;;;;R$,m:15:7.12.11.10.9.8,Sg:n:4,5:S:ht|"
2404,2404,C[C@@H]1CN(CC(O1)C)C2=NC=C(C=C2)N |$;;;;;;;G5;;;;;;Z;E$|
2405,2405,"CN1C=CN=C1NC2=CC=C(C=C2)CCl.CC.CC |$;;;;;;;;;;;;Z7;;;;G;;U$,m:15:1.2.3.4.5,m:17:8.9.10.11.12.7|"
2406,2406,"CCCC1=NN=C(N1C2=CC=CC=C2Br)Cl.CSC(C)N.CC |$;;;;;;;;G;;;A;;;;;;;;;;;R48$,m:16:3.4.5.6.7,m:21:9.10.11.12.13.8,Sg:n:1,2:p:ht|"
2407,2407,"CC(C)C1(CCN(C1)C2=CC=CC=C2[N+](=O)[O-])C(=O)O.CS(C)=O |$;;;;;;;V6;;;;;;A1;;;B1;;;;;;;$,m:20:9.10.11.12.13.8|"
2408,2408,"CC(C)(C)N1CCC[C@@H]1[C@@H]2CC(=O)OC2.CON(C)O |$;;;;;;;;;;;;;;;;;;;$,m:15:4.5.6.7.8|"
2409,2409,"C1CN1CC2=CC3=C(C=C2Br)OCO3.CC.COC(=S)OC |$;;;;;;;;;;;;;;;R94;;;;;;$,m:14:0.1.2,m:16:11.7.6.13.12|"
2410,2410,"CN(CC1CC2CCC1C2)C(=O)CCN.CC.CC |$;;;;;W;;;;;;;;;;;Z;;K$,m:15:3.4.5.9.8,m:17:6.5.9.8.7,Sg:n:3:s:ht|"
2411,2411,"CC1CCCCC1N2CCC(CC2)NC(=O)O |$;X;;;;;;;;;;;;;;;$,Sg:n:15:k:ht,Sg:n:1:w:ht|"
2412,2412,"CN=C1NS(=O)(=O)CN1C(=O)OC |$;;;;;A;;;;;;;U7$,Sg:n:2:A:ht|"
2413,2413,"CS(=O)(=O)C1=CN=CC(=C1)C(=O)N2C[C@H]3C[C@H]3[C@@H]2CC(=O)N[C@H](C4CC4)C5=CC(=C(C=C5F)Cl)F.CC |$;;;;W7;;;;B2;;;M;;E2;;;;;;;;;;;;;J9;;;;E1;;;;;;E2$,m:35:15.14.16|"
2414,2414,CC(C1CCCN1)N(C)C(=O)N(C)C |$Q;;W8;;;;;;;;;;;$|
2415,2415,"C1CCN(CC1)C(=O)CCN=C(N)NN |$;;;;;;;;;;;;;;$,Sg:n:11:k:ht,Sg:n:8,9:Q:ht|"
2416,2416,"CC1=CC(=C(C(=C1)C)CN2C(=CC3=C2C=C(C=C3)C#N)C(=O)OC)C.CC.CC(=O)NN=C(C)C |$;;;;V;;;;;;;;;;;;;;J9;Y;;;;;V6;;Y7;;;;;;;;$,m:25:1.6.5.4.3.2,m:27:10.9.13.12.11|"
2417,2417,"CCCNC(=O)CN1C=CC=C1C(=O)C.CC(S)C(=O)O |$;;W;;;;K9;;;;;;;;;;;;;;$,m:15:7.8.9.10.11,Sg:n:1,2:d:ht|"
2418,2418,"CN(C)CCOC1=C(C=CC=N1)C(=N)N |$;;;;;;;;;;Z0;;;;$,Sg:n:3,4:k:ht|"
2419,2419,"CN([C@@H]1CCNC1)C2=NC=C(C=N2)F.CC.CN=C(C)OC(C)=NC |$;;;;;;;Q1;;;;;;;;L;;;;;;;;;$,m:14:3.2.6.5.4,m:16:8.9.10.11.12.7|"
2420,2420,"CCC1=CC=C(C=C1)N2C(=NN=C2C3=CC=NC=C3)CCl.CC.C=NC(=O)NC.CC |$;X;;;;;;V3;;;Y;;;;;;;;;Z;;;V;;;;;;;;Z71$,m:21:2.7.6.5.4.3,m:23:9.8.12.11.10,m:29:14.15.16.17.18.13|"
2421,2421,"CC(C)CC(C)CN1CCNC(C1)(C)C2CC2.CN=C(NC)NS(C)(=O)=O |$M;Y8;;;;;;;;;;;;;G;;;;;;;;;;;;$,m:17:15.14.16,Sg:n:0:e:ht|"
2422,2422,"CC1=CC2=C(N1C(C)(C)C)CCC2=O.CN(C)P.CC |$;;;;;;;;;;;;;;;;;;;R81$,m:14:1.2.3.4.5,m:18:10.4.3.12.11|"
2423,2423,"CC1=NC=C(C=N1)C2=CC=CC3=C2CC(CC3)N(CC4=CC=CC=C4)CC5=CC=CC=C5.CN=C(SC)N(C)N=C(C)C.C=NN(C)N=C(C)C.CN=CC=N |$;;;;;;;;;;;;;;;;;;;;;;;;;G;;;;;;;;;;;;;;;;;;;;;;;;;;;;;;$,m:32:1.6.5.4.3.2,m:43:8.9.10.11.12.7,m:51:13.14.15.16.11.12|"
2424,2424,"CCCC1CN(CCO1)C(=O)C2CC3=C(O2)C=CC(=C3)F.CC.CC |$;;;;;;;;;;;;;;;;;;;;;;L41;;R$,m:21:3.8.7.6.5.4,m:23:12.11.15.14.13,Sg:n:15:g:ht,Sg:n:10:v:ht,Sg:n:1,2:z:ht|"
2425,2425,CCN1C2=C(C=CC=N2)N=C1C(CO)N |$;;;;;;;;;;V3;;;;$|
2426,2426,"CC(=O)OC1=C(C=C(C=C1)[N+](=O)[O-])C2CN(C[C@@H]2C3=CC=CC=C3Br)C.COP(OC)N(C)C |$;Z;;;U8;;;;;;;E9;;Y;;;;;;;;;;;;B;;;;;;;;$,m:26:14.13.17.16.15|"
2427,2427,"CCCN1C(=NNC1=S)C2CCCOC2.CC |$;;A6;;;;;;;;;;;;;;X25$,m:15:10.11.12.13.14.9,Sg:n:1,2:P:ht|"
2428,2428,"C1CC(CN(C1)CC(=O)C2=CC=CC=C2)Br.CC |$;;;;;;;;;;;;;;;;;R5$,m:16:10.11.12.13.14.9,Sg:n:3:r:ht|"
2429,2429,CC(C)(CN1CC(=O)NC1=O)C(=O)O |$;;;;;;;W;;;;;;$|
2430,2430,"CCCCCNCC1CN(CCO1)C.CC |$;;;;;;;Y4;;;;;;;;Q38$,m:14:7.12.11.10.9.8,Sg:n:2,3,4:a:ht|"
2431,2431,"C1=CC=C(C=C1)CN2C=CC=C(C2=N)N.CN=C(NC)N(C)O |$;;;;;;;;B2;;;E5;;Y0;E8;;;;;;;;$,m:15:8.9.10.11.12.7|"
2432,2432,"CCN(CC)CCCC(=O)N=[N+]=[N-] |$;;;;;;X;;;;;;Y$,Sg:n:0:x:ht,Sg:n:9:m:ht,Sg:n:5,6:S:ht|"
2433,2433,"COC1=CC=CC(=C1OCCCN2C=CN=C2)/C=C(/C#N)\C(=O)N.CN=NN(C)C |$;;;;;;;;;;;;;;;;;;;;;V;;;;;;;;$,m:24:13.12.16.15.14,Sg:n:22:t:ht,Sg:n:9,10,11:n:ht|"
2434,2434,"CC1=CC(=O)N(C(=C1)O)CCNC(=O)C |$;;;;;;;;;;;;;;$,Sg:n:6:n:ht|"
2435,2435,"C1CC(=O)N(C1)CCCS.CC |$;;;;;;;;;;;R8$,m:10:0.1.2.4.5,Sg:n:7,8:Y:ht|"
2436,2436,"CCCCN1C(CCC1=O)O |$;;;;;;;;;;$,Sg:n:5:J:ht,Sg:n:2,3:N:ht|"
2437,2437,"CN1C(=C(N=C1Br)C(F)F)C(=O)OC.CC |$;;;;;B9;;;;;;;V2;;;T$,m:14:1.2.3.4.5|"
2438,2438,"CCC(CNC1CCOCC1)N(C)C.COC(=S)OC |$;;;;;;;;X;M9;;;;;;;;;;$,m:14:5.10.9.8.7.6,Sg:n:10:h:ht,Sg:n:10:y:ht|"
2439,2439,"CC1CNCC(N1C(=O)CCSC)C.CC |$;E;;V;W;;;;L;;;;;;;R51$,m:14:1.6.5.4.3.2,Sg:n:9,10:I:ht|"
2440,2440,CC1(CN(CC1Br)C2CCCC2)C |$;;;;;;;;;;G;;$|
2441,2441,"CC(C)(C)C1=CSC(=N1)NC(=O)N(C)C.CC |$;;;;;D;;;;;;;;;;;Z$,m:15:4.5.6.7.8|"
2442,2442,"C[C@H](CCO)C1CCN(CC1)C(=O)O |$;;;;;;;;;V;;J5;;$,Sg:n:5:M:ht,Sg:n:2,3:R:ht|"
2443,2443,CC1=NOC(=N1)CN2C=NC=C2[C@H](C)N |$;;;;;;;;;;;;;;K$|
2444,2444,"CN(CC1CCC1)C2=NC=CC=N2.CN(C)C(=O)N=N |$;;;;;;;;;;;;;;;;;;;$,m:13:8.9.10.11.12.7|"
2445,2445,"CCN(CCC(=NO)N)CC(C)(C)O |$;;;;;;;;;;;;;$,Sg:n:5:i:ht,Sg:n:3,4:F:ht|"
2446,2446,"C1CC2CN(C(C2C1)C(=O)O)C(=O)C3=C4C(=CC(=C3)F)NC=N4.CC.CC.CNC(C)=NO |$;;;;;Z6;;T8;;;;U7;;;;;;;;;;;;;L90;;R1;;;;;;$,m:23:0.1.2.6.7,m:25:3.2.6.5.4,m:27:20.15.14.22.21|"
2447,2447,"CCC(CN)C(=O)N1CCNCC1.CC(=O)NC=O |$;;;;;;;;;;;;;;;;;;$,m:13:7.12.11.10.9.8|"
2448,2448,"CCNCCN1CCC(C(C1)C)C |$;;;;G;;Z7;;;;;;$,Sg:n:10:V:ht|"
2449,2449,"C1CC2CC(CCN2C1)NCC3CC4CCC3C4.CC(=N)C(C)O |$;;;;;;;;;;;;;;;;;;;;;;;$,m:18:3.4.5.6.7.2,Sg:n:11:O:ht|"
2450,2450,"CC(C)(C)N(CCCCN=[N+]=[N-])C(=O)[O-] |$;;;;;;;;;;;;;;$,Sg:n:5:z:ht|"
2451,2451,CC(C(=O)C)N(C)CC1=CC=CO1 |$;;;;;;;;;L;;;$|
2452,2452,"CC(CC1CCCCCN1C(=O)OC(C)(C)C)NCC(C)(C)O.CC |$;;;;;;;;;;;;E;;;;;;;;;;;;W$,m:23:3.4.5.6.7.8.9|"
2453,2453,"C1CC1(C2=CC=C(C=C2)NS(=O)(=O)C3=CC=CC=C3)C(=O)N4CCC5(C4)C6=CC=CC=C6C(=O)O5.CONN.CC.CON=C(C)C.CC(C)=NN=[N+]=[N-] |$;;;;;;;;;;;;;;;;;;;;;;;;;;;;U;;;;;A;;;;;;;X1;;;;;;;;;;;;;$,m:35:0.1.2,m:39:4.5.6.7.8.3,m:41:22.21.25.24.23,m:47:27.28.29.30.31.26|"
2454,2454,"CC1(O)CN(C(=O)OC(C)(C)C)C1.CC(=O)SN=[N+]=[N-] |$;;T;;;;;;;;D;;W8;;;;;;;$,m:13:1.12.4.3,Sg:n:5:K:ht|"
2455,2455,"CCC(CC)CN1C=C(N=C1)C(=O)O |$;;;;;;;;;;;;;$,Sg:n:7:C:ht,Sg:n:8:i:ht|"
2456,2456,"CN(CC1=CC=C(S1)Cl)C(=O)NC(CO)C(=O)O.CC |$;;;;;;;;;;;;T4;;;;;;;W$,m:18:3.4.5.6.7|"
2457,2457,"C[C@@H]1CN(C[C@]1(C)O)C2=NC(=C(S2)C)C.CC(=N)OC(C)=O |$;;;;;;;;;V;;;;E4;;;;;;;;$,m:15:9.8.12.11.10|"
2458,2458,"CCCCN1CCCC12CCNC2=O.CC.CC(C)=NN=C(C)N(C)C |$;;;;;;;;;U9;;;E;;;G;;;;;;;;;;$,m:14:4.5.6.7.8,m:16:9.8.12.11.10|"
2459,2459,"CCN1CC2C(C2(C1=O)C(=O)C)(C3=CC=CC=C3)C4=CC=CC=C4.CC.CN=CN(C)C=NC.CC.CNNNC |$;;;;;;;;;;T;;;;;;;U5;;;;;;;;T6;;;;;;;;;;M99;;;;;$,m:24:2.3.4.6.7,m:26:13.14.15.16.17.12,m:34:19.20.21.22.23.18,m:36:4.5.6,Sg:n:9:L:ht|"
2460,2460,"C1CCCCN(CCC1)CCO |$;;;;;;;;;;;Z$,Sg:n:9,10:G:ht|"
2461,2461,"CC(=CCN(CCCCO)C1=CC=CC=C1)C.CSNC(C)=O |$;;;;;;;V;;J;;;;;;;;;;;;;$,m:17:10.15.14.13.12.11,Sg:n:4:h:ht,Sg:n:5,6:k:ht|"
2462,2462,"CCCN1CCC(CC1)CC(C)C.CN=NC(=NC)NC |$;;;;;;;;;;;;;;;;;;;;$,m:13:3.8.7.6.5.4,Sg:n:9:S:ht,Sg:n:1,2:j:ht|"
2463,2463,"CCC(C)C1C(=O)NC(C(=O)N1C)C2=CC=CC=C2.CC |$;;;;G;;;;Y;;;;;;K;;;;;;W$,m:19:14.15.16.17.18.13,Sg:n:9:M:ht,Sg:n:7:j:ht|"
2464,2464,"C1CCC(C(C1)N)OCCN2CCCC2.COC(=O)N(C)N=C(C)C |$;;;;;;;;;;;;;;;;;;;;;;;;$,m:15:11.10.14.13.12,Sg:n:5:r:ht,Sg:n:8,9:t:ht|"
2465,2465,"CN(CC1=CSC=N1)C(=S)NCCOC |$;;;E5;;;;;;;;;;;$,Sg:n:8:k:ht,Sg:n:11,12:J:ht|"
2466,2466,"C1CN=C(N1)N2CC3=C(C2)C=C(C=C3)F.CC.CC |$;;;T3;;;;;;;;;;;;;M4;;X$,m:15:0.1.2.3.4,m:17:6.5.9.8.7|"
2467,2467,"C1CNCCC1NC(=O)N2C=CN=C2.CC |$;;;K4;;;;;;;;;;;;A$,m:14:0.5.4.3.2.1|"
2468,2468,"CCC(C(=O)C)N(C)C1=CC=CC=C1.CC |$;;;;;;;;;;;;;;;M61$,m:14:8.13.12.11.10.9|"
2469,2469,"CCC(C)C1=C(SC(=N1)N(C)CC2CCC2)CNC |$;B;;;;;;W5;;;;;;;;;;;$,Sg:n:18:b:ht|"
2470,2470,"CC1=CC(=C(C=C1OC)N2C(=O)C3=CC=CC=C3C2=O)NC(=O)CC(=O)C.CN(C)OS.CC |$;;;;;;;;;;Q;;;;;;;;;;A;;;;;;;;;;;;;R42$,m:27:10.9.18.17.12,m:32:13.14.15.16.17.12|"
2471,2471,"CCC(C)(C)C1=CN=C(N=C1)N(C)C.CC |$;D;;X4;;;;;;;;;;;;Q9$,m:14:5.10.9.8.7.6|"
2472,2472,"CC1=C(C=C(C=C1)S(=O)(=O)N2CCC[C@@H](C2)C(=O)N3CCC[C@@H](C3)C4=NN=C5N4C=CC=C5)C.CC.CN(C)P=O.CN=C(C)NN(C)C.C[N+](C)(C)C |$;;;;;;;;;;;;;;;;;;;;;;;;Q;;;L6;;;;;;;;T;;;;;;;;;;;;;;;;;;$,m:34:1.6.5.4.3.2,m:36:11.12.13.14.15.10,m:41:25.24.28.27.26,m:49:29.30.31.32.27.28,Sg:n:0:e:ht|"
2473,2473,"CC(C)CCN1CCCC1C(=S)N |$;;;;;;;;;;;;$,Sg:n:3,4:z:ht|"
2474,2474,"CCN(C)C(=O)CNC1=C(C=C(C=N1)[N+](=O)[O-])Br.CC |$;;;K0;;;;;;;B;;;;;;;;;R6$,m:18:8.13.12.11.10.9|"
2475,2475,"CC(=O)N1CCC2=NCCC(=C2C1)Cl |$;;;;;;;;;;;;;$,Sg:n:11:w:ht|"
2476,2476,"CCCCCCC(C)N1CCNC(C1)C.CC=NNNC |$;D;X4;;;;;;;;;;;;;;;;;;$,m:15:8.13.12.11.10.9,Sg:n:2,3,4:F:ht|"
2477,2477,CC(C)C(CN(C)C)NC(=NC)NN |$;;B4;;;;;X;;;;U4;;$|
2478,2478,"CN(C)CCCNC1=C2C=C(C=CC2=NC=C1N=[N+]=[N-])Br.CC |$;;;;;A4;;;;;L2;;;;Y3;;;;;;;;R$,m:21:9.10.11.12.13.8,Sg:n:5:a:ht,Sg:n:4,5:s:ht|"
2479,2479,"CN1C=CC(=C2CC=[N+](C=C2)C)C=C1.CC=NN=N |$;;;;;B;;;;;;;;;;;;;$,m:14:6.7.8.9.10.5|"
2480,2480,"CC(=O)C1=CC(=C2C3=C1C[C@@H]4[C@H]5[C@]3(CCN4C)[C@@H](O2)[C@H](C=C5)O)O.CNP(C)(=O)NC.CC.CC |$;;;;;;;;U;;;;;Z;;X;;G;;;;;M;Z4;;;;;;;;;R;;Q17$,m:24:3.8.7.6.5.4,m:31:9.10.11.12.7.8,m:33:18.17.12.7.6|"
2481,2481,"CCCNCCN1C(=O)C(C(C1=O)C)C.CC |$;J;;;;;W4;;;T;;;;Y2;;;R$,m:15:6.7.9.10.11,Sg:n:1,2:G:ht|"
2482,2482,"C#CC1=CN(C(=O)NC1=O)[C@@H]2C(C([C@@H](O2)CO)O)I.CC.CC |$;;;;;;;;;;;;;;;;;G8;;;G4;;A$,m:19:2.8.7.5.4.3,m:21:11.10.14.13.12|"
2483,2483,"CN(C)C1=C(C=CC2=C1C(=O)N=C2)C=C.CC |$;;;U;;;;;;;;;;V4;;;R$,m:15:3.8.7.6.5.4|"
2484,2484,CC(C1=CC2=C(C=C1)SC=N2)N3CCCC4=C(C3)C=C(C=N4)NS(=O)O |$;;;;;;;;;;;;;;;D9;;;;V;;;;;;Y5$|
2485,2485,"C1CC2=C(C=CC(=C2)O[C@@]34CCCN(C3)CC4)C(=O)C1.CPS.CC(=N)C(C)=N.CC.CC |$;;;;;;;;;;;;;;;;;;;;;;;;;;;;;;R;;T8$,m:20:0.19.17.3.2.1,m:23:4.5.6.7.2.3,m:29:10.11.12.13.14.9,m:31:14.13.15.16.9,Sg:n:19:y:ht|"
2486,2486,"CC1=CN2C(=C(N=C2S1)C)/C=C/C(=O)C.CC |$;;;;;;;;;E1;U;;;;;;R56$,m:15:4.3.7.6.5|"
2487,2487,"C1=CC=C2C(=C1)C(C(=O)N2C(=O)N)N.CC.CN(C(=O)O)S(C)(=O)=O |$;;;;;;;;;;;;;;;Q21;;;;;;;;;$,m:14:0.5.4.3.2.1,m:16:6.4.3.9.7|"
2488,2488,CC(=O)C(C)(C)CN1CCCCC1 |$;;;;;;;;;M;;;L$|
2489,2489,"CC(C)(C)CN(C)CCC1(CCCC1)N.CNC(C)=O |$;;;;;;;;;;;;;;;;;;;$,m:15:9.10.11.12.13,Sg:n:11:i:ht,Sg:n:12:L:ht,Sg:n:7,8:J:ht|"
2490,2490,"CN(C)CC1=NC=CC(=C1)C(=O)OC.CC |$;;;;;;Q;;;;;;;;;R$,m:14:4.9.8.7.6.5|"
2491,2491,C[C@@H]1C(=O)[C@@H](N1C(=O)OC(C)(C)C)C |$Z0;;;;;;K1;E;X4;;;;;$|
2492,2492,"CCCC(=CN(CC=C)C(=O)C=C)C(=O)O |$;;;;;;;;;;B;;;;;$,Sg:n:3:W:ht|"
2493,2493,"CC1(CC2=C(S1(=O)=O)SC=C2)CN(C)C.CC.CC(=O)NC(C)=O |$;K;;;;;;;;;;;X;;;;A84;;;;;;;$,m:15:1.2.3.4.5,m:17:8.4.3.10.9|"
2494,2494,"CC(C)(C)C1=CC(=CC(=C1O)C(C)(C)C)CN(C2=CC=CC=C2)C3=CC=CC=C3.CN(C)C(=O)NO.CC |$;;;G;;;;;;;;;;;;;;;;;;;Z;;;;;;U;;;;;;;;;R93$,m:29:4.9.8.7.6.5,m:36:24.25.26.27.28.23,Sg:n:18:S:ht|"
2495,2495,"CCOC1CN(C1)C2=NC=C(C(=C2)C)Br.CN=CN=NC |$;;E2;;;;Y2;;;;;;;;;;;;;;$,m:15:8.9.10.11.12.7|"
2496,2496,"CN1CCN(C1=O)CC2=CC3=CC=CC=C3N=C2Cl.COC(N)=O |$Q;;;;;;;T;;;;;;;;;;;;;;;;$,m:19:9.10.15.16.17.8|"
2497,2497,"CC(C)OC(=O)C1CCN1C(C)(C)C |$;;X;;;;;;;;;;G4;$,Sg:n:12:y:ht|"
2498,2498,"CC1CCN(CC1)C2=NC(=C(C=C2)N)N.CNNSC |$;;T;;;;;;;;;;;;;;;;;$,m:15:8.9.10.11.12.7|"
2499,2499,"C[C@@H]1CCN(C1)C2=CNN=C2.CONC(=O)O.CSNS |$;;;;;;;;;W;;;;;;;;;;;$,m:11:1.2.3.4.5,m:17:7.6.10.9.8|"
2500,2500,"C1CC(C1)C(=O)N2C[C@H]3CC[C@H]2[C@@H]4[C@@H]3CNC4 |$;;;Y7;;;;;;;;;;;;;$,Sg:n:0:T:ht,Sg:n:0:y:ht|"
2501,2501,"C1CC1N2CN(CC2=O)C/C=C/Cl.CC.CN=C(N)N(C)C |$;;;;;;;;;;;;;;R;;;;;;;$,m:13:0.1.2,m:15:4.3.7.6.5|"
2502,2502,CC(=O)N1CCCCC1COCC(=O)O |$;;;;;;;;;D0;;;;;$|
2503,2503,"CCCCN(CCO)CC(CCC)CBr |$;;;J1;;;;;;;;B3;;;$,Sg:n:1,2,3:i:ht|"
2504,2504,"C1CCN(C1)C2=NC(=O)C=CO2.CC |$;;;K;;;;;;;;;;R7$,m:12:0.1.2.3.4,Sg:n:3:L:ht|"
2505,2505,CC1CN(CC(O1)C)CC(C)C(=O)O |$;;;;;;;;;;B;;L;$|
2506,2506,"C[C@@H]1C[C@@H]2C[C@@H]3CCC[C@H]3N2C1.CC |$;;B;;;Z;;;;;;K4;;V$,m:12:4.3.10.9.5,Sg:n:6:H:ht|"
2507,2507,"CCN1CCOC(C1)CNCC2CC(C2)Cl.CN=C(C)N=N |$;;;;Z5;;Z7;;;;;;;;;;;;;;;$,m:16:2.7.6.5.4.3,Sg:n:11:E:ht,Sg:n:3:S:ht|"
2508,2508,"CC1CCCN(C1C(=O)O)CC=C.CC |$K;;;;;;;;;;;L;;;R$,m:13:1.6.5.4.3.2|"
2509,2509,"CN(CCN1C(=NNC1=S)N)C2CC2.CS(=N)N.CC |$;;;;V;;;;;;;;;;;;;;;R77$,m:14:5.4.8.7.6,m:18:12.11.13,Sg:n:2,3:L:ht|"
2510,2510,"CCN(CC)C(=O)NC1=C2C=CC=NC2=C(C=C1)N.CNS(=O)(=O)N=C(C)C |$;;;;;;;;;;;;;;;;;;;;;;;;;;;$,m:19:10.11.12.13.14.9|"
2511,2511,CC1=CSC(=N1)C(C)NC2=NC=C(C=C2)C(=O)N(C)C |$;;;;;;;;;;;;A3;;;;;;;$|
2512,2512,"C1CN2CN=C(C3=CC=CC1=C32)N=[N+]=[N-].CC.CC |$;;;;;;;;;Q9;;;;;;;W2;;R4$,m:15:0.1.2.11.10,m:17:7.8.9.10.11.6,Sg:n:12:d:ht|"
2513,2513,"CN(C)C(CCC=C)C(=O)OC |$;;;;;;;;;;;$,Sg:n:4,5:L:ht|"
2514,2514,C1=C(C(=O)N(C=N1)C(F)F)N=[N+]=[N-] |$;;;;;W;;;;;;;$|
2515,2515,"CCC1CCN(C1)C(C)CNC2CC2 |$;;;;;;;;;;;;;$,Sg:n:13:W:ht,Sg:n:0:Q:ht|"
2516,2516,CC(CO)N(C)CC(C)(C)C(C)NC |$;;;;;;;;;;;;;U5$|
2517,2517,"CN1C(=CC=N1)N2CCC[C@H](C2=O)N.CC |$;;;;B7;;;;;;;;;W;;R89$,m:14:7.8.9.10.11.6,Sg:n:0:o:ht|"
2518,2518,CN1C(=S)NN=CC1(C2=CC=CC=C2)O |$;;;;;;;;B4;;;;;;$|
2519,2519,"C1=CC2=NN=C(N2C=C1)C3=C(C=CS3)Cl.CC |$;;;;;;;;;;;;;;;;L8$,m:15:10.9.13.12.11|"
2520,2520,"CN1C=CC2=C1C=CC(=C2)CN=[N+]=[N-].CC.CC |$;;;;Q3;;;;;;;;;;;R94;;Q5$,m:14:1.2.3.4.5,m:16:6.7.8.9.4.5|"
2521,2521,"C1CN(C1)CC2=C(C=CN=C2)CN.CC(=S)NN(C)C |$;;;W2;A;;;;;;L8;;;;;;;;;$,m:13:6.7.8.9.10.5|"
2522,2522,"CN(C)C1CCCCC1OC(C2=CC=CC=C2)C3=CC=CC=C3.CC.CC |$;M;;;;;;;;;;;;;;;;;;;;J6;;;U;;A8$,m:23:12.13.14.15.16.11,m:25:18.19.20.21.22.17,Sg:n:19:K:ht|"
2523,2523,"CN(CC1=CC=CC=C1)C2CCC(C2)C(C#N)(C3=CC=CC=C3)C4=CC=CC=C4.CC.CC.CC |$;;;;;;;;;;;;Q;;;;;;;;;;;A6;;;;;;;V;;T;;R7$,m:29:4.5.6.7.8.3,m:31:10.9.13.12.11,m:33:24.25.26.27.28.23|"
2524,2524,"CN(C)C(=O)C1=C(N(N=C1)C2=CC(=CC=C2)F)N3C=CC=C3.CN=CNC(C)=NC |$;;;;;D0;;;D5;;;;;;;;;;;;;;;;;;;;;$,m:22:5.6.7.8.9|"
2525,2525,"CN1CCC(=O)CC1OC(=O)C(F)(F)F |$;;;;;;;;;;;;;;Y$,Sg:n:13:v:ht|"
2526,2526,CN1CC(=NC2=CC=CC=C21)C(F)(F)F |$;;;;;;X2;;Y6;;;;;;B$|
2527,2527,"C1=CN(C=N1)CCCCCCS.CC |$;;;;;;;;;;;;;R$,m:12:0.1.2.3.4,Sg:n:7,8,9,10:Z:ht|"
2528,2528,"CN(C)C1=NC(=CC(=N1)OC)C(=O)O.CN(C)N(C)N(C)C |$;;G5;;;;;;;X;Y8;;;;;;;;;;;$,m:14:3.8.7.6.5.4|"
2529,2529,"C[C@@H]1CCCCN1C(=O)C2CCC(CC2)C.CC |$;;;;;A2;;;;;;;;D0;;;;X$,m:16:1.6.5.4.3.2,Sg:n:3:p:ht|"
2530,2530,"CC(C)(C1=CC=CC=C1)N2CCCN(C2=O)C3=CC=CC=C3.COOC(=O)OC.CC(C)=NNC(=O)N(C)C.CC |$;G;;;T1;;;;D;B8;;;;;;;;;;;;;;;;;;;;;;;;;;;;;;;J9$,m:22:4.5.6.7.8.3,m:29:10.11.12.13.14.9,m:39:17.18.19.20.21.16|"
2531,2531,"CCN(CC)C1CCN(CC1)C(C)I.CC |$Y4;;;;V2;;;;;M;;;;;;R99$,m:14:5.10.9.8.7.6|"
2532,2532,CCC#CCN1CCC[C@@H]1C(=O)N |$;;;;;;;J;;;;;$|
2533,2533,"CC1=NC(=C(N1C)C#N)C2=CC(=CS2)Br.CN=NN(C)C |$;;;;;;Q7;;;;B1;;;;T;;;;;;$,m:15:10.9.13.12.11|"
2534,2534,"C[C@@H](C1=CC=CC=C1)N2CC(=CC=C2)C(=O)O.CC.CNOOC |$;;;;Q8;;;;;;;;;J;;;;;L0;;;;;$,m:17:3.4.5.6.7.2,m:19:9.10.11.12.13.8|"
2535,2535,"C[N+]1=C(N2C=C(SC2=C1)N=[N+]=[N-])CO.CC |$;;;;;;;;;;;;;;;R$,m:14:1.2.3.7.8|"
2536,2536,"CC(C)N(CC1CC1)C(CNC2CC2)C3=CC=CC=C3.CC.CC.CC |$;D;;;;W0;;;;J;;;;;;;J9;;;G;;J;;L44;;G17$,m:20:6.5.7,m:22:12.11.13,m:24:15.16.17.18.19.14|"
2537,2537,"C1CC(N(C1)C(=O)C2=CC(=C(C=C2)Br)Cl)C(=S)N.COP(=O)(O)SC |$;;;;V;;;;;;V0;;;;;;;;;;;;;;$,m:18:8.9.10.11.12.7,Sg:n:3:d:ht|"
2538,2538,"CC1([C@H]2CC[C@H]([C@@H]1C2)CCN3C4CCCC3CC(C4)N5C6=CC=CC=C6N=C(C5=O)C7=CC=CC(=O)N7CC(=O)O)C.CN(C)C(=N)N.CNN=C(C)N.CC.CN=C(SC)N(C)SC.CC.CNP(N)(N)=O |$;V;;;;;;;;;;;;;;;;A;;;;;;;;;;X7;;;Z8;Z4;;;;;;;;;;;;;;;;;;;;;;;;R;;;;;;;;;;;V3;;;;;;$,m:42:1.6.7.2,m:48:3.4.5.6.1.2,m:54:12.13.14.15.10.11,m:56:26.27.28.19.20.25,m:65:31.32.33.34.36.30,m:67:7.2.3.4.5.6,Sg:n:8,9:x:ht|"
2539,2539,"CC/C=C(/CN1CCN(CC1)C)\C=NC.CC(=S)C(C)S |$;;;;;;;;;;;;D;;J;;;;;;$,m:15:5.10.9.8.7.6,Sg:n:2:O:ht|"
2540,2540,"CC1=CN2C=C(C=CC2=N1)C(CN)O.CC(=N)N.C=NC |$;;;;;;;;;;;J2;;;;;;;;;$,m:14:1.2.3.8.9,m:18:4.5.6.7.8.3|"
2541,2541,"CN1C=CN=C1C2=NC(=NC=C2)NN.CC.CONN(C)C |$;X7;;;;;;;;;;;D;;;M;;;;;;$,m:14:1.2.3.4.5,m:16:7.8.9.10.11.6|"
2542,2542,C1=CN=CN(C1=O)CC2=CC(=CN=C2)F |$;;;;;B8;;;;;;;;;$|
2543,2543,"CCCN(CC1=CN=CC(=C1)C)CC(=O)OCC |$;L;;;;;;;;;;;;;;;;$,Sg:n:6:h:ht,Sg:n:1,2:V:ht|"
2544,2544,"CC1=C(N(C2=NC=CN12)N=[N+]=[N-])C.CC |$;;;;;Y;A;;;;;;;;G3$,m:13:1.2.3.4.8|"
2545,2545,"CCNC1=NC=CN1C(C)CCOC |$;X;;;;;;;Q9;;;;;$,Sg:n:9:p:ht,Sg:n:10,11:m:ht|"
2546,2546,"CC(C1CCOCC1)NCCC2=NC=CN2C.CC |$B;;;Q;;;;;Q3;;;;Y;G;;;;;Z09$,m:17:12.11.15.14.13|"
2547,2547,CC(=O)N(CCCCO)CCBr |$;;;D;;;;;;J;;$|
2548,2548,"C1CN(CCN1)C(=O)C2=CC(=CO2)Cl.CC(C)(N)O.CN(N)C(N)=O |$;;B;;;;;;W;;;;;;;;;;;;;;;;$,m:14:0.5.4.3.2.1,m:19:9.8.12.11.10|"
2549,2549,C1CNCOC12CC(CN(C2)CC(F)F)C3=CC=CC=N3 |$;;;V;;;;T;V7;;;;D;;;;;;;;$|
2550,2550,"CCCCC(C)N(C)C(C)CCCC |$;W8;;;;;T;M3;;;;;;$,Sg:n:10:E:ht,Sg:n:10,11,12:F:ht|"
2551,2551,CCN(C)C1=NN=CC(=C1)C(=O)O |$;;;;;D;;W2;;;;;$|
2552,2552,"CCCC[C@H](CCC)N1C(=O)C=CC1=O.CN=S(C)N(C)C |$;;;;A3;;;;;;D;;;;;;;;;;;$,m:15:8.9.11.12.13|"
2553,2553,"CC(C1[C@H]2N(C1=O)C(=C(S2)C3CCCNC3)C(=O)O)O.COP(=O)(O)O.CC(=S)NN=[N+]=[N-] |$;;;;;;;;;;;;;;;;;;;;;;;;;;;;;;;;$,m:20:2.5.4.3,m:26:11.12.13.14.15.10,Sg:n:16:m:ht|"
2554,2554,"C1CC1N2C=CC3=NC=CN=C32.CC.CNC(C)(C)NC |$;;;L;;;;;;;;;;R;;;;;;;$,m:12:0.1.2,m:14:7.8.9.10.11.6,Sg:n:11:L:ht|"
2555,2555,C1CC(=O)N(C1)C(=O)CC(=O)Cl |$;;;;;Q;;;;;;$|
2556,2556,CCN1C=CN=C1CNCC(=O)OCC |$;;;;;;;B;;G;;;Y;;$|
2557,2557,"CC(C)CC(CN1CC2(C1)CC2)C(=O)O.CC |$;;;;;;;;;;;;;;;;R5$,m:15:6.9.8.7|"
2558,2558,"CCOC(=O)[C@@H]1CCC(=O)N1CCN.CC |$;;;;;;;;;;;;;;;R$,m:14:5.6.7.8.10,Sg:n:11,12:s:ht|"
2559,2559,"CC(C)C1=CSC(=N1)N2CCC(CC2)[OH2+].CC |$;;B;;;;;;;;;;;;;;L08$,m:15:3.4.5.6.7,Sg:n:6:g:ht|"
2560,2560,"CC1(C=C1N2CCC(=C)C2)C.CN(O)S.CC(O)N(C)C |$;W;;G;;;;;;;;;;;;;;;;;$,m:11:1.2.3,m:15:5.4.9.7.6|"
2561,2561,"CN(CCN=[N+]=[N-])C1=C(C=CC(=C1)F)N |$;;;;;V;;;D1;;;;;;K$,Sg:n:2,3:d:ht|"
2562,2562,"CCC1CCCN1CC2=CC=CC=C2O.CC |$;;;U;;;;;;;;;;;W2;;R$,m:15:9.10.11.12.13.8|"
2563,2563,"CC1COC2=C(C=C(C=C2)F)N(C1=O)C.CC |$;;;;;;;;;;;;;Z;;;M$,m:15:1.2.3.4.5.11.12|"
2564,2564,"CC(C1=NC2=C(N1)C=C(C=C2)F)N(C)C.CC |$;;;;;;;;;;;;;;;;A$,m:15:7.8.9.10.4.5|"
2565,2565,"CC1(CN(C(CN(C1)C2CC2)CN)C)C.CC.CC |$B;;;;;;;;;;;;;;;;K;;M88$,m:15:1.2.3.4.5.6.7,m:17:9.8.10|"
2566,2566,"CC1CC(CCN1CC(C)C#N)N.CC |$;;;;;;;;;;;;;;G19$,m:13:1.6.5.4.3.2,Sg:n:6:L:ht|"
2567,2567,"CC1=NC=C(C=N1)C2=NC3=C4C(=CN=C3C=C2)CN(C(=O)N4C5CCN(CC5)CC(=N)N=C)C.CC.CN(C)P(C)(C)=O |$;;;M0;;;;;;;;;;;;;;;;;;;;;;;;;;;;;;;;U;;;;;;;$,m:34:8.9.14.15.16.7,m:36:12.13.14.9.10.11,Sg:n:20:W:ht,Sg:n:4:U:ht|"
2568,2568,"CN(C)CCCC(C1(CC=CC=C1)SC2=CC=CC=C2F)O.CC=NNNC.CC(C)(N)O |$;;;;;;;;;;;;;L9;;;;;;;;G8;;;;;;;;;;;$,m:22:8.9.10.11.12.7,m:28:15.16.17.18.19.14,Sg:n:3,4:P:ht|"
2569,2569,"C1CN(C(=O)C1Br)C2=CC(=C(C=C2)Br)Cl.CN=CNO.CNON |$;;;;;;;;;G;G8;;;;;;;;;;;;;$,m:15:0.1.2.3.5,m:20:8.9.10.11.12.7|"
2570,2570,"CN1C=CC2=NC(=O)NC2=C1[N+](=O)[O-].CSC#N |$;;;;;Y6;;;;W8;;L3;;;;;;$,m:14:5.4.9.8.6|"
2571,2571,CSNC1CN(C1)C=C |$;B;;;;;;;$|
2572,2572,"C[C@H](C1CC1)N[C@@H]2CCN(C2)C.CC |$;;;;;;;;;;;;;R$,m:12:3.2.4,Sg:n:7:v:ht|"
2573,2573,"C[C@@]1(C(=O)N(C(=O)N1)CC(=O)NC2=CC=CC=C2OC(F)F)C3=CC=CC=C3.CC(C)(N)S.CC=[S+]C.CC |$;;;;;;;;;;;;;;;;;;J2;;;;;;;;;;;;;;;;;;;;Z$,m:28:2.1.7.5.4,m:33:13.14.15.16.17.12,m:37:23.24.25.26.27.22,Sg:n:7:Q:ht,Sg:n:14:y:ht|"
2574,2574,"CC1=CC=C(C=C1)CN2C3=CC=CC=C3[N+]4=C2C5=C(C4)C=C(C=C5)C.CC.CC.CN(C)N(C)N=O |$;;;;X;;;;;;;;;;;;;;;;;;;;;;R;;R;;;;;;;$,m:25:1.6.5.4.3.2,m:27:10.11.12.13.14.9,m:29:8.9.14.15.16|"
2575,2575,"C1CC(C1)N(CCCO)C2CC(C2)N |$;;;;;;W;;;;;;;$,Sg:n:6,7:D:ht|"
2576,2576,"CN(C)C1=NC=CN=C1NCCC(=O)O.CNSSC |$;L0;;;;E4;;;;;;;;;;;;;;$,m:15:3.8.7.6.5.4,Sg:n:8:w:ht,Sg:n:12:N:ht,Sg:n:10,11:P:ht|"
2577,2577,"CN(C1CCCC1)C(=O)NCC=C |$;;;;;;;;;;;;$,Sg:n:12:f:ht|"
2578,2578,CC(C)CN(CC(=O)C(C)C)CC(=O)N |$;;;;;;;;;U9;;;;;K7$|
2579,2579,"CC(CN)(C1CC1)N2C=CC=CC2=O |$;;;;;;;;;;;;;$,Sg:n:11:F:ht|"
2580,2580,"CC1=C(N(C=N1)CCCC(C)(C#N)N)C.COSN(C)C |$;;;B;;Z;;;;A;;;;K8;;;;;;;$,m:15:1.2.3.4.5,Sg:n:13:J:ht,Sg:n:6,7,8:X:ht|"
2581,2581,"CCCCN(C)CC1(CC1)CNC.CC |$;;;;;;;;;M;;;;;R5$,m:13:7.8.9,Sg:n:9:e:ht,Sg:n:4:f:ht,Sg:n:1,2,3:J:ht|"
2582,2582,"CC1C(=O)N(C2=CCC(=CC2=N1)Br)C.CC.CC |$Y3;;;;;;;;;;;;;;;R4;;L$,m:14:1.11.10.5.4.2,m:16:6.7.8.9.10.5|"
2583,2583,"CCCN(C)CCC(C(=O)N)NC1CC1.CC |$;;;;;;;;;;;;;;;;K$,m:15:12.13.14,Sg:n:11:e:ht,Sg:n:1,2:M:ht|"
2584,2584,"C1COC2=CC=CC(=C2N1CCO)O.C=NN(C)C(C)=N |$;;U7;;J;;;;;;;;;;;;;;;;$,m:14:4.5.6.7.8.3,Sg:n:10,11:i:ht|"
2585,2585,"C1=CC(=CC(=C1)Cl)CN2C=NC3=CC=CC(=C32)C(=O)O.CP(C)(C)=O.COP(C)(=O)O |$;M;;Y7;;;;;;;;;;;;;;;;;;;;;;;;;;;$,m:20:0.5.4.3.2.1,m:25:9.8.16.11.10|"
2586,2586,"CC(=O)N(CCNC(=O)C1CCOCC1)C2=CC=CC=C2OC.CN=C(N)N(C)N.CN(C)NC=O |$;;;;;;;;;;;;M5;;;;;E9;;;;;;;;;;;;;;;;;;$,m:23:10.11.12.13.14.9,m:30:16.17.18.19.20.15,Sg:n:8:T:ht|"
2587,2587,"COCC1CNCCN1CC2=CC=CO2.COP(C)C |$;;;;;;;;;;;;;;;;;;;$,m:15:3.8.7.6.5.4,Sg:n:1:b:ht|"
2588,2588,"CCCCN1C(=CN=C1CC)C.CC |$;;;;;;;;;;;;;A6$,m:12:4.5.6.7.8,Sg:n:1,2,3:n:ht|"
2589,2589,"CN1C(=O)N(C(=N1)CF)C2CCCCC2.CC.CN=C(SC)N(C)C |$;;;;;;;;;;;;;;;;R77;;;;;;;;$,m:15:1.2.4.5.6,m:17:10.11.12.13.14.9|"
2590,2590,"CC(CCN)CN(CC1CC1)CC2CC2.CC=NN(C)C(=NC)SC |$;;;;;;;;;;;;;;;;;;;;;;;;$,m:15:9.8.10,Sg:n:14:C:ht|"
2591,2591,"CN1C2=C(C=C(C=C2)S(=O)(=O)N(C3CC3)C4CCS(=O)(=O)C4)OC1=O.CN=NC.CN=C(N)NNC |$;;;;;;;;;;;;;;;X;;;;;;;;;;;;;;;;;;;;$,m:25:4.5.6.7.2.3,m:29:13.12.14,Sg:n:4:e:ht|"
2592,2592,"CCCCC(CC)CN1CN(C=C1)C.CC |$;;;;;;;;;;;;;;;R$,m:14:8.9.10.11.12|"
2593,2593,"CC1CC2CCCCC2N1CCC(=O)N3CCNCC3.CC |$;;;;;;;;;;;;;;;J8;;;;;;R5$,m:20:4.5.6.7.8.3,Sg:n:16:P:ht,Sg:n:10,11:v:ht|"
2594,2594,"CCC(C)C(C1=CC=CC=C1)OC(=O)C2CCN(CC2)C.CC |$;;;;;;;K;;;;;;;;;;;;;;;E71$,m:21:6.7.8.9.10.5,Sg:n:19:J:ht|"
2595,2595,"CC1C(NC(S1)C2CCN(CC2)C)S.CC |$;;;;;;;;;;;;;;;R$,m:14:7.8.9.10.11.6|"
2596,2596,"CC[C@H](C)[C@@H](C)NCC[C@H]1CCCN1C |$;;;;;;;;K;;;;;U;$,Sg:n:7,8:x:ht|"
2597,2597,"CN(C)C(CC1=CC=CO1)CN.CC |$;;;;;;;;;;;;;Y$,m:12:5.6.7.8.9,Sg:n:2:n:ht|"
2598,2598,"C1CN(C1)C(=S)N/N=C/C2=CC=CC=N2.CC(C)=[N+](C)[O-] |$;;;;;;;;;;;;;;;;;;;;$,m:15:10.11.12.13.14.9|"
2599,2599,"CC1=CC(=CC2=C1N(C=C2)C)C(CN)O.CC.CC |$;;;;;;;;;;;;;;;;R;;R4$,m:15:1.6.5.4.3.2,m:17:7.6.5.9.8|"
2600,2600,"CCC1C(CCN1C)(CCO)N |$;;;;;;;K0;;A7;;$,Sg:n:2:F:ht,Sg:n:8,9:X:ht|"
2601,2601,"CC(CN1CCOCC1)NCC2=C(C=NN2C)C(=O)O.CNSN |$;;;;;;;;;;;;;;;;;;;;;;;$,m:20:4.5.6.7.8.3|"
2602,2602,"C1CCN(C1)CCNC(=O)C2=C(C=CC=N2)O.CN |$;;;;;;;;;;;;;;;;;;$,m:17:0.1.2.3.4,Sg:n:15:P:ht|"
2603,2603,C1C[I-]CC(=O)N1CC2=CC(=CC=C2)O |$;;;;J;;;;;;;;;U1;$|
2604,2604,"CCN(CC)C1=NC2=C(C=CC(=C2)Cl)C(=N1)C3=CC=CC=C3.CC(C)=NNC=O.CC |$;;;;;;;;;;;;;;;;;;;;;;;;;;;;;;R$,m:22:5.15.14.8.7.6,m:29:17.18.19.20.21.16|"
2605,2605,"CN1C=NN=C1C2=CC(=CC=C2)NCC3=C(C=CS3)N.CC |$;;;;;;;;;;Z2;;;;;;;L8;;;;R$,m:20:1.2.3.4.5,Sg:n:5:b:ht|"
2606,2606,"C[C@H]1CCCN(C1)CC(=O)NC2=CC(=NN2C)C.COP(N)(=O)SC.CC |$K;;;;;;;G;;;;;J6;D;;;;;;;;;;;;;R0$,m:18:1.6.5.4.3.2,m:25:12.11.15.14.13|"
2607,2607,"CC(C)N(CC(F)F)CC(=NO)N |$Y5;L3;;;;;M1;;W;;;;$,Sg:n:8:N:ht|"
2608,2608,"C1=NOC2=C1C(=O)NC(=O)N2CC(=O)O.CC.CC |$;;;;U;;;J;;;;;;;;;R;;E72$,m:15:0.1.2.3.4,m:17:5.7.8.10.3.4|"
2609,2609,"CC1=C2C3=C(C=C1)NC(=O)N3CC(=O)N2.CC |$;;;Z8;;;G7;;;;;;;;;;M$,m:15:11.12.14.2.3.10|"
2610,2610,"CCC1CCC(N1C(CC)CNC)C.CS(O)(O)O |$;W;;W;;;;;;;;;;;;;;;$,m:14:2.3.4.5.6|"
2611,2611,"CC1=C(C(=NO1)C)CN2C=CC(=O)C3=C2C=CS3.CC |$Q4;;;;;;;;;;;;;;;L1;;;;J7$,m:18:15.14.13.17.16|"
2612,2612,"CN1C=CN=C1CC(C2CCOC2)NN.CC |$;;;;;;;;;;;;;;;;T$,m:15:1.2.3.4.5|"
2613,2613,"CCC(CC(=N)N)N1CCOC(C1)C.CN=C(C)N(C)C(C)=N |$;;Z;;X8;;;;;;;;G2;;;;;;;;;;$,m:14:7.12.11.10.9.8|"
2614,2614,"CC1CC(CN(C1)C(=C(C)[N+](=O)[O-])C2=C(CCC2)[NH2+][O-])NC(=O)O.CC.CC |$;;;;;;;;;;;;;;;;;;;;;;;;;A;;U$,m:24:1.6.5.4.3.2,m:26:14.13.17.16.15,Sg:n:2:m:ht|"
2615,2615,CCC(C)(CN)N(C)CC1=CN(N=N1)C |$Q;;;;;;L1;;;;;;;;$|
2616,2616,"CC1=CC=C(O1)C(=O)N2CCC(CC2CN)OC.CN=C(C)N(C)OC |$;;;;;;;;;;;;;;;;;J8;;;;;;;;$,m:18:9.10.11.12.13.8,Sg:n:7:c:ht|"
2617,2617,CC1=CC(=CC(=O)N1CC(=O)N)O |$;;;;;;;;Y;;;;$|
2618,2618,"CC(C)C(C)C1CCN(CC1)C.CC(=O)C=O |$;;U;;T5;;;;X9;Q0;;;;;;;$,m:12:5.10.9.8.7.6,Sg:n:11:Y:ht|"
2619,2619,"CNCCN1C=CC2=C(C=CC=C21)C#N.CC |$;;;;;;;;;;;;;G4;;;A$,m:15:8.9.10.11.12.7|"
2620,2620,"CCCN1C(=CC(=C1C)CNCC)C.CC |$;E5;U6;;;;;;;;;M2;;T3;;Z2$,m:14:3.4.5.6.7,Sg:n:6:d:ht,Sg:n:1,2:l:ht|"
2621,2621,"CCCNCC(C)N(CC)C1=CC=C(C=C1)C.CC=N |$;;;;Y6;;K0;;;;;;;;;;;;;$,m:17:10.15.14.13.12.11,Sg:n:15:W:ht,Sg:n:3:k:ht,Sg:n:1,2:P:ht|"
2622,2622,"CCC1CN(CC2=C(O1)C=CC(=C2)OC)CC3=CC(=CC=C3)O |$;;Q0;;;;;;;;;;;;;;;;;;;;$,Sg:n:16:y:ht|"
2623,2623,"CCC1(CCCC1)C(=O)N(C)CC2=CC=C(C=C2)Br.CC |$;;;;J3;;;;;;;;;;B8;;;;;;W$,m:19:13.14.15.16.17.12|"
2624,2624,"CCCN1C[NH+](C=C1)C.CNN=S |$;;;;;;U;;;;;;$,m:9:3.4.5.6.7,Sg:n:1,2:Q:ht|"
2625,2625,"CC(C)N1C(=O)NN=C1SC2=CC=CC(=N2)N.CC |$;L0;Y;;;;;;;;L7;;;;;Y4;;;A6$,m:17:3.4.6.7.8|"
2626,2626,"C1CCC(C1)S(=O)(=O)C2=CC=CC=C2CN3C=C(C=C(C3=N)C(=O)N)Cl.CC |$;;;;;;;;;D;;;;;T;;;;;;T;;;;;;;M$,m:26:0.1.2.3.4,Sg:n:4:i:ht|"
2627,2627,"CC(=O)CN1C2=CC=CC=C2SC1=N.CP(N)(=O)O |$;;;;;;;;;;;Y;;;;;;;$,m:14:6.7.8.9.10.5,Sg:n:13:X:ht|"
2628,2628,CN1CCC(C1=O)C2=C(C=CC(=C2)OC)[N+](=O)[O-] |$;;;;;;;X;;;Z;;;;;;;$|
2629,2629,"CN(C)CCCCCOC=O |$;;;;;;;;;;$,Sg:n:7:i:ht,Sg:n:3,4,5,6:L:ht|"
2630,2630,"CC(CCN)C1=NN=C2N1CCCC2.CC |$;;;;;;;;;;;;;;;R$,m:14:10.11.12.13.8.9|"
2631,2631,"CN(CCC(=N)N)CC1=CC(=CC=C1)F.CC |$;;;;;;;;;;;;;;;;L$,m:15:8.13.12.11.10.9|"
2632,2632,"CCCN1C=CC2=C1CCCC2.CNC(C)=NOC |$;;V;;;;;;;Z;;Y6;;;;;;;$,m:12:3.4.5.6.7,Sg:n:0:F:ht,Sg:n:1,2:h:ht|"
2633,2633,"C1CN2CCC1C(C2)CCCN |$;;Q2;;;;;G8;;;;$,Sg:n:1:D:ht,Sg:n:11:x:ht,Sg:n:9,10:D:ht|"
2634,2634,"CCOC(=O)C1CCN(CC1)C(=O)C2=COC(=N2)C(C(C)C)N.COC(=O)ON=C(C)C |$;;;M5;E8;;;;D0;;B;;;;;;;;;;;;;;;;;;;;;$,m:23:5.10.9.8.7.6|"
2635,2635,"CC(C)(CCN1CCCC(C1)CO)C#N |$;;;;;;;;;;;;;;$,Sg:n:3,4:i:ht|"
2636,2636,B(C)(CCl)OC(=O)CN(C)CC(=O)OC |$J8;;Q;;;;;;;;;;;A;$|
2637,2637,"CC1=CC=C(N1C)CNC(=O)C2=C(OC=C2)C.CC |$;;;;;;;;;;;;;;;;;;Z2$,m:17:1.2.3.4.5|"
2638,2638,"CC1=NC2=C(N1)C=CC=C2N3CCCC3.CC.CC |$;;;;;;;M4;;;;;;;;;R3;;R74$,m:15:6.7.8.9.3.4,m:17:11.10.14.13.12|"
2639,2639,"CC1=C2C(=C(C=C1)OC)N=C(S2)N(CCN(C)C)C(=O)C3=COCCO3.CC=NC(=NC)N(C)C |$;;K0;;;;;;;;;;;;;E8;;;Q8;;;;;;;;;;;;;;;;$,m:26:9.3.2.11.10,Sg:n:13,14:A:ht|"
2640,2640,"CCC(=NC1CC1)C2=C(N(C(=O)NC2=O)C3=CC=CC=C3C)O.CN=C(C)S(C)(=O)=O.CC.CS(=O)(=O)NC(=O)O |$;;;;;;;;M;;L;;;;;;;B1;;;;Q7;;;;;;;;;;;R20;;;;;;;;$,m:23:5.4.6,m:31:8.9.10.12.13.7,m:33:16.17.18.19.20.15|"
2641,2641,"C1C(CN(C1C(=O)O)C(=O)CN=[N+]=[N-])O.CN=C(C)N(C)N=C(C)C |$;Z;;;;;;;;;;;;;;;;;;;;;;;$,m:15:0.1.2.3.4|"
2642,2642,"C1C[C@H]2CC(C[C@@H]1N2C(=O)C3=CC=C(C=C3)F)NC4=C5C=CCC5=NC=C4C(=O)N.CN(C)C(=O)O.CC |$;;;;;E;;;D;D2;;M8;;;;;;;;;;;;;;;;;;U7;;;;;;;;L$,m:30:3.4.5.6.7.2,m:36:11.12.13.14.15.10|"
2643,2643,"CCC(C)CN(C)C1CCC1 |$;;;;;E2;D0;J9;;;$,Sg:n:1:b:ht|"
2644,2644,"CCC1=CC=C(C=C1)N(CC)C(=S)N.CN=C(C)N(C)C=O |$;;;;;;;;;;;;;;;;;;;;;$,m:14:2.7.6.5.4.3|"
2645,2645,"CC(CN(CCC(=O)O)CC#N)OC |$;;;;;;;Q1;;;;;J;$,Sg:n:11:q:ht|"
2646,2646,"CC1=C(C(=O)NN1)C2CCN(CC2)C.CC |$;;L;A;;;;;;;;;;;;R1$,m:14:1.2.3.5.6|"
2647,2647,"CC(=O)C1=CC=C(O1)SC2=NC=CN2C.CC.CC |$;;;;;;;;;;;;;;;;R;;R$,m:15:3.4.5.6.7,m:17:10.9.13.12.11|"
2648,2648,"CNC(CCO)CN(C)CCCN(C)C |$;Z;;B1;B;;;;;;;;;;$,Sg:n:3:D:ht,Sg:n:1:r:ht,Sg:n:9,10:B:ht|"
2649,2649,"CC1C(=O)NC(=O)CN1C2=NC=C(C=C2C)C(=O)O.CC |$;Q1;;;;;;;;;;;;;;;;;;;R05$,m:19:1.8.7.5.4.2|"
2650,2650,"C1CCN(C1)C2=NC=CC(=N2)C(=O)O.CC |$;;;;;;;E3;;;;;;;;R$,m:14:6.7.8.9.10.5,Sg:n:6:M:ht|"
2651,2651,CN(CC(C1=CC=C(C=C1)CO)O)C(=O)O |$;;;G4;D1;;;;;;B;;;;;$|
2652,2652,"CCN(CCC(=O)OC)CC1=C(C=C(C=C1)[N+](=O)[O-])Br.CC |$Q;;;;;G7;;;;;;;M5;;;;D4;;;;;Q$,m:20:10.15.14.13.12.11,Sg:n:3,4:I:ht|"
2653,2653,CC1=NN=C(N1CCC2=NC=CN=C2)Cl |$;K1;Z4;;;;;V;;;;;;;B6$|
2654,2654,"CCC1=NC=CN1C(C)C2=CC(=CC=C2)N.CC(=O)NN(C)C |$;;;;;;Y;M;;;;;;;;;;;;;;;$,m:16:2.3.4.5.6|"
2655,2655,"CCC1=CN=C(N1C2=CC=C(C=C2)Br)C3=C(C=C(C=C3)Cl)Cl.CC |$Z2;;;;;;;Y2;Y;;Y;Y;;;;;;;;;;;;J49$,m:22:15.16.17.18.19.14|"
2656,2656,"CCSCCN1C(=O)C=CN(C1=O)C.CC |$;;Z2;;;;;;;;;;A;;;R$,m:14:5.11.10.9.8.6,Sg:n:12:n:ht,Sg:n:3,4:D:ht|"
2657,2657,"CCC(C)N1CCN(C1=O)C2CCNC2.CN=C(N)NO |$;;;;;J1;;;Y;K;;;;;;;;;;;$,m:15:11.10.14.13.12,Sg:n:8:T:ht,Sg:n:5:S:ht,Sg:n:9:a:ht|"
2658,2658,"CC1(C(=S)N(C(=O)N1C)C2=CC(=C(C=C2)C#N)C(F)(F)F)C.CC.COC(O)O |$;J8;;;;;;;;;W5;;;;A;Y;;;;;G;;;T;;;;;$,m:22:1.2.4.5.7,m:24:10.11.12.13.14.9|"
2659,2659,"C1C(CN1CCC(=O)N)CN |$;;;;;;;;V;;$,Sg:n:4,5:F:ht|"
2660,2660,CC(=O)N(C1=C(C(=NC2=C1C=C(C=C2)OC)C(F)(F)F)C#N)C(=O)C |$;X;;;;B;;;;;;;;;;;;;;;;;;;$|
2661,2661,"C1=CSC(=C1)CN(CC2=CC=CS2)C(=O)C3=NNN=C3.CC.CNN=C(C)N |$;Q;;;;;;G;;;;;;;;E;;;;;;R25;;;;;;$,m:20:0.1.2.3.4,m:22:16.15.19.18.17,Sg:n:13:Q:ht|"
2662,2662,CN1C=C(C=C1/C=C/C(=O)NO)C=O |$;;;J;;;;;;;;V6;;T1$|
2663,2663,"CC1=NOC(=C1)C2CCCN2C(=O)C3CCNCC3.CC.CC=NN(C)NC.CNC(=O)N(C)OC |$;;;;A5;;;;;;;;;;;;;;;;R;;;;;;;;;;;;;;;$,m:19:1.2.3.4.5,m:21:7.6.10.9.8,m:28:14.15.16.17.18.13,Sg:n:7:Z:ht|"
2664,2664,"C1CC2CC(CC1N2C(=O)CNS(=O)(=O)C3=CC(=CC=C3)Cl)N4C(=O)CCC4=O.C=NC |$;;;Z;;;;;;B;M;;X1;;Z;;;Q3;;;;J0;;U2;;;;J;;;;$,m:29:0.1.2.7.6,Sg:n:4:w:ht|"
2665,2665,"CCCNCC1CCCN1CC2=CC(=NN2C)CC |$W;;;;;;L;;;;;;;;;A7;;;$,Sg:n:1,2:b:ht|"
2666,2666,"CN1CC2CC1C(O2)C3=CC=CC=C3.C=NN(C)C.CC.CC |$;;;;;;;;;;;;;T7;;;;;;;R93;;R$,m:14:1.2.3.4.5,m:19:4.3.7.6.5,m:21:9.10.11.12.13.8,Sg:n:11:Z:ht|"
2667,2667,"CCN(CCCC(C)CCN)CCOC |$;;;;;;;;;X;;;;;$,Sg:n:3:Q:ht,Sg:n:4:K:ht,Sg:n:11,12:w:ht|"
2668,2668,"CS(=O)(=O)C1=CC=C(O1)C(=O)N2C3CCCCC3CC2C(=O)O.CC |$;;;;;;;;;;;;;;;;;;;;;;;;X$,m:23:4.5.6.7.8,Sg:n:7:V:ht|"
2669,2669,"C1CCN(C1)C(=N)CC2=CC=CC=C2Cl.CC |$L2;;;;;;K1;;A;B;;;;;;;J$,m:15:9.10.11.12.13.8,Sg:n:7:t:ht|"
2670,2670,"CCN(C1=CC=C(C=C1)F)C2(CC3CCC2C3)CN.CC |$;;;;;;;;;D1;;;;;;;;X;;;A84$,m:19:4.5.6.7.8.3|"
2671,2671,"C[C@H]1CNC[C@H]2N1C3=C(C2)C=CC(=C3)Cl.CC.CC=NN=C(C)N(C)C.CC |$;;;;;;;;;;;;;;;;Q8;;;;;;;;;;;X86$,m:15:1.6.5.4.3.2,m:17:9.8.7.6.5,m:26:10.11.12.13.7.8,Sg:n:1:K:ht|"
2672,2672,"CN(CCCCBr)CC1CCCOC1.CC |$;;D;E5;;D;;;;;;;;;;X7$,m:14:8.13.12.11.10.9,Sg:n:3,4:r:ht|"
2673,2673,"CC(CNC(=O)CC(=S)N)N1CCCC1 |$Q0;;;;;;;;;;X;L;;;$,Sg:n:2:t:ht|"
2674,2674,"CCCC(C)CC1(CCCCC1)[15N](C)C |$;;;;;;;;;;;;;;$,Sg:n:9:O:ht,Sg:n:1,2:S:ht|"
2675,2675,"CC1=CN=C(S1)CN2C(=O)C(=CNC2=O)C(=O)C.CN=C(OC)OC.CC |$;;;;;;;;;;;;V;;;K;;;;;;;;;;;U$,m:18:1.2.3.4.5,m:25:8.10.11.12.13.7|"
2676,2676,CC[C@H](C)[C@@H](CN1CCCCC1)N |$;;;;;;;;;;G;;$|
2677,2677,"CC(C)C(=O)N1CC(C1)N(C)CCN.CC |$;;;;;;Z;;;U9;;Z;;;;M$,m:14:5.8.7.6|"
2678,2678,"CCOC(=O)/N=C(\C1=CC=CC=C1)/C2=CC=CC=C2N(C)C.CC |$;U;;;;;;;;;L;;;;;;;;;G;;;;R$,m:22:8.9.10.11.12.7|"
2679,2679,"CCC1=NC(=C(C(=N1)OCCN(C)C2CC2)C)N.CN(C)P(N)(N)=O |$;;;;;J;;;;Y0;;;Y9;;;;;;;;;;;;$,m:18:2.7.6.5.4.3,Sg:n:9,10:q:ht|"
2680,2680,"CCOC(=O)N1CCCC(CC1)O.CC |$;;;;G;;;;;Z6;;;;;R$,m:13:5.6.7.8.9.10.11|"
2681,2681,"CCCNC1=C(C=C(C=C1)C(F)(F)F)C(=O)N(C)C(C)C |$;;;;;;;W;;;;;;;;;;;;;$,Sg:n:1,2:g:ht|"
2682,2682,"COC1=CC=CC=C1N2CCNCC23CCCCC3.COC(=S)C(C)N.CC |$;;;;;;;;;;;;;;;;;;;;;;;;;;;R1$,m:19:2.7.6.5.4.3,m:26:9.10.11.12.13.8,Sg:n:4:D:ht|"
2683,2683,"CC1COCCN1C(C)CNC2=NC3=CC=CC=C3N2.CC.CC |$;;;;;;;;;;;;;T;;;;;;;;R;;R$,m:20:1.6.5.4.3.2,m:22:12.11.19.18.13,Sg:n:13:I:ht,Sg:n:7:v:ht|"
2684,2684,"C1CN(CCC1C(=O)O)CCCl |$;V;;;;;;;;;;$,Sg:n:9,10:q:ht|"
2685,2685,"CC(C)(C)C1=C[N+](=CN1CC=C)CC=C |$;;;;;;;Q3;;;;;;;$,Sg:n:0:G:ht,Sg:n:14:F:ht|"
2686,2686,"CC1=CC(=NN1)NC(=O)C2=CC(=CN2C3CC3)Br.CC |$U6;;;;;;;;;;;;;;;;;;;R$,m:18:10.9.13.12.11,Sg:n:10:E:ht|"
2687,2687,"C1CN(C(CN1)CCS)CCS |$;;;;;;;;;;;$,Sg:n:11:D:ht|"
2688,2688,"CC(C)OCCNC(=C)N1CCCC1.CC |$;;;;;Z;;;;;;;Q;;;E9$,m:14:9.10.11.12.13,Sg:n:12:s:ht,Sg:n:4,5:J:ht|"
2689,2689,"CC(=CN1CC2CCC(C1)CC2)C.CNC(C)=S |$;;;;;;;;V7;T3;;;;;;;;$,m:13:3.4.5.11.10.8.9|"
2690,2690,"CC(C)NC(=O)N(CCOC)CC=C |$;;L6;;;Y;;;;;;;W;$,Sg:n:8:g:ht,Sg:n:7,8:z:ht|"
2691,2691,C[C@@H](C(=O)O)NC(=O)N1CC=CC1 |$;;;;;;;W9;;;A9;;$|
2692,2692,"CCN1CCCCC1CC2=NC=C3N2CC(CC3)O.CC |$;;;;;;;;;;;;;Y;;;;;Q7;;R1$,m:19:14.15.16.17.12.13,Sg:n:2:h:ht|"
2693,2693,C1CC1N(CCC#N)C(=O)C2=C(C=CC(=C2)O)Cl |$;;;;;;;;;;;;;;J0;;;$|
2694,2694,CC1(C(=O)N(CC(=O)N1C)C)CC=C |$;;;;;E1;;;;;;;;$|
2695,2695,CCN(C[C@H]([C@@H](C)O)NC(C)(C)C)[C@@H](C)C1=CC=CC=C1OC |$W1;;;T3;;;;;;;;;;;;;;;;;;;X3$|
2696,2696,"CC(CC(=O)OC)N1CCC[C@H](C1)N |$;;;;;;;;;;;;;$,Sg:n:12:V:ht|"
2697,2697,"C[C@@H]1COCCN1C(=N)/C=C(/C)\NC |$;;;;;;;;;;;;;$,Sg:n:10:A:ht|"
2698,2698,"CN(CCCCO)CCCNS(=O)(=O)C |$;;;;;;;L2;;;;;;;U$,Sg:n:3:F:ht,Sg:n:2,3,4,5:v:ht|"
2699,2699,"CC1=NSC(=N1)N2C=NC3=CC=CC=C32.CC.COP(C)(N)=O |$;;;;E3;;;;E;;;U;;;W1;;W3;;;;;;$,m:15:7.6.14.9.8,m:17:10.11.12.13.14.9|"
2700,2700,"CN1CC(=CC=C1F)C2=CC(=O)NC=C2.CC |$;;;;;;;;;;;;;;;;K$,m:15:1.6.5.4.3.2|"
2701,2701,"CC1(C(=O)NC(=O)CN1CCN2C=C(C=CC2=O)N)C.CN(C)C(C)(C)N(C)C |$;;;;W;;;;;A;Y7;;;;;;;;;;;;;;;;;;$,m:20:1.8.7.5.4.2,Sg:n:6:G:ht|"
2702,2702,"CC(C)C1=NOC(=C1)[C@H]2CCCN2C(=O)NC3=C(C=C(C=C3)Br)F.CC.CC(=N)N(C)C=N |$;;;;;;;;;;;;;;;;;;;K7;M;A1;;;;W;;;;;;;$,m:24:3.4.5.6.7,m:26:17.18.19.20.21.16|"
2703,2703,"CC(C)(C)OC(=O)N1CCN2[C@H](C1)COS2=O.CC(O)C=S.CC=NNC(=NC)SC |$;;;;;;;;;;;;;;;;;;;;;;;;;;;;;;$,m:17:7.12.11.10.9.8,m:22:13.11.10.15.14,Sg:n:11:O:ht|"
2704,2704,"CC(C)(C)CN1CCC(CC1)(C2=CC=CC=C2)O.CC |$;;;;;;K;;;;;;;;;;;X9;;R$,m:18:12.13.14.15.16.11|"
2705,2705,"C[C@@H]1C[C@@H]([C@@H](CN1C)C)NC2CCCC2 |$B8;;;;;;;;;;;T2;;;$,Sg:n:14:g:ht|"
2706,2706,"C1CCC(CC1)N2C(CCOC2=O)CN |$;;U2;;J6;;;;;Y1;Z4;;B7;;$,Sg:n:13:v:ht|"
2707,2707,"C1C=CCN1C(=O)C2=C(C=NC=C2)F.CC.COC(=O)C(C)O |$;;;;;;;;;;V;;;;;U71;;;;;;;$,m:14:0.1.2.3.4,m:16:8.9.10.11.12.7|"
2708,2708,"CSC1CCN(C)C1.CC=C=O |$;E2;;;;;;L8;;;;$,m:8:2.3.4.5.7,Sg:n:6:x:ht|"
2709,2709,"CNC(=O)N1CCOCC1CC(=O)O |$;;;;;;;;;;;G5;;$,Sg:n:5:p:ht,Sg:n:1:I:ht|"
2710,2710,"CCN1C(C(C2=C1C=CC(=C2)[N+](=O)[O-])(C)C)C.CC(=S)NN |$;;;;K0;;;;W8;;D;;;;;;;;;;;$,m:17:7.8.9.10.5.6|"
2711,2711,"CCN1C(=NN=C1SC(C2=CC=CC=C2)C(=O)NC3=CC=CC=C3)C4CC4.CC |$;;;M3;;;;;;;;;;;;K;L0;;;;;;;;;;;;R39$,m:27:25.24.26|"
2712,2712,"CC1=CC2=C(CCN(C2)C)C(=C1)Cl.CC |$;;;;;;;;;;;;;;R$,m:13:1.11.10.4.3.2|"
2713,2713,CN1C2=C(C=CC(=C2)Cl)C(=C1Cl)C=O |$;;;;;;;;;;;;;T$|
2714,2714,"CCC(C#N)N1CCCC1CC(C)O.CC |$;;;K9;D;;;;;;;;;;;K$,m:14:5.6.7.8.9,Sg:n:13:L:ht|"
2715,2715,"CC(C)(C)C1CCC(C(C1)CCC2=NC=CN2C)C(=O)O.CC.CN(C)SN(C)C |$;G;;;G9;;;;;;;;;;;;;;;W;;;R;;;;;;;$,m:21:4.9.8.7.6.5,m:23:13.12.16.15.14,Sg:n:10,11:m:ht|"
2716,2716,"CC1CN1CC(C=C)O.COC(C)OC |$;;;;;;;;;;;;;;$,m:9:1.2.3|"
2717,2717,"C1CNCCC12CC2N(CC3=CSC=C3)C(=O)C4=CC(=C(C=C4)N)[N+](=O)[O-] |$;;;;;;;;;;;;;;;;;;;;;U2;;;;;$,Sg:n:16:Z:ht,Sg:n:5:u:ht,Sg:n:10:y:ht|"
2718,2718,"CCCNC(C1CN(CCCN1C)C)C2=CN=CC(=C2)C.C=NOC |$;;;;;;;;;;;;;;;;;;D;;;;;;$,m:21:6.5.11.10.9.8.7,Sg:n:1,2:k:ht|"
2719,2719,"CC1=NC2=C(O1)C=C(C=C2)CN(C)C(=O)CS.CC=NNC(=O)NC |$;;;;A;;;;;;;U8;K1;;;;;;;;;;;;$,m:17:6.7.8.9.3.4|"
2720,2720,"C1C(C(CN1CC(=N)N)O)O.CC |$K0;;;;U;;;;;;;;M77$,m:11:0.1.2.3.4|"
2721,2721,"C1CN(CC1(CO)O)C=O |$;;;;;D;;;;$,Sg:n:3:a:ht,Sg:n:0:L:ht,Sg:n:7:H:ht,Sg:n:6:X:ht|"
2722,2722,"CC1=CC(=CN=C1)CN2CCOCC2C(=O)O.CN=CN(C)N=C(C)C |$;T4;;;;;;;L;;Y;;Z5;;;;;;;;;;;;;$,m:17:9.10.11.12.13.8,Sg:n:8:C:ht|"
2723,2723,"CN(C)CCOC1=CC=C(C=C1)N=O.CC(=O)NN=C(C)C |$;;;;;;;;;;;;;;;;;;;;;$,m:14:6.11.10.9.8.7,Sg:n:3,4:Z:ht|"
2724,2724,"C/C(=C/C=C)/OCCN1CCN(CC1)C.CC=NN(C)C(N)=S |$;;;L;;;;;;;;;;;;;;;;;;;$,m:15:8.13.12.11.10.9,Sg:n:6,7:d:ht|"
2725,2725,C1CN(CCN1)C2=C(N=CC(=C2)N)N |$;;Z;;;;;;;;;;;$|
2726,2726,"CCNC1=CC(=NC(=N1)C2CC2)N3CCC(CC3)C(C)O.CC.CC.CC |$;Y;;;;;;;;;;X;;;;;;;;X;;;R;;R9;;V60$,m:21:3.8.7.6.5.4,m:23:10.9.11,m:25:13.14.15.16.17.12,Sg:n:4:c:ht|"
2727,2727,"CC(C)N1CC(CCC1=O)CO |$;;;;;;;;;;;Q5$,Sg:n:8:o:ht|"
2728,2728,"CC1=CC=CC=C1CN(C)C(C)(C)CO.CC |$;;;;;;;;;;;;;;;;Z6$,m:15:1.6.5.4.3.2|"
2729,2729,"CN(C)C(=O)C1=CC2=CC(=O)OC2=CO1.CC.CC |$;;;;;;;;;;;T;;;;;R3;;R20$,m:15:5.14.13.12.7.6,m:17:8.7.12.11.9|"
2730,2730,"CC1C(CCO1)N2C3=CC(=C(C=C3N=C2N)F)Br.CN=NC(=S)NC |$;;;;;;;;;;;;;;;;;;;;;;;;$,m:18:8.9.10.11.12.7|"
2731,2731,"CC1=CC2=C(C=C1)NC(=O)[C@@]23[C@H]([C@@]4([C@@H]5N3CCC5)C6=CC=CC=C6NC4=O)C(=O)C7=C(C=C(C=C7)Cl)Cl.COOC.CC.CC |$;;;;;;;;;;;;;;;;Z;;;;;Z3;;;;;;;;;;M;;;;;;;;;;;R;;A$,m:37:7.4.3.10.8,m:41:15.14.13.17.16,m:43:30.31.32.33.34.29,Sg:n:30:C:ht|"
2732,2732,CC(CCN(C)CC1=CC(=CN=C1)F)Cl |$;;Z4;;;;;;;;;;U9;;T$|
2733,2733,CC(C)C1CCN(C1=O)C(C)(C)C |$;;;;;;;;;;M2;;$|
2734,2734,"CCNCC1CCCCN1CCCF.CC |$;;;;M;;;;;;;;;;;T$,m:14:4.9.8.7.6.5,Sg:n:9:P:ht,Sg:n:10,11,12:B:ht|"
2735,2735,"CCCNC1=CC=NC2=NC=CN12 |$;;;;;;;;;;E;;$,Sg:n:9:T:ht,Sg:n:1,2:Q:ht|"
2736,2736,"Cc1sc(N2CCCCC2)nc1Br.CNC(=S)N(C)N=C(C)C |$;;;;;;;;;;;;;;;;;;;;;;$,m:13:5.6.7.8.9.4,Sg:n:11:e:ht|"
2737,2737,"C1CC1N2CCC(C2)C#N.CN=C(NC)N(C)C.CC |$;;;G9;;;;;;;;;;;;;;;;K$,m:10:0.1.2,m:18:4.3.7.6.5,Sg:n:6:C:ht|"
2738,2738,"C1N=C(C=CN1C(=O)N)C(=O)N.CC |$;;;;;;;;V5;;;;;J7$,m:12:0.5.4.3.2.1|"
2739,2739,"CC1=CC(=CC=C1)N(C)C(=O)CC2=NOC3=CC=CC=C32.CC |$;B;;;;;;;;;;;;;;;;;;;;;R2$,m:21:16.17.18.19.20.15|"
2740,2740,"CC(C)CC1(CCCC1)C(=O)N2CCC[C@H]2CO.CC |$U;;;;;;;;;;;;;;;;;T5;;R$,m:18:12.11.15.14.13,Sg:n:13:o:ht,Sg:n:9:G:ht,Sg:n:14:M:ht|"
2741,2741,"CCC(C)N(C)CC[C@H](C)CN |$;;;;;;;;L7;X;;$,Sg:n:6,7:U:ht|"
2742,2742,"CCCC(C#C)N1C(C(=O)NC(C1=O)(CC)CC)C(C)C |$;;;;;;;;;;;;;;;Y0;;;;;$,Sg:n:1,2:P:ht|"
2743,2743,"CC(C)(C)NCN(C)CNC=O |$;;;;;;;;;;;$,Sg:n:7:P:ht|"
2744,2744,"CC1=NC(=NO1)C(C2=CN=CN2C)N.CC |$;;;J7;;;;;;;;;;;;X$,m:14:1.2.3.4.5|"
2745,2745,"CC1=CC2=C(N1CC(=C)C)C=CC=C2O.CC.CNS(C)=S |$;U;;;;;;;G;;;;;;;;R8;;;;;$,m:15:1.2.3.4.5,m:17:10.11.12.13.3.4|"
2746,2746,"CC1CCN(CC1O)CCCCOC |$;;J;;;;;;;;;;;$,Sg:n:10:z:ht,Sg:n:8,9,10:q:ht|"
2747,2747,"CC1CCCN1CC2CCC(C2)N.COC(O)(O)O.CC |$;;;Z7;;;;;;;E4;;;;;;;;;;R9$,m:13:1.2.3.4.5,m:19:8.7.11.10.9,Sg:n:6:Z:ht,Sg:n:1:Z:ht|"
2748,2748,"CC(N1C=NC2=C1N=C(N=C2Cl)I)O.CN=NC(C)=O.CC=NN(C)C(=O)NC |$;;;;;;;;;;D3;;M8;;;;;;;;;;;;;;;;$,m:14:2.3.4.5.6,m:20:7.8.9.10.5.6|"
2749,2749,"CC1=CN=C(N=C1N)N2CCOCC2.COC(=O)N(C)N=C(C)C.COC(C)(C)SC |$;;;;;;;;;;T4;;;;;;;;;;;;;;;;;;;;$,m:14:1.6.5.4.3.2,m:24:9.10.11.12.13.8|"
2750,2750,"C1CSC2=NC(=CC(=N)N21)N=[N+]=[N-].C=NC(=NC)N(C)C |$;;;;;;;;;;;K;;;;;;;;;$,m:13:4.5.6.7.9.3,Sg:n:0:w:ht|"
2751,2751,CC(C)(C)OC(=O)N1CC(C1=O)C(=O)O |$;;U6;;;;D4;;K0;;;;;;$|
2752,2752,CC(CN=C(N)NN)N1CCOCC1 |$;;;;T;;;;;;;;;$|
2753,2753,"C1CC1N(CCCCO)CCCN |$;;;;;;;;;;;A9;$,Sg:n:9:J:ht|"
2754,2754,CN1C(=C=O)C=CC2=CC=CC=C21 |$U;Y;B;;;;;;;;;;$|
2755,2755,"CCN(CCN(C)CC1CC1)C(C)(C)C |$;;M3;;;;;;;;;;;;$,Sg:n:3,4:Z:ht|"
2756,2756,"CC1=CC(=C(C=C1)[O-])CN(CCOC)CCOC |$;;;;;;;;;;;;;;;;;$,Sg:n:15:m:ht,Sg:n:10,11:Q:ht|"
2757,2757,"C1C(CN1C(=O)O)OC2=CC=C(C=C2)F.CC.CC |$;;;;;D3;;;;;;L4;;;;;W;;V6$,m:15:0.3.2.1,m:17:9.10.11.12.13.8,Sg:n:2:s:ht|"
2758,2758,CC(CNC(=O)C1=C(C=CC(=C1)F)N)(CN(C)C)O |$;;;;J;;;;;;;;;;;;;;$|
2759,2759,"CN1CC(C(C1)O)CN2CCCC2.CC |$;;D;;E2;;;W;;;;;;;W5$,m:13:1.2.3.4.5,Sg:n:12:D:ht|"
2760,2760,"COCC1=CCN(CC1)C(=O)C(=O)OC.CC |$;;;;;;L;;X;;;;;B1;;;R$,m:15:3.8.7.6.5.4,Sg:n:14:Y:ht|"
2761,2761,"CC1=CC=CN(C=C1)C(=O)OC.CC |$;;;;M;;M;;;Y;;;;Z$,m:12:1.2.3.4.5.6.7|"
2762,2762,"C1CC1C2(CN(C2)CCCCCO)N.CC.CC |$;;;;W0;;;;;;;;;;;J;;Q01$,m:14:0.1.2,m:16:4.5.6.3,Sg:n:6:K:ht|"
2763,2763,"CC(=O)C1=CC=C2N1C3=CC=CC=C3C2.CC |$J6;;B;;;;;;;;;;;;;;R$,m:15:9.10.11.12.13.8|"
2764,2764,"CCN(CC1CCC1)C(=O)C.CNN=CN(C)C |$;;;;;;;;;;;;;;;;;$,m:11:4.7.6.5,Sg:n:7:y:ht|"
2765,2765,CCN(CC)C1=CC(=O)N(N=C1)CCCl |$;;;B;;;;;;;M7;;;;T$|
2766,2766,"CNC1CN(C1)C2=NC=NC(=C2)COC.CC.CC |$;;D;;;;;K;;;;;;;;;Q1;;R3$,m:15:2.5.4.3,m:17:7.8.9.10.11.6|"
2767,2767,"CCCCN(CC)C(CN)C(=O)OC |$L2;;M;;;;;;;;;;;$,Sg:n:0:m:ht,Sg:n:1,2,3:y:ht|"
2768,2768,"CCN(CC)C1=NN(C(=C1)N)C.CNP(OC)N(C)C |$;;;;;;;X;;U;;;;;;;;;;$,m:12:5.6.7.8.9|"
2769,2769,"CC1=CC2=C(C(=C1)C(=O)O)N(C=C2C)CCCO.CN(S)C(=O)O |$;;;;;;T5;;;;;X;;;;;;;;;;;;$,m:18:10.4.3.12.11,Sg:n:2:c:ht,Sg:n:14,15,16:f:ht|"
2770,2770,CCC(C)CN(CC)CC(C1CC1)O |$;;;;;;;;;;;E;;$|
2771,2771,"CCC1CCC(N1C2=NC=NC(=C2CC)NC)C |$;;;;J6;;;;A;;;;;;;;;$,Sg:n:1:Q:ht,Sg:n:17:n:ht|"
2772,2772,"CN(C1CCCCCC1)C2CCCC2N.CC |$;T;;V6;W9;;;;W;;B;;J2;;;;Y4$,m:15:10.9.13.12.11,Sg:n:1:M:ht,Sg:n:14:E:ht|"
2773,2773,"C1=C2C(=CC(=C1Br)F)N(C(=O)C2=O)CC=CCCl.CC.CNN(C)C |$;;;;;;;;;;;;;;;;;;;R15;;;;;$,m:18:0.5.4.3.2.1,m:20:8.2.1.11.9,Sg:n:1:L:ht|"
2774,2774,CC(C)(C)OC(=O)N1CCOC(C1)CN |$;;;;A;;;;;;D4;;;;$|
2775,2775,"CCC[C@@]1(CC[C@H]1CC(=O)N(C)C)CO.CC |$W8;Q7;;X;;;;;;;;;;;E;;E$,m:15:3.6.5.4,Sg:n:8:Z:ht,Sg:n:1,2:q:ht|"
2776,2776,"C[C@@H]1CN(CCN1)CC2=CC=C(C=C2)Cl.CC |$;;;;;U7;;;;;;;;;;;R53$,m:15:1.6.5.4.3.2,Sg:n:8:p:ht|"
2777,2777,"CC1=CC=C(C=C1)[C@H](C(=O)NC(C)(C)C)N(C2=CC=CC=C2OC)C(=O)C3=CSN=N3.CC |$;;;;;;;J4;;;;;;;;V0;;;;;;;;;;;;;L7;;;;K$,m:31:1.6.5.4.3.2|"
2778,2778,"CN1C(=O)CC(C1=O)NC2=NN=NN2C.CN=NSC.CC=NNNC |$;;;;;;;U7;;;;;;;;;;;;;;;;;;$,m:15:1.2.4.5.6,m:20:10.9.13.12.11|"
2779,2779,"CC1=CC(=C2C=CC=C(C2=N1)F)N3CCC(C3)(C(F)(F)F)O.C=NC(C)=NOC |$;G;;;;;;;;;;;;K;;;;A;;;;;;;;;;;$,m:22:13.12.16.15.14|"
2780,2780,"CN1CCN(CC1)CCCN |$;G2;W;;;;;M9;;;$,Sg:n:7,8:Z:ht|"
2781,2781,C1CCC(C1)N2CCC(=O)CC2=O |$;;K9;;;;;T8;;;;;$|
2782,2782,"C1COCC1CN2C=CC=C(C2=O)CCl.CSC(C)=NN=C(C)C |$;U6;;;;;;;;;;T4;;;;;;;;;;;;$,m:15:7.8.9.10.11.6,Sg:n:11:D:ht|"
2783,2783,"CC(CN(C)C1CCC(C1)N)C(=O)NC.CC |$;;;;;;;;;;;;X1;;;;R9$,m:15:5.6.7.8.9|"
2784,2784,"C[C@H]1C=CC=CC(=C1)C2CCCN(C2)C.CN=C(C)NOC |$;;;;;;;;;;;;;;B;;;;;;;$,m:15:1.2.3.4.5.6.7|"
2785,2785,"CN1C=CN=C1CN(CCC2=CC=CC=C2)C(=O)C3=CC=CO3.CC.CC.CNP(C)(=O)N(C)C |$;;;;;;;;;;;;Y4;;;;;;;;;;;;Q67;;M;;;;;;;;$,m:23:1.2.3.4.5,m:25:11.12.13.14.15.10,m:27:19.18.22.21.20|"
2786,2786,"CCN(CC(=O)N)C1=NC(=NC=C1F)Cl.CC |$;;;;;;;;;;;;Z1;;;;W$,m:15:7.12.11.10.9.8|"
2787,2787,"CN1C=CC2=C1C(=CC3=C2C(=NC(=N3)N)N)C4=CC=CC=C4CCC(=O)O |$;;;;;L;;;L;;;;;V;;;;Z;;;;;;;;;$,Sg:n:16:M:ht,Sg:n:22,23:z:ht|"
2788,2788,"C=C1CN(CC1CC#N)C(=O)C(F)(F)F.CC |$;;V4;;;;;;;;;;;;D2;;R$,m:15:1.2.3.4.5|"
2789,2789,"CC1(CC(C(N(C1=O)C(CC(F)(F)F)C2=CC=CC=N2)C3=CC=C(C=C3)Cl)C4=CC(=CC=C4)Cl)CC(=O)O.CC.CN=NC(=S)NC |$;;;;;;;D7;;;;;;;;;;;;;;;;;;;;;J;;;;;;X;;Z0;;;R;;;;;;;$,m:38:1.6.5.4.3.2,m:40:15.16.17.18.19.14|"
2790,2790,C1CC[C@@H]2[C@@H](C1)C(=O)N(C2=O)C3=CC(=C(C=C3)Br)Cl |$;;;;;;;;;;D;;;;Q4;;;;$|
2791,2791,"CN(CC1=CN=C(S1)Cl)C2CC2.CC |$;;;M;;;;;;X;;;;R$,m:12:4.3.7.6.5|"
2792,2792,"C1=CN(C(=O)C(=C1)N)CCC2=CSC=C2.CON(C)C(=O)N(C)C |$;;;;;Z6;;;;;;;W7;;;;;;;;;;;$,m:15:11.10.14.13.12,Sg:n:12:Z:ht,Sg:n:0:b:ht,Sg:n:8,9:Q:ht|"
2793,2793,"CC(=O)NC(C1CCCC1)C(=O)N2CC(CC2CC(=O)O)OC.CN=C(C)ON |$;Y;;;;;;B;;;;;;;T5;;;U;;;;;;;;;;;$,m:23:13.12.16.15.14,Sg:n:10:z:ht,Sg:n:16:R:ht,Sg:n:16:i:ht,Sg:n:22:M:ht|"
2794,2794,"C1COCCN1CCC2=NC(=O)NO2 |$;;;;;;;;;;;;;$,Sg:n:6,7:n:ht|"
2795,2795,"C[C@@H](C1=CC=C(C=C1)N(C)CC=C)O.CC(=O)N(C)N |$;;;;;;;;;;;;;;;;;;;$,m:14:2.7.6.5.4.3|"
2796,2796,CC(=C)CN(CCO)C(=O)OC(C)(C)C |$;;;;J;;;;;;;;;;$|
2797,2797,"C1CC2CN(CC1O2)C3=CC(=NN=C3)Cl.CC(C)=O |$;;;;;;;;;;X6;;;;;;;;$,m:15:9.10.11.12.13.8|"
2798,2798,"CC1=CSC(=C1C)OC(=O)N(C)C.CC |$;;W8;;;;;;;;;;;;R59$,m:13:1.2.3.4.5,Sg:n:10:o:ht|"
2799,2799,"CC(C)(C)C1=NN=C(S1)NCCN(C)C.CC |$;;;;;;;;;;;;;;J9;;R$,m:15:4.5.6.7.8,Sg:n:10,11:w:ht|"
2800,2800,CC[C@H](C)CN1CCN(C[C@@H]1C)C |$;;;;;;;;T5;;;;$|
2801,2801,"C=CCN1CCC2CCC(C2)C1.CN(C)C=NS(C)(=O)=O |$;;;U;;;;;B;;;;;;;;;;;;$,m:12:3.4.5.6.10.9.11|"
2802,2802,"CC(C)N(CCC(=O)O)C(=O)N(C)CCC(=O)NC |$;;;;;Y4;;;;;;;;;;;;;$,Sg:n:10:Z:ht,Sg:n:1:n:ht,Sg:n:4,5:F:ht|"
2803,2803,"CC1(CN(CCN1C)CCCC(C)(C#N)N)C.CN=C(NS(C)(=O)=O)N(C)C |$;;;;;;;;;;;L;;;;;;;;;;;;;;;;$,m:17:1.6.5.4.3.2,Sg:n:9,10:x:ht|"
2804,2804,"C1CCC2(CC1)CC(=O)N(C2=O)C3=CC=CC(=C3)C(F)(F)F.CC |$;;;;;;;;;;;;;;;A7;V6;;T;;;;;A$,m:22:6.3.10.9.7,Sg:n:1:x:ht|"
2805,2805,C1=CC=C(C=C1)C(=O)N2C=CN=C2 |$W;;;;;Q7;;;;;;;$|
2806,2806,"CNC(NCN(C)C)N=[N+]=[N-] |$X;;;;;;;;;;$,Sg:n:7:f:ht|"
2807,2807,"C1=CC=C(C=C1)N2C=NC3=C(C2=O)C=C(C=C3)OC(F)(F)F.CP(C)O |$;;;;;;;;;;;;;;;;;;;;;;;;;$,m:22:13.14.15.16.9.10|"
2808,2808,"COC1=CC=CC=C1C(C2=CC=C(C=C2)F)(C(CN3CCOCC3)C4=CC=CC=C4)O.CC.CC.CN=NNC |$;;U1;;;D2;;;;;;;;;;;;;;U;;;;;G;G;;;;;;;R;;R;;;;;$,m:31:2.7.6.5.4.3,m:33:19.20.21.22.23.18,m:35:25.26.27.28.29.24|"
2809,2809,"COC1=C(C=C2CN(CCC2=C1)C3CCC3CN)OC.CC.CC |$;;;;;;;;;;;;;;;Q;;;;;;R7;;R23$,m:20:6.7.8.9.10.5,m:22:13.14.15.12,Sg:n:9:m:ht,Sg:n:18:F:ht|"
2810,2810,"CC(C1CC1)C(=O)N(C)CC2CCCN2.CN(C)C=NS(C)(=O)=O |$K5;;;;D5;;M7;;;;W;;;;V5;;;;;;;;;$,m:15:3.2.4|"
2811,2811,"CC(=C)CCCCN(C)C |$;;;;;;;;K2;$,Sg:n:6:X:ht|"
2812,2812,"CC1(CCN(C1)C2=C(C=CC(=C2)Cl)N)C(=O)NC.CN(C=O)C=O |$;;;;;;;;;;;;;;;;;;;;;;;$,m:18:7.8.9.10.11.6|"
2813,2813,"CC(=O)CCC[C@H]1[C@]2(CCN1C(=O)C(F)(F)F)C3=CC=CC=C3NC2=O.CC(=O)N(C)N=C(C)C.CC.CC |$;;;;;;;;;X0;;;A3;;;;;;;;;Z;;;;;;;;;;;;;;;X;;K$,m:26:6.7.8.9.10,m:35:18.19.20.21.22.17,m:37:23.22.17.7.24|"
2814,2814,"CC1=CCN(CC1)CC2CC2.CN=CN.CC(=O)NO |$K;;;;;;;;;;;;;;;;;;;$,m:11:1.6.5.4.3.2,m:15:9.8.10|"
2815,2815,"CC1=CC2=C(C=C1)C(=NC(=N2)C3=CC=CC=C3O)N4CCCCC4 |$;;;;;;;;;;;;;Q4;;;;;;X;;;;$,Sg:n:10:n:ht|"
2816,2816,"C1CC(N(C1)C2CCC(=O)CC2)CCO.CC.CC(N)S |$;;;;;;;;;;;;;;;;R;;;;$,m:15:0.1.2.3.4,m:17:6.7.8.10.11.5,Sg:n:0:Q:ht,Sg:n:13:f:ht,Sg:n:7:e:ht,Sg:n:12,13:I:ht|"
2817,2817,"CC1(CN(C1)C2COCC2O)C.CNN=C(C)NC |$;A5;;;;;;;;;;;;;;;;;$,m:12:1.4.3.2|"
2818,2818,"CC[C@]1([C@](N(C(=O)O1)CCO)(C)O)C |$;;;;;;;;M5;;;;;$,Sg:n:8,9:G:ht|"
2819,2819,"C1C(=O)NC(=O)CN1CCC2=CSC=N2.CS(=O)(=O)OS(C)(=O)=O.CC |$;;;;;;;;;;;;E1;;;;;;;;;;;;;R9$,m:15:0.7.6.4.3.1,m:24:11.10.14.13.12|"
2820,2820,"CC1CN(CC(O1)C)CC=C |$;;;;;;;;G9;;$,Sg:n:0:D:ht|"
2821,2821,"C1C[C@H](NC1)C2=CN=CN2CC3=CNN=C3.CC |$;;;;;Z1;X;;;;;;;;;;;J$,m:16:6.5.9.8.7,Sg:n:3:V:ht|"
2822,2822,"CC1CCC2=CC=CC=C2N1C3=C(C=CN=N3)/C(=N/O)/N.CC.CC |$;;;;D9;;;;;;;;;;;;J;;;;;;R8;;J$,m:21:1.10.9.4.3.2,m:23:5.6.7.8.9.4|"
2823,2823,"CN1CC(CC1=O)C(=O)N2CCC(C2)O.CC |$;;;J2;;;;Y9;;;;;;;;;R$,m:15:1.2.3.4.5|"
2824,2824,"C1CCN(CC1)CC(CSCCO)O |$;;;;;;;;;;;V;;$,Sg:n:1:q:ht,Sg:n:10,11:B:ht|"
2825,2825,"C1C=CN2C3=CC=CC=C3C(=O)N=C2N1.CS(=O)(=O)N=N.CNP(OC)N(C)C |$;J4;;;;;;;;;;;;;;;;;;;;;;;;;;;$,m:15:0.14.13.3.2.1,m:21:10.12.13.3.4.9|"
2826,2826,C1CNCCN(C1)C(=O)CN2CCC2 |$;;;;;;;;;J9;;;;$|
2827,2827,CC(C(C)SC)NC(C)N(C)C |$;Z;;;;;;;;;;$|
2828,2828,"CC(C)(C)CN1C(C=CC2=C1N(C(=O)N2)C)N3CC4CCC3CN4C(=O)C5=NC=CN=C5.CC(C)=NC(C)=NN(C)C.CC(=S)N(C)N=C(C)C |$;;;;;;;;;;;;;;;;;;;;;;;;;;;;D;;;;;;;;;;;;;;;;;;;;;;$,m:32:27.28.29.30.31.26,m:42:19.20.21.22.23.18|"
2829,2829,"C1CN(CCC1NC(=O)NCCC(=O)O)C2=NC=C(C=C2)C(F)(F)F |$;;;;;;;;U1;;;;;;;;;;;;;;;;$,Sg:n:19:R:ht,Sg:n:10,11:V:ht|"
2830,2830,"C/C=C\C1=C(CCC(=C1)N(C2=CC=CC=C2)C3=CC=CC=C3)C4=CC=C(C=C4)N(C5=CC=CC=C5)C6=CC=CC=C6.CC=NN(C)C(=NC)SC.CN(C)N(C)O.CNC(=N)N(C)C.CN(O)C(=O)O |$K;;;;;;;;;;;;;;;;;;;;;;;;;;;;;;;;;;;;;;;L5;;;;;;;;;;;;;;;;;;;;;;;;;;;;;;$,m:41:11.12.13.14.15.10,m:51:17.18.19.20.21.16,m:57:23.24.25.26.27.22,m:64:30.31.32.33.34.29,Sg:n:4:j:ht|"
2831,2831,"CCN1CCC2=C(C1)SC(=N2)NC(=O)C3=NC=C(N=C3)C.CNN(C)NC.CN(C)NS(C)(=O)=O |$;Q;;;;;;;;;;;;;Z5;;;;K;;;;;;;;;;;;;;;;$,m:21:2.7.6.5.4.3,m:27:15.16.17.18.19.14,Sg:n:10:Y:ht|"
2832,2832,"CC1=NC(=C(S1)C2=CC(=CC=C2)F)C(=O)N3[C@@H](CC4C3C4)CNC(=O)C5=C6C(=CC=C5)OCCO6.CC=NNC(=S)N(C)C.CC.CNN(C)NC.CC |$;;;;;;;;;;;;;;;;;V;K7;;;;;;J;;;;;V;;;;;Y5;;;;;;;;;;;R;;;;;;;;R3$,m:35:1.2.3.4.5,m:44:7.8.9.10.11.6,m:46:17.16.15.19.18,m:52:20.19.18,Sg:n:19:P:ht,Sg:n:29:g:ht|"
2833,2833,"CC1(CN2C=C(N=C2O1)[N+](=O)[O-])CN3CCC4=C(C3)SC(=N4)C5=CC(=C(C(=C5)F)F)F.CN=C(SC)N(C)O |$;;;;;;;;;;;;;;;;;;Y6;E9;;;;;;;;;;;;;;;;;;;$,m:31:4.3.7.6.5|"
2834,2834,"COC(=O)COC1=CC2=C(CCN2C3=NC(=NC4=C3CSC4)C5=CC=NC=C5)C=C1.CC(C)=NN(C)C(=O)N(C)C.CS(=O)(=O)[O-] |$;;;;;;;X4;X8;;;;;;;;;;B;;;;;;;;K6;;;;;;;;;;;;;;;;;;;$,m:30:6.29.28.9.8.7,m:41:23.24.25.26.27.22|"
2835,2835,"CC1C(CCCN1C(=O)C2=CC=CC=C2N3N=CC=N3)OC4=NC=C(C=C4)C(F)(F)F.CC.CC=NC(C)=NOC.CC |$;;;;;;;K;;;;;X;;;;;;;;;;;Q2;;;;;;;;;T20;;;;;;;;;;X$,m:31:1.6.5.4.3.2,m:33:10.11.12.13.14.9,m:41:16.15.19.18.17|"
2836,2836,"CCNC(=NCC1=CN=C(C=C1)N2C=CN=C2C)N3CCC(CC3)OC4=CC=CC=C4.CC.CC |$;;;;;J1;;;;;;;;;;;;;;;;;;;;;;;;;;;L54;;R$,m:31:13.12.16.15.14,m:33:19.20.21.22.23.18|"
2837,2837,"CC1=C(C=C(C=C1)N2CCO[C@@H](C2=O)[C@H](C(=O)NC3=CC=C(C=C3)C4=NOC(=O)N4)O)C(=O)N5CCCC5.CC.CN=CN(C)C(C)=N.CC(C)=[NH2+].COC(C)SC.CN=NC(=O)OC |$;;;;;;;;;;;;;;;;;K;Q;;;;;;;;;;;;;;;;;G;;;;R6;;;;;;;;;;;;;;;;;;;;;;;;;$,m:38:1.6.5.4.3.2,m:40:8.9.10.11.12.7,m:48:19.20.21.22.23.18,m:52:25.24.29.27.26,m:58:34.33.37.36.35,Sg:n:11:T:ht,Sg:n:26:L:ht,Sg:n:7:f:ht|"
2838,2838,"CC1=CC=C(C=C1)N(C2=CC=C(C=C2)C)C3=CC=C(C=C3)C=NN(C)C4=CC=CC=C4.CSC(C)=NN |$;Y;V9;;;;;;;;;;;;;;;;;;K;;;;;;;;;L1;;;;;;;$,m:31:1.6.5.4.3.2|"
2839,2839,"C1CCN(CC1)C2=CC=CC=C2NC(=O)C3=CSC(=N3)C4CCN(CC4)S(=O)CCC5=CC=CC=N5.CC.CN(C)N(C)[N+](=O)[O-] |$;;;;;;;;;;;;;;;;;;;;;;;;;;;;;;;;T;;;;;R;;;;;;;;$,m:36:16.15.19.18.17,m:38:21.22.23.24.25.20,Sg:n:21:b:ht|"
2840,2840,"C1CC1CN2C3=C(C=C(C=C3)C(=O)N4CCN5C(=NC=N5)C4)NC2=O.CN=C=S.CC |$;;;;;M;;;;;;;G9;K;;;;;;;;;E2;;;;;;;;R$,m:25:18.17.16.20.19,m:29:22.6.5.4.23,Sg:n:11:I:ht|"
2841,2841,"CCCN(C1CCN(CC1)C(=O)C2=CC=CC=C2)C(=O)C3=C4C=CC(=CC4=NC(=C3)C)F.COP(=O)(N(C)C)N(C)C.CON=C(C)N=C(C)C.CC |$;;;;;;;;;;;;;;;D2;;;;;;A;;;;;;;;;X8;;;;;;;;;;;;;;;;;;;;;;Y3$,m:32:5.6.7.8.9.4,m:42:22.23.24.25.26.21,m:51:27.28.29.20.21.26|"
2842,2842,"COC1=C(C=C(C=C1)N2C(=O)/C(=C\C3=CC=CS3)/N=C2SCC(=O)NC4=CC(=CC=C4)[N+](=O)[O-])Cl.CC.CN=COC.CC |$;;;;;;;;;;;;;;;;;;;;;;;;;;K;;;;;;;;;;Q5;;;;;;;R0$,m:35:2.7.6.5.4.3,m:37:14.13.17.16.15,m:42:26.27.28.29.30.25|"
2843,2843,"C1CC2C(CC1N2C(=O)C3=CC=CC=C3N4N=CC=N4)NC5=C(C=C(C=N5)C(F)(F)F)F.COS(C)(C)OC.CN(C)OO.CC=NC=NC |$;;;;;K;;;;;W3;;;;;;;;;X;;E5;;;;;;E;;;;W;;;;;;;;;;;;;;;;;;$,m:32:4.3.2.6.5,m:39:10.11.12.13.14.9,m:44:16.15.19.18.17|"
2844,2844,"CC(C)N(CCC(=O)O)C(=O)NCCCN1C=CN=N1.CC |$J;;;;;;;;;;;;;X7;;;;;;;;Q$,m:20:15.16.17.18.19,Sg:n:15:T:ht,Sg:n:12,13,14:P:ht|"
2845,2845,"C1CC(=O)N(C1)C2=CC=CC(=C2)NC(=O)C3=CC=C(C=C3)N4C=NN=N4.CSC(C)=NN.COC(N)=O |$;;;E5;;;;U;;;;;;;Y0;;Q5;;;;;;;;;;;;;;;;;;;;$,m:26:7.8.9.10.11.6,m:32:16.17.18.19.20.15|"
2846,2846,"CC[C@@H](C(=O)NCC(C)C)N(CC1=CC=CC=C1)C(=O)CN(C2=CC=C(C=C2)C)S(=O)(=O)C3=CC=C(C=C3)OC.CON(C(C)=O)C(C)=O |$;;;;;;;;;K5;;;;;;;;D9;;;;;Q;;;;;;;;;W3;;;;;;D5;;E;;;;;;;;;$,m:40:13.14.15.16.17.12,Sg:n:16:o:ht|"
2847,2847,"C1COCCN1C2=NC=C(C=C2)NC3=NC=NC4=C3C=CC=C4F.CC.CC.CC |$;;;;;;L;;;;;;;;;;;;;;;;;J;;Z9;;R;;K$,m:24:0.5.4.3.2.1,m:26:7.8.9.10.11.6,m:28:14.15.16.17.18.13|"
2848,2848,"C1COCCN1C(=O)NC(CCSC2=CC=CC=C2)C(=O)NCCCCCC(=O)C3=NC4=CC=CC=C4O3.CC.COC(=O)C=O.CN=C(C)N(C)N(C)C.CC(=O)N(C)N=C(C)C |$;;;;;;Y1;;;;;Y2;;;;;;;;;A;;;;;;;;;;;;;;;;;;;Y86;;;;;;;;;;;;;;;;;;;;;;;;$,m:38:0.5.4.3.2.1,m:40:14.15.16.17.18.13,m:46:30.29.37.36.31,m:55:32.33.34.35.36.31,Sg:n:12:d:ht,Sg:n:2:q:ht,Sg:n:25:o:ht,Sg:n:9:A:ht|"
2849,2849,"COC1=C(C=C(C(=C1)[N+](=O)[O-])CN[C@@H]2[C@@H](N([C@@]3([C@H]2/C(=C/C=C\C(=C)Cl)/F)C4=C(C=C(C=C4)Cl)NC3=O)CC5CC5)CO)C(=O)O.CNNC(=S)NC.COS(=O)(=O)SC.CC(=O)C(C)S |$;;;Y7;;;A;;;;;;;;;;;;J9;;;;;;;;;;;;;;;;;;;;;;;;;;;;;;;;;;;;;;;;;;;;;;$,m:45:2.7.6.5.4.3,m:52:28.29.30.31.26.27,m:59:38.37.39,Sg:n:35:q:ht|"
2850,2850,"CN(CCCCN1CCCC1)CCCCN(C)C(=O)CC2=CC(=C(C=C2)Cl)Cl.CC |$;;;;;;;U;;;X6;;;;;;;;W;;;;;;;;;;;Q$,m:28:7.6.10.9.8,Sg:n:12:h:ht|"
2851,2851,"CC(C)(C)CN(C(=O)OCC1=CC=CC=C1)C2(C=CC(=NN2)Cl)C3=CC=C(C=C3)Br.CC.CC |$;;;;;;;;;;;;E8;;;T;;;;;;;;;;;;;;;;X87;;R$,m:30:17.18.19.20.21.16,m:32:24.25.26.27.28.23|"
2852,2852,"CC1=C(NC(=C1C(=O)NC[C@@H](CN2CCCCC2)O)C)/C=C\3/C4=C(C=CC(=C4)F)NC3=O.CC |$;B4;;;;;;;G;;;;;;;;;;L;;;;;;W4;;;Q9;;;;;;L$,m:32:29.23.22.21.30|"
2853,2853,"CC1=C(N=C(O1)C2=CC=CC=C2)CCOC3=CC=C(C=C3)C[C@@H](C(=O)ONNC(=O)C=N)N4C=CC=C4.CC |$;;;;;;;;;;;;;;;;W3;;;;;;;;X0;;;;;;;;Y3;;;;;;R68$,m:37:16.17.18.19.20.15,Sg:n:33:x:ht,Sg:n:12,13:Y:ht|"
2854,2854,"CCCC1=NN(N=C1CCC)[C@H]2C[C@H]3C(=O)N[C@@]4(C[C@H]4/C=C\CCCCC[C@@H](C(=O)N3C2)NC(=O)OC(C)(C)C)C(=O)O.CN=C(N(C)C)S(C)(=O)=O.C[Sb] |$;;;;;;;;;;U;;;;;;;E5;;;;;;;;;;;;;;;X8;A3;D2;;U0;;;;;;;;;;;;;;;;;;$,m:43:14.13.30.28.27.26.25.24.23.22.21.20.19.17.16,m:53:18.17.19,Sg:n:17:X:ht,Sg:n:1,2:q:ht|"
2855,2855,"CC1=CC2=C(O1)C3=C(N2C)C(=O)N(N=C3)CC(=O)N4CCCC4.CC(=N)N=O.CC |$;;;;Z;;;;;;;G6;;;;;;;;;;;;;;;;;;R4$,m:23:1.2.3.4.5,m:28:19.18.22.21.20,Sg:n:7:d:ht,Sg:n:18:Q:ht|"
2856,2856,"CC1=C(C=CC=C1[N+](=O)[O-])C(=O)N2CCN(CC2)C3=NC4=C(S3)C=CC=C4SC.CP(C)(C)=N.CC.CON(C)C(C)=N |$;;;;;;;;;;;;;;;;;;;;;;;;;;;;;;;;;;;V;;;;;;;$,m:29:13.14.15.16.17.12,m:34:19.18.22.21.20,m:36:23.24.25.26.20.21,Sg:n:17:f:ht|"
2857,2857,"CC1=C(NC(=C1C(=O)C)C)C(=O)CN2CCN(CC2)CC3=CC=CC4=CC=CC=C43.CC=NN=C(C)N.CC.CN(C)N=S |$;;;;;K;;;;;;;;;Q;;;;;;;;V5;;;;U3;;;;;;;;;;;;R89;;;;;$,m:30:1.2.3.4.5,m:37:14.15.16.17.18.13,m:39:25.26.27.28.29.24,Sg:n:4:l:ht|"
2858,2858,"CCCN[C@H](CC(=O)N1CCN(CC1)C2=NC3=C(C(=C(C=C3C(=N2)N)OC)OC)F)C4=CC=C(S4)Cl.CC.CC.CC |$;;;;;;;;T0;;;;;;;;;;A4;;J2;G9;;;;;;;;;;D4;;;;;;R;;R65;;R$,m:36:9.10.11.12.13.8,m:38:15.16.21.22.23.14,m:40:17.18.19.20.21.16,Sg:n:0:B:ht,Sg:n:17:X:ht,Sg:n:1,2:r:ht|"
2859,2859,"C=CCN(CCNC1=C(C=CC(=C1)C=O)CC2CCCCCC2)CC3=CC=CC=C3.CC.CC |$;;;;;;;;;;;;;;M0;;;;;;Q1;;;;;;;;;;;R;;K2$,m:30:9.10.11.12.7.8,m:32:17.16.22.21.20.19.18,Sg:n:20:K:ht,Sg:n:4,5:w:ht|"
2860,2860,"CCC1=C2C(=CC=C1)C(=CN2CC(=O)NCC3=CC=CO3)/C=C\4/C(=O)N(C(=O)S4)CC.CSC(C)=S |$;;;;;;;;;;;;;M9;;;;;;;;;;;T;;;;;;;;;;;$,m:31:2.7.6.5.4.3|"
2861,2861,"C1CN(CC2=C1C(=C(S2)NC(=O)CCC3=CC=CO3)C#N)C(=O)OCC4=CC=CC=N4.CC.CC |$;;;;;;W0;A;;;;;;;;;;;;;;;;;;;;;;;;;G;;M$,m:31:6.5.4.8.7,m:33:26.27.28.29.30.25,Sg:n:25:U:ht,Sg:n:12,13:q:ht|"
2862,2862,"CN1CCOC[C@@H]1COC2=C(C=C3C(=C2)N=CN=C3NC4=CC(=C(C=C4)F)Cl)NC(=O)[C@@H]5COC(=O)N5.CC.CN(N)C(N)=O.CONC(=O)OC |$;;;;;Q;;;;;;U6;;;;;;J8;A;;;;;G;;;;Q2;E;;;;;;;;;;Q;;;;;;;;;;;;;$,m:37:1.6.5.4.3.2,m:39:11.12.13.14.9.10,m:45:15.16.17.18.12.13,Sg:n:25:w:ht,Sg:n:11:x:ht,Sg:n:14:B:ht|"
2863,2863,CC(C)C1=NOC(=N1)CN2CCCC[C@H]2CNS(=O)(=O)C |$;X1;;;;;;;;;;;;;;;;;;B;$|
2864,2864,"C[C@H](CN1CCC[C@H](C1)COC2=NC(=C(C3=NC=CN32)C4=CN=C5C(=C4)C=NN5C)C6=CC=C(C=C6)[N+]#[C-])O.CC.C=NC.CC |$;;Q5;;;;D9;;;;;;;;;;;;;;;;;;J2;;;;;;;;;;;;;;;;Q25;;;;;R$,m:39:12.13.14.15.19.11,m:41:16.15.19.18.17,m:44:26.24.23.28.27|"
2865,2865,"CCCCNC(=O)[C@H](CC)N(CC1=CC(=C(C=C1)Cl)Cl)C(=O)COC2=CC=CC=C2Cl.CSC(=O)C(C)N.CC(=N)N(C)N |$;;;;;;;;Z;;;;;;;;;;;;M7;;;;;;;;;;;;;;;;;;;;;;;$,m:31:13.14.15.16.17.12,m:38:25.26.27.28.29.24,Sg:n:1,2,3:u:ht|"
2866,2866,"CN(C)CC1=CN(C2=C1C=C(C=C2)OC)CC(C3=CC4=C(C=C3)N(N=C4)C5=CC=C(C=C5)F)(C(F)(F)F)O.CN(C)OC=O.CNN=S |$;;;;;;;;;;;B7;;;Q;;A;;;;;;U3;;;;;;;Y1;;;;;;;;;;;;;;;;;;$,m:38:9.10.11.12.7.8,m:44:18.19.20.21.22.17|"
2867,2867,"CC(C)N1C=NN=C1CCNC(=O)C2=CC=C(C=C2)C3=CC=NN3.CC.CN(C)S(N)(=O)=O |$;;;X2;;;;K2;;;;;;;;;B0;;;;;;;L8;;Q98;;;;;;;$,m:24:3.4.5.6.7,m:26:20.19.23.22.21|"
2868,2868,"CC1=CC=CC=C1N2C[C@]3(CCN(C3)S(=O)(=O)C4=CC=CC(=C4)OC)CC2=O.CC.CNC(=O)ON(C)C |$;;V7;;;U6;;;;;;;;;;;U7;;;;M5;;;;;W;;;;R39;;;;;;;;$,m:28:8.7.26.25.9,m:30:18.19.20.21.22.17|"
2869,2869,"CCN1CCCC1C(C)(C)CN2CN(C3(C2=O)C(C3(C)CC4CCN(C4)C(C)(C)C)(C)C)C5=CC=CC=C5.CS(=O)(=O)N=CN |$;;;V;;;;E;;;;;;;W5;;;;;;;;;;;;V;E;;;;;;;;;;;;;;;;;$,m:38:2.3.4.5.6|"
2870,2870,"CN(CCCCCC1(CCC2=CC(=C(C=C2CC1)OC)OC)O)CCCOC3=CC=CC(=C3)OC.COS |$;;;;;;;;;;;;;;;;;;;;;;;;;;G9;;;;;;;;;;;$,m:35:8.7.17.16.15.10.9,Sg:n:3,4,5,6:T:ht|"
2871,2871,"CC[C@@H](C(=O)NCC)N(CC1=C(C=C(C=C1)Cl)Cl)C(=O)CN(C2=C(C=CC(=C2)Cl)C)S(=O)(=O)C3=CC=CC=C3.CNP(C)OC.CC |$;;;;;;;;;;;;;;;;;;;;L2;;;;;;;;;;;E;;;;;;T8;;;;;;;;;G9$,m:39:23.24.25.26.27.22,m:45:34.35.36.37.38.33|"
2872,2872,"CC(C1=NN=CN1C)NC2=C(C=C(C=C2)S(=O)(=O)NC)N.CC(=NN(C)C)N(C)C |$;;U;;;;;;;;;;;;;;;;;;;;;;;;;;;$,m:21:3.2.6.5.4|"
2873,2873,"CC1=CSC(=N1)C(C)(C#CC2=CC3=C(C=C2)N=C(N3C4=NC(=NC=C4)N)NCCOC)O.CC(=O)SN(C)C.CC.CC |$;;;;;B8;;;;A;;;;;;;;;;;;;;Q0;;;Z;;;;;;;;;;;;;;R8;;R1$,m:32:1.2.3.4.5,m:39:11.12.13.14.15.10,m:41:20.21.22.23.24.19,Sg:n:27,28:h:ht|"
2874,2874,"CCN(CC)CCCNC1=NC(=C2C=CC(=O)N(C2=N1)C3=C(C=CC=C3F)F)C4=C(C=CC(=C4)C(=C)NCC(C)C)C.CC.CC.CC |$;;;;;;;;;;;;;;;;;E4;;;;;;;U;;;;;;;;;;;;;;;;;;;A9;;R;;W$,m:42:13.14.15.17.18.12,m:44:21.22.23.24.25.20,m:46:29.30.31.32.33.28,Sg:n:35:P:ht,Sg:n:10:w:ht,Sg:n:5,6,7:a:ht|"
2875,2875,"CC1=CC=C(S1)S(=O)(=O)NC(=O)NC2=CN=C(C=C2)N3C=C(C4=C(C3=O)C=CC(=C4)NC)N=O.CC.C[N+]#[C-] |$;;;;;;U;;;;;;;;T;;;;;;;;;;;;;;;;;;L;;;R;;;$,m:34:1.2.3.4.5,m:36:20.21.22.23.24.19|"
2876,2876,"CC1=C(C2=CC=CC=C2N1)C(=O)N3CCOC(C3)C(=O)N.CC.CC=NC(=NC)N(C)C |$;D;A;V;;;;;;;;;;;;;;;;;;;R;;;;;;;;;$,m:21:1.2.3.8.9,m:23:13.14.15.16.17.12|"
2877,2877,"CCCN1CCC(C1)CN=C(NCC)N2CCC(C2)CSC3=CC=CC=C3.CC.CC |$;;;;;;;;;;;;;;;V;;;;;;;;X;A2;;;;R41;;G02$,m:27:15.14.18.17.16,m:29:22.23.24.25.26.21,Sg:n:6:J:ht,Sg:n:19:t:ht,Sg:n:1,2:e:ht|"
2878,2878,"CCC1=C(C(=CC=C1)CC)NC(=O)COC(=O)CN2C(=O)[C@@H]3C[C@@H]([C@H](C[C@H]3C2=O)Br)Br |$;;;;;;;;;U;;;;;;J;;;;;;;;;;;;;;Y1;$,Sg:n:18:w:ht|"
2879,2879,"C1C2CN(CC2CN1C3=NC(=CC(=N3)C(F)(F)F)C(F)(F)F)C(=O)C4=C(C=CC=C4F)NN=CC=N.CC |$;;;;;;;;T5;;;;;Y2;;;;;;;;;;;;;;;;;;;;;;;;R85$,m:36:2.1.5.4.3,Sg:n:16:d:ht,Sg:n:17:P:ht|"
2880,2880,"CN1CCCC(C1)NC2=C(C(=O)NC(=N2)N3CCOCC3)C4=NC5=CC=CC=C5S4.CNN(C)N |$;;;;;;;Q;;;;U0;V;;;;;;;;B1;J6;;;;;;;;;;;;;$,m:30:10.12.13.14.8.9,Sg:n:18:Z:ht|"
2881,2881,"CC1=CSC(=N1)C(=CC2=CSC(=N2)N(C3=CC=CC=C3)C(=O)C)C#N.CC |$;;;;;;;;T;;;B4;;;;;;;;;;;;;;;Y$,m:25:1.2.3.4.5|"
2882,2882,"CC1=NC(=CC=C1)NC2=CC=CC(=N2)[C@H]3CN(CCO3)CC4=C5C=CC=NC5=CC=C4.COC(=O)N(C)OC.CC.CC |$;;;;;;;V3;;;;;;;;;;;;;;;;;X;;;;;;;;;;;;;;;;R93;;R60$,m:31:1.6.5.4.3.2,m:39:9.10.11.12.13.8,m:41:23.24.25.26.27.22,Sg:n:1:J:ht|"
2883,2883,"C1C/C(=C\C2=CC(=CC=C2)N3CCN(CC3)C4=CC=C(C=C4)F)/C(=NC1)C5=CN=CC=C5.CC.CC |$;;;G3;;;A2;;L0;W;;;;;;;;;;;;;;;;;;;;;;;;K;;G32$,m:32:0.25.24.23.2.1,m:34:5.6.7.8.9.4,Sg:n:21:W:ht|"
2884,2884,"CN(C)C1=NC=C(C=C1)CNC(CC2=CN=CC=C2)C3=CC(=CC=C3)Cl.CC |$;;;;;;;;;;;;;;;;;;;;;;;;;;;R0$,m:26:3.8.7.6.5.4|"
2885,2885,"C[C@@H]1C[C@@H](CN(C1)CCCNC(=O)C2=CN(C(=O)C3=C2C4=CC=CC=C4N3C)CCOC)C.CN=C(N(C)C)S(C)(=O)=O |$;V;;;;;;;;;;;;;;;;;;;;;;;;;;;;;;;;;;;;;;;;;$,m:33:14.15.16.18.19.13,Sg:n:23:J:ht,Sg:n:7,8,9:d:ht|"
2886,2886,"CC(C)(C)OC(=O)N1CC2CC(C1)CN(C2)CC(COC3=CC=C(C=C3)C#N)NC(=O)OCC4=CC=CC=C4.CC |$;;;;;;Q3;;W5;;;;;;;;;;;;;;;;;;;;;J3;;;;A6;;;;;;;R$,m:39:7.12.11.10.9.8,Sg:n:30:a:ht,Sg:n:9:Y:ht|"
2887,2887,"CN(C)CCN(CC1=CN=C(C=C1)C(=O)NC2=CC=CC=C2N)C(=O)N=C3COC=C(O3)CC4=CC=CCC4.CSP(=O)(O)SC.CC.C=NC(C)=NNC |$;;;;;;;;;;;;;;;;;;;;;;;;;;;;;;;;;;;;;;;;;;;;;;;Y;;;;;;;$,m:39:8.9.10.11.12.7,m:46:27.28.29.30.31.26,m:48:34.35.36.37.38.33,Sg:n:3,4:U:ht|"
2888,2888,"C1COCCC1CN2C=NC3=C2C=C(C=C3)C4=CC(=NC=C4Cl)NC(=O)C5=NNN=C5.CC=NN(C)C(N)=S.CSOSC |$K4;Z0;;;;;;;;;;;;E;;;;;;;;;;;;;W;;;;;;;;;;;;;;;;;$,m:31:17.18.19.20.21.16,m:39:27.26.30.29.28|"
2889,2889,"CC(C1=CC2=C(C=C1)OC3=CC=CC=C32)N4C=C[N+](=C4)CC(=O)C5=CC=C(C=C5)O.CC.CC |$;;;;;;;;;;U;Q0;;;;;;;;B0;;;;;;;;;;;;M49;;Y63$,m:30:3.4.5.6.7.2,m:32:24.25.26.27.28.23|"
2890,2890,"CN(C)C1(CCC2(CC1)CN(C(=O)N=C2)C3=CN=C(N=C3)NC(=O)C4CC4)C5=CC=CC=C5.CC.CC |$G;;;;;;;;;;;;;Y;;;;;E1;;;;;;;M;;;;;;;;;R;;R46$,m:33:9.10.11.13.14.6,m:35:25.24.26|"
2891,2891,"CC(C)OCCCNCC1=NC=CN1C |$;;;;;;;V4;;;;;;;$,Sg:n:14:A:ht,Sg:n:0:e:ht,Sg:n:4,5:B:ht|"
2892,2892,"CN(C)C(CNC(=O)C1=C(N=CC=C1)SC2=CC=C(C=C2)Br)C3=CC=CS3.COC(=O)N=C(C)C |$;;;;;;;;;;;;;;;;;;;;;;;;;;;;;;;;;;$,m:27:10.11.12.13.8.9|"
2893,2893,"CC1=CC=C(C=C1)NC2=NC(=NC(=N2)N)CSC3=NN=C(N3C4=CC=C(C=C4)OC)C5=CC=NC=C5.CC=S.CC.CN(C)C(=O)NN.CON=C(C)N.CN=CC=N |$;;;;;;;;;;;;;;;;;;;;;;;;;;;;Z;;;;;;;;;;;;Y;;;;;;;;;;;;;;;;;;$,m:36:1.6.5.4.3.2,m:39:9.10.11.12.13.8,m:41:18.17.21.20.19,m:48:23.24.25.26.27.22,m:54:31.32.33.34.35.30|"
2894,2894,"CC(C)OC1=CC=CC=C1CN2CCCN(CC2)C(=O)C3=CC=C(C=C3)N4CC=CC5=CC=CC=C54.CN=C(C)C(C)=N.CC.CC.COSO |$;;;;;;;;;;;;;;;;;;;;;;;;;;;;;;;;;;;;;;;;;;;;R72;;R;;;;$,m:36:4.9.8.7.6.5,m:43:12.11.17.16.15.14.13,m:45:27.28.29.30.35.26,m:47:31.32.33.34.35.30|"
2895,2895,"CN(C)C(=O)C1=CC=C(C=C1)NC(=O)COC2=C(C=C(C=C2)C(=O)OC)OC.CC.CC |$;;;;;;;;;;;;;W;Z;;;Q;;;;;;;;V2;;;;Z;;R98$,m:28:5.10.9.8.7.6,m:30:17.18.19.20.21.16|"
2896,2896,"C[C@@H]1CC2=C(N1C(=O)C3=CC=C(C=C3)OC)C=C(C=C2)CNC(=O)COC4=CC=C(C=C4)OC.CN=S(C)(N)=O.COP(N)(=O)SC.CN=C(SC)SNC.CC |$;;;W6;;;;;;;;;;;;A4;;Q;;;;;;;;;;;;;;;;M4;;;;;;;;;;;;;;;;;;;;;;;K$,m:34:1.2.3.4.5,m:40:9.10.11.12.13.8,m:47:16.17.18.19.3.4,m:55:27.28.29.30.31.26,Sg:n:26:P:ht|"
2897,2897,"CCCN1CCC(CC1)NC(=O)CCN2C(=NNC2=S)C3=CC=CC(=C3)C.CN(C)C(=N)N |$;;;;;;;;;;;;;;;;;;;;;;;;;;D9;;;;;;$,m:27:3.8.7.6.5.4,Sg:n:10:t:ht,Sg:n:12,13:w:ht|"
2898,2898,"CC1=NC(=CS1)C(=O)N2C[C@H]3[C@H](C2)S(=O)(=O)C4=C3C=C(C=C4)C5=CC=NC=C5.CC.CS(C)(=N)=O.CC.CNP(C)(=S)N(C)C.CN(N)C=O |$;;;;;;;;;;;;;;;;;;;;;;;;M;;;;;E12;;;;;;;R3;;;;;;;;;;;;;$,m:28:1.2.3.4.5,m:30:9.8.12.11.10,m:35:13.11.10.17.16,m:37:18.19.20.21.16.17,m:45:23.24.25.26.27.22|"
2899,2899,"CCCCCC(=O)OC1CCN(C1=O)C2=CN3C(=C2)C(=C(C=N3)C(=O)N)NC4CCN(CC4(C)C)C5=NC=C(C=N5)C#N.COP(N)(=O)SC.CC.CC |$;;Z5;;;;;K2;;B8;;V8;;;;;T;;;;;;;;;;;L;W;;;;;;W;;;;;;;;;;;;;;;;;R;;R$,m:43:15.14.18.17.16,m:50:20.21.22.16.17.19,m:52:36.37.38.39.40.35|"
2900,2900,"CCCC1(C(=O)N(C(=O)N1)CC(=O)NC2=C(C=C(C=C2Br)C)Br)CCC |$;;;;;;;;;;;;;;;G0;X;;;;;W;W3;;;K$,Sg:n:23,24:p:ht|"
2901,2901,"CCCN(C)C1=CC=C(C=C1)C(=O)NCC(C)(C(C)C)O |$;;;;;;;;;;;G4;;;;;E4;;G4;;$,Sg:n:19:d:ht,Sg:n:1,2:K:ht|"
2902,2902,"C1CCC(CC1)OC2=NC=C(C=C2)C3=CC(=CN4C3=NSCC4)F.COS(N)=O.CC(=N)C(C)O.CC=C=O |$;;;;;;;;;;;;;;;;;;;V;;;;;;;;;;;;;;;;;;;$,m:24:0.5.4.3.2.1,m:29:8.9.10.11.12.7,m:35:19.20.21.22.17.18|"
2903,2903,"CC(C)(C)OC(=O)N1CCCC(C1)C(=O)NC2=C(C=CC(=C2)OC)OC.CC.CC(N(C)C)N(C)C |$;;;;;D;;;;;;;;;;;;;;;;;;;;;;Y;;;;;;;;$,m:26:7.12.11.10.9.8,m:28:17.18.19.20.21.16,Sg:n:7:X:ht|"
2904,2904,"C1CC[C@@H]2[C@@H](C1)CCCN2C(=O)C3=CC(=C(C=C3)NC(=O)C4=C(C=C(C=C4)Cl)Cl)[N+](=O)[O-].CSN=C(C)SC.CB=CC |$;;;;;;;G0;;;;;;;;;;;Y8;;;;V9;;;;W;;;;W8;;;;;;;;;;;;$,m:32:6.7.8.9.3.4,m:39:22.23.24.25.26.21|"
2905,2905,"C1COCCN1C(=O)CCN2CC3=CC4=C(C=C32)N=CN=C4NC5=CC(=CC=C5)Br.CC.CC |$;;;;;;;;;;;;;;;;;G;;T;;;;;;;;;;;;R;;R6$,m:30:0.5.4.3.2.1,m:32:13.14.15.16.17.12,Sg:n:8:F:ht,Sg:n:8,9:e:ht|"
2906,2906,"CC1=CC=C(C=C1)CN(CC#C)C(=O)NCCC(=O)N2CCOCC2.CNP=O |$;;;;;;;;;;;;;;;;;;;;;;;;;;;;$,m:25:1.6.5.4.3.2,Sg:n:19:z:ht,Sg:n:19:z:ht,Sg:n:15,16:o:ht|"
2907,2907,"CCN1CCC(CC1)N2C3=NC=NC(=C3C(=N2)C4=CC(=C(C=C4)C5(CC6=CC=CC=C6N5C)C(=O)N)OC)N.CC.CC.CC.CC |$;;;;;;;;;;;;;;;M4;;;;;;;;;;;;Q;T5;;;;;;A;;;;;;R9;;U70;;K;;W$,m:39:2.7.6.5.4.3,m:41:10.11.12.13.14.9,m:43:18.19.20.21.22.17,m:45:24.23.31.30.25|"
2908,2908,"C1CN(CCN1CC2=NOC(=C2)C3=CC=CC=C3Cl)C(C4=CC=CC=C4)C5=CC=CC=C5.CNNN=C(C)C.CN=C(C)NC(C)=NC.CC.CC=NS |$;;;G;T;M;;;;;;;;;;;;;;Y4;;;;;;;;;;;;;;;;;;;;;;;;;;;;;;R9;;;;$,m:32:8.7.11.10.9,m:39:13.14.15.16.17.12,m:48:21.22.23.24.25.20,m:50:27.28.29.30.31.26|"
2909,2909,"CC1(CC(C1)CN(CC2=CC=C(C=C2)OC)C3=CC(=NC4=C(C=NN34)Br)OC5=CN=CC=C5)O.CC.CNNC(=S)SC |$;;;;;;;;;;W9;;;;;L;;G;;;;;;;G7;;;;;;;;;;;W7;;;;;;;$,m:34:21.20.24.23.22,m:36:28.29.30.31.32.27,Sg:n:2:r:ht|"
2910,2910,"CCN(CC)C1=C(C=C(C(=C1)NS(=O)(=O)C(F)(F)F)N=NC2NC(NN2)C(F)(F)F)OC.CC |$;;;;;;;;;;;T5;;;;;;;K;;;D;;;;;;;;;;;;Z$,m:32:5.10.9.8.7.6,Sg:n:18:T:ht|"
2911,2911,"CCCCCCCCCN1C2=C(N=C1N/N=C\C3=CC(=CC=C3)[N+](=O)[O-])N(C(=O)NC2=O)C.CC.CC |$;;K;;;;;;;;;;;;;;;;;;;;;;T;;;;G;;;;;;V;;R4$,m:33:9.10.11.12.13,m:35:18.19.20.21.22.17,Sg:n:1,2:l:ht|"
2912,2912,"CN(CC1=CC(=C(C=C1)Cl)Cl)C(=O)C(CCN2CCC(CC2)N(C)S(=O)(=O)C)(C3=CC(=C(C=C3)Cl)Cl)F.CC(C)=NN(C)N=C(C)C |$;;G9;;;;;;;;;;;;;;;;J4;B;;;E;;;;;;;;;;;;;;;;;;;;;;;;$,m:37:17.18.19.20.21.16,Sg:n:14,15:u:ht|"
2913,2913,"CN(CC1=CC=CC=C1)C2=NC3=C(CN(CC3)C(=O)C4=CC=CC=C4OC)C(=N2)OC5=CC=C(C=C5)F.CNNN=[N+]=[N-].COS(C)=O |$;;;;;;;;;;;;;;;;;;;;;;;;;;;;;;;;;;V1;;;;;;;;;;;;;$,m:37:13.14.15.16.11.12,m:43:31.32.33.34.35.30|"
2914,2914,"COC1=CC=CC=C1C2=NOC(=N2)CSC3=NN=C(N3C4=CC=CC=C4)C5=CC=NC=C5.CS(C)(O)O |$;;;M2;;W;;;;U;;;;D;;Q6;K;;;;;;;;;;;;;;G4;;;;;;$,m:32:16.15.19.18.17|"
2915,2915,"COC(=O)CN1CCC(CC1C2=CC=C(C=C2)F)N3CCN(CC3)C4=CC=C(C=C4)C(=N)N.CC.CS(C)=S.CC(=S)C(C)S |$;;;;;;D;;K9;;;;;;;;;T;;;;;;;X8;;;;;;W8;;;;Z;;;;;;;;;;$,m:33:5.10.9.8.7.6,m:35:12.13.14.15.16.11,m:39:25.26.27.28.29.24,Sg:n:14:v:ht|"
2916,2916,"CN([C@H](CC1=CC=CC=C1F)C2CCN(CC2)CC3=CC(=C(C=C3)OC)OC)C(=O)C4=CC=CS4.CC.CC |$A3;;;Z8;;V;;;;;;;;;;;V;;;;;;;;J;;;;;;;;;U;;;M;;V$,m:35:5.6.7.8.9.4,m:37:31.30.34.33.32,Sg:n:30:T:ht|"
2917,2917,"CCC1=CC=C(C=C1)N2C(=O)C3=CC=CC=C3N=C2SCC(=O)NC4=CC=CC(=C4)C.CC.COC(=S)N(C)C.CC |$;;;;;;;;;;;;;B5;;;;;;;;;;;J;;;;;;;;L;;;;;;;;;Y$,m:31:2.7.6.5.4.3,m:33:9.11.16.17.18.8,m:40:25.26.27.28.29.24,Sg:n:5:x:ht|"
2918,2918,"CCOC1=CC=C(C=C1)C(C2=CC=CC=C2)(C(CN3CCCCC3)C4=CC=CC=C4)O.CC |$;;;;;;D;;;;;;;;M;;;;;;;;;;;;;;;;;;R2$,m:31:3.8.7.6.5.4,Sg:n:11:K:ht,Sg:n:27:p:ht|"
2919,2919,"CCOC(=O)[C@@]1(CCCN(C1)C(=O)[C@@H](CCCC2=CC=CC=C2)NC(=O)C(C)(C)N)CC3=CC=CC=N3.CNC(=O)NOC |$;;D;;D1;;;;;;;;;;;;;;;;;;;;;;;;;;Z9;;A;;;;T;;;;;;;$,m:37:32.33.34.35.36.31,Sg:n:16:O:ht,Sg:n:14,15:W:ht|"
2920,2920,CN(CC1=NC=NN1)C(=O)C2=C(C=NC=C2)C#CCN |$;W;;;;;V3;;;;;;;;;;;;Q2;$|
2921,2921,"C1CN(CCN1C(C2=CC=CC=C2)C3=CC=CC=C3)C(=O)/C=C/C4=CC=C(C=C4)S(=O)(=O)NCC5=CC=CO5.CN=S(C)N(C)C.CN=C(SC)N(C)N(C)C |$;;;;;;;;;;;;;;;;;;;;;;;;;;;;;;;;;;;;G;;;;;;;;;;;;;;;;;;;$,m:39:24.25.26.27.28.23,m:46:35.34.38.37.36|"
2922,2922,"CC1=CC=CC=C1CC(=N)C2=CN(C3=CC=CC=C32)C4=CC=C(C=C4)N.CC.C=NN=C(C)C.CC |$;;;;;;;;;;;;;;;T;;;;;A;;;;;A;;R3;;;;;;;;M$,m:26:1.6.5.4.3.2,m:28:11.10.18.13.12,m:34:14.15.16.17.18.13|"
2923,2923,"CN(C)C(=O)C1CCN(CC1)CCC#N |$;;;;;E9;;;;;;;;;$,Sg:n:9:C:ht,Sg:n:7:M:ht,Sg:n:11,12:F:ht|"
2924,2924,"CC(=O)NC1=NC2=C(S1)CN(CC2)CC(=O)NC3=C(C=CC(=C3)OC)OC.CC |$;;;;;;;;;;;;;;;;;;D2;;;M;;;;;;;R$,m:27:9.10.11.12.6.7|"
2925,2925,"CCCN(CCNC(=O)C1=CC2=C(C=C1)NN=C2C3=CC(=NC=C3)C)CC4=CC=CC=C4F.CC.CS(=O)(=O)N=[N+]=[N-] |$;;;;;;;Y6;;;;;;;;;;;;;;;;;;;;;;;;;;;E;;;;;;;$,m:33:19.20.21.22.23.18,m:35:27.28.29.30.31.26,Sg:n:21:k:ht,Sg:n:1,2:L:ht|"
2926,2926,"CCCCN1CC(=C(N(C1=O)CCC2=CC=C(C=C2)[N+](=O)[O-])N)N |$;;;;;;;Q;;M4;T6;;;;;;;;T9;;U6;;;$,Sg:n:0:X:ht|"
2927,2927,"CCN1C2=C(C=C(C=C2)C(=NOC(=O)C(C)(CC=C)N3CCOCC3)C)C4=C1C=CC(=C4)C(=O)C5=CC=CC=C5C.CC.CSS |$T8;;;M4;;;;;;;;;;;;;;;;;;V7;;;;;;;;;;;;;;;U0;;;;;;R;;;$,m:41:2.3.4.26.27,m:43:5.6.7.8.3.4,Sg:n:32:L:ht,Sg:n:19:Q:ht|"
2928,2928,"CC1=CC(=CC=C1)N2C(/C(=C(\C3=CC4=C(C=C3)OCCC4)/O)/C(=O)C2=O)C5=CC(=CC=C5)O.CC |$;;;;;K8;;;;;;;B;Y;;J;;;;;;;;;;;;;;;;;;;L21$,m:33:1.6.5.4.3.2,Sg:n:1:u:ht|"
2929,2929,"CCCNC(=O)C(C)C1=CC=C(C=C1)O[C@@H]2CCN(C2)C3=NC(=NC=C3F)N(C)C.CS(N)(=O)=O |$;;;;B;;;;;;;;;;;;;;;;;K;;;;;;;;;;;;;$,m:30:8.13.12.11.10.9,Sg:n:6:a:ht|"
2930,2930,"CCCCNC(=NCC(C1=CC=C(C=C1)OC)N2CCOCC2)NCC.CN(C)S(C)=O |$;;;;Q;;;;M;;;;;;;;;J4;;;;;;;;;;;;;;$,m:26:10.11.12.13.14.9,Sg:n:7:G:ht|"
2931,2931,"CC1=CC(=CC(=C1)N([C@@H](C2=CC=C(C=C2)F)C(=O)NCCC3=CC=CC=C3)C(=O)C4=C(C(=NS4)C(=O)NC5CCCCC5)N)C.CC.CSNC(N)=O.CC.CNC(=S)N(C)N |$;A8;;;Q;;;;;;D7;;;;;;;;;;;Z;;;;;;;;;;;;;;;;;;;;;;;;;R;;;;;;;;E;;;;;;;$,m:45:1.6.5.4.3.2,m:47:10.11.12.13.14.9,m:53:22.23.24.25.26.21,m:55:30.29.33.32.31,Sg:n:42:z:ht,Sg:n:22:L:ht,Sg:n:19,20:Q:ht|"
2932,2932,"CC(C)C1=CC=C(C=C1)N2C(=O)/C(=C\C3=C(C=CC(=C3)OC)OC)/C(=O)NC2=O.CS(=O)(=O)C(=O)O |$;;;;W3;T;L7;X5;W;;;;;;D;;;;;;;;;B;;;;;;;;;;;;$,m:29:10.12.24.26.27.9|"
2933,2933,"CC1=CC=C(C=C1)CN(C)C(=O)C2=CC(=C(C=C2)NS(=O)(=O)C3=CC=C(C=C3)OC)C.CC.CC.CC=NNC(C)=O |$;;;;;;;;;;;;;G;;;;;;;;;;;;;;;;;J;;R51;;L24;;;;;;;$,m:31:1.6.5.4.3.2,m:33:13.14.15.16.17.12,m:35:23.24.25.26.27.22|"
2934,2934,"CC1=CC=C(C=C1)CNC(=NCC2=CC=C(C=C2)OC)NCC3=NN=C(N3C)C.CC.CC |$;;T;;;;;;;;;;;;;;;;X;;;;;;;;;;;;R;;A44$,m:29:1.6.5.4.3.2,m:31:23.22.26.25.24,Sg:n:3:z:ht|"
2935,2935,"CC1=CC(=CC=C1)C2=CC(=C(C(=O)N2CC3=COC(=N3)CC4=CC=CC=C4)[N+]#[C-])C(F)(F)F.CN=NC(=S)NC.CC.CC |$;;;;;;;;;;;;;;;;;;;;;;;;Z1;;;;;B8;;;;;;;;;;;;R0;;V7$,m:33:8.9.10.11.13.7,m:40:16.15.19.18.17,m:42:22.23.24.25.26.21|"
2936,2936,"C1COCCN1C2=CC(=NO2)C(=O)NC3=CN(N=C3)CC4=CC=CC=C4.CC.CC(=N)C(=O)O.CC.CC |$;;;;;;;L7;;X;;;;;;;;;;;;;V0;;;Z7;;R0;;;;;;;;Z53;;X9$,m:26:0.5.4.3.2.1,m:28:7.6.10.9.8,m:34:15.14.18.17.16,m:36:21.22.23.24.25.20|"
2937,2937,"CN1C=CC(=N1)NC(=O)C2=CC=C(O2)CN3C=CC=CC3=O.CSS(C)(=O)=O |$;;;;;;;;T;T;;;;Q;J0;;;;;;;;;;;;;$,m:22:1.2.3.4.5,Sg:n:9:X:ht|"
2938,2938,"CCN1C(C(N(C1=O)N2CC(N(C2=O)N3C(C(N(C3=O)CC)O)O)(C)O)O)O.CN(C)C(=S)N(C)N |$;;;;;V2;;;;;;;;;;K;;;;;V;;;;;;;;;;;;;;;$,m:28:15.14.18.17.16,Sg:n:13:J:ht,Sg:n:12:w:ht|"
2939,2939,"C1CN(CC(C1CNC2=NN=C3N2C=CC=C3)F)C=O.CC |$;;;;Q;;;;;;;;;;;;;;;;;Z$,m:20:13.14.15.16.11.12|"
2940,2940,"CNC(=O)C1=CC(=O)N(C2=C1C=CC(=C2)OC)CCN3CCC(CC3)N(C)C4=CC5=C(C=C4)N(CCC5)C.CC.CC |$U;;;;;;;;;;Q5;;;;;;;;;;;;;;;;;Q9;;;;;;;;;;;;Z05;;U$,m:38:11.12.13.14.9.10,m:40:28.29.30.31.32.27,Sg:n:26:g:ht,Sg:n:17,18:q:ht|"
2941,2941,"CC(=O)OC1CC2(C3CCC4CC(CCC4(C3CCC2(C1C5=CC(=O)OC5)C)C)NC(=O)CN6CCCC6)O.CONN.CC.CC.CC.CC=NN(C)C(N)=S |$;;;;;;;;;;;;A;;;;;;;;L3;E;;;;;;;;;;;Y9;;;;;;;;;;;;G2;;Q75;;R5;;;;;;;;$,m:39:4.5.6.19.20,m:43:11.12.13.14.15.10,m:45:17.18.19.6.7.16,m:47:22.21.26.25.23,m:49:34.33.37.36.35,Sg:n:0:s:ht|"
2942,2942,"C[Si](C)(C)CCOCN1C2=C(C=C(C=C2)C3=C(N=C4N3C=CN=C4N5CCOCC5)C6=CC=C(C=C6)F)OC1=O.CC(C)=NC=N.CC.CC(=O)SN=[N+]=[N-] |$;;;;;;;;T3;;;;Y;;;;;;B6;;;;;;;;;;;;Y;;;;;B;;;;;;;;;;;;R77;;;;;;;$,m:40:8.9.10.37.38,m:46:20.21.22.23.18.19,m:48:25.26.27.28.29.24,Sg:n:24:q:ht,Sg:n:0:F:ht|"
2943,2943,"CC[C@@H]1[C@H]([C@@H]([C@H](C(O1)O)NS(=O)(=O)/C(=C(\C)/C2=CC3=C(C=C2)C=C(C=C3)N4CCN(CC4)C)/C#N)O)O.CC.CC |$;;;;;;;;;;A3;;;;W;;;;;;;;;X;;;;;;;;;A;;X4;;;;R77;;R$,m:37:17.18.19.20.21.16,m:39:22.23.24.25.18.19,Sg:n:3:b:ht|"
2944,2944,"CC(C)C[C@@H](C1=NC=CN1)NC(=O)[C@@H](CC(=O)O)N2C=CC(=C2)C3=CC=C(C=C3)C#N.CC(=S)N(C)C |$;;;;;;;;;;;;;;;;;;;T;;;;;;X;;;;;;;;;;;$,m:31:6.5.9.8.7|"
2945,2945,"CCOC(=O)C1=C(N=C2N([C@@H]1C3=CC(=CC(=C3)OC)OC)C(=CS2)CC(=O)N4CCN(CC4)C(=O)C)C.CC(=S)C(C)O.CC |$U7;;;;B4;;;J;;;;;;;;;;;W;;;;;;;;;;;;;M1;;;;W9;;;;;;;;;G$,m:37:12.13.14.15.16.11,m:43:22.21.9.8.23,Sg:n:24:L:ht|"
2946,2946,"C[C@@H](C1=CC=C(C=C1)OC2=CC=CC=C2)C(=O)O[C@@H](C)C(=O)N3CCCCC3.CC |$;;;;;;E6;;;;;;;;;;;;;;;;;;;;;;;Y$,m:28:10.11.12.13.14.9|"
2947,2947,"COC1=C(C=C(C=C1)CC[NH2+]C[C@]2(C(=O)NC(=O)N(C2=O)CC=C)CC3=CC4=C(C=C3)OCO4)OC.COPOC |$;;;;;E;;V;;;;;;;;;;;K3;;;;;;;;;;;;;;;;;U4;;;;;$,m:36:13.15.16.18.19.12,Sg:n:31:C:ht,Sg:n:8,9:g:ht|"
2948,2948,"C[C@H]1CCCN(C1)C2=C3C=C(C=CC3=[NH+]C=C2S(=O)(=O)C4=CC=C(C=C4)OC)Cl.CN=CN(C)C(C)=N.CC |$;;X3;;;;;;;;Q;;;;;;Y;V3;;;;;;;Q2;;K;;;;;;;;;;;;K$,m:29:9.10.11.12.13.8,m:37:14.15.16.7.8.13,Sg:n:26:I:ht,Sg:n:3:T:ht|"
2949,2949,"C1CN(CCN1C(=O)C2=CC(=CC=C2)NC(=O)C3=CN=CC=C3)S(=O)(=O)C4=CNC5=C4C=CC=N5.CC=C=S |$;;;E1;;;;;;;;;K;;;;;;;;Z1;;;;;;;;;;;;;;;;;;$,m:35:9.10.11.12.13.8,Sg:n:17:S:ht|"
2950,2950,"CCCN(CCC)CCCCCCCCN |$;;;;;;;;;;;;;;;$,Sg:n:7,8,9:D:ht|"
2951,2951,"C1C(=NO[C@]1(C2=CC(=C(C(=C2)Cl)Cl)Cl)C(F)(F)F)C3=CC=C(C=C3)C4(CN(C4)C(C5=CC=CC=C5)C6=CC=CC=C6)F.COC(=O)NS.CN=C(C)N(C)OC.CC=NS(C)=O |$;;;;;G1;;;;U;;;;;;W7;;;J0;;D7;;;;;;;;;;;;;;;;;;;;;;;;;;;;;;;;;;;;;;;;;$,m:42:0.1.2.3.4,m:48:30.31.32.33.34.29,m:56:36.37.38.39.40.35,Sg:n:14:v:ht|"
2952,2952,"CC1=CC(=C(N1C2=CC=CC(=C2)C(=O)O)C)[C@@H]3[C@@H](NC(=S)N3CCN4CCOCC4)C5=CC=CC=N5.CC.CC.COP(=S)(OC)SC.CNON |$;;;;;;;;;;;;;;;;;;;;;;;;;;;;;;;;;;;;;E4;;V93;;;;;;;;;;;;$,m:36:1.2.3.4.5,m:38:7.8.9.10.11.6,m:40:18.17.16.21.19,m:48:31.32.33.34.35.30,Sg:n:25:k:ht,Sg:n:31:G:ht,Sg:n:13:F:ht,Sg:n:22,23:o:ht|"
2953,2953,"CC1=C(C=C(C=C1)N2C[C@H](CC2=O)NC(=O)NCC(C)C)C.CON(C)O |$;;Z;;;;;Z;;;;;;;;;;;;;Y6;;;;;;$,m:22:8.7.11.10.9,Sg:n:18:B:ht|"
2954,2954,"CCCCCCCCCCN(CCCCCCCCCC)C1=CC=CC2=C1C3=C(C2)C(=CC=C3)N=[N+]=[N-].CN(N)C(N)=O |$;;;;;;W;;;;;;Q3;;;;;G0;;;;;;;U;;;;;;;;;;J;;;;;;;;$,m:37:21.26.25.24.23.22,Sg:n:25:C:ht,Sg:n:4,5,6,7:e:ht|"
2955,2955,"CC(C)(C)OC(=O)N(C)CC1CCCN(C1)C(=O)C2=CC=C(C=C2)S(=O)(=O)NC3=CC=NC=C3.CC |$;;;;;X;;;;E;;;;;;;;;;;;;;;;;;;;;;;;;;U$,m:34:10.15.14.13.12.11,Sg:n:19:q:ht,Sg:n:6:Y:ht|"
2956,2956,"CCOC1=CC=C(C=C1)C2=C(C(=O)N(C(=C2)N3CCN(CC3)C)C4=CC=CC=C4)N=NC5=CC=CC=C5C.CC |$;;;;;;;;G;;L5;;;;;;;;;T;;;;;;;;;;;;;;;;;;;;U$,m:38:11.13.14.15.9.10|"
2957,2957,"CC(C)C[C@@H](C(=O)C[C@@H](CC1=CC=CC=C1)C(=O)C)NC(=O)[C@H](CCC2=CC=CC=C2)CC(=O)CN3CCOCC3.CC |$X0;;;Q;;;;;;;K3;;;;;;T;;;;;E;;;;;;;;;;;;;T;;;;;;;;R35$,m:41:36.37.38.39.40.35,Sg:n:0:c:ht,Sg:n:31:M:ht|"
2958,2958,"CCC1=CC=C(C=C1)[C@H]2C3=C(C(=O)N2CCC4=CC=C(C=C4)OC)NN=C3C5=CC=CC=C5O.CC.CC.C[NH+](C)[O-] |$M3;;;E3;;;;L;;;;;;;;D5;;;;;;;;;;;;;;;;;;;;R;;R;;;;$,m:34:17.18.19.20.21.16,m:36:24.10.9.26.25,m:38:28.29.30.31.32.27,Sg:n:14,15:P:ht|"
2959,2959,"CC(C(=O)NC1=CC2=C(C=C1)N(C=C2)CC(=O)O)OCC3CCCCO3 |$;;;;;K6;;;;;;;;;;;;;;;;;;;;$,Sg:n:13:z:ht|"
2960,2960,"CC(C)CN([C@H]1CC(CN(C1)C(=O)OC(C)(C)C)C(=O)N(C)OC)C(=O)C2=NC3=CC=CC=C3N2CCCCOC.CC |$;A;;;;;;;;;;;;;;;;;;;;;;;;;;;;;;;;;;;;;;;;;Y49$,m:41:29.30.31.32.33.28,Sg:n:34:J:ht,Sg:n:37,38:f:ht|"
2961,2961,"CN1C(CC2=C1N=C(NC2=O)N)CCCC3=CC=C(C=C3)C(=O)N[C@@H](CCC(=O)O)C(=O)O.CC |$;;;;;;;;;D;;;;;;;;;;;;;;;;;;;;;;;;;J86$,m:33:6.7.8.9.4.5,Sg:n:13,14:Y:ht|"
2962,2962,"CC1CCCN(CC1)CC2=CC(=NO2)CNCC(C)C.CC |$;;B;;G;;;;;;;J;;M;;;;;;;;R$,m:20:1.2.3.4.5.6.7|"
2963,2963,"CN1C=NN(C1=O)CC(=O)N2CCN(CC2)C3=C(C=C(C=C3)C#N)F.CC=NNN(C)C.CNON.CC(=O)SN=[N+]=[N-] |$;;;;;;;;;;;;;;;T3;;;;;;;E9;;A6;;;;;;;;;;;;;;;;;;$,m:25:1.2.3.4.5,m:32:11.12.13.14.15.10,m:36:17.18.19.20.21.16|"
2964,2964,"COCC#CC1=CC=C(C=C1)[C@H]2[C@H]3CN(CC(=O)N3[C@H]2CO)C(=O)C4CC4.CC |$;;;;;;;;;;;;;;;;;;;;;L;;;;;;;R96$,m:27:13.14.15.16.18.12|"
2965,2965,"CC1=CC=C(C=C1)CN2CCN(CC2)CC(=O)NN=CC3=CC(=CC=C3)[N+](=O)[O-].CC.CNN=C(C)N |$G;;;;W5;;G;;A;;D;;;;;;;;;;;;;;;;E6;G;;;R;;;;;;$,m:29:9.10.11.12.13.8,m:31:21.22.23.24.25.20,Sg:n:22:g:ht|"
2966,2966,"O=C(O)CCCCCOc1ccccc1CN(CCc1ccccn1)C(=O)c1ccc(-c2ccccc2)cc1.CC.CN=CC(C)=N.CC |$;;;K;;;K;;;;;;;;;;;;;;;;;;;;;;;;;;;;W;;;;;;R6;;;;;;;;R97$,m:39:9.14.13.12.11.10,m:41:20.21.22.23.24.19,m:47:28.29.30.37.38.27,Sg:n:4,5,6:s:ht|"
2967,2967,"CCN(CC)C(=O)COC1=C(C=C(C=C1)NC(=O)C2=CC(=NN2C3=CC=CC=C3)C4CC4)Cl.CC.CONO |$;;;;;;;;;;;;;;;D;;;;;;;;;;;;;;;;;V8;;G;;;;$,m:33:24.25.26.27.28.23,m:35:30.29.31,Sg:n:22:w:ht|"
2968,2968,"CCOCC(CN(CC1=C(N(N=C1C)C2=CC=CC=C2)OC3=CC=CC=C3)C4CC4)O.CS(C)(=O)=O.CC |$;;;;;;;;;;;;;;;;;;;;;;;;;;;;;;;;;;;;;X$,m:31:11.10.9.8.12,m:36:22.23.24.25.26.21|"
2969,2969,"C1CC(=O)N(C1)CCOC2=CC(=C3C4=CC=CC=C4C(C3=C2)(C(F)(F)F)O)CO.CC.CC |$;;V9;V4;;;;;;;;;;;;;;;W;;;;;;;;;;;;R8;;R$,m:29:10.11.12.20.21.9,m:31:19.18.13.12.20,Sg:n:12:A:ht|"
2970,2970,"CCCC1=CC=C(C=C1)N(C2=CC=CC3=CC=CC=C32)C(=O)C4=CC=CC=C4.CC.C[N+](C)=[N-] |$;;;;;;;;;;;;;;;M9;;;;;;;;;;;;;;V;;;;$,m:28:3.8.7.6.5.4,m:30:11.12.13.14.19.10|"
2971,2971,"C/C(=N/O)/C1=CC=C(C=C1)OCC(=O)N2CCCCC2.CC |$;;;;;;;;;;;;;;L4;;;;;W7;;W$,m:20:4.9.8.7.6.5|"
2972,2972,"CC(C)[C@@H](C(=O)N1CCC[C@H]1C(=O)N[C@@H](CCCCN)C(=O)N[C@H](CCS)C(=O)O)N |$;;;X;;;;;Q;;;;;;;;U;;;;;;X8;Z;;;;;;U1;$,Sg:n:19:b:ht,Sg:n:27:A:ht,Sg:n:27:A:ht,Sg:n:24,25:n:ht|"
2973,2973,"C/C(=N\OCC1=CC=C(C=C1)C(F)(F)F)/C2=CC=C(C=C2)OCC(=O)N3CCOCC3.CC |$;;B;;;;;;;;;;;;A;;;;G2;X;;;;;M8;;;;;W4;;;E45$,m:31:16.17.18.19.20.15|"
2974,2974,"CC1=CC2=C(C=C1)N(CC23CCN(CC3)CC4=CC(=CC=C4)OC)C(=O)CC5=CC=C(C=C5)Cl.CC.COP=O |$;;;;;;;;;;;;;;;;;;;B7;;;;V8;;;;;;;;;;;;E;;;;$,m:34:8.7.4.3.9,m:36:10.11.12.13.14.9,Sg:n:7:L:ht,Sg:n:22:l:ht,Sg:n:10:R:ht,Sg:n:14:A:ht|"
2975,2975,"CCOC(=O)C1=CC2=C(N1)C=CC(=C2)C3CCN(CC3)C(C)C.CN(C)OC(=O)O.COC |$;;;;;;;;;;;;;;;;;Y4;;;;;;;;;;;;;;;$,m:23:10.11.12.13.7.8,m:30:15.16.17.18.19.14|"
2976,2976,C1CC2CCCC(C1)(C2)CNC(=O)C3=CC=CC4=IC(=CN43)C(=O)NCC5CCNCC5 |$;E;;;;;;;;;;;;;;;;;;;;;;;;K5;;;;;;$|
2977,2977,"C[C-]1CCNCC1.CN(C)S |$;;G4;;;L;;;;;$,m:7:1.6.5.4.3.2|"
2978,2978,CC(C1=NC(=C(C(=O)N1)F)O)Cl |$;;G4;;;;;;;;;$|
2979,2979,"C=CC[C@@]1(CCCNC1)CO.COSO |$;;;L9;;;;;;;;;;;$,m:11:3.8.7.6.5.4,Sg:n:8:I:ht|"
2980,2980,"CCC1(CCCN1)CCN(C)C.C=NN=C(C)OC |$;Y;;;;V3;;;;;;;;;;;;;$,m:12:2.3.4.5.6,Sg:n:7,8:I:ht|"
2981,2981,"C1=CN=CN1.CNS(=O)(=O)O |$;;;;;;;;;;$,m:5:0.1.2.3.4|"
2982,2982,"CC(C1=CSC=C1)NC2=C(C=CC(=C2)C(=O)N)F.CC.CSC(=S)SC |$;;;M;;;;;;;;;;;;;;;;L0;;;;;;$,m:18:3.2.6.5.4,m:20:9.10.11.12.13.8,Sg:n:2:w:ht|"
2983,2983,CN[C@@H](CO)C1=C(C=CC=C1F)N |$;;;;;T6;;;;J;;;$|
2984,2984,"CC(CCN)C(=O)NC(C(C)O)C(=O)O |$;;V2;Q4;;;;;;E;L;E8;Z0;;W1$,Sg:n:2,3:C:ht|"
2985,2985,"C1=CC=C2C(=C1)C(=C(C(=O)N2)F)N.CN=NC(=NC)SC |$;;T2;;;;;L;L4;;;;;;;;;;;;$,m:13:0.5.4.3.2.1|"
2986,2986,"CCC(/C(=C(/C(=O)O)\F)/F)(NC)F |$;;;;;;;;;;;;$,Sg:n:10:P:ht|"
2987,2987,"CCN[C@H]1CN2CCC1CC2.CC |$;;;;;;;;;;;;R$,m:11:3.8.7.6.5.4,Sg:n:2:k:ht|"
2988,2988,"C1=C[NH+]=CN1.CC(=O)S(C)=O |$;;;;;;;;;;$,m:5:0.1.2.3.4|"
2989,2989,"CC1=CC2C(C=C1F)N=CNC2=O.CC |$;;V4;;;;B;;;;;;;;R$,m:13:1.6.5.4.3.2|"
2990,2990,"CC1=CSC2=C1NCC2(C)C.CC |$;;;;;;;;;M;;;R28$,m:11:6.5.4.8.7|"
2991,2991,CCC(C)(C(=O)[O-])NC(C)(C)CO |$;;;;;;;;;V8;;;$|
2992,2992,CC(CO)NC1=NC=C(S1)Br |$Y;;;Q2;;;;;;;K$|
2993,2993,"CC[C@@H]1CCCCNC1=O |$;;;;;;;;;E$,Sg:n:0:e:ht|"
2994,2994,"CC(NCC(O)[AlH2])(I)I |$V;;;;;;;;K$,Sg:n:8:f:ht|"
2995,2995,"CC1CN=C(C(N1)C)C=O.CC |$;;;;;B9;;;;;;W$,m:10:1.6.5.4.3.2,Sg:n:6:A:ht|"
2996,2996,CC(C)C1(CC(=O)CN1)C |$;;;;;L2;;;;$|
2997,2997,"CC[C@H]1C[C@@H](CNC1)C.CC(N)=NS(C)(=O)=O |$;;;Y;;E;;;;;;;;;;;$,m:9:2.7.6.5.4.3|"
2998,2998,"C=CC1=CN=C(C2=C1NC=C2)F.CB=NC |$;;;;;;;;;;;;;;;$,m:12:8.7.6.10.9|"
2999,2999,"CC(CC1CNC=C1)(F)F.CN=CNSC |$;;;;;;;;;;;;;;;$,m:10:3.4.5.6.7|"
3000,3000,C1CC(NC1)C2=NC=CO2 |$;;;;;L;;;;$|
3001,3001,C/C(=C/C(=O)O)/CNC |$;;Q6;;;;;;$|
3002,3002,"C1=CC(=C2C(=C1Cl)NC=C(C2=O)Cl)Br.CC(=S)N(C)N=[N+]=[N-] |$;;;;;;;;;;;;;;;;;;;;;$,m:14:7.8.9.10.3.4|"
3003,3003,"CC1=C2C(=CC=C1)NC(=O)NS2(=O)=O.CC.CN=C(N)NOC |$;;;;;;L8;;;;;;;Z9;;R89;;;;;;;$,m:14:1.6.5.4.3.2,m:16:7.8.10.11.2.3|"
3004,3004,"CC1=C2C(=CC=C1)CC(CN2)(F)F.CC |$;;;;;;;;;;;;;;A79$,m:13:1.6.5.4.3.2|"
3005,3005,CC(C)(C1=CNC2=CC=CC(=C21)N)F |$;;;;;;;D;;;;B3;;$|
3006,3006,"CN1C(=O)CNCCC12CC2.CC(N)=NN |$;;Q;;;M6;;;;;;;;;;$,m:11:1.2.4.5.6.7.8|"
3007,3007,"CC1=CC=CC=C1C(C2(CC2)N)NC |$;;;X;;;;Y3;;;;T1;;$,Sg:n:3:B:ht|"
3008,3008,CC1=CC(=S)N=C(N1)C(C)C |$;Y1;;;;;;X;M4;;V$|
3009,3009,"CNC[C@H]1COCCN1.CC |$;;;;;;;;U7;;R33$,m:9:3.8.7.6.5.4|"
3010,3010,"C1CN2C=CC=C2C(N1)I.CC.CNC(=N)OC |$Y0;;;;;;D;;;;;K;;;;;;$,m:10:0.8.7.6.2.1,m:12:3.2.6.5.4|"
3011,3011,"C[C@H]1CNCC[C@H]1C2C(O2)O.C=C=NC.CC |$;;;;Y0;;;;;;;;;;;;R$,m:11:1.6.5.4.3.2,m:15:8.7.9,Sg:n:1:j:ht|"
3012,3012,"CCN[C@H]1CCCC[C@@H]1N2C=CN=N2.CC |$;;;;;;Q5;;;;;;;;;R$,m:14:3.8.7.6.5.4,Sg:n:9:m:ht|"
3013,3013,C1CNCCC1=O |$A9;;;;;;$|
3014,3014,"CC1CN(C(C(=O)N1)CO)C2CC2.CC.CC |$D;;;;;;;;;;X7;;;;R;;U1$,m:13:1.7.5.4.3.2,m:15:11.10.12,Sg:n:2:R:ht,Sg:n:11:R:ht|"
3015,3015,"C1CNC2=NC=C(C(=C21)F)Br |$;;;;;;;;;;$,Sg:n:1:H:ht|"
3016,3016,"CC(=O)C1CC(=O)C2(C1)CN2.COP(C)(=S)SC |$;;;Z;;M3;;;;W;;;;;;;;$,m:11:3.4.5.7.8|"
3017,3017,"CC(CCN)C(C1=CC=CC=N1)NC.CN=C(OC)N(C)N(C)C |$;;;;Z;W9;;B;;;;;;;;;;;;;;;;$,m:14:6.11.10.9.8.7|"
3018,3018,"CC1(CNCC2=CC=CC=C21)F.C[N+](=O)[O-] |$;;;;;M;;;;J;;;;;;$,m:12:1.10.5.4.3.2|"
3019,3019,"C1CNC1CN2C=CC=N2.CC.CC(=S)N(C)N(C)C |$;;;;;;;;;;;R8;;;;;;;;$,m:10:0.3.2.1,m:12:6.5.9.8.7,Sg:n:4:H:ht|"
3020,3020,"CNCC1(CCCOC1)C[Si](C)(C)C.CC |$;;;;;;;;;;;;;;;K$,m:14:3.8.7.6.5.4|"
3021,3021,"CC1([C@H]2CCCN[C@@H]1C2)C.CC |$;;;;;;;;;;;R$,m:10:3.2.1.7.6.5.4,Sg:n:4:K:ht,Sg:n:0:Y:ht|"
3022,3022,"CC1=C(N=C(N1)F)C(C)C.CC |$;;;;;;;;;;;R39$,m:10:1.2.3.4.5|"
3023,3023,C(NC(=O)C(F)(F)F)Cl |$;;;Z8;;;;;$|
3024,3024,"CCC(C(C)CC1CC1)NCC.CC |$;;;;;;B;;M1;;;;;E21$,m:12:6.7.8|"
3025,3025,C1=NC(=C(N1)Cl)/C(=N\N)/N |$B;G3;;;;;;V6;E;$|
3026,3026,"CC1CNC(C(S1=O)C)C.CC=NOC(N)=O |$;;;;;;;;;;;;;;;;$,m:10:1.6.5.4.3.2|"
3027,3027,"C1C(=O)NC12C3C=CC=CC2C=C3.CC.CC |$;;;;;;;;;;;;;;R;;R6$,m:13:0.4.3.1,m:15:6.5.4.10.9.8.7|"
3028,3028,"CN1C(=O)NC2=CC=CC=C2P1(=O)C.CC |$;;;;;;;;;;;;;;;X10$,m:14:6.7.8.9.10.5|"
3029,3029,CN=C1NC(=NC(N1CCl)F)N |$;;;;;K;;;;;;$|
3030,3030,"CC1=CC2=CC=CC=C2C1NC.CN(C)P(=O)(N(C)C)N(C)C.CN=C(N)N(C)N |$B;;;;;;;;;;;;;;;;;;;;;;;;;;;;;$,m:12:1.2.3.8.9,m:23:4.5.6.7.8.3|"
3031,3031,"CCC1(CCCN1)C2=C(C=CC(=C2)F)F.CC(=N)ON(C)C |$;;;;;;;;;T;;;;;;;;;;;;$,m:15:3.2.6.5.4,Sg:n:10:g:ht|"
3032,3032,C/C(=C\C(=O)C)/NCOC |$;;;;;;;;T2;V2$|
3033,3033,C1CNCC1CC(F)(F)F |$;W;;;;;;;D;$|
3034,3034,"CN1CCNC2=CC=CC=C21.CC |$;;;;T;;Z3;;E;;;;R91$,m:11:1.10.5.4.3.2|"
3035,3035,CC(=O)/C=C/1\CCCCN1 |$W0;;;;;;;;;$|
3036,3036,"CCC1C(CNC1=O)C(F)F.CNOC |$;L2;;;;;;;;;;;;;$,m:11:2.3.4.5.6,Sg:n:10:Q:ht|"
3037,3037,"C1=CC2=C(C(=C1)Br)NC(=C2Cl)Br.CC |$;;;;;;;;;;;;;Y$,m:12:0.5.4.3.2.1|"
3038,3038,"C1C(NC1=O)CBr.CC |$;;;;;J6;;;R$,m:7:0.3.2.1,Sg:n:6:M:ht,Sg:n:2:d:ht|"
3039,3039,"C1[C@H](N[C@H](CN1)S)S |$;;;;;;;$,Sg:n:6:e:ht,Sg:n:6:E:ht|"
3040,3040,"C1=NC2C(N1)C(=O)NC(=N2)Cl.CC |$;;;;;;;;;;;;T24$,m:11:5.7.8.9.2.3|"
3041,3041,CC(C1=CNC(=O)C=C1)N |$;;;;Q6;;;;;$|
3042,3042,"CSC1=NC=NC2C1NC=N2 |$;;;;;;;;B9;;$,Sg:n:0:O:ht|"
3043,3043,"C[C@H]([C@H]1C2=CC=CC=C2CN1)O.CN=C(C)ON=C(C)C |$;;;;;;;;;;;;;;;;;;;;$,m:12:4.5.6.7.8.3|"
3044,3044,"C1C=CC2COCC1(N2)N=[N+]=[N-].CN(C)NN |$;;G;;;;;;;W2;;;;;;;$,m:12:0.7.8.3.2.1|"
3045,3045,"C1[C@@H]2CN[C@]3([C@@]2(C([C@@]1([C@@H]3F)F)(F)F)F)F.COC(C)(C)S.CN(O)S.CC |$;;;;;;;;;;;X1;;;;;;;;;;;;;;;R$,m:15:0.1.5.6.7,m:21:2.1.5.4.3,m:25:6.5.4.8.7,Sg:n:7:H:ht|"
3046,3046,C1C2CC1(CN2)[AlH2] |$;;;;Q;V6;$|
3047,3047,"C[C@H]1C(NCCO1)C(=O)O.CN(C)C(=O)NS(C)(=O)=O |$;;U;;;;;;;;;;;;;;;;;$,m:10:1.6.5.4.3.2,Sg:n:2:e:ht|"
3048,3048,"CC(CCSC)NCC(F)(F)F |$;;K2;;;;;;;;;$,Sg:n:2,3:l:ht|"
3049,3049,"CCN1C(=O)NC(=N)C12CCCCC2C.CN=NC(=O)OC.CC |$;;;;;;;;;;;;;Y5;;;;;;;;;;R0$,m:15:2.3.5.6.8,m:22:9.10.11.12.13.8,Sg:n:10:W:ht|"
3050,3050,"CC(C(=C)N=C)N1CCNCC1=O |$;;;;;;;;;;;;$,Sg:n:8:Z:ht|"
3051,3051,C1CC2=C(C1)NC(C2)C(=O)O |$;;;;;;;;;;X8$|
3052,3052,C1C2=C=CC2N1 |$;;;;B;$|
3053,3053,"CC(C)NC(=C)N(C)CCO |$;;G7;;;;;;;;$,Sg:n:8,9:k:ht|"
3054,3054,"C[C@@H]1C[C@@]1(C(=O)C(C)(C)C)NC(C)(C)C.COC(C)=O |$;;;;;D;;;;;;;;;Y8;;;;;$,m:15:1.2.3|"
3055,3055,"CNC1(CCNCC1)F.CC |$;;;;;A5;;;;;R$,m:9:2.7.6.5.4.3,Sg:n:5:Q:ht|"
3056,3056,CC1=NC(=NN1)SC(C)C(C)NC |$;;;;;B;;;;;;;$|
3057,3057,"CC(C)C1C2=C(NC1=O)N=NC=C2.CC |$;;;;;;;;;;;;;;R$,m:13:3.4.5.6.7|"
3058,3058,C1=C(C(=O)C(=C(N1)C(F)F)I)I |$L5;;;;Y0;;;;;;;$|
3059,3059,"CNC1=NSN=C1C2=CN=CC=C2.CC |$;;;;;;;;;;;;;;Q6$,m:13:8.9.10.11.12.7,Sg:n:4:e:ht|"
3060,3060,C1=CNC(=S)C=C1C(=O)O |$;Q0;;L;;;;;;K$|
3061,3061,COC1CC(=O)NCCO1 |$;;;;;;;;;Q6$|
3062,3062,C[C@@H](C(O)O)NC=O |$;;;;;;L;$|
3063,3063,"CC(C)[C@@]1(CCCCCN1)C(=O)O.COP(=O)(SC)N(C)C |$;;;;;;;B;;;;;;;;;;;;;;$,m:13:3.4.5.6.7.8.9|"
3064,3064,"CNC1=CC=CC=C1 |$;;;;;;;$,Sg:n:3:V:ht|"
3065,3065,"CC(CCCO)C(CNC)O |$;;;;;;;;;;$,Sg:n:1:S:ht,Sg:n:2,3,4:n:ht|"
3066,3066,CN1C(=C(C(=O)NC1=O)N)N=C |$;;;;;;;K9;;;;$|
3067,3067,"CCC(=O)N1CCNCC1 |$V7;J6;;;;;;;;$,Sg:n:1:G:ht|"
3068,3068,"CC1=C2CC(=O)NC2=C(C=C1)C.CS(C)(C)O |$;Z;;;;;;;;;;G2;;;;;$,m:12:1.10.9.8.7.2|"
3069,3069,"CC(=O)C1=CNC2=NC=CC(=C12)I.CNC(=N)NC |$;;;;;;;U;;;;;;;;;;;$,m:13:7.8.9.10.11.6|"
3070,3070,CC=C1C(=CC(=C)N1)C |$;;W4;;W;;;;$|
3071,3071,"CNC(C1=CC=CC=C1)[P+](=O)[O-].CC |$;;;;;;;;;;;;;R$,m:12:3.8.7.6.5.4,Sg:n:11:N:ht|"
3072,3072,"C1CNCC12CC2(F)F.CC |$;;;;;;;;;;R77$,m:9:0.1.2.3.4,Sg:n:3:k:ht|"
3073,3073,C1=CC(=O)NC2=C(C=CC(=C21)Br)C(Br)Br |$;;;;;;;;;;;;X;;M5$|
3074,3074,"CCC1CNC(CN1C(=O)N(C)C)CC.CC |$;J;;;;;;;;L;W;;;J5;;;Q26$,m:15:2.7.6.5.4.3|"
3075,3075,"CC1(CCCNC1)C2=CC=CC=C2OC.CC.CC |$;M;;M;T7;;;;;;;;;;;;M;;R40$,m:15:2.3.4.5.6.1,m:17:8.9.10.11.12.7,Sg:n:8:p:ht|"
3076,3076,"C1[C@@H]([C@@H](CN1)Cl)CN.CC |$;;;;;;;;;Y$,m:8:0.1.2.3.4|"
3077,3077,"C1=CNC(=C(C1=S)[N+](=O)[O-])Br.CC |$;;;;;;;K;;;;;R4$,m:11:0.5.4.3.2.1|"
3078,3078,CC1=CC(NC=C1)(C)C(=O)O |$;;;;;;;;D6;;$|
3079,3079,"CNC1(CCCC1)C(=O)[O-].CN |$;;;;;;;;;;;$,m:10:2.3.4.5.6|"
3080,3080,"C1CC1(CC2=CC=CN2)N.CC |$;;;;;;;;;;;J$,m:10:5.4.8.7.6|"
3081,3081,CC(C)(C1=NC=CN1)S |$;;;;;J;;;$|
3082,3082,"C1CC2=CC(=O)C=CC1C=CN2.CC |$;;;;;B;;;;;;;;L$,m:12:0.1.2.11.10.9.8|"
3083,3083,CC[C@H](C)[C@@H](C)N[C@@H]1CCCC[C@@H]1O |$;;B8;;;;;;;;;;;$|
3084,3084,"C[C@@H](C1=CC=CO1)NC2CCCC=C2.CS(=O)(=O)C#N |$;L;;;;;;;;;;;;;;;;;;$,m:14:9.10.11.12.13.8|"
3085,3085,CN[C@H]1CC[NH+](C1)[CH2-] |$;;;;;K;;$|
3086,3086,"CC(C(=O)NC)OC1=CC(=CC=C1)Br.CC(=S)C(C)O |$;;;;;;;;;;;;;;;;;;;$,m:14:7.12.11.10.9.8|"
3087,3087,"C=C[C@H]1CNCCC1CC(=O)O.CN(C)C(=N)N(C)C |$;;;;;;;;;;;;;;;;;;;$,m:12:2.7.6.5.4.3,Sg:n:11:q:ht|"
3088,3088,"CS(=O)(=O)C1=CN=CC=CN1.CC |$;U;;;;;;;;;;;L95$,m:11:4.5.6.7.8.9.10|"
3089,3089,C1(=S)NC(=NC(=S)N1)[S-] |$T;;;;;;;;$|
3090,3090,CCC(C)C(C)NC1=CC=CC=C1I |$;;;;;V1;;;;;;;;$|
3091,3091,CCC1CNCCCC1C |$A9;;;;;;;V1;;$|
3092,3092,CNC1=NC=CC(=N1)Br |$;;E;;;;X;;$|
3093,3093,CC1=C(N=C(C(=N1)Br)C)NC |$;G0;K7;;;;;;;;$|
3094,3094,"CNC1=CC=[C-]C=C1.CC |$;;;;T0;;;;;J$,m:8:2.7.6.5.4.3|"
3095,3095,"C1C=CC=CC1(C2=CC=CN2)[N+](=O)[O-].CNC(=O)NS.CC |$;;;;;;;;;;;;;;;;;;;;;E88$,m:14:0.5.4.3.2.1,m:20:7.6.10.9.8|"
3096,3096,"CC(=O)NC1(CSSC1)C(=O)NC.CN=CN(C)NC |$;;;;W1;;;;;;;;;;;;;;;$,m:13:4.5.6.7.8|"
3097,3097,"CCCC(C(=O)OC)NC(=O)C |$;;;;K3;;;;U4;;;$,Sg:n:1,2:L:ht|"
3098,3098,"CC(N)N1CCNCC1CC=C |$;L7;;;;;X;;;;;$,Sg:n:1:N:ht|"
3099,3099,"CNC1=CC=C(C=C1)N.CC |$;;;;K;;K;;;;R31$,m:9:2.7.6.5.4.3|"
3100,3100,"CCC1(CNCN1)C(C)C.CC |$;;;;;;;;;;;E3$,m:10:2.3.4.5.6,Sg:n:4:h:ht|"
3101,3101,"COC(=O)C1(CCNC1)N |$;;V5;;V2;;;;;$,Sg:n:0:x:ht|"
3102,3102,"COC1=CC=CC2C=CC1C(=O)N2.CC.CC=NOC.CC |$;Q;;;;V;;;W;;;;;;Q;;;;;;;R$,m:13:7.8.9.10.12.6,m:15:2.9.8.7.6.5.4.3,m:20:2.9.10.12.6.5.4.3|"
3103,3103,"CC(CO)NC1=C(C(=O)NC=N1)Br.CN(C)P=O |$;;;;;;;;;;;;;;;;;$,m:13:5.11.10.9.7.6|"
3104,3104,"CCCNC1(COC1)CC |$;A5;;V;;;;;;$,Sg:n:1,2:A:ht|"
3105,3105,"CC1=CC(CC(=O)N1)O |$;;;;;;;;$,Sg:n:5:q:ht|"
3106,3106,"C1=CC2=C(C=C1Br)NC=NC2=S.CC |$;;;;;;;;;;;;;V77$,m:12:7.8.9.10.2.3|"
3107,3107,"C1COC2C1(CNC2)CO.CC=C=NC |$;;;;;;K1;;;;;;;;$,m:10:0.1.2.3.4|"
3108,3108,"C1C(C=NC(=O)N1)(Cl)Br.CC |$;;T1;;;;;;;;R$,m:9:0.6.4.3.2.1|"
3109,3109,"C1CNCC2[C@@H]1CC(C2)(O)O.CC(C)=NN(C)C(=O)O.CC |$;;;;;;;;;;;;;;;;;;;;;W$,m:11:0.5.4.3.2.1,m:20:6.5.4.8.7,Sg:n:9:G:ht,Sg:n:5:I:ht|"
3110,3110,CC(NC1=CC=CC=C1F)O |$;A;;;;;;;;;U2$|
3111,3111,C/C=C(/C)\C(=O)NC(C)(C)CN |$;U;;;;;;;;;;$|
3112,3112,"C1C2=C3CNCC(=C2CN1)N3.CC.C=NC(C)=NOC.CNOC=O |$G4;;;;;;;;;;;;Q;;;;;;;;;;;;$,m:11:0.1.7.8.9,m:13:3.4.5.6.10.2,m:20:10.6.7.1.2|"
3113,3113,"CC1=C(C(=C(NC1=O)O)C)C(=O)O.CNC(=O)N(C)N |$;;;Q1;;;;;;;;;;;;;;;;$,m:13:1.6.5.4.3.2|"
3114,3114,"C1=CC(=C2C(=C1C(=O)Cl)NC=N2)I.CNC(=O)NO |$;;;E;;;;;;;;;;;;;;;$,m:13:9.4.3.11.10|"
3115,3115,"C1CCC(C1)C23CC(CN2N=[N+]=[N-])NC3.CN=C(C)N(C)N(C)C |$U;L6;;;;;;;T5;K9;U;;;;;;;;;;;;;$,m:15:0.1.2.3.4,Sg:n:0:j:ht|"
3116,3116,"CC(C)(C)C1C(C(=O)NC1=N)C(C)(C)C.CC=NOC |$J;;;;;;;;;;;;;M3;;;;;;$,m:15:4.5.6.8.9|"
3117,3117,"CC1CC=CC2=C1C=CN2.CC |$;;;;;Y;;;;;;R$,m:10:7.6.5.9.8,Sg:n:3:j:ht|"
3118,3118,C/C(=C/S)/NC |$;;;;;U$|
3119,3119,"CC1(CC2=C(C=CC=C2NC1=O)N)C.CC.CC |$;;;;;;;;;;;;;;;U;;K$,m:14:1.10.9.8.3.2,m:16:4.5.6.7.8.3|"
3120,3120,"C[SiH]1CNCCO1.CC |$;;;;;;;;R$,m:7:1.6.5.4.3.2,Sg:n:1:M:ht|"
3121,3121,CCNC[I-]CO |$;;;;G2;;$|
3122,3122,"CC(C)(C)C(C1CCSC1)NC.CC |$;;L;;;;;;;;;T6;;U6$,m:12:5.6.7.8.9,Sg:n:0:t:ht|"
3123,3123,"CNC1=CC=CC=C1/C=I(=C)/C.C=NC(N)=NC |$;;;;;;;;K;;;;;;;;;$,m:12:2.7.6.5.4.3|"
3124,3124,"CNCCBr |$;;;;$,Sg:n:4:N:ht|"
3125,3125,"C1C2COC1C(N2)CN.CC.CC |$;;K;;;;;;;;R;;G$,m:9:0.1.2.3.4,m:11:0.1.6.5.4|"
3126,3126,"C1=CC(=O)NC(=C1S)O.CN=C(N)S(C)(=O)=O |$;;;;;;;;Z;;;;;;;;$,m:9:0.6.5.4.2.1|"
3127,3127,C1=NC(=C(C(=O)N1)I)CC#N |$;;;A;;;;;D;;$|
3128,3128,"CC1=CN=C2C(=C1Cl)C=CN2.CN=C(N=N)SC |$;;;;;;;;M0;;;;;;;;;$,m:11:8.5.4.10.9|"
3129,3129,"CC1=NOC2=C1C(=S)N=CN2.CPO |$;;;;;;;;;;;;;$,m:11:6.8.9.10.4.5|"
3130,3130,"COC(=O)C1C(CCN1)C2=CC=CC=C2.CC.CC |$;;;;;;;;;;M;;;;;;R;;T4$,m:15:4.5.6.7.8,m:17:10.11.12.13.14.9|"
3131,3131,"C[C@@]12CC([C@@]1(CNC2)C)CF.CC.CC |$;;;;B9;;;;;;;;M;;G90$,m:11:2.3.4.1,m:13:5.4.1.7.6|"
3132,3132,"C=C1C2=C(C=C(C=C2)F)N=CN1.CC=NN(C)S(C)(=O)=O.CNC(=O)S(C)(=O)=O |$;;;M;;;;;;;;;;;;;;;;;;;;;;;;;$,m:12:1.11.10.9.3.2,m:21:4.5.6.7.2.3|"
3133,3133,C/C(=C(\C(=NC)C)/NC(=O)C)/C=N |$Z;;;J;E7;;L;;;;;;$|
3134,3134,"C1CN2C(CC=N2)CN1.CC.CC |$;;G;;;;;;;;R;;J$,m:9:0.8.7.3.2.1,m:11:4.3.2.6.5|"
3135,3135,"C1CC1([C@@H]2CNCCN2)O.CC.CC(=O)N(C)N |$;;;;;;;;;;;Z6;;;;;;$,m:10:0.1.2,m:12:4.5.6.7.8.3|"
3136,3136,"CNC(C1CCC1)C2CCCSC2.CN=C(NN)SC |$;;;;;;G;;;;;;;;;;;;;$,m:13:4.5.6.3,Sg:n:5:T:ht|"
3137,3137,"C1=CC(=CC2=C1C=CN2)N.CC |$;;;;;;;;;;;R75$,m:10:6.5.4.8.7|"
3138,3138,CC[C@@H](C[N+](=C)C)NC |$;;;;;;;;G2$|
3139,3139,"CC1=N[NH2+]C(=O)N1.CN=S(C)(C)=O |$;;;;;;;;;;;;$,m:7:1.2.3.4.6|"
3140,3140,"C1=CC2C(C=C1)NC=C2C(=O)N.COC(=O)OC(C)=O |$;;;;;;V;;;;;;;;;;;;;$,m:12:0.5.4.3.2.1|"
3141,3141,"C[C@@H]1CNC(=S)SSC(=S)N1.COC(=O)N(C)S(C)(=O)=O |$;;;;;;;;B6;;;;;;;;;;;;$,m:11:1.10.8.7.6.4.3.2,Sg:n:10:A:ht,Sg:n:8:v:ht|"
3142,3142,CC1CN(S(=O)(=O)CCN1)C(C)C |$;;;;A;;U0;;;U;;;$|
3143,3143,CN(C)S(=O)(=O)N1CCNC1=O |$;T1;;;;Q;;;;;;$|
3144,3144,"CC1CCCC(C1)(CN)N(C)C(=O)NC |$;;;;K8;;;;;;;;;;$,Sg:n:13:j:ht,Sg:n:0:l:ht|"
3145,3145,C1CNC12CS(=O)(=O)C2 |$D;;;D;;;;;$|
3146,3146,"C1CNCC2=CC(=O)SCC21 |$;;;;;;;;;;$,Sg:n:6:i:ht|"
3147,3147,"C1=C(C(=C(C(=O)N1)N)O)I.CC |$;U0;;;;;;;;;;V48$,m:10:0.6.4.3.2.1|"
3148,3148,"CC(C)N1[C@H]2CC[C@H]1CNC(=O)C2.CC |$K;;;;;;;M7;;;;;;;K$,m:13:8.7.3.4.12.10.9|"
3149,3149,"CNC1C=CCC2C1CNC2.CN=C(C)N=C(C)C |$;;;;;;;;;;;;;;;;;;$,m:11:8.7.6.10.9,Sg:n:0:x:ht|"
3150,3150,"C[C@H]1CN[C@H](CN1CC(C)C)C |$;;;;;;;;;;;$,Sg:n:6:z:ht|"
3151,3151,CC1C2C=C([C@H]2N1)C=O |$;;;U;;X0;;;$|
3152,3152,B(C1=CC(OC(=O)N1)(C)C)(O)O |$;;;;;;;;;T;;$|
3153,3153,"C1C(C(CN1)F)CS(=O)(=O)O.CC |$;;;;;M1;;;;K1;;;R34$,m:11:0.1.2.3.4|"
3154,3154,"CNC1=C(C=C(C=N1)I)OC2CC2.CC.CC |$;;;;;;;;;;;;;;R4;;T$,m:13:2.7.6.5.4.3,m:15:11.10.12|"
3155,3155,"C1=CC2=C(C(=O)NC(=C2C=C1)F)F.CSO |$;;D;;;;;;;;;;;;;$,m:13:0.10.9.8.2.1|"
3156,3156,"C1CCNC(C1)C2=NOC=N2.CC |$;;;;;;;;;;T5;;R$,m:11:0.5.4.3.2.1|"
3157,3157,"C1C2CC3(CC(N2)CC1(C3)F)F.CC |$U;;;;;;;;;;;;;A$,m:12:0.8.7.5.6.1,Sg:n:1:H:ht,Sg:n:1:v:ht|"
3158,3158,C1C(CC2=CNC3=CC=CC1=C23)O |$;;;;;;;;;;;W;$|
3159,3159,"C1=CSC2=C1[NH+]=C(NC2=O)O.CN=C(OC)N(C)NC |$D;;;;;;;;;;;;;;;;;;;$,m:11:5.6.7.8.3.4|"
3160,3160,CCC1CC[N+]2=C(C1)NC=C2 |$;;;;;;W3;;;;$|
3161,3161,"CC(=C1CNCCC1=O)N.CN(C)SS |$;;;A3;;;;;;;;;;;$,m:10:2.7.6.5.4.3|"
3162,3162,"C1C[C@H]2[C@H](CNC2=O)C=C1 |$;;;;;;;;;$,Sg:n:0:h:ht|"
3163,3163,"CC1=NC=CN1C2=C(C=NC=C2)CNC.CC(=O)N(C)N |$;E;;;;;;;;;;;;;;;;;;;$,m:15:1.2.3.4.5|"
3164,3164,C1C[C@H](CNC1)C=[NH2+] |$;;;Z;;;;$|
3165,3165,"C1=C(NC(=O)N1)N=N.CC |$;L;;;;;;;;R6$,m:8:0.1.2.3.5|"
3166,3166,"CC1=C(C(=[N+](CN1)C)N)N=C.COP(N)O |$;;;;;;G;;;;;;;;;$,m:11:1.6.5.4.3.2|"
3167,3167,C1=C(NC(=O)N[14C]1=O)C(=O)O |$;;;;;V6;;;Z;;$|
3168,3168,"C1CC2NCCC[N+]2(C1)N.CN=C(N)N(C)C.CC |$;;;;;;;;;W;;;;;;;;;U5$,m:10:0.1.2.7.8,m:17:3.4.5.6.7.2|"
3169,3169,"CC(CNC)(C1=CC=C(S1)Cl)O.CC |$;;;;;;;;;;;;;R28$,m:12:5.6.7.8.9|"
3170,3170,"C1CC(C(=O)NC1)C(F)(F)F.CC |$;;;;;;;;;;;;R$,m:11:0.6.5.3.2.1|"
3171,3171,C1CNCCC12CC(CO2)O |$;;;;;;;;T9;E;W$|
3172,3172,"C1=CC2=C(C(=S)NC(=C2C=O)S)N=C1.CC(C)=NN(C)C |$;;;;;;;T;;;;;;;;;;;;;$,m:14:4.6.7.8.2.3|"
3173,3173,C1=CNC(C(=C1)O)(O)S |$Z;;;;;;;;$|
3174,3174,CC1=CC2=C(C(=N1)C)C(=O)NC=C2C |$;;G2;;;;;;;;;;;$|
3175,3175,CC1(CNCCOC1)N |$;B0;;;;;;;K2$|
3176,3176,C1CC[C@@H]2[C@@H](C1)CCCCN2 |$;;;L;;;;;;;$|
3177,3177,CC(C)C(C(=C)O)NC(=O)N |$;D9;;T;;;;;;;$|
3178,3178,"C1CCC(CNC(=O)C1)(Br)I |$;;;W6;;K;;;;;$,Sg:n:0:Q:ht,Sg:n:5:G:ht|"
3179,3179,CSC1=CC(=CC2=C1C=CN2)N |$;;;;;;;E;;;;$|
3180,3180,C1[C@@H](CN[C@H]1C(=O)O)CO |$;;;;G;;;V;L3;$|
3181,3181,CC=CC1=C(NC=N1)Cl |$;;;;;;;U4;$|
3182,3182,"CCCC1(NCC(O1)C)C |$;;T;;;;;;;$,Sg:n:1,2:s:ht|"
3183,3183,"CN1[C@@H]2C[C@@H]3C1[C@@H](C=C3)NC2=O.CC |$;;;D8;;;;;;;;;;U8$,m:12:1.2.3.4.5|"
3184,3184,"CC1=C(C(=O)NC=C1Br)N=O.CN(C)P |$;A6;;;;;;;;;J3;;;;$,m:11:1.7.6.5.3.2|"
3185,3185,"CC1CC=NC2=C(N1)C=NC=C2.CC |$;;;;;;;;;;T7;;;R$,m:12:8.9.10.11.5.6|"
3186,3186,"CC(C)C1=CC=C(C2C=CNC1=C2)Br.CC(C)=NN(C)C(=O)O |$;X4;;;;;;;;;;;;;;;;;;;;;$,m:14:8.9.10.11.12.7,Sg:n:4:S:ht|"
3187,3187,"CC[C@]1(CNCCO1)C.CNN(C)C(=S)N(C)C |$;;;;;;;;;;;;;;;;;$,m:9:2.7.6.5.4.3|"
3188,3188,"C1CCNCCC=CCC=CC1 |$;;;;;;;;;;;$,Sg:n:3:u:ht|"
3189,3189,C/C=C\1/C(=O)OC(=O)N1 |$;;;;;;;;B2$|
3190,3190,C1=C(NC(=C1Cl)Cl)[N+](=O)[O-] |$;;;;;;D;;;$|
3191,3191,"CC1N=C2C(=CN1C)C=CN2.CC |$;;;;;;;;;;;;U$,m:11:1.6.5.4.3.2|"
3192,3192,"CC1CN(CNC(=O)OC1)C.CC |$;;;;Z5;;;;;;;;L97$,m:11:1.9.8.6.5.4.3.2|"
3193,3193,"C1C(C(C(CN1)Cl)O)CO.CC |$;;;;;;;Q;;;;R$,m:10:0.5.4.3.2.1|"
3194,3194,"CC1CN(CC(N1)CI)C.CC |$;;;W;;;Q9;;;;;A9$,m:10:1.6.5.4.3.2,Sg:n:5:F:ht|"
3195,3195,"CNC1=CN=NC2=C1C=C(C=C2)Cl.CC |$;;;A3;K3;;;;;;;;;;R$,m:13:2.7.6.5.4.3|"
3196,3196,"C=C(C1=CNC(=O)NC1=O)F.COP(=O)(O)O |$Z0;;;;;;;;;;;;;;;;$,m:11:2.8.7.5.4.3|"
3197,3197,"C1CC2CC1CC(N2)N.COC(=O)C(C)=N.COS(N)(=O)=O |$;;;;;;;;;;;;;;;;;;;;;$,m:9:0.1.2.3.4,m:16:5.6.7.2.3.4|"
3198,3198,"C1CC2CCC(=O)C2NC1.CC |$;;J;;;;;;;;;U74$,m:10:3.2.7.5.4|"
3199,3199,CNC1CNCC1SC |$U;;L3;;;;;;$|
3200,3200,"CC1=NC=C(N1)C2(CC2)O.CN=CC=S.CC |$;;;;;Z8;;;;;;;;;;;R$,m:10:1.2.3.4.5,m:15:7.6.8|"
3201,3201,C1[C@H](CN[C@]12CC2N)O |$;;;;;B;;;$|
3202,3202,CC1=NCC2=C(N1)CCCC2 |$;;;;;E;;;;;$|
3203,3203,C1=CC(NC=C1)(NN)Cl |$;G;;;X;;;;$|
3204,3204,CNC1CCC1 |$;;K8;;;G9$|
3205,3205,"CC(C)C1C(=O)NC(=O)CN1.CNOC(=O)NC |$;;;;;;;;X;;;;;;;;;$,m:11:3.10.9.7.6.4|"
3206,3206,CCOP(=O)(C(C)NC(C)(C)C)OCC |$;;;;;;;Q;;;;;;;B$|
3207,3207,C1C=NC(=S)N1 |$;;X9;;;$|
3208,3208,C1CCC(C1)(CCl)NC2=NN=CS2 |$;;;U0;;;;;;;;;U0$|
3209,3209,"CN=C(C1CCNC1)N.CNC(C)=NS(C)(=O)=O |$V0;;;;;;;;;;;;;;;;;$,m:9:3.4.5.6.7|"
3210,3210,"CC1CCC(C(N1)(C)O)C=O.CC |$;;;;;;;;;K;;;R1$,m:11:1.6.5.4.3.2,Sg:n:4:U:ht|"
3211,3211,"C1C2CC1C3=CC=CC=C3NC2.CC.CSC(=N)N.CSC(C)O.CC(N)=NO |$;;;;;;;;;;;;;A1;;;;;;;;;;;;;;;$,m:12:0.3.2.1,m:14:5.6.7.8.9.4,m:19:10.9.4.3.2.1.11,m:24:10.9.4.3.0.1.11|"
3212,3212,"C[C@H]1COC(N1)C(C)(C)C |$;;;;;;U0;;;B7$,Sg:n:2:p:ht|"
3213,3213,"C1=C2C(=CN1)NC(=O)C2=O.CNS(C)(=O)=O.CC |$;B;;;L;G;;;;;;;;;;;;J26$,m:10:0.1.2.3.4,m:16:5.2.1.8.6|"
3214,3214,C1CNC2=C1CNC=C2 |$;;;;;;;;W4$|
3215,3215,CN1N=C2CN=CNC2=N1 |$;;;;;;;Q4;;T$|
3216,3216,C1=C(C2=C(N1)C(=NC=N2)Cl)N |$;;U;;;;;;;Q;$|
3217,3217,C1C(C2=CC=CC=C2N1)C(=O)Cl |$;;;;;;;;;Z3;;$|
3218,3218,"C1CC12CCNC(C2)CO.CN=NC(=NC)N(C)C |$;;;;;;;;;G;;;;;;;;;$,m:10:3.4.5.6.7.2,Sg:n:0:A:ht,Sg:n:1:H:ht|"
3219,3219,"CC1=CC=CC=C1NC(=C)NC.COC(=O)N(C)N |$D0;;;;;;;T3;;;T;;;;;;;;$,m:12:1.6.5.4.3.2|"
3220,3220,"CN1C2=C(C3CC(C2)CNC3)N=N1.CN=C(C)NN=C(C)C |$;;;E7;Z3;;;;;;;;;;;;;;;;;$,m:13:5.6.7.2.3.4,Sg:n:12:N:ht|"
3221,3221,CC(C)C(=O)NC(C)C(F)F |$;J1;;;;;;;;;$|
3222,3222,"C1CC2CSC(NC2OC1)N.CN=C(NN)OC.CC |$;T7;;;;M;Z7;;;;Z;;;;;;;;;E$,m:11:0.9.8.7.2.1,m:18:3.4.5.6.7.2,Sg:n:7:H:ht|"
3223,3223,"CCON(C)C(=O)C1=NC=CN1.CC |$;;;;;;;K;;;;J;;J$,m:12:7.8.9.10.11|"
3224,3224,"COC(=C)NC1CCC1.CC |$;U;;;;;W0;D1;A4;;R73$,m:9:5.8.7.6|"
3225,3225,"CC(C)CCNC |$G3;;;;;;$,Sg:n:2:m:ht,Sg:n:3,4:x:ht|"
3226,3226,C1=CC(=S)NC=C1N |$X5;;;;;;;$|
3227,3227,"CCC(C)(CC)N[C@H]1CCCNC1 |$;;;;A;;;U3;;;B1;;$,Sg:n:5:b:ht,Sg:n:7:Y:ht|"
3228,3228,"C1COC2=CC=CC=C2N1.C[N+](C)(C)C |$;;;;;;K;;;;;;;;$,m:10:0.9.8.3.2.1|"
3229,3229,"C1COC2(O1)CC34C2CNCC3C4 |$;W;;;;;;;;;;;$,Sg:n:12:j:ht|"
3230,3230,CC1C=CC(=CN1)C(C)C |$;;;;;U;;;;$|
3231,3231,C(NC(I)(I)I)(I)(I)I |$;;D;;;;;;$|
3232,3232,"CCN1CCC2CCC1CN2.CB(C)N.COS(C)(O)O |$;;;;;;D;;;;;;;;;;;;;;$,m:11:6.7.8.9.10.5,m:15:2.3.4.5.10.9.8,Sg:n:7:j:ht|"
3233,3233,"CC1CCCC(=O)N1.CNB(C)O |$;;;;;;;;;;;;$,m:8:1.7.5.4.3.2|"
3234,3234,"C1C2CS(=O)CC(C2O)CN1.CC=NN(C)C(=S)NC.CC |$Q4;;E1;;T;;;;;;;;;;;;;;;;;X3$,m:11:0.10.9.6.7.1,m:20:2.3.5.6.7.1,Sg:n:7:C:ht|"
3235,3235,CC(C)(C)C(C(=O)NC)C(=NO)Cl |$;;;;;;;;X;;;;$|
3236,3236,"CC1CCCC2N1C(=O)C=CN2.COSN |$;;;;;J;;;;J6;;;;;;$,m:12:1.6.5.4.3.2,Sg:n:11:N:ht|"
3237,3237,"CC1CCNCC1.CC |$;;;;;K1;;;R$,m:7:1.6.5.4.3.2,Sg:n:5:V:ht,Sg:n:2:z:ht,Sg:n:3:K:ht|"
3238,3238,C[C@@H]1CNC[C@@H](N1[C@@H]2CNC[C@H]2O)C |$;;X;;;;;;;K5;;L6;;$|
3239,3239,"C1CNC(=O)N2C1=NC=C(C2=O)O.CC(=O)Cl.CNS(=O)N(C)C |$;;;;;B4;;;M4;;T7;;;;;;;;;;;;;$,m:13:0.6.5.3.2.1,m:17:7.8.9.10.5.6|"
3240,3240,"C1C2=CC=CC=C2CN1.CC |$;;Y;;;;;;;;M09$,m:9:0.1.6.7.8|"
3241,3241,"CC1=CC(=C(C(=C1)OC)NC)OC.CC(=N)N |$;;;;;;;;;;;;;;;;$,m:13:1.6.5.4.3.2|"
3242,3242,"C[C@H]1CCCCC(CC1)NC.CC |$;;;;;;M;;;;;;R0$,m:11:1.8.7.6.5.4.3.2,Sg:n:1:Q:ht,Sg:n:5:h:ht|"
3243,3243,"CCC1(CCCN1)CN(C)C2CC2.CNNN |$;;G4;;;;;;;;T;;;;;;$,m:13:11.10.12,Sg:n:2:S:ht|"
3244,3244,"CC(C)(C)CC1C(=NC(=O)N1)N.CP(C)C |$;;;;;;;;;;J2;;;;;$,m:12:5.6.7.8.10,Sg:n:7:C:ht|"
3245,3245,"CCC1=CC(=NC=N1)C(C)C(C)NC.CN=C(SC)N(C)OC |$;;;;;;;;;;;;;;;;;;;;;;$,m:14:2.7.6.5.4.3|"
3246,3246,CC(C1=CC=CN1)N(C)C2CCNCC2 |$;;;;V6;;;;;;;;A;;$|
3247,3247,"CC1=CC2=C(C=C1)NC=C2.CC |$;;;;;;U;;;;;R$,m:10:7.4.3.9.8|"
3248,3248,CC1CCC(CNC1)N |$;;;;;;;B;$|
3249,3249,COC1(C(=CC(=CN1)Br)[N+](=O)[O-])N |$K;;Y;;;;;;;Q;B;;$|
3250,3250,"C[C@H]1[C@H](CCN1)C(C)(C)O.CC |$;;;;;;;;;;;U$,m:10:1.2.3.4.5|"
3251,3251,"C1CNCCC12CC2C#N.CC.CC |$;;;;;;;;;;;R;;R72$,m:10:0.5.4.3.2.1,m:12:6.5.7|"
3252,3252,"C1=CC=C(C=C1)C2=CNC=C2[N+](=O)[O-].CC |$;;;;;;;;;;;;M;;;Z36$,m:14:0.5.4.3.2.1|"
3253,3253,"CNC1C=CCC2C1CNC2.CC(C)=NN(C)C.CN(C)S(N)=O |$;;;D6;;;;;;;;;;;;;;;;;;;;$,m:11:2.7.6.5.4.3,m:18:8.7.6.10.9,Sg:n:6:c:ht,Sg:n:6:w:ht|"
3254,3254,"CC1=CCC(=O)C2=C(N1)N(N=C2)C.COB |$;;;;;;;;;;;A2;;;;$,m:13:9.7.6.11.10|"
3255,3255,CNC1=C(C=CC(=C1F)Br)[N+](=O)[O-] |$;;;;;;;D4;;V9;;;$|
3256,3256,"CCC1=C(NC(=N1)C2(CCC2)CN)C.CC |$;;;Y;;;T;;;;;;;;;G97$,m:14:2.3.4.5.6|"
3257,3257,"C1COC(CN1)N[O-].CC |$;;;;;;L6;;;G$,m:8:0.5.4.3.2.1|"
3258,3258,C1C(N1)C2=CC(=CS2)Br |$;;;;;;;M5;$|
3259,3259,"C1C(N1)C2C=C2.CC |$;;;;;;;R$,m:6:0.1.2|"
3260,3260,C1=CC(NC(=C1)F)(C#N)[N+](=O)[O-] |$;;;;;;;J;;;;$|
3261,3261,"C[C@@H]1CC[C@H]([C@@H](C1)NC(=O)C)C(C)C.CN=C(C)NN |$;;;;;;;;;;;;Y2;;;;;;;$,m:14:1.6.5.4.3.2|"
3262,3262,"CN1C(=O)C2(CNC2)NC1=O.CN(C(=O)O)S(C)(=O)=O |$;;;;;;;;;X7;;;;;;;;;;$,m:11:5.6.7.4|"
3263,3263,"C1C(CN1)F.CC(=O)ON |$;;;;;;;;;$,m:5:0.3.2.1|"
3264,3264,"CCN1C=NN=C1C2CCCNC2.CN(C)C#N |$;;;;;;;;;;;;;;;;;$,m:13:8.9.10.11.12.7|"
3265,3265,CC(C)(C)CC1CCC(N1)O |$;K5;;;;;K3;;;;$|
3266,3266,"C1CC12[C@@H](CC3CC4(C2=C4)N3)N.CC.CN=NC(=NC)N(C)C |$;E;;M3;M;;;;E7;;;;;R;;;;;;;;;$,m:12:9.8.7,m:14:3.2.8.7.10.5.4|"
3267,3267,"CC(C)(C)C1=N[C@@H](CC(=O)N1)[AlH2].CC(=S)NN(C)C |$;;;;;X;;;;;;;;;;;;;$,m:12:4.10.8.7.6.5,Sg:n:10:X:ht|"
3268,3268,"C1C=CC2=CC=CC(C2N1)[N+](=O)[O-].CN=CSC |$J4;;;;;;;;;;;;B6;;;;;$,m:13:4.5.6.7.8.3,Sg:n:9:b:ht|"
3269,3269,"CC(CNC)N(C)C(C)C1=CC=CC=C1F.CC |$;;;;;;U;T;;;;;;;;;;R$,m:16:9.14.13.12.11.10|"
3270,3270,"C[C@@H]1C[C@@H]2CCCC[C@@H]2N1.CN(C)C(=O)NO |$Z4;;;;;D;;;;;;;;;;;$,m:10:1.2.3.8.9,Sg:n:0:y:ht,Sg:n:2:G:ht|"
3271,3271,"C1CCNC2C([AlH]2)OCC1.CC |$;;;;;;J9;;;;;R8$,m:10:0.1.2.3.4.5.7.8.9|"
3272,3272,"CN1CCCNCCC1=O.COC(=S)N(C)C |$;G;;Q6;;;;;;;;;;;;;$,m:10:1.8.7.6.5.4.3.2|"
3273,3273,"CC1(C2CNCC1COC2)C |$;;;;;;;;;Z;$,Sg:n:1:V:ht|"
3274,3274,"C1=CNC(=O)N(C1=O)C(C(=O)O)N.CNNC(=O)N(C)C |$;;;;;;;;;;;;;;;;;;;;$,m:13:0.6.5.3.2.1|"
3275,3275,"C1CNCC2=C1N=C(N2)Cl.CC(=S)N(C)C |$;;;;;;;;;;;;;;;$,m:10:6.5.4.8.7|"
3276,3276,"CCC(=O)N1[C@@H]2CC[C@H]1CNC2 |$;;;;;;;;;;X;$,Sg:n:7:s:ht,Sg:n:10:x:ht|"
3277,3277,"C1NC=CN1C=NO.CNC(=O)N(C)O |$;;;;;;;;;;;;;;$,m:8:0.1.2.3.4|"
3278,3278,CC(C)C(C(=O)C)NC(=S)N |$W;;;;;;;;;;V2$|
3279,3279,"C1[C@@H]2CNC[C@@H]1CS(=O)(=O)C2.CC |$;;;;;D2;;;E4;;D;;R3$,m:11:0.5.4.3.2.1,Sg:n:5:k:ht|"
3280,3280,"CC(C#C)NC(=O)C1(CCC1)NC.CC=NNC(=S)N(C)C |$;;;;;;;;;;;;J3;;;;;;;;;$,m:13:7.10.9.8|"
3281,3281,"CNC(=S)C12C[C@H]3C[C@H](C1)CC(C3)(C2)Cl.CN=C(C)C(=O)O |$;;;;Q8;;;;;;;;;;;;;;;;;$,m:15:7.8.10.11.12.6|"
3282,3282,"C=CN[C@@H]1CC12CC2 |$;;;;;;;$,Sg:n:7:s:ht|"
3283,3283,"C1C(NC=CO1)C(=O)O.CC |$;;;;;;;;;;R$,m:9:0.5.4.3.2.1|"
3284,3284,C1CN(C(CN1)CCO)O |$;J;;;;G;;;B;$|
3285,3285,"C1=C(C(=O)NC1=O)[P+](=O)[O-].CC |$;;;;;;;;;;;R3$,m:10:0.1.2.4.5|"
3286,3286,CC1=C(C(=NC(=O)N1)C2CCC2)C(=O)O |$;;;J7;;;;;;;;;;;$|
3287,3287,"CC[C@H]1[C@H]([C@H](CN1)O)C.CC(C)=NS(C)(=O)=O |$;;G7;;;;;;;;;;;;;;$,m:9:2.3.4.5.6,Sg:n:6:P:ht|"
3288,3288,"CCC1(CC(C2=C1CC(=O)N2)(C)C)C.CC=NN(C)C(=NC)NC.CC |$;;V0;;;;M6;;;;;;;;;;;;;;;;;;;V9$,m:14:2.3.4.5.6,m:24:7.6.5.10.8|"
3289,3289,"C1CNCC2C1(C2)C(=O)N.CN(C)C(=S)NN.CC |$;;;;;;;;;;;;;;;;;;T10$,m:10:0.5.4.3.2.1,m:17:6.5.4|"
3290,3290,"CC(CCO)NC1=C(C(=CC=C1)Cl)N |$;J1;;;;;;;;;;;;$,Sg:n:2,3:V:ht|"
3291,3291,"C1=C(C2=C(C(=O)N1)C(=O)NC(=N2)N)I.CC.CC=NN(C)C(C)=NC |$;;;;;;;;;;;;;Q6;;K9;;;;;;;;;$,m:14:0.6.4.3.2.1,m:16:7.9.10.11.2.3|"
3292,3292,"CC1(NCCS1)C2=CC=CS2.CN(N)C(N)=S |$;X0;;;;W;;;M;;B;;;;;;$,m:11:7.6.10.9.8,Sg:n:2:U:ht,Sg:n:7:a:ht|"
3293,3293,"CCC1=C(NC(=O)OC1O)SC.C[NH+](C)C |$;J;;;;;;;;E;;;;;;$,m:12:2.8.7.5.4.3|"
3294,3294,"C1CC(=O)NC2=CN=CCC21.CN=C(N(C)C)N(C)NC |$;;;;;;;;U9;;;;;;;;;;;;$,m:11:0.10.5.4.2.1,Sg:n:5:d:ht|"
3295,3295,"C[C@H](C(=O)OC(C)C)NC |$;;;;;;;;;$,Sg:n:1:o:ht|"
3296,3296,"CCOC(=O)C(C)NC1(CCCC1)C.CC(C)=NO |$;;;Y7;;;;;;;;;;B;;;;;$,m:14:8.9.10.11.12|"
3297,3297,CC[C@@H](C(C)C)NC(C)C |$;;;;;;;J;E9;$|
3298,3298,"C1=CN=C(C(N1)N)C#N.CC |$;;;;;;M;Z;;;T$,m:9:0.5.4.3.2.1|"
3299,3299,"CCN1CC(CNC(C1)(C)C)O.CC |$;;;;;X9;;;;;;K;;R3$,m:12:2.3.4.5.6.7.8,Sg:n:9:z:ht|"
3300,3300,"CCC(=C)NC1=CC(=CN=C1)Br.CNC(=O)ON |$;;;Y;;;;;;;;Z0;;;;;;$,m:12:5.10.9.8.7.6|"
3301,3301,CN(C)CC1(CCNCC1)N |$J2;;;;;;;;;;$|
3302,3302,"COC(=O)C1=CNC2=C1C=C(C=N2)F.COON(C)C |$;;;;;;;G5;;;;;;;;;;;;$,m:14:9.10.11.12.7.8|"
3303,3303,"CC1NC2CCCCC2S1.CN=C(NN=C(C)C)SC |$;;;;;;;;;;;;;;;;;;;$,m:10:1.2.3.8.9|"
3304,3304,"CNC(=O)N1C(=NC=N1)N.CC |$;T;;;G;;X5;;;;;Z8$,m:10:4.5.6.7.8|"
3305,3305,CC(CNC)C(C)C(C)I |$;;;;;;;B;;M$|
3306,3306,"C[C@@H](C1CNCCO1)O |$;;;;;;;;$,Sg:n:3:t:ht|"
3307,3307,"C1CN[C@@]2(C1C2)C(=O)O.CN(N)N.COS(=O)N(C)C |$;;;;;;;;;;;;;;;;;;;$,m:9:0.1.2.3.4,m:13:5.4.3|"
3308,3308,"C(NC(=O)[O-])SN |$;;;;;G5;$,Sg:n:0:N:ht|"
3309,3309,"C1CCC2CC2CCNCC1.CC(=NN(C)C)N(C)C |$;;;;;;;;;;;;;;;;;;;$,m:11:4.3.5|"
3310,3310,"C1CCN=C(C1)C(=O)C2CN2.CC=NOC(=O)N(C)C |$;;;;;;;;;;;;;;;;;;;$,m:11:9.8.10|"
3311,3311,"C1C[C@@H](CNC1)N2CCCC2=O.CN=C(C)NC |$;;;;K2;;;;;;;;;;;;;$,m:12:7.6.10.9.8|"
3312,3312,"C[N+]1=C(C2=CC=CC=C2NC1)C=O |$;;;;;G;Q;;;;;Q;$,Sg:n:1:G:ht|"
3313,3313,"CCCC1(CCCC1C)NC |$;;;;;;Q;;;;$,Sg:n:1,2:w:ht|"
3314,3314,"CC(=O)C1=CC=CC=C1NC.CC |$;;;;;;;;;;;;R$,m:11:3.8.7.6.5.4,Sg:n:3:w:ht|"
3315,3315,"C1CNCC(C1C(F)(F)F)N=[N+]=[N-] |$;;;M;;;;;;D3;;;$,Sg:n:6:p:ht|"
3316,3316,"CC(C)(C)N1CC2CCC1CN2.CC.CN=CNNC |$;;;;;;K;Z1;;;;;;Q;;;;;;$,m:12:4.9.8.7.6.5,m:14:7.8.9.10.11.6|"
3317,3317,CC(C)NC(=O)/C(=N/O)/N |$;Y;;;;;;Y0;;U6$|
3318,3318,"CC1=CCC2=C1C(=NC=C2)NC.CC |$;;;;;;;;Z5;;;;;R6$,m:12:1.2.3.4.5|"
3319,3319,C1=C(C(=O)NC(=C1Cl)Cl)Cl |$;;Y2;;;;Y;;;$|
3320,3320,"C1CCC2(C(C1)Br)C(=O)NC2=O |$;;;;;;;G6;;;;$,Sg:n:7:m:ht|"
3321,3321,"C/C=C(\C)/CNC=O |$;;;;;;;$,Sg:n:3:D:ht|"
3322,3322,"CC1=C(NC=C1)[N+](=O)[O-].CNNC |$;;;;;;;;;;;;$,m:9:1.2.3.4.5|"
3323,3323,CC1(C[C@@H](CCN1)O)C |$G;;V;J;;;;;$|
3324,3324,"CC(CC(F)F)NCCN |$;;;;;;;T4;;$,Sg:n:7,8:h:ht|"
3325,3325,"C1CN(CC(CN1)O)C(=O)[O-].CNOO |$;;T;D;;;;;;;;;;;$,m:11:0.1.2.3.4.5.6|"
3326,3326,C[C@@H](CNC)C(C)(C)C |$X;;;;;;;A1;$|
3327,3327,"C1CNCCN1.CC=NC(C)=S |$;;;;;T;;;;;;$,m:6:0.5.4.3.2.1|"
3328,3328,"C1CNCC2=C1C(=CNC2)C#N.CC |$;;;;;;;;W;;;;;W6$,m:12:6.7.8.9.4.5|"
3329,3329,"C1CNC2=CC=CC3=NOC1=C32.CC=NN(C)N=C(C)C.CSC#N |$G5;;;;;;;;;;;;;;;;;;;;;;;;$,m:12:0.10.11.3.2.1,m:21:8.7.11.10.9|"
3330,3330,"C1=CC=C2C(=C1)C(NC2=O)S(=O)[O-].CC |$;;W2;;;;;;;;;L;;;R49$,m:13:0.5.4.3.2.1|"
3331,3331,"C1C(=O)NC(O1)I.COP(=O)(O)SC |$;;;;J;T4;X1;;;;;;;$,m:7:0.1.3.4.5,Sg:n:2:v:ht|"
3332,3332,"CC(C)N1C=CC(NC1=O)O.CN(C)C(=O)NN |$;;;;;;;;;;;;;;;;;$,m:11:3.8.7.6.5.4|"
3333,3333,"CCC(=O)N1C2CCC1CNC2.CC |$;;;;;;;;;;;;;R37$,m:12:4.5.6.7.8|"
3334,3334,CC(CNC)C(=O)C1=CC(=CC=C1)Cl |$;;D;;;;;;;;;;;$|
3335,3335,CC1=C(C(=C(N1)C)CC(=O)O)CC(=O)O |$;;;;;L;;;;;;;;;$|
3336,3336,"C1CC2C(=O)NC1C=N2.CC |$;;;;;;;;;;R04$,m:9:0.6.5.3.2.1|"
3337,3337,"C1CC1=C2C=CC(=O)N2.CC |$;;;;;M7;;;;;R$,m:9:4.3.8.6.5|"
3338,3338,C/C=C\C1(CCCN1)C(=O)O |$;;;;;;;A;;T;$|
3339,3339,"CC1(CNCC(N1CNC)(C)C)C.CSC=NN(C)C |$;;;;;;;;;;;;K6;;;;;;;$,m:13:1.6.5.4.3.2,Sg:n:7:E:ht|"
3340,3340,"CN1CC2CC3C2(C1)CNC3.CC |$;;;;;;;;;W;;;J$,m:11:4.5.6.3,Sg:n:1:y:ht|"
3341,3341,"CC(=O)C1=C(NC2=CC=CC=C21)Br.CC |$;;;;;;;;M;;;;;;R06$,m:13:3.4.5.6.11|"
3342,3342,C1CCNC(C1)(C2CCC2)C(=O)N |$;;;;W8;;;;;;;;$|
3343,3343,"C1CSCC2=C(NC(=N[C@@H]21)Cl)Cl |$;;;;;;;;;;;$,Sg:n:2:v:ht|"
3344,3344,"CN(C)C1=CC=CC=C1[C@H]2CN2.CC |$;;;;;;;;G7;;;;;K$,m:12:10.9.11|"
3345,3345,"CCC(CN)NC |$;;;;;;$,Sg:n:6:Y:ht|"
3346,3346,"CN1CC(=O)NC=C1.CC |$;;;;;;;;;R$,m:8:1.7.6.5.3.2|"
3347,3347,"CNC1COCCOC1 |$;Y2;;;;;;;$,Sg:n:7:H:ht|"
3348,3348,"CNC1=CC(=CC=C1)NC.CC |$;;;;;;;;;;;R$,m:10:2.7.6.5.4.3|"
3349,3349,"C1CNCCC2C1CCSCC2 |$;;;;;;;U;A4;;;$,Sg:n:6:H:ht,Sg:n:10:z:ht|"
3350,3350,"CC(C1=C2CCNC2=NC=C1)I.CC |$;;;;;;Q;E0;;;;;;X97$,m:12:4.3.7.6.5|"
3351,3351,C[C@@H]1[C@@H]([C@@H](N[C@@H]1C)C)C |$;;;L;;;A;;$|
3352,3352,CC1(CC(C(=O)NC1=O)(O)O)O |$;;;;;;;;;;J;$|
3353,3353,"CCC(C(CC)O)NCCO |$;;;;;;K;;;;$,Sg:n:8,9:w:ht|"
3354,3354,"CC[C@@H]1[C@H](NC(=O)O1)C(C)C.CC |$;;;;;;;;;T;;;Q69$,m:11:2.3.4.5.7|"
3355,3355,"CN1C=NC2=C1C(=O)NC=N2.CC |$;;Q;;D7;;;;;;;;L4$,m:11:6.8.9.10.4.5|"
3356,3356,C1=CC=CSC(=S)NC=C1 |$;;;;;;Z;;;$|
3357,3357,"CNCC(C(=O)O)(C(F)(F)F)O |$;;;;;;T;;;;;$,Sg:n:8:M:ht|"
3358,3358,"CC1=CC2=C(C3=C1C=CC=N3)N=CN2.CC |$;;;;;;;;;;;;;;;R3$,m:14:11.4.3.13.12|"
3359,3359,"COC(=O)C1C(CCCN1)O.CC |$;;;;;;;X6;;V;;;R$,m:11:4.9.8.7.6.5,Sg:n:3:W:ht,Sg:n:10:v:ht|"
3360,3360,"CC1=CC(=NC(=C1CI)NC)C.CSC#N |$;;M8;;;B2;;;;;;U4;;;;$,m:12:1.6.5.4.3.2|"
3361,3361,"C=CC(=C)NCCO |$;;;;;;;$,Sg:n:5,6:q:ht|"
3362,3362,"CCC1=C(C=CN1)N=C.CC |$;;;;;;;;;;R99$,m:9:2.3.4.5.6|"
3363,3363,"CC1NC(=NC)NC(=N1)C.CC(=S)N(C)N |$;;;;;;L0;;;U5;;;;;;$,m:10:1.8.7.6.3.2|"
3364,3364,"CC1C=CC2CC2([C@H]1[C@](C)(NC)[OH2+])N.CC |$;J4;;;;;;A;;V2;;;A1;;;U$,m:14:5.4.6|"
3365,3365,"C1[C@@H]2[C@@H]1C3=C(C(=CC=C3)Br)NC2.CC(N)=S.CC.CC |$;;;;;;V;;;Y6;;;;;;;;T;;R$,m:12:0.1.2,m:16:5.6.7.8.3.4,m:18:10.11.1.2.3.4|"
3366,3366,"CNC1=C(C(=[N+]=CC1)C(=O)N)CN.CC |$;;;;;;;;;W;Y;X4;A0;;R13$,m:13:2.7.6.5.4.3,Sg:n:8:J:ht|"
3367,3367,C1CNC(=C1)N=[N+]=[N-] |$;U5;;;;;;$|
3368,3368,"C1C2CC3CNCC2CC1C3=O.CC(=O)NC=N |$;;;B0;;;;;V;;;;;;;;;$,m:12:0.1.7.8.9|"
3369,3369,"CC(CO)(CO)NC1=C(N=CC=C1)N.CN=S(=O)=O |$X;;;;;;;;V7;;;;;;;;;;$,m:14:7.12.11.10.9.8,Sg:n:10:D:ht|"
3370,3370,"C1[C@@H]2CNC[C@@H]2CC1F.CC |$;;;;;;;;;;R4$,m:9:2.1.5.4.3|"
3371,3371,"CC1=NC2=C(C=C1)NCCN2 |$;;;;;;;;;E2;$,Sg:n:10:z:ht,Sg:n:0:p:ht|"
3372,3372,"CC(C)C1=C(C=C(C(=O)N1)Cl)C#N.CC |$;;;;;;Z7;;;T;;;;;A3$,m:13:3.9.7.6.5.4|"
3373,3373,"COC(=O)C1=CCNCN1 |$;;;;;;;W;;$,Sg:n:8:W:ht|"
3374,3374,"CCC1=NC=CNC1COC.CN(C)P(C)(C)=S |$;;;;;;;;;;;;;;;;;$,m:11:2.7.6.5.4.3|"
3375,3375,"CNCC1(CCCOC1)CC2=CSC=N2.CC |$;;;E;;;;;;;;K;;;;;G$,m:15:11.10.14.13.12|"
3376,3376,"CCC1=CC(=CC2=C1NCCC2)C |$;;;;V;;;;;;;;$,Sg:n:0:v:ht|"
3377,3377,CC(C)(C)C1=C(CNCC1)C(=O)O |$;;;;;;;;;;G5;;$|
3378,3378,"CC1(CNC(C[NH+]1[O-])(C)C)C.CC |$;;;;;;;;;;;;R$,m:11:1.6.5.4.3.2|"
3379,3379,"C1=CNC(=S)N=C1.CC |$;;;;;;;;R$,m:7:0.6.5.3.2.1|"
3380,3380,CCCC(C)(C(C)NC)O |$;;;T2;;;;;Z9;$|
3381,3381,"CC(C)(C)C(C1=CC=CC=N1)NC |$W9;;;;;;U3;;;;;;$,Sg:n:9:t:ht|"
3382,3382,CCC(C)(C)C(C#C)NC |$;;;;;;;;;Q$|
3383,3383,"C1=CC(=C(C(=C1)O)C2=CNC=C2)N.CC |$;;;;V;;;L;;;;;;;R1$,m:13:0.5.4.3.2.1|"
3384,3384,"C1C(=O)NC2=C(N1)N=CN2.C=NOC(C)=O.COP(C)(C)=S |$;;;;;;;;;;;;;;;;;;;;;$,m:10:0.6.5.4.3.1,m:16:7.5.4.9.8|"
3385,3385,CC1=C(N=C(C=C1)Br)NC |$;T;;;;;;;;$|
3386,3386,"CC1=NC(=NC(=N1)I)NC |$;;;;;M4;;;;$,Sg:n:1:g:ht|"
3387,3387,"C#CC1(C=CNC=N1)N.CC |$;;;;;U;;;;;R$,m:9:2.7.6.5.4.3|"
3388,3388,"C[C@@H](CC(=O)NC)C(=O)C |$;;;;Z;;;V;;$,Sg:n:0:S:ht|"
3389,3389,CS(=O)C1=CC=CC2=C1CCCN2 |$;;;;;;A;;W;;;;$|
3390,3390,"C1=CNC(=C1N2P=P2)C(=O)OP.CNN(C)C(C)=S.CN(C)S(C)(C)C |$L;;;;;;;;;;;;;;;;;;;;;;;;;$,m:12:0.1.2.3.4,m:19:6.5.7|"
3391,3391,C/C=C(/C)\C(=C/C)\NC |$;;;;;;;;D$|
3392,3392,"C1=C(N(C(=S)N1)S)Br.CC |$;;;;Q6;;;;;K33$,m:8:0.1.2.3.5|"
3393,3393,"C=CC1=NC(NC(N1)(N)N)(N)N |$;T;;;;;;;;;;$,Sg:n:6:C:ht|"
3394,3394,"CNC1C(CC2=CC=CC=C12)F.CC.CC |$;;;;;;;;;;;;;X;;R8$,m:12:2.3.4.5.10,m:14:6.7.8.9.10.5|"
3395,3395,"CC1(CNC1)CN(C)C2CCC2.CC |$;;;;;X7;;;;;;;;R8$,m:12:9.10.11.8|"
3396,3396,"C[C@@H]1CCC(N1)CO.CC |$;;;;;;;;;R50$,m:8:1.2.3.4.5|"
3397,3397,"C1CNC2=C(C1N)C=CC(=C2)F.CN=C(C)C |$;;;;;;;V2;;;;;;;;;$,m:12:0.5.4.3.2.1,Sg:n:10:e:ht|"
3398,3398,"C1CNCCN1.CC |$;;;Y8;;;;R76$,m:6:0.5.4.3.2.1|"
3399,3399,"COC1=CC(=C2C(=C1C=O)C=CN2)OC.CC |$;;;B;G;;;;;;;;;;;;K30$,m:15:2.7.6.5.4.3,Sg:n:8:I:ht|"
3400,3400,"C1CCC(C1)(CO)NC(=S)N.CC |$;;;;;;;;;;;;R54$,m:11:0.1.2.3.4|"
3401,3401,"C1CN[C@@H](C2=C1C=CS2)C(=O)O.CC.CN=NSC |$;;;;;;;;T6;;;;;W;;;;;$,m:12:0.5.4.3.2.1,m:14:6.5.4.8.7,Sg:n:7:C:ht|"
3402,3402,CNC1=CC(=NC(=N1)Cl)S(=O)C |$L;;;;;;;;;;;$|
3403,3403,"CNC(=O)[C@@H]1C=CCN1.CSN=O |$;;;;;;;;;;;;$,m:9:4.5.6.7.8|"
3404,3404,C1CNC[C@@H]1C2(CC2)NC(=O)O |$;;;;;;;;;M6;;$|
3405,3405,CC(C(=O)NC)C(C)(C)C(C)(C)C |$;;;;;;A6;;;;;Y8;U7$|
3406,3406,"C[C@H]1C(=O)NCC2(N1)COC2.CC.CB=O |$;;;;E;;;;;;;;R;;;$,m:11:1.7.6.5.4.2,m:13:8.9.10.6,Sg:n:9:e:ht|"
3407,3407,"CC1C(CC12CCNCC2)O.CC |$;Q;;;;;;;;;;;R$,m:11:1.4.3.2|"
3408,3408,C/C(=C\C(C)(C)C)/NC(=C)N |$;;;;;;;;X6;;$|
3409,3409,CC(C)[C@@H]1CNC=C1 |$;;Q9;;;;;$|
3410,3410,"CC1C(NCCN1)C(C)(C)C.CC |$K8;;;;Z;;;;;;;;R$,m:11:1.6.5.4.3.2|"
3411,3411,"COC1(CCCNC1)C2=NC=CS2.CC.CC |$;;;;;G;;;;;;;;;K0;;R3$,m:13:3.4.5.6.7.2,m:15:9.8.12.11.10,Sg:n:11:S:ht,Sg:n:12:K:ht|"
3412,3412,C[C@@]1(C2=C(C=CC(=C2NC1=O)Cl)Cl)N |$;;;;W;;;;;;;;;$|
3413,3413,"CC1CC2CCCC2N1 |$;;;D1;;;;;$,Sg:n:4:g:ht|"
3414,3414,"C1CNCOCC1C#N |$;;;;;;;;$,Sg:n:4:X:ht,Sg:n:3:X:ht|"
3415,3415,"C1C(C2=C(C=CS2)NC1=O)C(=O)[O-].CC |$;;;;;;;;;;;;;;T6$,m:13:0.8.7.3.2.1,Sg:n:12:b:ht|"
3416,3416,"CC(C1CCCN1)NC2=CN=CC=C2.CSC(=O)C(C)N |$;;;;;;;;;;;;A4;;;;;;;;$,m:14:3.2.6.5.4,Sg:n:5:g:ht|"
3417,3417,CNC1=CC=CC=C1CC=O |$;;;T;;;;X;;;$|
3418,3418,"C1CN2C3=C1C=CC=C3C(=O)NC2=O.CC.COC(=O)N(C)O |$;;;;Q;;;;;;;;;A;;G;;;;;;;$,m:14:0.1.2.3.4,m:16:9.11.12.2.3.8|"
3419,3419,C1(=O)C(C(C(=O)N1)(O)O)(O)O |$;;V4;;;;;;;;$|
3420,3420,"C1C=CN(C(=O)N1)C2=CSN=N2.CC |$;;;;;;;;;;;;;R92$,m:12:8.7.11.10.9|"
3421,3421,"CC1=C2C#CNC2=CC=C1.CC(=S)SN(C)C |$K;;;;;;Y6;;;;;;;;;;$,m:10:3.2.6.5.4|"
3422,3422,"CC(C(=O)OC)NC(C)(C)CCO |$;;;;;;;;;K2;;;$,Sg:n:2:n:ht,Sg:n:10,11:Z:ht|"
3423,3423,"C1=CC=C(C(=C1)C(=O)N)NC(=O)O.CNC(N)=O |$;;;V9;;;;;;;;;;;;;;$,m:13:0.5.4.3.2.1|"
3424,3424,"C1[C@H]2CN[C@]1(CN2)N=[N+]=[N-].CC |$;;;;;;;;;;;R$,m:10:0.1.2.3.4,Sg:n:5:m:ht,Sg:n:6:g:ht|"
3425,3425,"C1=CC(=O)C2=C1NC(=O)N2.CN(C)OC(=O)O |$A9;;;;;;Q;;;;;;;;;;$,m:10:0.1.2.4.5|"
3426,3426,C1[C@H]2CNC[C@@H]1C3=C(C=CC(=O)N3C2)N |$;;;;;;;;;V9;M4;;;;$|
3427,3427,"C[P+](C)(C)C1CNCCN1.CC |$;;;;;;X5;;;;;Q$,m:10:4.9.8.7.6.5|"
3428,3428,"CC1=NN2C=CNCC2C1.CC(=O)NC(C)=O |$;;;;;;;;;;;;;;;;$,m:10:1.2.3.8.9|"
3429,3429,CCC1=CN=C(NC1=O)C |$;;;;;;L1;;;$|
3430,3430,"CC1(NCC(=O)N1C)C2=CN=CC=C2.CC.CC |$;;;;;;;;;;;;;;;Z95;;R83$,m:14:2.1.6.4.3,m:16:9.10.11.12.13.8|"
3431,3431,"CCNC1(CCNCC1)C2=NC=CS2.CC |$;;;;;;;Q;;;;;;;;V6$,m:14:10.9.13.12.11,Sg:n:11:P:ht,Sg:n:8:I:ht|"
3432,3432,"CC(CNC)CN1C=CC=N1.CC(C)=NN(C)C(N)=O |$;;;;;;;E4;;;;;;;;;;;;$,m:11:6.7.8.9.10|"
3433,3433,"CN1CC[C@H]2[C@@H]1CCNC2 |$;;;;;;;;;$,Sg:n:9:w:ht|"
3434,3434,"CC(CCN)NCC(C)O |$;;;W1;;;;;;$,Sg:n:2,3:z:ht|"
3435,3435,"B(C1=CN=CN1)(O)O.CSN=C(C)N |$;;;;;;;;;;;;;$,m:8:1.2.3.4.5|"
3436,3436,"CC(C1CCC1)NC2=NCCC2 |$;;;;Z5;;;;;;;$,Sg:n:3:i:ht|"
3437,3437,CCC([CH2-])NC(C)[CH2-] |$;;;;;;;G9$|
3438,3438,"C1C2=C(C(=O)NC=N2)C(=O)O1.CN=C(C)C=N |$;;;V;;X;;;;;;;;;;;$,m:11:3.5.6.7.1.2|"
3439,3439,"C1CNC2C(N2C1)N.CC(=O)N(C)C(C)=O.CC |$;;;;;;;;;;;;;;;;;T$,m:8:0.6.5.3.2.1,m:16:4.3.5,Sg:n:0:Q:ht|"
3440,3440,"CCNC1=CC=CC=C1C(F)(F)F |$;;;;;;;;;;X3;Y0;$,Sg:n:11:Y:ht|"
3441,3441,C1C2=C(CN1)C=C(C=C2)N |$;J;;;;;;;;$|
3442,3442,C1C(C12CNC2)C(=O)O |$;;;;;;Y;;$|
3443,3443,C[C@H](CNC)[C@@H](C)C(C)C |$;;;U;;;;W9;;$|
3444,3444,"CN(C)C(=O)NC1(CCCC1)C(=N)N.CC |$;J9;;Q5;;;;;;;;;D9;;;Y8$,m:14:6.7.8.9.10|"
3445,3445,"CCC(C)N(CC)C1(CNC1)CC(=O)O.CC |$;;;;;;;;;;;;;;E5;;R$,m:15:7.10.9.8|"
3446,3446,"C[C@H]1CNC2CCC1CC2.CC(=N)NC=O.CNP(=S)(OC)OC |$;;;;;;;;;X;;;;;;;;;;;;;;$,m:10:5.6.7.8.9.4,m:16:1.2.3.4.9.8.7,Sg:n:7:x:ht|"
3447,3447,"CC(=O)NC1CSCC1OC(=O)C |$G9;;;;;;T3;;;;;;W4$,Sg:n:3:C:ht|"
3448,3448,"CN1CNCC2=C1N=CN2C.CNC(C)=O |$;;;;;;;;;;;;;;;$,m:11:7.6.5.9.8|"
3449,3449,"C1C2=C(C=CN1)OCN2.CC |$;;;;;;;;;;G86$,m:9:0.5.4.3.2.1,Sg:n:7:K:ht|"
3450,3450,"CC(C)[C@H]1CC(=C)OCN1.CC |$L;;;;;;;B9;;;;E$,m:10:3.9.8.7.5.4|"
3451,3451,CNC(CCO)C(=O)NC |$;;;Y6;B0;;;;;$|
3452,3452,CCC(C)C(C(F)(F)F)NC=S |$K4;;;K;;;;;;;A3;$|
3453,3453,CCC1C2=C(CN1)N=CC=C2 |$;;;D2;;;;;;;V$|
3454,3454,"C1COC2(C1CNC2)CN.CN=NC(C)=O |$;;;;;;;;;;;;;;;$,m:10:0.1.2.3.4|"
3455,3455,CC(C(=O)N)O[C@H]1CCCNC1 |$M1;;;;;;;M5;;;;$|
3456,3456,"CCNC1(CCCSC1)CCO |$;;;;;;U0;;;;Z;$,Sg:n:9,10:D:ht|"
3457,3457,"C[Te]C1=NC=CN1 |$;;;;;;$,Sg:n:6:v:ht|"
3458,3458,"CC1=NC2=C(C=C1)C(CCN2)O.CC.CC(=S)NN |$;;L;;M;;;;;;;;;V70;;;;;$,m:12:1.6.5.4.3.2,m:14:7.8.9.10.3.4|"
3459,3459,"C1CC2CNCC(C1)C2CC(=O)O.CN=C(OC)N(C)N(C)C |$;;;;;;;;;;;;;;;;;;;;;;$,m:13:0.7.6.8.2.1,Sg:n:10:A:ht,Sg:n:0:O:ht|"
3460,3460,"C1COC(CN1)C2=NSN=C2Cl.CS(=O)(=O)N=N |$;;;;;T5;;;;;;;;;;;;$,m:12:0.5.4.3.2.1|"
3461,3461,"C=C(CS)C1=CC=CN1.CS(=O)(=O)NO |$;;;;;;;;;;;;;;$,m:9:4.5.6.7.8|"
3462,3462,CC(CO)NC1=C(C(=O)NC=N1)N |$;K;;;;;;;;;;;$|
3463,3463,"C1CNCC1C2=C(C=CC=C2Cl)F.CC.CN=CC(C)=NC |$;;;;U;;;;;;;;;;R85;;;;;;;$,m:13:0.1.2.3.4,m:15:6.7.8.9.10.5|"
3464,3464,"CC(C1CC1)NC2CCCNC2.CN(C)S(C)(C)C |$W;;X5;;;;;;;;;;;;;;;;$,m:12:3.2.4|"
3465,3465,CC(CNC(=O)O)C=O |$;;;D8;J;;;;$|
3466,3466,"CC1(C(CCCN1)O)C2CCCC2.COC(=O)NO |$;;;;;;;;;;;K;;;;;;;$,m:13:9.8.12.11.10|"
3467,3467,CC(C)(CO)NC(=O)CS |$K;;;;;;;;;$|
3468,3468,"C1NC2=C(C=CC=C2O1)[N+]#N |$;;;;;;;;;;$,Sg:n:5:J:ht,Sg:n:6:h:ht|"
3469,3469,"C1CNC2=C3C=CC=CC3C(=O)CC21.CC |$;;;;;;;;;;;;;;;L$,m:14:0.1.2.3.13|"
3470,3470,"CC=C1C=CNC1=CC=C.CN(C)N |$;;;;;X9;;;;;;;;$,m:10:2.3.4.5.6|"
3471,3471,"C1C=NC2=C(NC1=O)N=CC=C2.CNOC(C)=S.CC |$;;;;;;;X;;;;;;;;;;;;M$,m:12:0.1.2.3.4.5.6,m:18:8.9.10.11.3.4,Sg:n:9:G:ht|"
3472,3472,"CNCC1CCC2=C1N(N=N2)C3CC3.CC.CC=NNC(=O)NC |$;;;;;;K1;;;;;;D7;;;R95;;;;;;;;$,m:14:9.8.7.6.10,m:16:12.11.13|"
3473,3473,C1=CNC(=C(C1=O)C(F)(F)F)CC#N |$;;;;J0;;;;W6;;;;;W$|
3474,3474,"CC1=CC(=CC=CC1)NC.CC |$Z;;;;;Z4;;;;;;R$,m:10:1.2.3.4.5.6.7|"
3475,3475,"C1=CSC2C1N=C(NC2=O)I.CN(C)OO |$;;;;;;;;X;;;;;;;$,m:11:5.6.7.8.3.4|"
3476,3476,"C1C2=C(N1)C=CNO2.CNC(=N)N |$;;;;;B;;;;;;;$,m:8:0.3.2.1|"
3477,3477,"CC(C(C)(C=C)C(=O)C)NC |$;;;;;;;M;;;U4$,Sg:n:6:P:ht|"
3478,3478,"CCC1=C(NC(=N1)C(C)(C2CC2)N)C.CC.CC |$;;;;;;;;;;Z;;;;;M;;Z$,m:14:2.3.4.5.6,m:16:10.9.11|"
3479,3479,"C1CC(C(NC1)C=O)Br.CON(C)C(C)=N |$;;;;;;;;;;;;;;;$,m:9:0.5.4.3.2.1|"
3480,3480,"CC1=NC(=S)NC(=O)[C@H]1C(C)C.CNOC(=O)O |$D9;;;;;L;;;;W;;;;;;;;$,m:12:1.8.6.5.3.2|"
3481,3481,"C1CNC2C1CC3C2C3.CC.CNNC(N)=O |$;V;;;;;;;;;R8;;;;;;$,m:9:0.1.2.3.4,m:11:5.4.3.7.6|"
3482,3482,"C1CNC(=C1)CCO.CC |$;;;;;;;;;V$,m:8:0.1.2.3.4,Sg:n:5,6:f:ht|"
3483,3483,"C1CC2=C(C1)NC(=O)C=C2C=O.CNON(C)C.CN(C)S |$;;;;;;;;;;Z;;;;;;;;;;;$,m:12:0.1.2.3.4,m:18:5.6.8.9.2.3|"
3484,3484,C1C(CNC1[N+](=O)[O-])F |$;;J5;;;;D4;;$|
3485,3485,"C1=C(NC(=S)N=C1)I.CNOC(=O)NC |$;;;;;;;;;;;;;;$,m:8:0.6.5.3.2.1|"
3486,3486,"C1CC1OC2CNC2.CC(=O)C=N |$;;;;;;;;;;;;$,m:8:5.6.7.4|"
3487,3487,C1=CC2=C(NC(=O)NC2=O)N=C1 |$K;;;;G;;;;Y5;;;$|
3488,3488,"C[C@@H]1CC[C@H](C2(C1)NCC(=O)N2)C(C)C.CN=S(C)C |$;;;;;;;;;K9;B;Q8;;L;D7;;;;;$,m:15:1.6.5.4.3.2|"
3489,3489,"C1CNCC(=O)C1N=[N+]=[N-].CN(C)NC(=O)N(C)C |$;;;;;;T;;;;;;;;;;;;$,m:10:0.6.4.3.2.1,Sg:n:5:E:ht|"
3490,3490,"CNC1C2CC3CC(C2)CC1C3.COS(C)(=O)=S.CC(C)=NN(C)N(C)C.CC |$;;;T4;;;;;;;;;;;;;;;;;;;;;;;;;E$,m:12:2.10.9.7.8.3,m:18:4.5.6.7.8.3,m:27:6.7.9.10.11.5,Sg:n:0:P:ht|"
3491,3491,"CC1=NC=C2CNCC2=C1OC |$;;;;;;;;;;;$,Sg:n:1:Z:ht|"
3492,3492,"CCC(CCO)NC(=O)C(CC)(CC)N |$;;;;T5;;;;;K;;;;;$,Sg:n:3,4:D:ht|"
3493,3493,"CC(C1CC1)C(C2CCOC2)NC.CC.CC |$;;;;;;;;G;;;;;;V01;;R20$,m:13:3.2.4,m:15:7.6.10.9.8|"
3494,3494,"C1CC1C2C3=CC=CC=C3OCCN2.CON=[N+]=[N-] |$;;;;;;;;;;;;;;;;;;$,m:14:10.9.4.3.13.12.11,Sg:n:4:V:ht,Sg:n:12:W:ht|"
3495,3495,"C1=C(C(=O)NC(=O)N1)O.CNC(=O)ON |$;;;;;G;;;;;;;;;$,m:9:0.7.5.4.2.1|"
3496,3496,C1CC(C(=O)NC1)CS(=O)(=O)O |$;;M;;;;;;;;;$|
3497,3497,"C1=CC2=C(NC(=O)C(=C2)I)N=C1.CC |$;;;;;;;;;;;;;E52$,m:12:0.11.10.3.2.1|"
3498,3498,COC1=C(N=C(C=C1)Br)NC(=O)O |$;;;;;;M;;;;;;$|
3499,3499,"C1=NC2=C(N1)C(=O)NC(=N2)N.CC |$;D3;;;;;;;M;;;;R$,m:11:0.1.2.3.4|"
3500,3500,"C1C=CC(=C2N1CC3CNCC2C3=O)F.CNS(=O)(=O)O |$;;;;;;;;;;;;U9;;;;;;;;$,m:15:0.5.4.3.2.1|"
3501,3501,"CC1(CC2=C(NC=C2)N=C1)O.CC |$;;;;;;;;;;;;G9$,m:11:5.4.3.7.6|"
3502,3502,"C1C[C@H]2[C@H](C1)NCCCN2.CNN(C)C(=O)SC.CC |$;;;;;U9;;;D6;;;;;;;;;;;R$,m:10:0.1.2.3.4,m:18:5.3.2.9.8.7.6,Sg:n:5:W:ht,Sg:n:5:R:ht,Sg:n:0:w:ht,Sg:n:7:m:ht|"
3503,3503,"CC1CNC(SS1)C.CC |$;;;;;;;;;G$,m:8:1.6.5.4.3.2|"
3504,3504,"CCC(C1=CC=CC=C1N2C=NC=N2)NC |$;;;;;;;;;;;;;;;$,Sg:n:4:X:ht|"
3505,3505,"C1CN(CCN1)CCO.CC(O)O |$;;;;;;;;;;;;$,m:9:0.5.4.3.2.1,Sg:n:6,7:g:ht|"
3506,3506,"CC1=NN(C=C1NC(=O)C)C.CC(=O)OO |$;;T8;;;;;;;;Y9;;;;;$,m:11:1.2.3.4.5|"
3507,3507,"CC1=C(SC(N1)C(=O)C)C.CNS(=O)NC |$;;;;;W6;;;;;;;;;;$,m:10:1.2.3.4.5|"
3508,3508,"C1C(C(=O)NC1=O)NC2COC2.CC |$;G;;;;;;;;;;;;T$,m:12:0.1.2.4.5,Sg:n:11:s:ht,Sg:n:8:f:ht|"
3509,3509,"C1CCC(C1)NCI.COC(=O)N(C)S(C)(=O)=O |$;;;;;;;;;;;;;;;;;$,m:8:0.1.2.3.4,Sg:n:1:A:ht,Sg:n:0:m:ht,Sg:n:0:Y:ht,Sg:n:6:Q:ht|"
3510,3510,"CC(C1C=N1)NC(C)N.CC |$;;;;;;;;;;G28$,m:9:2.3.4|"
3511,3511,"CC1CNCN=C1C.CC |$;;;;;;;;;Y$,m:8:1.6.5.4.3.2|"
3512,3512,"C1C(C2C(C(C(C1(N2)O)O)O)O)O |$;;;;;;;;;;;D;$,Sg:n:10:K:ht|"
3513,3513,"CC1(CC2=C(SC3=NC=NC(=C23)N1)Br)C.CC.C=NNC |$;A;;;B;;;;A;;;;;;;;R16;;;;$,m:15:1.12.10.11.3.2,m:17:7.8.9.10.11.6|"
3514,3514,"C1C2=CC=CC=C2NC(=O)C=N1.CN=CNOC |$;;;E0;A0;;M;;;;;;;;;;;$,m:12:2.3.4.5.6.1,Sg:n:5:R:ht|"
3515,3515,"CC(O)S(=O)(=O)C1CCNCC1.CNC(=S)N=[N+]=[N-] |$;;;;M;;;;;;;;;;;;;;$,m:12:6.11.10.9.8.7,Sg:n:8:m:ht|"
3516,3516,"CC(C)(C)C1CNC(=O)N1CI.CN=CNSC |$;;;;;;;;;;;;;;;;;$,m:12:4.5.6.7.9|"
3517,3517,"C1C2=CC=C=C=C2CN1.CC(C)=NN=N |$;;;;;;;E;;;;;;;$,m:9:2.3.4.5.6.1,Sg:n:1:X:ht|"
3518,3518,"CC(C)(C)C1=C2C(=O)NC=NC2=NS1.CC(=N)C(=O)O |$;;;;Q8;;W0;;;;;;;;;;;;;$,m:14:6.8.9.10.11.5|"
3519,3519,"CC1C(CCN1)(C)C2=CC=CC=C2C.CC |$;;;;;;;;;;;;;J1;;A$,m:14:8.9.10.11.12.7|"
3520,3520,"C1CC(NC1)C2=NNN=N2.CSC(=O)C(C)N.CC |$;;;;B6;;;;;;;;;;;;;;R69$,m:10:0.1.2.3.4,m:17:6.5.9.8.7,Sg:n:2:p:ht|"
3521,3521,"CC(=O)C1CCNCC1 |$;;;Q;;;;E6;G7$,Sg:n:3:o:ht|"
3522,3522,CC1C=C(C=C(N1)C)O |$;;;;U4;;J;;$|
3523,3523,"CC1=C(C2=C(C=C1)N=CC=C2)CNC.COC(=O)C(C)=O |$;;M4;;;L1;;;;;;;;;;;;;;;$,m:14:7.8.9.10.3.4|"
3524,3524,"CC1(CCNC2=C1C=C(C=C2)F)F.CN(C)NC(N)=O |$;;;;;;;;V;;;;;;;;;;;$,m:13:1.6.5.4.3.2|"
3525,3525,"C/C=C/1\C(=C/C)\NC2=CC=CC=C2C1=O.CSN(C)C(=O)O |$;;;;;;;;;;;;;;;;;;;;;$,m:15:8.9.10.11.12.7|"
3526,3526,"C1CC(C1)C2(NCCS2)C3CCC3.CN(C)C(=O)NS(C)(=O)=O.CC(O)C=S |$;;;;;;;;Q8;;;;;;;;;;;;;;;;;;;$,m:13:5.4.8.7.6,m:23:10.11.12.9,Sg:n:11:S:ht|"
3527,3527,"CCNC(COCC)(N)O |$;A7;;;;;;;;$,Sg:n:6:N:ht|"
3528,3528,"C1C=CCC2=NCC3CNCC3C21.COC(C)OC.CC |$;;;;;;;G;;Q0;;;;;;;;;;;M$,m:13:0.12.4.3.2.1,m:19:8.7.11.10.9,Sg:n:4:J:ht|"
3529,3529,"CC(=O)N1CC2=C(C1)CNC2.CC |$;;U0;;;;;;;;;;R$,m:11:3.4.5.6.7,Sg:n:9:G:ht,Sg:n:10:z:ht|"
3530,3530,"CC(=O)[C@H]1[C@H](C2CCC1CC2)NC.CC(=S)NN(C)C.CC.CSP(=O)(O)SC |$;;;;J3;;;;;L;;Z2;;;;;;;;;;X5;;;;;;;$,m:13:3.8.7.6.5.4,m:20:3.8.9.10.5.4,m:22:6.7.8.9.10.5|"
3531,3531,"CC(NCCN)NCCO |$;Y;;;;;;V;;$,Sg:n:9:f:ht,Sg:n:7,8:T:ht|"
3532,3532,C1=CN=C2C1N=CNC2=S |$;;;;;;;;X;$|
3533,3533,"C1CC(NC1)C2=C(C(=CC(=C2Br)F)O)O.CN=C(NC)N(C)OC |$;V;;;;;;;;Q;;;;;;;;;;;;;;$,m:15:6.7.8.9.10.5|"
3534,3534,"CCC(CCO)NC(=O)C(C)(C)N |$;;;;;K;;;;;;Q0;$,Sg:n:3,4:A:ht|"
3535,3535,"CNC1=C2C=CC(=C1OS(=O)(=O)O2)O.C=NC=NC |$;;M;;;;;;M;;;;G2;T6;;;;;$,m:14:2.7.8.9.12.3|"
3536,3536,"CC[C@@H](CO)NC(=O)C(C)C#N |$;;;;;;;;;;;$,Sg:n:9:a:ht|"
3537,3537,"C1CN[C@@H](C2=C1SC=C2)CO.CC.CC |$E;;;;;;;Y;;;;;R;;R9$,m:11:0.5.4.3.2.1,m:13:6.5.4.8.7|"
3538,3538,"C1NC2=C(S1)N=C(C=C2)Cl.C=NC(=NC)SC.CC |$;;;;;;;;;;;;;;;;;;A0$,m:10:0.1.2.3.4,m:17:5.6.7.8.2.3|"
3539,3539,CC(CCON)NC |$;;;W4;;;;$|
3540,3540,C[C@H](CNC(=O)C)O |$;;L5;;;;;$|
3541,3541,"CCCC1C2CCC(N2)CC1(C)F.CN=C(NC)N(C)S(C)(=O)=O.CC(N)C(N)=O |$;;;;;;;;;;;;;;;;;;;;;;;;;;;;;$,m:13:3.10.9.7.8.4,m:24:5.4.8.7.6,Sg:n:4:Z:ht|"
3542,3542,"C1NC2=C(N1)N=CN=C2Cl.CN(N)C(N)=S.CN(C)N(C)N(C)C |$Z;;;;;;;;;;;;;;;;;;;;;;;$,m:10:0.1.2.3.4,m:16:5.6.7.8.2.3|"
3543,3543,"CCNC(C)C1(CCC1)C2=CC=CC=C2.CN=C(C)N=[N+]=[N-] |$;;;;;;;L;;;E8;;Q;;;;;;;;;$,m:15:10.11.12.13.14.9,Sg:n:0:T:ht|"
3544,3544,"C1[C@@H](C([C@H](N1)C(=O)O)P(=O)(O)O)O.CC(=N)NC=O |$;;;;J7;K5;U;;;;;;;;;;;;$,m:13:0.1.2.3.4|"
3545,3545,"C1CNCC1(N=[N+]=[N-])F |$;;;;;;;;$,Sg:n:6:S:ht|"
3546,3546,"CCC(C)C1C(C2C1CN2)C.CN(C)S.CC |$;;;;;;A0;;;;;;;;;;R60$,m:11:4.7.6.5,m:15:8.9.6.7|"
3547,3547,"C1=CNC(C=C1Cl)F.CNC(C)(C)S |$;;;;;;;;;;;;;$,m:8:0.5.4.3.2.1|"
3548,3548,"CNC1CCNC(=O)N1C.CNP(=O)(O)O |$;;K;;;;;;;B;;;;;;$,m:10:2.8.6.5.4.3|"
3549,3549,"C[C@H]1CNCCN1CC(C)O.CC(N)=S |$;;J;;;;;;;;;;;;$,m:11:1.6.5.4.3.2|"
3550,3550,"CCC1(CNC2(CCCC2)CO1)C.CBOC |$;;;;;;;;;;L6;;;;;;$,m:13:6.5.9.8.7,Sg:n:6:W:ht,Sg:n:8:S:ht,Sg:n:11:w:ht|"
3551,3551,"COC(=O)C1=C(NC2=CC=CC=C21)N.CC.CNC(=S)NN=C(C)C |$Q;;;;;;;X;;;;;;;;R9;;;;;;;;;$,m:14:4.5.6.7.12,m:16:8.9.10.11.12.7|"
3552,3552,"CC(C)OC1CCCN1 |$;;;;;;;;$,Sg:n:7:p:ht,Sg:n:1:i:ht,Sg:n:5:W:ht|"
3553,3553,"CC1=C(C=C(C=C1)Cl)C2CNC=C2C#N.CC.CN=NC(N)=O |$;;;;;;;;;;;;;;A0;;R;;;;;;$,m:15:1.6.5.4.3.2,m:17:9.8.12.11.10|"
3554,3554,C[C@@H]([C@@H]1CCCNC1)C(=O)O |$;;;;;;;;;;D$|
3555,3555,"B(C1CC=CC(=C1)NC)(O)O.CN(C)P(N)(N)=O |$;E5;;;;;;;;;;;;;;;;$,m:11:1.6.5.4.3.2|"
3556,3556,"CC1=C2C(=CC=C1)C=CN2.CC.CN=C(C)NC(C)=NC |$;;;;;;;W2;;;;R72;;;;;;;;;$,m:10:1.6.5.4.3.2,m:12:7.3.2.9.8|"
3557,3557,"CC(C)(C1CNCO1)C(=S)N.CS(C)(C)C |$;;;;;;;;E;;;;;;;$,m:11:3.4.5.6.7,Sg:n:1:g:ht|"
3558,3558,C=C1C(=O)NC=N1 |$D;;;;;;V$|
3559,3559,"C1CC2=C3C1CCC(=C3C(=CNC2)O)O.COC(=O)NS |$;;;;;;;;;;Y;;K4;;;;;;;;$,m:15:5.6.7.8.3.4,Sg:n:14:T:ht,Sg:n:5:A:ht|"
3560,3560,"C[C@@H]1[C@H]([C@H]([C@@H](N1)C(=O)O)O)O.CSC(SC)SC |$;;;;W1;;;;;;;;;;;;;$,m:11:1.2.3.4.5|"
3561,3561,"C1(=O)C(=O)NC(=O)NC1=O.CNB(C)NC |$;;M4;;;;;;E9;;;;;;;$,m:10:0.8.7.5.4.2|"
3562,3562,"CN1CC=CC2=C1OCC(=O)N2.CC.CC |$;;;;;;;;;Y2;;M0;;R1;;R$,m:12:1.6.5.4.3.2,m:14:7.8.9.11.5.6|"
3563,3563,"CC(C1CC1)NC2=CC=CC=C2I.CC |$;;;;B;;;;;;;;;;Z$,m:13:3.2.4|"
3564,3564,CC1CC(=O)NC2=C(N1)C(=CC=C2)F |$;;;A0;;;;;;;;;;$|
3565,3565,C[C@@H]1C[C@H]1NC2=C(C=CS2)[N+](=O)[O-] |$;;K4;;;;;;;;;;$|
3566,3566,"CC1=C(SC=C1)C2CCN2.CC |$;G0;;;;;;;Z9;;;R46$,m:10:7.8.9.6,Sg:n:0:k:ht|"
3567,3567,"CC/C=C\1/C=CN/C1=C/C=C |$;;;;Z;;;;;;$,Sg:n:4:X:ht|"
3568,3568,"CC1C(C(=O)NC1C(C)C)C.CC |$;Q0;;;;T2;;;;;;;R0$,m:11:1.2.3.5.6|"
3569,3569,CC(NC(C)O)O |$;;;;J1;;$|
3570,3570,"CC1(CC(CC(N1)(C)N)NC)C |$;;Z;;;;;;;;;$,Sg:n:8:d:ht|"
3571,3571,"CCC1(CCCN1)C2=CSC=C2Br.CC.CON=S |$;;;;U6;;;;;;;;;;R;;;;$,m:13:3.2.6.5.4,m:15:8.7.11.10.9|"
3572,3572,"CC(N)NC1=CCCC1.COC(=N)N(C)C |$;;;;;;;;;;;;;;;$,m:9:4.5.6.7.8|"
3573,3573,"CC1C/C(=N/N)/C(CN1)C |$;;;;A6;;;;;$,Sg:n:5:h:ht,Sg:n:3:X:ht|"
3574,3574,"C1CC1C2CNCC2CF.CC |$;;;;;;;;M;;;R01$,m:10:4.3.7.6.5|"
3575,3575,"C1C2CC1NC(=O)C3=CC=CC=C23.CN=C(OC)N(C)C.CC |$M;;;;;;;;;;;;;;;;;;;;;;U$,m:13:0.3.2.1,m:21:4.3.2.1.12.7.5|"
3576,3576,"CNC(C1=C(C(=CC(=C1)Cl)Cl)OC)NC |$;;;;;E8;;;;;;;;;$,Sg:n:5:T:ht,Sg:n:6:y:ht|"
3577,3577,"C1OC2=C(O1)C3=C(C=C2)NC=C3N.CSC(C)=N |$;;X3;;;;;;;;;;;;;;;$,m:13:9.6.5.11.10|"
3578,3578,"CC1=C2C=CNC2=C(C=C1)I.CNNC(=O)OC |$;;;;;;;;Q3;;;;;;;;;$,m:11:1.9.8.7.6.2|"
3579,3579,CCNC1=C(C(=NC=C1)N)C=C |$;;;V;;X;;;;;;$|
3580,3580,"CC(C(=O)N)N1CCNC2=CC=CC=C21.CC |$;;A4;;;;X;;;;;Q6;;;;;R$,m:15:5.14.9.8.7.6|"
3581,3581,"C1[C@H]([C@H](CN1)C(F)(F)F)C(F)(F)F.CN(C)S(=O)(=O)N(C)C |$;;;;K;;M;L;;;;;;;;;;;;;;$,m:13:0.1.2.3.4,Sg:n:7:R:ht|"
3582,3582,CCC(CC)C1(CCCOC1)CNC |$;;;;;;;;;D;;;;$|
3583,3583,"CC(C)(C)N(C1=CC(=O)NC(=S)N1)S(=O)(=O)C.CN(C)C(=S)N(C)N |$;;;J;V1;;;;;;;;;Y;;;;;;;;;;;$,m:17:5.12.10.9.7.6|"
3584,3584,"COC1=C(C(=CC=C1)F)NC(=O)N.CC |$;;;;;Y;;;;;;;;;R0$,m:13:2.7.6.5.4.3|"
3585,3585,"C1CC2CCC3=C(C2=NC1)C=CN3.COOOC.CC |$;;;;;;;;;X;;;;;;;;;;Q91$,m:13:3.4.5.6.7.2,m:18:10.6.5.12.11|"
3586,3586,"C1C(COC(=O)N1)F.CC |$;M;;;;;;Q0;;E30$,m:8:0.6.4.3.2.1,Sg:n:0:G:ht|"
3587,3587,C1CC(=O)NC1 |$;;;;;K$|
3588,3588,"CC1=C(C=C(C=C1)N)CNC.CSN(C)SC |$;;;;Z9;;;;;;;;;;;;$,m:11:1.6.5.4.3.2|"
3589,3589,"C1=CC=C2C(=C1)[C@H]([C@@H](N2)O)O.CC.CN=C(SC)SN(C)C |$;;;Y0;;;;;;;G;;K5;;;;;;;;;$,m:11:0.5.4.3.2.1,m:13:6.4.3.8.7|"
3590,3590,C1CNC[C@@H]2[C@@H]1N(CCO2)C(=O)[O-] |$;;;;L9;;;;;;;;$|
3591,3591,"C=[N+]1C2C13C2N3.CN(N)N=O |$;W7;;;;;;;;;$,m:6:5.4.3|"
3592,3592,COC1=CNC(=O)C(=C1)Cl |$M;;;;E3;;;;;D$|
3593,3593,"CN1CCOC2[C@H]1CCNC2.CC.CC |$;;;;B6;;;;;;;;X;;R$,m:11:1.6.5.4.3.2,m:13:7.8.9.10.5.6,Sg:n:3:Y:ht|"
3594,3594,"C1C(NCN1)C2=CC=CS2.CC.CC |$E;;;J;;;;U;;U;;Y;;X0$,m:10:0.1.2.3.4,m:12:6.5.9.8.7|"
3595,3595,"C1CCCNCCC1.CN=C(C)NN=C(C)C |$;;;;;;;;;;;;;;;;$,m:8:0.7.6.5.4.3.2.1|"
3596,3596,"C1CC(=O)NC1=N.CC |$;;;;;;;;A3$,m:7:0.1.2.4.5|"
3597,3597,"C1=CC=C2C(=C1)C=C(C3=C2NC=C3)I.CC |$;;;;;W3;;;;;;;;;;U$,m:14:0.5.4.3.2.1|"
3598,3598,"C1CC(N(C1)C2CCNCC2)S |$;;;;;;W4;;;;;$,Sg:n:4:I:ht,Sg:n:11:h:ht|"
3599,3599,"C1CSC2=C1NC(=O)C=C2O.CN=C(C)OC |$;;;;;;;G;Q;;;;;;;;$,m:11:0.1.2.3.4,Sg:n:5:Z:ht|"
3600,3600,"CC1=C(C2=CC=CC=C2N1)C(CN)(F)F |$;;Y;;;;;;A2;;;;;;Z4$,Sg:n:5:M:ht|"
3601,3601,"CC1CC(N1)NC |$;;;;;;$,Sg:n:1:x:ht|"
3602,3602,C/C=C/1\C2=C(C=CC=N2)NC1=O |$;;;;;;;;;;;X$|
3603,3603,C=CCNC(=O)S |$;U;;;;;$|
3604,3604,CSC1=NC(=C(C(=O)N1)OP)C(=O)OS |$;;;;;;;;V;;;;;;$|
3605,3605,C1=C(C(=C(C(=O)N1)N)F)I |$;;B3;;;;;;;$|
3606,3606,"CN1C(=C2CNCC2=N1)CO.CC.CN=CNC(C)=O |$;;;;;;;;;;;;R;;;;;;;$,m:11:1.2.3.7.8,m:13:4.3.7.6.5|"
3607,3607,"C(C1C(C(C(C(=O)N1)O)O)O)O.CC |$;;;;;;;;;;;;;V5$,m:12:1.7.5.4.3.2|"
3608,3608,"CNC1(CCCCC1)CN.CON(C)C(C)=O |$;U3;;;;;W;;;;;;;;;;$,m:10:2.7.6.5.4.3,Sg:n:2:i:ht|"
3609,3609,"CC(C)CN1C(C(=N)NC1=O)CC(=O)N.CC |$;;;;;;;;;B1;;;;;;;R56$,m:15:4.5.6.8.9|"
3610,3610,"CC1C(C(CCN1)OC)C=O.CN=CC=NC |$;;;;;;;;;;;;;;;;$,m:11:1.6.5.4.3.2|"
3611,3611,"CC1C2C1(OC2)NC(C)C.CN=C(OC)N(C)NC |$B6;;;;;;;;J3;;;;;;;;;;$,m:10:1.2.3,Sg:n:1:U:ht|"
3612,3612,CC(CN)NC(=O)C(F)(F)F |$;;;W7;;;;;;;$|
3613,3613,"C1C2=CC(=NC=C2CN1)Cl.CC |$;;;;Q5;;;;;;;A$,m:10:0.1.6.7.8|"
3614,3614,CCNC(C)(C)C |$;;;W2;;;$|
3615,3615,"CC[C@@H](C)CNC(=NC)N |$Z;;;;V;;;;;$,Sg:n:5:b:ht|"
3616,3616,"C[C@@]1(C(=O)NC(=O)N1)CS(=O)(=O)O |$;;;;;;;;K4;;;;$,Sg:n:3:z:ht|"
3617,3617,"CC(C)(C)NC1=C(C=CC=N1)CO.CC |$;;;;;;;;A9;;;;;;R4$,m:13:5.10.9.8.7.6|"
3618,3618,CC1(CCN[C@@H]1C(=O)O)C |$T;;;;;A;;;;$|
3619,3619,"CC(CCNC)CNC(=O)C=C |$;;;;Z;;;;A9;;;$,Sg:n:0:G:ht,Sg:n:6:J:ht,Sg:n:2,3:E:ht|"
3620,3620,CC[C@@](C)(CC(=O)OCC)NC |$;;;;X0;;;;;;;$|
3621,3621,"C1=C[C@@H]2[C@H]3[C@H]([C@@H]1O2)C(=O)NC3=O.CONS(C)(=O)=O |$;;;;;;;;;;;;;;;;;;$,m:12:0.1.2.6.5|"
3622,3622,"C1COC2(CC1F)CNC2.COC=O |$;;;;;;;;;;;;;$,m:10:7.8.9.3|"
3623,3623,"C1CC2=C(C1NC3CSC3)C=C(S2)Cl.C=NC(C)=NC |$;;;;J7;;;;;;;;;Q;;;;;;$,m:14:10.3.2.12.11|"
3624,3624,C1[C@H]([C@H](N1)C(=O)O)O |$;;;;K8;;W;$|
3625,3625,"C1=CNC(=C2C1N=C2)C=O.CN=C(NO)N(C)C |$;;;;;;;;;;;;;;;;;$,m:10:6.7.4.5,Sg:n:4:e:ht|"
3626,3626,CC(C(C)(C)C)NC |$K;;;;;;;Q$|
3627,3627,"CCC1CNCCC1C2=C(C=NN2C)Cl.CC.CC(=N)ON |$;;;;;;;Q3;;;;;;;;;R;;;;;$,m:15:2.7.6.5.4.3,m:17:9.8.12.11.10|"
3628,3628,"C1C[C@@H]2NC(=O)CCN2C1.CP(O)O |$J3;;;;;;;;;;;;;$,m:10:0.1.2.8.9|"
3629,3629,"C1=CC(=O)NC=C1.CC |$;V;Q;;;;T6;;R16$,m:7:0.6.5.4.2.1|"
3630,3630,"CC1CC2=C(C=CC=C2O1)C(C)NC.CN(C)P(C)C |$;;;;;D7;;;;;;;;;;;;;;$,m:14:4.5.6.7.8.3|"
3631,3631,"C1CCNC(C1)NCN.CC |$;;;;;;;;K;;R1$,m:9:0.5.4.3.2.1|"
3632,3632,"C1CCC(C1)[C@@H]2CCN2.CC.CC |$;;;;;;;;;;R;;Z$,m:9:0.1.2.3.4,m:11:6.7.8.5,Sg:n:5:K:ht,Sg:n:0:C:ht|"
3633,3633,"CC1=CC(=NC(=N1)C)C(=O)NC2(CCNCC2)C.C[NH2+][O-] |$;;;;;;;;;;;;;;;;;;;;$,m:18:12.13.14.15.16.11,Sg:n:14:L:ht|"
3634,3634,"CCC[C@@H](C(=O)O)SC1=CC=CC=C1NC(=O)C(C)C.CC=NOC(=O)NC |$;T1;;;;;;;;B9;;;;;;;;;;;;;;;;;;$,m:20:8.13.12.11.10.9,Sg:n:1,2:c:ht|"
3635,3635,"CC1=C(C2=C(C=C1)SC(=N2)NC(C)C(=O)C3=CC=CC=C3)C.CC(=S)N=[N+]=[N-] |$D0;;;;J0;;;;;;;;;;;;;;;;;;;;;;;$,m:22:1.6.5.4.3.2|"
3636,3636,"CC1=CC=C(S1)C(C)(C)C2CCCN2.CC=[NH+]C.CC |$;G8;;V4;L;;;;;;;;;;;;;;;E$,m:14:1.2.3.4.5,m:18:10.9.13.12.11,Sg:n:5:e:ht|"
3637,3637,"CC(C(=O)NC1=CC(=C(C=C1)Br)F)NC.CC |$;;;;;Q;;T;;;;;;;;;R10$,m:15:5.10.9.8.7.6|"
3638,3638,"CC(CNC1=CC(=NC=C1)OC)CSC.CN=C(N(C)C)N(C)NC |$;;;;;;B1;J5;;;;Y;;;;;;;;;;;;;$,m:15:4.9.8.7.6.5,Sg:n:9:K:ht|"
3639,3639,CC(CC#C)NC1=NN(C=C1[N+](=O)[O-])C |$;;;;;G9;;;;;;;;;$|
3640,3640,CC(C)(C)C1=NN(C=C1CNC2=CC(=CC=C2)O)C |$;;Q0;;;E;;;;;K;;;;;;;;$|
3641,3641,"CC1CCCCCC1NC2=NC(=CN2C3CCCC3)C |$;W6;;;;;;;T;X7;;;;;;;;;;$,Sg:n:19:s:ht,Sg:n:2:K:ht|"
3642,3642,"CC(CC=C)NCC1CCCOC1.CNC(C)=NO |$;;;;;;V8;;;;;;;;;;;;$,m:13:7.12.11.10.9.8,Sg:n:2:a:ht|"
3643,3643,CCC(CC)NCC(C)OCC=CC |$;;;L5;;;V;;;;;;;$|
3644,3644,"CC1CN(CCN1)CC2=CC(=CS2)C.CC |$;;;;;;;E9;;;;;;;;Z30$,m:14:9.8.12.11.10|"
3645,3645,"COC1CCCC1N[C@@H]2CCC[C@H]2O.CC.CN(C)N=CN |$;;;;;;X;;;;V;;E8;;;R99;;;;;;$,m:14:2.3.4.5.6,m:16:9.8.12.11.10,Sg:n:5:d:ht|"
3646,3646,"CCC(C)C1C(=O)N(C(N1)C2=CC=CS2)CC(C)(C)CC.C=NC(C)=NNC |$;;;;;;;;;;;;;;;;;Z8;;;;;;;;;;$,m:21:11.10.14.13.12,Sg:n:16:n:ht|"
3647,3647,"C1CC1N2C(=CC(=O)NC2=O)Cl.CC |$;;;;;;W8;;;;;;;U94$,m:12:0.1.2|"
3648,3648,"CN(C)C(=O)C1=C(C(=C(S1)NCC2CCOC2)OC)N.CC |$;;Z8;U;;;;;;;;;;;;Z4;T;;;X;;R2$,m:20:5.6.7.8.9|"
3649,3649,"CC1=CC=CC=C1CNCC2=NC=CS2.CC |$;;;;;;;;;;;;;;;;R4$,m:15:11.10.14.13.12|"
3650,3650,"CNCC1CC(C1)[OH+]C.CC |$;;;K;;;;;;;R53$,m:9:3.6.5.4,Sg:n:7:z:ht|"
3651,3651,"CCC1=C(OC(=N1)N)C(=S)NC |$;;;;;;;;;;;$,Sg:n:11:P:ht|"
3652,3652,"C1=CC=C(C(=C1)/C=C(\C#N)/C(=O)NC2=CC(=C(C=C2)F)Cl)Cl.CC=NN=N |$Y3;;;;;;;;;;;;;;;;;U;;;;E;;;;;$,m:22:0.5.4.3.2.1,Sg:n:10:c:ht|"
3653,3653,"CCNC(CCC(C)C)C1=CN=CN=C1 |$;;;D;;;;;;;;;;;$,Sg:n:4,5:c:ht|"
3654,3654,"C1CCO[C@@H](C1)CNCCN2C=CC=N2.CC |$L;;;;;;;;;;;K;;;;;W44$,m:15:11.10.14.13.12,Sg:n:4:u:ht,Sg:n:13:I:ht,Sg:n:8,9:l:ht|"
3655,3655,"CC1=C(C2=C(C=C1)NC(=C2)C(=O)N=[N+]=[N-])C.CC |$;;;;T;;;;;;;;;;L;;;R$,m:16:7.4.3.9.8|"
3656,3656,"CC(C)(CNC)N(C)C1=CC=C(C=C1)F.CP |$Q;;;;;G;;;;W;;;;;;;$,m:15:8.13.12.11.10.9|"
3657,3657,"C1CCC(CC1)S(=O)(=O)N2CCNCC2.COC(SC)SC |$;;E;;;;;;;;;;;;;;;;;;;$,m:15:0.5.4.3.2.1,Sg:n:5:B:ht,Sg:n:14:k:ht|"
3658,3658,"CCCCCC(C)CCNC1CC1 |$;;;;;;M9;;;X2;;;$,Sg:n:1,2,3:m:ht|"
3659,3659,"CC(C1=CC=CC=C1)C(=O)N[C@H]2[C@@H]3CC[C@@H](C3)[C@H]2C(=O)O.CC(=O)SC(C)=O |$;;;G2;;;;;;;;;;;;B8;G2;;;;;;;;;;;$,m:21:16.15.17.11.12|"
3660,3660,"CC1=NC=CC(=C1)NC(=O)CCCNC |$L0;;;;;;;;;;;;K;;$,Sg:n:13:k:ht|"
3661,3661,"C1CSC(=N1)NCCC(F)(F)F.CS(=O)(=O)O |$X;;;;L7;;;;;;;;;;;;$,m:12:0.1.2.3.4,Sg:n:6,7:N:ht|"
3662,3662,"C1CC(OC1)CN2C=C(C=N2)NC=O.CC |$G3;;;;;;;;;;;;;;;A33$,m:14:0.1.2.3.4|"
3663,3663,"CCNC1CCC(C1)C#N |$;;;;;;;;;$,Sg:n:9:Q:ht,Sg:n:4:y:ht|"
3664,3664,"CC1=CSC(=N1)C(C)NC(=O)C2(CCCC2)CN.CC(=N)OC(C)=N.CC |$;;;;;;;;;;;;;L3;;;;;;;;;;;;;V$,m:18:1.2.3.4.5,m:25:12.11.15.14.13,Sg:n:17:r:ht|"
3665,3665,CC1=CC(=CC(=C1O)C)CNCC(F)F |$;;;;;;;;;X1;;;;Y0;$|
3666,3666,"CC1(CCN(C1)C(=NC)NCC2=C(C=CC=C2F)OC(F)F)C.CC |$;;;;;G4;Q8;D7;;;;;;;;;;;;;;;;;R06$,m:23:12.13.14.15.16.11,Sg:n:10:y:ht|"
3667,3667,"C/C=C/[C@H]1C2=CC=CC=C2CCN1 |$;;;;;;Q;;;;;;$,Sg:n:3:z:ht|"
3668,3668,"CC(CC(=O)NCC(C1=CC=CS1)N2CCOCC2)CN.CN=C(OC)N(C)OC |$;;;;;;A;;;;;;J;;;;;;;;;;;;;;;;;$,m:21:14.15.16.17.18.13,Sg:n:16:m:ht|"
3669,3669,"C1=C(C(=CC(=C1F)Cl)F)C2C(=O)NC(=O)N2.CC |$;;;;;;;;;;;;;;G1;X;;R$,m:16:0.5.4.3.2.1,Sg:n:10:O:ht|"
3670,3670,CC1=C(C(=C(C=C1)C(CC2CCNC2)(F)F)C)C |$;;;;;;;;;;;;;W;;;K;$|
3671,3671,"CC(C)NC(CN1C=CC(=N1)C(F)(F)F)C(=O)O.CC |$;;;;;;;;;;D;;;;;;;;;R$,m:18:6.7.8.9.10,Sg:n:6:a:ht|"
3672,3672,"CC(C(C)O)N1C(=O)C(NC1=O)(C)C.CC |$;J3;;;;;;;;;;;;;;R5$,m:14:5.6.8.9.10|"
3673,3673,"CC(C)NC1(CCCC(C1)OC(C)COC)C(=O)OC.CSC(=S)NN |$;;;;;;;;;;;;;;;;;;;;;;;;;$,m:20:4.9.8.7.6.5,Sg:n:17:x:ht|"
3674,3674,"CCCNC(CC1CCCCCC1)CC(C)CC |$;;;;;;;;;;;;Q;D;;G;;$,Sg:n:11:x:ht,Sg:n:1,2:z:ht|"
3675,3675,"C1=CC=C(C(=C1)N)SC2=NC=CN2.CC |$;;;;;;;;;;;B;;;M$,m:13:9.8.12.11.10|"
3676,3676,C1C(CN1)(CC#N)N2C=C(C=N2)N=[N+]=[N-] |$;Q9;W2;;A4;;;;;Z0;K3;;;;$|
3677,3677,"C1CCC(CC1)NC(=O)CN2C3=C(C(=O)N(C2=O)C4=CC=CC(=C4)C(F)(F)F)SC=C3.CC |$;;;;;Z1;;;T3;;;;;;;;;;;;;;;;;T;;D8;;J7;T;;R$,m:31:0.5.4.3.2.1|"
3678,3678,"CC1=CNC2=C1C=C3C(=C2)C=CS3.CC.CN=C(N)N |$;;;;Q7;;;;;X;D7;;;;R;;;;;$,m:13:1.2.3.4.5,m:15:6.7.8.9.4.5|"
3679,3679,"CCC(=C)N=CC1CC2=CC=CC=C2N1.CN=S(C)N.CC |$;;T5;;;;;;;;;;;;;;;;;;;R3$,m:15:6.7.8.13.14,m:20:9.10.11.12.13.8|"
3680,3680,"CC1=C(C=CC(=N1)NC2(CCCOC2)C)N.CC |$;B2;;J3;;;;;M3;;Q;;;;;;;V9$,m:16:9.10.11.12.13.8|"
3681,3681,"C1COC(CO1)CNCCC#N.CC |$;;;;;;;;;;;;;R5$,m:12:0.5.4.3.2.1,Sg:n:10:u:ht,Sg:n:2:R:ht,Sg:n:8,9:y:ht|"
3682,3682,"CC(C)CC1CN(CCN1)C(C)CC#C.CC |$;;;;;;;;Z;;;;;;;;R0$,m:15:4.9.8.7.6.5|"
3683,3683,CC(C)COC(=O)NCC(C)C(=NO)N |$;;;;T6;;V;;;;;Z;;;$|
3684,3684,"CCNC1=CC(=C(C=C1)OC)C(C)OCCC(C)C.CC |$T2;;;;X3;;;Y;;;;E;;;X;;;;;;J79$,m:19:3.8.7.6.5.4,Sg:n:14,15:j:ht|"
3685,3685,"CC1=CC(=C(C(=C1)C)NC(=O)[C@@H](C)SC2=CC3=C(C=C2)OCCO3)C.CON(O)OC |$;;;;;;;;;;;;W;;;;;;;;;W;;G;;;;;;;$,m:25:20.21.22.23.16.17|"
3686,3686,"C1CC(COC1)NCCCCO.CC |$;J4;;;G2;;;;;;G;;;R7$,m:12:0.5.4.3.2.1,Sg:n:8:r:ht,Sg:n:8,9,10:u:ht|"
3687,3687,"CC(C)(C)C1=C(C2=C(O1)CNC2)CN.CSC#N |$;;;;;;;Z;;;;;;;;;;$,m:14:4.5.6.7.8|"
3688,3688,CNC(=O)CC(=O)NC1=CCCC=C1 |$;;;;Z;;;;;;;;;$|
3689,3689,CCN(CC)C(=O)NCC(C)CO |$;;;;;;;;;;;B6;$|
3690,3690,"C1=CC=C(C=C1)NC(=O)C2=CN=NS2.CC |$;;;;;;;;;;;;;;;R38$,m:14:0.5.4.3.2.1|"
3691,3691,"CCC(=O)N1CSC[C@H]1C(=O)NCCN(C)C(=O)OC(C)(C)C.CC=S |$U1;;;;;;;;;;;;;;A1;;;;;;;;;;;$,m:23:4.5.6.7.8,Sg:n:6:k:ht,Sg:n:12,13:i:ht|"
3692,3692,"CCCC(C)NC(C)C1=CC=C(S1)Cl |$;;Z5;;;D;;;;;;;;$,Sg:n:7:W:ht,Sg:n:1,2:i:ht|"
3693,3693,"C1=CC(=CC(=C1)O)NC2=C(C=CC=N2)Br.CC |$;;;;;;;;;;;;;;;;R5$,m:15:0.5.4.3.2.1|"
3694,3694,"CNC(CN1C(=O)C2CC2C1=O)C3=CC=CC=C3.CN=C(N=C(C)C)N(C)C |$;;V;;;;;;;;;;A;;;;;Q;;;;;;;;;;$,m:18:5.4.10.9.7|"
3695,3695,"CCC(CNC)C(=O)N(C)C1=CC2=C(C=C1)OCC2 |$;;;;;;;;;;;;Z;;;;;;$,Sg:n:0:b:ht|"
3696,3696,"CN1C=C(C=N1)CN2C=CC(=O)NC2=S |$;;;;;;;;;;;;;;$,Sg:n:0:b:ht|"
3697,3697,"CCN(CCO)C(=O)NC1=CN=CC=C1 |$;;;;;;;;;;;;;;$,Sg:n:3,4:h:ht|"
3698,3698,"CC(CCC=O)NC(C)C1=CC=CC=C1.COC(=O)S |$;;;;;;;;;;;;;B0;;;;;;$,m:15:9.14.13.12.11.10,Sg:n:2,3:b:ht|"
3699,3699,"CN1[C@@H]2CC[C@H]1CN(C2)C3=NC(=NC=C3)NC4=CNN=C4.CN=C(C)C(C)=N.CNS(C)(=O)=S.CC(C)=NN(C)N=C(C)C |$;;;;;;;U5;;;;;;;;;;;;;;;;;;;;;;;;;;;;;;;;;;;;$,m:21:1.2.3.4.5,m:28:6.7.8.2.1.5,m:34:10.11.12.13.14.9,Sg:n:9:y:ht,Sg:n:8:a:ht|"
3700,3700,C1CNCC1CC2=CC(=C(C=C2)N)Br |$;;A;;X;;;;;;;;;$|
3701,3701,CC1CCC(NCC1)C2=CC=CC=C2 |$;;;;;;;X4;;;;;;$|
3702,3702,"CC1=NC=C(N1)C2=CC=CC3=CC=NN32.CC.CC=NNC(=NC)NC.CNP(=O)(NC)N(C)C |$;;;;;;;;;D7;;;U;;;;L;;;;;;;;;;;;;;;;;;$,m:15:1.2.3.4.5,m:17:7.8.9.10.14.6,m:26:11.10.14.13.12|"
3703,3703,"CC(=C)CCOC1=CC(=NC=C1)CNC |$;;;;;;;;;;;;;E;$,Sg:n:3,4:P:ht|"
3704,3704,"CCCNCCS[I-]C |$;;;;Q4;;;U8;$,Sg:n:8:c:ht,Sg:n:6:E:ht|"
3705,3705,CCCC(CCO)CNCCC(=NO)N |$;;;;X;;;;;;;;;;$|
3706,3706,C1C=CCC2C1CC(C2)NCO |$;;;;;;U;;;;;$|
3707,3707,"CC(C1=NC=C(N1)C2CCCO2)C(=O)O.CNC(=O)C(C)O |$;;;Q8;;;;;;;;;M;;;;;;;;;$,m:15:2.3.4.5.6|"
3708,3708,"CCCCCC(CC)NC(=O)C(=C)C |$;;;;;;;;;;;;;X1$,Sg:n:8:P:ht|"
3709,3709,CCN/C=C\C1=CC2CC2C=C1C |$;;;;E;;;;J7;;;;$|
3710,3710,"CC(=O)CC(=O)NC1CCCCC1CO.CC |$;;;;;Q;;;;;;;;J;;;R45$,m:15:7.12.11.10.9.8|"
3711,3711,"CCCNCC1=CCC=C(C(=C1)CC)C |$;;;;L;X0;;;;;;;;;J$,Sg:n:7:L:ht,Sg:n:1,2:b:ht|"
3712,3712,"CC1=CC(=NC(=N1)[C@H]2CCCN(C2)C)NCC3=NC=CN3C.CC.COC(C)=NO.CC |$;;;;;L;;;;;;;;;;;;;;;;J0;;R1;;;;;;;;R8$,m:22:1.6.5.4.3.2,m:24:8.9.10.11.12.7,m:30:17.16.20.19.18|"
3713,3713,"C[C@H](CN)NCC1=CC=C(S1)Br.COP(N)(N)=O |$;;;;;;;;;;;;;;;;;$,m:12:6.7.8.9.10|"
3714,3714,"CNC1=NC(=NC(=N1)N(C)C)NC2=CC(=CC(=C2)Cl)Cl.CC.CC |$;;;;;D;;;;;;;;;G;;;;V8;;;R8;;L$,m:20:2.7.6.5.4.3,m:22:13.14.15.16.17.12|"
3715,3715,"C1=CSC2=C1NC(=O)C(=C2Br)C(=O)O.CC.CC |$;;;;;;M6;V;;;;;;;;R;;R$,m:14:0.1.2.3.4,m:16:5.6.8.9.3.4|"
3716,3716,"CC(NC1=CC(=C(C=C1)Cl)C(=O)OC)I |$;;;;;V;;;;;;;;;$,Sg:n:2:g:ht|"
3717,3717,"CC(=O)NC1=CC=CC=C1OC2=C(C=CC(=C2)Br)C=O.CC |$;;;;T;;;;;;;;;;;;;;;;;E$,m:20:4.9.8.7.6.5,Sg:n:15:O:ht|"
3718,3718,"COCCCNC1=C(C=C(C=C1F)Br)F |$W8;;;;;D3;;;W;;Z;;L8;;$,Sg:n:3,4:n:ht|"
3719,3719,"C1C[C@@H]2CC3=C(C[C@H]2NC1)C=C(C=C3)O.CC(=S)NN(C)C |$;;;;;;A0;;;;;;;;;;;;;;;$,m:15:3.4.5.6.7.2|"
3720,3720,"C1CNC[C@H]1C2=CC3=C(N2)C(=CC=C3)Cl.CC.CC=NNC |$;;Z;;;;;;;;;;;Z8;;;R8;;;;;$,m:15:0.1.2.3.4,m:17:10.11.12.13.7.8|"
3721,3721,"CCC1(CN(CCCN1)CC2=CC=CC=C2C(F)(F)F)C.CNC(=S)C(C)N |$;;;;;;;;;;;;K;;;E;;;;;;;;;;;;$,m:21:11.12.13.14.15.10|"
3722,3722,"C1C(C2=C(NC1=O)N=C([Se]2)N)C3=CC4=C(C=C3)OCO4.CC |$;;;M7;;;;;;;;;;;;;;;;;;T$,m:20:12.13.14.15.16.11|"
3723,3723,"CC(=C1CC(NC1CC(C2=CC=CC=C2)C3=CC=CC=C3)(C)C)C.COOC(=O)O |$;;;;;;;;;D8;;;;;E;;U2;;W;;;;;;;;;;;$,m:24:10.11.12.13.14.9|"
3724,3724,"CC1=NC2=CC(=C3C=C(NC3=C2O1)Cl)Cl.CC |$;;;;;;;Z1;;;;;;;;;R8$,m:15:7.6.10.9.8|"
3725,3725,"C1=CC=C2C(=C1)C(=CN2)CN=[N+]=[N-].CC |$;;;;;;;;;;M;G9;;;J$,m:13:6.4.3.8.7|"
3726,3726,"CC(C)(C)C1=CC=CC=C1NC(=O)CN(C)CC(=O)O |$;;L1;;;;;;;;;;;;U4;;;;U3;B$,Sg:n:2:I:ht|"
3727,3727,"CN1C(=CC=N1)NCCN |$;;;;;;;;;$,Sg:n:7,8:u:ht|"
3728,3728,"CC(C)SC1=NC(=NC(=C1)NC)SC |$;;;;;;;;;;;;;K$,Sg:n:7:H:ht|"
3729,3729,"CC1=C(C=CC=C1Cl)C(=O)NC2CS(=O)(=O)CC2Cl.CN=C(NC)N(C)C |$;;;;;W9;;;;;;;;;D1;;;;;;;;;;;;$,m:19:1.6.5.4.3.2|"
3730,3730,"CCNC1CC(C1C)C2=NC=C(C=C2)F.CC(S)C(=O)N(C)C |$;;;;;;;;;;;;;;;;;;;;;;$,m:15:3.6.5.4|"
3731,3731,CC1=NN(C(=C1CNC)SC(C)C(C)O)C2=CC=CC=C2 |$;;;;;;;;;;;;;;;;M;;;;$|
3732,3732,"CNC(C1CCN(C1)C)OC.CON(C)C(N)=O |$;K;;;;;;;;;;;;;;;;$,m:11:3.4.5.6.7|"
3733,3733,"CCC1C(=O)NCCN1C2=C(C=NC3=CC=CC=C32)CN.CC |$Q;;;;;;;;A;;W6;;;;;;;;;W3;;;Q36$,m:21:10.11.12.13.18.9|"
3734,3734,"CCN1C=C(C(=N1)CNCCO)N |$;Y5;;;;;;;;;;;$,Sg:n:8:M:ht,Sg:n:9,10:g:ht|"
3735,3735,"CC(C)C(CC1=CN=CN1)C(=O)OC.CC |$;;J1;;;;;;;;;;;;;R84$,m:14:5.6.7.8.9,Sg:n:4:V:ht|"
3736,3736,"CC1=C(C=CC(=N1)NC(=O)C(C)NC)Br.CN(C)N(C)N |$V6;;;;T;;B1;;;;;;;;;;;;;;$,m:15:1.6.5.4.3.2|"
3737,3737,"CC1=C2C(=C(C=CN2)NCC(CO)O)C(=[N+]([O-])[O-])C=C1.CN=C(C)N(C)S(C)(=O)=O |$;;;;;;;;;;;;;;;;;;;U6;;;;;;;;;;$,m:20:4.5.6.7.2.3|"
3738,3738,"CC(CN1CCCC1=O)NCC2=C(C=CC(=C2)Cl)OC.CC.CC |$;;;;;;;;;L;;;B;;;;;;;;;R84;;A4$,m:20:4.3.7.6.5,m:22:12.13.14.15.16.11,Sg:n:4:R:ht|"
3739,3739,"C1C(=O)NC2=C(S1)C=CC(=C2)C3=C(NN=C3)CN.CC.CN=C(N(C)C)N(C)NC |$;;;;;;;;;;Z8;;;;;U6;B;;;R0;;;;;;;;;;$,m:18:0.6.5.4.3.1,m:20:7.8.9.10.4.5,Sg:n:16:H:ht|"
3740,3740,"CC1CCC(CN1)N2CCCN3CCCC3C2.CC |$;;;;;;;;;;;;;;;;V;;R65$,m:17:8.7.16.15.11.10.9|"
3741,3741,"COC(=O)CC1=CC=C(N1)CC(=O)OC.CN(C)C(=O)N(C)O |$G;;;;;;;;;;;;;;B;;;;;;;;$,m:15:5.6.7.8.9,Sg:n:5:R:ht,Sg:n:4:E:ht|"
3742,3742,"CC(=O)NC(CCSN=O)C(=O)O |$;;;;L4;;;;;;;;$,Sg:n:3:L:ht,Sg:n:5,6:K:ht|"
3743,3743,C[C@@H](C1=CC=C(C=C1)I)NCC(C)(C)O |$;;;;;;;;;;;V4;;;$|
3744,3744,"CCNC(=O)C1=CN=C(C=C1C)N |$;;;;;;G3;;;;;;$,Sg:n:0:F:ht|"
3745,3745,"CC(C)[C@@H](CNC1CCCCC1)N |$;;;;;;A;;;;;;$,Sg:n:3:A:ht,Sg:n:8:h:ht,Sg:n:11:n:ht|"
3746,3746,"CC(CC(=O)NC(C)COC1CCOC1)N.COC(=O)S(C)(=O)=O |$;;;;;;U9;Y;;;;;;;W;;;;;;;;;$,m:16:10.11.12.13.14|"
3747,3747,"CC(=C)CSCC(C(=O)O)NC(=O)C |$;;;A;;;;;Q1;;;;;$,Sg:n:9:s:ht|"
3748,3748,"CN1C(=CC=N1)CCNCCF.CC(=O)N(C)S(C)(=O)=O |$;;;;;;;;;;;;;;;;;;;;$,m:12:1.2.3.4.5|"
3749,3749,"CCNC1=NC=C2C(=N1)C3=C(CO2)SC=C3.CC |$;;;;;;;;U;;;;;;;;;L9$,m:16:3.8.7.6.5.4|"
3750,3750,"C[C@@H](C(=O)NCC1(CCCC1)F)O.CC(O)N(C)C |$;;;;;;;;;;;;;;;;;;$,m:13:6.7.8.9.10,Sg:n:5:z:ht|"
3751,3751,"C1CCCC[C@H](NCCCC1)C(=O)O |$;;;;;;;;;;;;;$,Sg:n:4:a:ht,Sg:n:12:n:ht,Sg:n:6:y:ht|"
3752,3752,"C1=CC=C(C=C1)CNC(=O)N.CN=C(C)SNC |$;E0;;;;;;;;;;;;;;;;$,m:11:0.5.4.3.2.1|"
3753,3753,"CCCC(C1=NC=CC(=C1)C)NCC |$;L5;;;;;;;;;;X2;;T7$,Sg:n:1,2:R:ht|"
3754,3754,"C1CC(C1)NC(CN)C2=CC=C(C=C2)Br.CB(O)N(C)C.CC=NN(C)C(=O)OC |$;;;;;;;;;;;;;;;;;;;;;;;;;;;;;$,m:15:0.3.2.1,m:21:9.10.11.12.13.8,Sg:n:14:G:ht,Sg:n:13:u:ht|"
3755,3755,"C1CC[C@@H](NCC1)CC(=O)C2=CC=CO2.CC.CC |$;;;;;;;;;J;J;;;;;;R8;;R$,m:15:0.1.2.3.4.5.6,m:17:11.10.14.13.12|"
3756,3756,"C1CC1C(=O)NC2=CN=CC(=C2)C3=NC=C4C(=C3)C(=NN4)C5=NC6=C(N5)C=NC=C6C7=CSC=C7.CC.CC.CC.CONC(C)=S.CN(C)C(=O)N(C)C |$;;;;;;;;;;;;;;;;;;;;;G;;;;;A2;U0;;;;;;;;;R;;R;;R28;;;;;;;;;;;;;;$,m:35:7.8.9.10.11.6,m:37:13.14.15.16.17.12,m:39:19.18.16.15.20,m:41:22.21.25.24.23,m:47:31.30.34.33.32|"
3757,3757,"CCCNCCS(=O)(=O)N(CC)CC1=CC=CO1.CC |$;;;E4;;;;;;;;;;;;;;;;T$,m:18:13.14.15.16.17,Sg:n:9:Z:ht|"
3758,3758,"CCCCC(=O)NC(=O)O |$;;;D5;;;W2;;;$,Sg:n:2:t:ht,Sg:n:6:t:ht,Sg:n:1,2,3:D:ht|"
3759,3759,"C1[C@@H](C=CS1(=O)=O)NC2=CC=C(C=C2)F.CON(C)OC |$;;;;;;;;;;;;;;;;;;;;$,m:15:9.10.11.12.13.8|"
3760,3760,"CCCNC(=O)C1=NN(C2=C1CCC2)C.CC.CN=C(C)C(C)O |$E1;;;;;;;;;;;;;;;;R;;;;;;;$,m:15:6.7.8.9.10,m:17:11.10.9.13.12,Sg:n:1,2:G:ht|"
3761,3761,"CCC(C)(CC)NC1=NC(=NS1)C(C)C.CC(=S)SC(C)=S |$;;;;;;;;;;;;Q2;;;;;;;;;$,m:15:7.8.9.10.11,Sg:n:9:a:ht|"
3762,3762,"C1=CC(=C(C(=C1)F)F)CCNCC(F)F.CN(C)NN=O |$;;;;;;W3;;;G0;;;G;;;;;;;;$,m:15:0.5.4.3.2.1,Sg:n:8,9:L:ht|"
3763,3763,"CC1=C(C(=C(C=C1)NC2=NS(=O)N=C2NCC3=CC=C(O3)C)O)C(=O)N(C)C.C=NC(=NC)OC |$;;;;;;;;L6;;;;;;;;;Y;;D;U;;;A;;;W;;;;;;;;$,m:28:17.16.20.19.18|"
3764,3764,"CSC1=CN=C(C=C1)NC2CCSCC2.CN=C(C)C(C)O.CN(C)C(C)(C)N(C)C |$;;;;;;;;;;;;;;;;;;;;;;;;;;;;;;$,m:15:2.7.6.5.4.3,m:22:10.11.12.13.14.9|"
3765,3765,"CC1CC(CC(C1)(C)C)C(=O)NC2=CC=CC=C2C(C)O.CC |$E;;;;K;;Y;;;;;;;;;;;;;;;;R$,m:21:1.6.5.4.3.2|"
3766,3766,"C1C(CNC1=O)NCCC2=CC=NC=C2 |$Q2;;;;;;;;;;;;;;$,Sg:n:7,8:e:ht|"
3767,3767,"C1=CN=CC=C1C(=O)NCCO[N+](=O)[O-].CC(=N)N=[N+]=[N-] |$;;;;;L;;;;;;;;;;;;;;;$,m:15:0.5.4.3.2.1,Sg:n:0:Y:ht,Sg:n:9,10:b:ht|"
3768,3768,"C=CC(NCCNC(C=C)O)O |$;;;;;;;;;;;$,Sg:n:4,5:v:ht|"
3769,3769,C=CCNCC1CCC(CC1)C(=O)O |$;K;;;;;;;B;;;;;$|
3770,3770,"CC1CN=C(S1)NCC(C)(C)SC.CN(C)S(C)(C)C |$;;;;;;;;;;;;;;;;;;;$,m:13:1.2.3.4.5|"
3771,3771,"CNCCC(C1=CC2=CC=CC=C2C=C1OC)N(N)/N=C\N.CC.CC=NN(C)NC |$;;;G6;;;;;;;L4;;;;;;;;;;;;;Y;;;;;;;$,m:22:5.14.13.12.7.6,m:24:8.9.10.11.12.7,Sg:n:2,3:r:ht|"
3772,3772,"CCN1CCCC(C1)NC(=O)C(C)CCl.CC |$;;;;;D;W;;;;;;;;;;U$,m:15:2.7.6.5.4.3,Sg:n:10:P:ht|"
3773,3773,"CC1=CC=C(C=C1)C(=O)NC(C(C)C)C(=O)N2CCC3=C(C2)C=CS3.CC.CC.CC |$;;;;;;;;;;;;;;;;;J8;;;;;;;;;R50;;K;;R4$,m:25:1.6.5.4.3.2,m:27:17.18.19.20.21.16,m:29:22.20.19.24.23|"
3774,3774,"CCNC(=O)CCN1C=CC=C(C1=O)Br |$;;;;;;;;;;;;;;$,Sg:n:10:q:ht,Sg:n:1:R:ht,Sg:n:5,6:s:ht|"
3775,3775,"C1CCC2C(C1)C2C(=O)NCC3(CCOC3)O.CC |$;;;;;;;;;;U0;;;;;X8;;;A$,m:17:12.11.15.14.13,Sg:n:6:j:ht|"
3776,3776,CCNC(C)(C)C(=O)OCC1CC1 |$;;Q6;;;;V5;;;;;;$|
3777,3777,"C1CCCC(CC1)C2CC(=O)CCN2 |$;;;;;;A;V8;;;;;;$,Sg:n:9:K:ht|"
3778,3778,"CCNC(C1CCOC2(C1)CCSCC2)C3=CC(=CS3)Br.CNC(=O)SC.CC |$;M8;;;Y0;;;;;;A;;;;;;W6;;;;;;;;;;;;W4$,m:21:10.11.12.13.14.8,m:27:16.15.19.18.17|"
3779,3779,"CCCN(C1CCNCC1)C(=O)[C@@H]2CC[C@@H](O2)C(=O)O |$;;Y;E5;;;;;;;;;;;;W1;;;;$,Sg:n:3:n:ht|"
3780,3780,"CC1=CC=C(C=C1)NCC2=NSN=C2.CN=C(NC)NSC.CSN |$;;;;K3;G5;J5;;;;;;;;;;;;;;;;;;$,m:14:1.6.5.4.3.2,m:22:10.9.13.12.11|"
3781,3781,"CC1=CC(=NO1)NC(=S)NCCOC |$;;;;;;;;V6;T5;;;;$,Sg:n:3:h:ht,Sg:n:10,11:w:ht|"
3782,3782,"CC(C)N1C=CC2=C1C=C(C=C2)CNC.CSC(=S)N(C)C.CC |$;;;;;;Y1;G6;;;;;;;;;;;;;;;;R$,m:15:3.4.5.6.7,m:22:8.9.10.11.6.7,Sg:n:9:z:ht|"
3783,3783,"C1=C2C(=CC3=C1N=C[NH2+]3)NC(=O)N=C2N.COC(=O)ON.CC |$;;;;;;;;;;;;;V;M;;;;;;;;W$,m:15:0.5.4.3.2.1,m:21:6.5.4.8.7,Sg:n:10:i:ht|"
3784,3784,"CC1=CNC=C1C(=O)NC2(CCCCC2C(=O)O)C.CNC(=S)NN=C(C)C |$;;;;;;;;;;;;;;;;;;;;;;;;;;;$,m:19:1.2.3.4.5,Sg:n:16:s:ht|"
3785,3785,"CCOC(=O)NC1=CC=C(C=C1)N(C)C.CC |$;T4;Y3;;Z;;;;;;;;;;;;R$,m:15:6.11.10.9.8.7|"
3786,3786,"CC[C@H](C(=O)NC1CCS(=O)CC1)N.CC |$;;;;;;L;;;;;;;;;R$,m:14:6.12.11.9.8.7,Sg:n:3:H:ht|"
3787,3787,"COC1=CC(=C(C=C1)OC)[C@@H]2C3=C(CCCC3=O)NC4=C2C(=CC(=C4)OC)OC.CC.CC |$;;;G;;;D1;;;;;;U1;;;;;;;;;;;;Q6;Z;;;;;R;;R$,m:29:13.14.15.16.11.12,m:31:21.22.23.24.19.20,Sg:n:14:f:ht|"
3788,3788,"CC(C)CCC(C)NC1=C(C=CC(=C1)OC)C#N.CC |$;;;;;;;;A;;;;;;;;;;;L66$,m:18:8.13.12.11.10.9,Sg:n:3,4:g:ht|"
3789,3789,CNCC(COC1=CC=C(C=C1)Cl)O |$;;;;;;;;;;;;;L$|
3790,3790,"CC1=CC2=NC=C(N2N1)NC(=O)C=C.CC.CC |$;;;;;;;;;;;;;;;R;;R$,m:14:1.2.3.7.8,m:16:4.3.7.6.5|"
3791,3791,"CNC(C1CCCC(C1)S(=O)(=O)C)C2=CC=C(C=C2)F.CC |$;;;;;;;;;;;;;;;;A4;;;;;A46$,m:20:14.15.16.17.18.13,Sg:n:14:P:ht|"
3792,3792,"COC1=C(C=CC(=C1)NC2=CC(=C(C=C2N)F)OC)F.COC(C)(C)S |$;;;;;;;;;;;Z4;;;;;;;;;;;;;;$,m:20:10.11.12.13.14.9|"
3793,3793,"CC1=CC(=CC(=C1)Br)CNC2CC2.CN(C)C=NS(C)(=O)=O |$;;;;;;J;;;;;;;;;;;;;;;$,m:13:1.6.5.4.3.2|"
3794,3794,"C1=C(C=C(C2=C1NC=N2)F)OC(F)(F)F |$;;;;;;M;;;;;;;A;$,Sg:n:0:n:ht|"
3795,3795,"CC1=CC(=C(C=C1)NC2=C(C(=NN2C)C(C)(C)C)C3=CC=C(C=C3)F)C(=O)O.COP(N)(=S)OC |$;;;A;;;;U;;;;;;K7;;X;;;;;;M8;;;;;;;;;;;;;$,m:28:1.6.5.4.3.2|"
3796,3796,"C[C@H](C1=CC=CO1)NC(=O)C(C(C)C)N.CN=C(NC)N(C)N(C)C |$K;;;;;;;;;;;;;;;;;;;;;;;;$,m:15:2.3.4.5.6|"
3797,3797,"CC1=C(C(=NN1)C)NC(=O)C2=CN=C3N(C2=O)CCS3.CC |$;;;;U;;;;;;;;;;;;;;;;;W$,m:20:1.2.3.4.5|"
3798,3798,"CC(CNC(=O)C1=CC(=CN=C1)F)CBr |$;;K5;;;;;;;;;;;;$,Sg:n:5:E:ht,Sg:n:0:F:ht|"
3799,3799,"C1CN(CCN1)C2=C(C=C(C=C2)Br)O.CC |$;;;;;;;Z;;;D1;;;;;U$,m:14:7.8.9.10.11.6|"
3800,3800,"C1CN[C@@H](NC1=O)C2=CC=CC=C2.CS(N)(=O)=O |$Y4;;;;;;;;;;;;;;;;;$,m:13:0.5.4.3.2.1|"
3801,3801,"CCN(CCCO)CC(=O)NCCN |$;;;;;;;;;;A6;;;$,Sg:n:3,4,5:J:ht|"
3802,3802,"CCCCCC(C)C1=NC=CN1 |$;;;;;;;;;;;$,Sg:n:1,2,3,4:Y:ht|"
3803,3803,"C/C=C(\C)/NC1=NC2=CC=CC=C2N=N1.CC(=S)NO |$;;;;;;;;;;;;;;E;;;;;$,m:15:8.9.10.11.12.7|"
3804,3804,"CCS[C@@H]1CCCC[C@@H]1NC(=O)N[C@@H](C)C2=CN=CC=C2.CC |$;;;;;;;;;;;;;;;;J3;;;;;;R64$,m:21:3.8.7.6.5.4,Sg:n:3:q:ht|"
3805,3805,CC1=C(C=C(C=C1)F)NC(=O)CC(C)N |$;;;;V9;;;;;;;;;J;$|
3806,3806,"CC(CC(=O)NC(C1CC1)C(=O)O)OC.CNC(=O)N=N |$;;;;A;;;;;;;;;;;;;;;;$,m:15:7.8.9,Sg:n:11:K:ht,Sg:n:13:K:ht|"
3807,3807,"CC1=C(C(=NC=N1)NCCOC)F |$;;;;;;;;;;;;$,Sg:n:8,9:k:ht|"
3808,3808,"CCOC1=CC=CC(=C1C(=O)NCC2=CC(=CC=C2)Br)N.CN=C(N)N=C(C)C.CN=S(C)N |$;;;G4;;;;;G;;;;;;;;;;;;;;;;;;;;;;;;;$,m:21:3.8.7.6.5.4,m:29:14.15.16.17.18.13|"
3809,3809,CC(=C)CNC1CC(OC1(C)C)(C)C |$;;;;;;;;;;L6;;;$|
3810,3810,"CN1C=C(C2=CC=CC=C21)C(CN3CCNCC3)C4(CCCCC4)O.CC.COC=S.CC |$;;M9;;Q;;;;;;;;;;;;;;;;;;;;;;R;;;;;;R$,m:25:1.2.3.4.9,m:27:5.6.7.8.9.4,m:31:13.14.15.16.17.12|"
3811,3811,CC(C)C(=O)N1C(=O)C2=C(C=CC(=C2)Br)NC1=S |$;;;;J7;;;;;;;;;;;;;B$|
3812,3812,"CC1CNCC(N1C(=O)CCSC)C.CC |$;;;;;;;;;;Q7;;;;;R03$,m:14:1.6.5.4.3.2,Sg:n:9,10:u:ht|"
3813,3813,"COC1CCCC1NCC(=O)NCC#N.CC |$Q;;;;;;;;;;;;;;;;R$,m:15:2.3.4.5.6|"
3814,3814,C=CCNC1=CC=CC(=C1)CC#N |$;;;;M;;;;;E;T;;$|
3815,3815,"CCC(CC)(CO)NC1=NN=C(S1)Br.CC |$;;;;;;;;D;;;;;;;L$,m:14:8.9.10.11.12|"
3816,3816,"C1CC1NC(=O)[C@H]2CC3(CC3)CN2 |$;;A5;;L;;;Y;;;;;$,Sg:n:4:r:ht|"
3817,3817,"CNC1CCN(C1)CCC2=CN(N=C2)C.CC |$;;;;;;;;;K;;;;;;;V8$,m:15:10.9.13.12.11,Sg:n:7,8:A:ht|"
3818,3818,CC(=O)NCC1=CC(=CC=C1)C(=O)OC |$Z9;;;;;;;;D;;L1;M5;;;$|
3819,3819,"CCCCCCC(CN(C)C)NCC |$;;;;;;;;L4;;;;;$,Sg:n:1,2:p:ht|"
3820,3820,"CC1=C(C=C(C=C1)Br)NC(=O)C2C3C2C4CCC3C4.CNN(C)C(=S)S.CNC#N |$;;J7;;;;D;;;;;;;;;U4;;;;;;;;;;;;;;$,m:19:1.6.5.4.3.2,m:26:11.12.13|"
3821,3821,"CCC(NC)[Si](OC)(OC)OCCO |$;;;;B;D0;;;;;;;;$,Sg:n:7:D:ht|"
3822,3822,"CCCC1=C(C(C2=C(NN=C2N1)C3CC3)C4=CC=CC=C4Cl)C#N.CC.CNC(=O)N=N |$;;;;;;;;;Y;;;;;;Y;;;;;;;;;;R94;;;;;;$,m:24:8.7.6.10.9,m:26:13.12.14,Sg:n:10:y:ht,Sg:n:1,2:k:ht|"
3823,3823,"CC(C1=CC=CC=C1)NC(=O)C2=CC3=C(O2)C=CC=C3Br.CC=NOC(=O)N(C)C.CC.CC |$;;;;;;;M;;;;;;;;;;;;;;;;;;;;;;;;R7;;J$,m:21:3.4.5.6.7.2,m:30:12.11.15.14.13,m:32:16.17.18.19.13.14|"
3824,3824,"CC(C)CNCCCC1=CON=C1.COC(=O)N(C)S |$;;;;;A3;;;;;;K;;;;;;;;$,m:13:8.9.10.11.12|"
3825,3825,"CC(C)(C)NC(=O)NCCC(F)(F)F |$;;;;;;;;;;;;;$,Sg:n:8,9:O:ht|"
3826,3826,"CC1C(C(NN1)C(C)OC2=CC=CC=C2C)CNC.CC.CC |$;;;;;;;X;;;;;;;;;;;;;Q;;R$,m:19:1.2.3.4.5,m:21:10.11.12.13.14.9|"
3827,3827,CC1=CC(=CS1)C(C2=CC(=CC(=C2)Cl)Cl)NC |$;;;;;;;;;T;;;;;G3;;$|
3828,3828,"CNC(=O)CNCCNS(=O)(=O)C |$;;;U3;;;;;;;;;W5$,Sg:n:6,7:V:ht|"
3829,3829,"COC1CCCN(C1)CC(=O)NCCN.CC |$A3;;;;;;;T;;;;;;;;;M$,m:15:2.7.6.5.4.3,Sg:n:14:t:ht,Sg:n:0:v:ht,Sg:n:12,13:Q:ht|"
3830,3830,"CC(C(CO)SC)NC(=O)CCCN |$;;;;;;;;;;;;;$,Sg:n:10,11,12:R:ht|"
3831,3831,"CC(C)(C)[C@@H](C(=O)NC1=C(C2=C(S1)CCCCC2)C#N)N.CC.CNN(C)C(=S)S |$;;;;;;;;;;;;;;;;;;;A;;;R88;;;;;;;$,m:21:8.9.10.11.12,m:23:13.11.10.17.16.15.14|"
3832,3832,"CCOCC(C)NC1=C(C=C(C=C1)Br)N.CC |$;;;;;;;;;;;;;;;;J7$,m:15:7.12.11.10.9.8,Sg:n:13:Y:ht|"
3833,3833,"C1C2=C(C=CC(=C2)Cl)C3=C1OC(=S)N3.CC(O)S.COC(C)=NSC |$;;;;;;;;;;;;;;;;;;;;;;;;$,m:14:3.4.5.6.1.2,m:18:10.9.8.13.11,Sg:n:9:j:ht|"
3834,3834,"CCC(CCO)NC(=O)C1=C(C=CC=N1)OCC |$;;;;;;U;;;;;;;;;;;$,Sg:n:3:X:ht|"
3835,3835,"C1CNCCC12CCN(C(=O)O2)CCCO.CC |$;;;;;;;;Y6;;;;;;;;;R$,m:16:6.7.8.9.11.5,Sg:n:12,13,14:Q:ht|"
3836,3836,"CC1=C(C=NC=C1)CNC(C)(C)C2=NC=CS2.CC |$;;;;;;;;;;;;;;;;;;R$,m:17:13.12.16.15.14|"
3837,3837,"C1=CC(=O)NC2=CC(=NC(=C21)N)Cl.CC |$;;;;;;;;;;;;;;A$,m:13:6.7.8.9.10.5|"
3838,3838,"CCCSC1=NC(=C(C(=O)N1)I)C.CC(=S)N(C)N=[N+]=[N-] |$;;;;;;;;;;;;V;;;;;;;;$,m:13:4.10.8.7.6.5,Sg:n:2:D:ht,Sg:n:1,2:Q:ht|"
3839,3839,"CC1=CC(=CS1)C2CCCCC2CNCC(C)C.CN=C(OC)N(C)C |$;;E4;;;;;;;;;;;;;;;;;;;;;;;$,m:18:7.8.9.10.11.6|"
3840,3840,"CCCC1(CC1)CNC(CC)C2CC2.CNSO |$;K8;;;D;;;;;;;;;;;;;$,m:14:12.11.13,Sg:n:9:Z:ht,Sg:n:1,2:U:ht|"
3841,3841,C1=CC(=C(C(=C1NC2=CC(=C(C(=C2)Cl)F)Cl)C(=O)O)N)F |$;;;;;Y;;;;;;;;Y6;;;;;;;$|
3842,3842,"C1CC(C1)NC2=C(C=C(C=C2)N)C(=O)N.CC.CN(C)S(C)(C)C |$;;;;;;;;;;;;;;L;;R0;;;;;;;$,m:15:0.3.2.1,m:17:6.7.8.9.10.5|"
3843,3843,"CCCCOC(=O)NC(CC)C(=O)C |$;;;;;;;;;;;;B;$,Sg:n:2,3:k:ht|"
3844,3844,"CNCCC1=C(N(C=N1)C)C2=CC=CS2.CC |$;;;;;;A;;;;;;;A;;;R$,m:15:11.10.14.13.12|"
3845,3845,"C1=C(C=C(C2=C1C(=C(N2)Cl)C=O)Br)Br.CON(C)N |$;T;;;U6;;;;;;;;;;;;;;$,m:14:6.5.4.8.7|"
3846,3846,"CC1=CC(=C(C=C1)C)C(=O)NC2=CC=CC=C2C(C)Cl.CC |$;;;;;;;;;;;K1;;;;;;T8;;;;R$,m:20:12.13.14.15.16.11|"
3847,3847,"C1CC2CC(CCC2NC1)C(=O)N.C=NC(=NC)N(C)C |$;;;V7;Z0;;;;;;;;;;;;;;;;$,m:13:0.9.8.7.2.1|"
3848,3848,C[C@H](C(=O)NC(C)(C)C)NS(=O)(=O)C1=CC(=C(C=C1)Cl)Cl |$;;;;;;;;;;;;;;;;;;;D5;$|
3849,3849,"CC(C)CCC(=O)C(=O)NC1CC1.CC |$;;;U;;;;;;;;;;;R$,m:13:10.11.12|"
3850,3850,"CCOC(=O)N[C@H]1CC(=O)N(C1)C2CC2.CONC=O |$;;G3;;;;;;;;;M;;;;;;;;$,m:15:13.12.14|"
3851,3851,"CC(C1CC2CCC1C2)NCCCO.COP(=O)(OC)OC |$;;;;;;;;;;;;;D;;;;;;;;$,m:14:5.4.8.7.6,Sg:n:10,11,12:z:ht|"
3852,3852,"CCOC1=NC(=NC(=N1)NCCC2=CC=NC=C2)NC.CC |$;;;X0;;;;;;;L7;;;E;;;;;;;;E$,m:20:13.14.15.16.17.12,Sg:n:18:F:ht,Sg:n:14:P:ht,Sg:n:10,11:b:ht|"
3853,3853,"CC1=NC2=CC=CC=C2N1C3CC4CCC(C3)N4CCC5(CCN(CC5)C(=O)C6CC6C7=CN=CN7)C8=CC=CC=C8.COP(C)(=O)N(C)C.C[Te].CON(O)OC.CC.CC=NC(C)=NNC |$;;;W5;;;;;;;;;;;;;;G9;;;;;;J;;U3;;;;;;;;;;;;;;;;;;;;;;;;;;;;;;;;;;R1;;;;;;;;$,m:42:4.5.6.7.8.3,m:50:11.12.17.15.16.10,m:52:21.22.23.24.25.20,m:58:29.28.30,m:60:32.31.35.34.33,Sg:n:3:X:ht,Sg:n:32:X:ht,Sg:n:18,19:V:ht|"
3854,3854,"C1CC(=C1)CNC2=CC(=CC=C2)Cl |$M9;;D;;Z;;;;;;;;$,Sg:n:2:Y:ht|"
3855,3855,"C1CC(C1)OC(=O)NC2=CC=C(C=C2)Br.COC(=O)O |$;;;D;;;;Q9;;;;;;;;;;;;$,m:15:9.10.11.12.13.8,Sg:n:13:L:ht|"
3856,3856,CC(C)C(C(=O)NCC(C)(C)C(=O)O)N |$;;;;;;;D5;;A9;;T;;X;$|
3857,3857,CNCC([C@H]([C@@H]([C@@H](CO)O)O)O)N=O |$;;;;;;;;;;;;;T$|
3858,3858,"C[C@]1(CCC2=CC=CC=C2C1)C(=O)NCCCN(C)C3=CC=CC=C3.CNNC=O |$;;;;;;;;;;;;;;;;;;;Q;;;;G4;;;;;;$,m:25:5.6.7.8.9.4|"
3859,3859,"CCNCC(COC)N1C=CN=C1C.CN=C(C)NC(C)=NC |$;;;;;;;;;;;;;;;;;;;;;;$,m:14:8.9.10.11.12,Sg:n:13:j:ht|"
3860,3860,"CC(=C)NCCNC1CCCC(C1)Cl.CC |$;;;;;;;L1;;;;K5;;G3;;R$,m:14:7.12.11.10.9.8,Sg:n:5:A:ht,Sg:n:4,5:t:ht|"
3861,3861,"C1=CNC2=C1N3C=C(N=C3C=N2)C(=O)O.CP(C)(N)=O.CC.CNC(C)S |$;;;;;;;;;;;;;;;;;;;;;M;;;;;$,m:15:0.1.2.3.4,m:20:6.5.9.8.7,m:22:10.11.3.4.5.9|"
3862,3862,"CC(CN)NC(=O)C1=CC(=CC=C1)OC.CC |$;;Y2;;;;;;;;;;;;;;R64$,m:15:7.12.11.10.9.8,Sg:n:5:l:ht|"
3863,3863,"CCSC/C(=C\1/NCCCS1)/[N+](=O)[O-].CC(=O)C(=O)N(C)C |$;;M;;;;;;;;;;;;;;;;;;;$,m:14:5.10.9.8.7.6,Sg:n:10:o:ht|"
3864,3864,"C1CCC(C(CC1)OCC2CCNC2)O.CC.CC |$;;;;;;Z2;;;;;;;;;;R;;Q$,m:15:0.1.2.3.4.5.6,m:17:10.9.13.12.11,Sg:n:13:o:ht|"
3865,3865,"C1CNC(C2=C1C(=CC=C2)F)C(F)F.CC |$;;;;;;;;W;;;;;;;R$,m:14:0.5.4.3.2.1|"
3866,3866,CC(C)(CN)C1=NC2=CC=CC=C2N1 |$Q;;;B6;;;;;;L;;;;$|
3867,3867,"CCCCCC(C)(CO)NC(C)CC |$;;;;;;;;Q;;;;;$,Sg:n:9:q:ht|"
3868,3868,"CC(C)CCC1(CCCCCN1)C2CC2.CNC(=O)N(C)N |$;;;;;;Y;;;;;K;;;;;;;;;;$,m:15:6.5.11.10.9.8.7|"
3869,3869,"C1CC1NC(=O)C2=COC=N2.CC |$;;;;;;;;;;;;R89$,m:11:7.6.10.9.8|"
3870,3870,"CC(=S)CCC(=O)NC |$;Q3;;;;;;;$,Sg:n:3,4:F:ht|"
3871,3871,"CC(C)C1=NOC(=C1)[C@H]2CCCN2C(=O)NC3=C(C=C(C=C3)Br)F.CN(C)N(C)C=O |$;;;;;;;A;;;;;;;;;;;Q1;;;;;;;;;;;;$,m:24:9.8.12.11.10,Sg:n:0:O:ht|"
3872,3872,"CCN1C=C(C=N1)C(C)NC2=CC=C(C=C2)N3C=NC=N3.CN=C(N(C)C)N(C)SC |$;M7;;;;;;;X8;;;;;;;;;;;;;;;;;;;;;;$,m:21:2.3.4.5.6|"
3873,3873,"C=CCNCC=C |$;;;;;;J$,Sg:n:4:e:ht|"
3874,3874,CCC1=CNC(=C1)OC |$;;;;;;;;T$|
3875,3875,"CC1=C(C=C(C=C1)CN[C@H](C)C(C)C)C.CC |$;;;;;;;M6;U6;;;;D7;;;;T5$,m:15:1.6.5.4.3.2|"
3876,3876,"CCC[C@@H]1CC(=O)N[C@@H]1CO.CC=[NH2+] |$K;;;;;;;;E;X;;;;$,m:11:3.4.5.7.8,Sg:n:1,2:B:ht|"
3877,3877,C1=C(C(=CC(=C1F)F)F)NC2=NC=C(S2)N |$;;;;;G;;;;;;X;;;;$|
3878,3878,"CNC1=NC(=CN=C1)C(=O)NCC2(CCC2)N(C)C.CN=C(N(C)C)N(C)S(C)(=O)=O |$;;;;;;;;;;;;;;;;;;;;;;;;;;;;;;$,m:19:2.7.6.5.4.3|"
3879,3879,"CCC1=NN=C(S1)NC2CCN(C2)C(C)C.CC.CC=NN=CC |$;;;;;;;G2;;;;;;;;E;;A5;;;;;;$,m:16:2.3.4.5.6,m:18:9.8.12.11.10,Sg:n:4:e:ht,Sg:n:5:M:ht|"
3880,3880,"CC/C(=N\OC(=O)C1=C(C(=O)NC=N1)OC)/N.CC |$;;;;;;;;;;;;;;;;;;R$,m:17:7.13.12.11.9.8|"
3881,3881,"CC1C(=O)N(CCCN1)CC=O.CC |$;;;;;K5;Y7;;U5;G;;;;V$,m:12:1.2.4.5.6.7.8|"
3882,3882,"CC1CC(CC(C1)NC(=O)NC(C)C)C |$;;;B;;;;;;;;;;;$,Sg:n:6:t:ht|"
3883,3883,C[C@H]1[C@@H]([C@](N[C@@H]1C(=O)O)(C)C(=O)O)CO |$;;U;;;;;;A3;;;;;;$|
3884,3884,CC(=C)CN(C(=O)NC)O |$;;;;;Q5;;;;$|
3885,3885,"CC(C)CN=C(NC1CC1(C)C)NN.COC(=O)S |$;J3;;;;;;;;;;;;;;;;;$,m:14:7.8.9,Sg:n:11:Z:ht|"
3886,3886,"CCOC(=O)C(=O)NCC1=CC(=CC(=C1)F)F.CC |$;B;;;;;J0;;;;;;T;;;;;;R05$,m:17:9.14.13.12.11.10|"
3887,3887,"C1CCC(C1)C(CN)C2=CC=CN2 |$;;;;;;;;;;D5;;V$,Sg:n:2:A:ht|"
3888,3888,CC1=CC(=C(C=C1NC(=O)C)Cl)C(C)C |$;;;;X1;;;;;;;;;;$|
3889,3889,CC(C)(C)OC(=O)C1NC(CS1)C(=O)N |$;;;;W3;;;;;;;;;;$|
3890,3890,"CCC(CCO)NC(=O)OCC=C |$;;J5;Q5;;D;;;;;;M9;$,Sg:n:3,4:c:ht|"
3891,3891,"CCCNC(CC)C1C(C1(C)C)(C)C |$;;;V;;;;;K6;;;;;$,Sg:n:1,2:p:ht|"
3892,3892,"CCCC(C(=O)O)NC(=O)CCC1CC1 |$;;;;;;;;;;J2;;;;$,Sg:n:4:Y:ht|"
3893,3893,"CN1C=NC(=N1)CNCC2=CC=NC=C2.COOC(=O)O |$;A4;W;;;;;;;;;;Z;;G6;;;;;;$,m:15:10.11.12.13.14.9|"
3894,3894,"CC(C)NC(=S)NC(=O)C1=CCCC=C1.CC |$;;;;;;;;;;;;;;;;R$,m:15:9.14.13.12.11.10,Sg:n:11:Q:ht,Sg:n:4:o:ht|"
3895,3895,"CCC(C)(C)NCCCNNC(=O)C |$;;;D8;;U1;;;;;;;;$,Sg:n:7:h:ht,Sg:n:10:e:ht|"
3896,3896,"C1CC(C(C1)O)N2CC(C2)N3CCNCC3.CC |$;;;;;;;;;;;;;;;;;X$,m:16:7.8.9.6,Sg:n:14:B:ht|"
3897,3897,"CC/C(=C\1/C(=O)NC(=O)N1)/C(=O)O |$;K;;;;;;;;;;;$,Sg:n:7:j:ht,Sg:n:10:g:ht|"
3898,3898,"C1CC(C(C1)NCC2=CC=C(S2)Br)C#N.CN=CN=C(C)C |$;;;;;;;;;;;;B6;;;;;;;;;$,m:15:0.1.2.3.4,Sg:n:4:e:ht|"
3899,3899,"CCC1CC(NC1)C2CC2.CC |$;;;;;;;;;;;V7$,m:10:2.3.4.5.6|"
3900,3900,"CCCCCC(C)(C1=NC=CS1)NCC |$;;;L0;;;M9;;;;;;;;$,Sg:n:13:x:ht|"
3901,3901,"CCCNC(C)(CC(C)N(C)CC)C#N |$;;;;;;;;;;;;;;$,Sg:n:1,2:m:ht|"
3902,3902,"COC1=CC=CC(=C1)N2CCNCC2.CC.CC |$E4;;;K;;;;;;;;;;;;R;;U52$,m:14:2.7.6.5.4.3,m:16:9.10.11.12.13.8|"
3903,3903,"C[C@H](CCNC1CCC(CC1)(C)C)O |$;;;;;;;;;;;;;$,Sg:n:13:O:ht,Sg:n:6:F:ht|"
3904,3904,"CCCCCCC(C1=COC=C1)NCC |$;;;;;;D0;;X;;;;;;$,Sg:n:1,2,3,4:B:ht|"
3905,3905,C1CN(C[C@H]1NCC(F)F)C(=O)O |$;;G;;;;;;;;;;$|
3906,3906,"C(CC(=O)N)CNC(=O)CBr |$;;;;;;;D;;;U0$,Sg:n:0,5:F:ht|"
3907,3907,"CC1=CC2=C(O1)CNCCC2O.CC |$;;;;;;;;;;;;;R$,m:12:6.4.3.10.9.8.7,Sg:n:6:v:ht|"
3908,3908,"CC1(C(=O)N(C(=O)N1)CC(=O)NC2=CC=CC(=C2)C3=NNC(=O)C=C3)C4=CC=C(C=C4)OC.CC.CN(C)C(=O)N=[N+]=[N-] |$;;;;;;;T6;;;;;;;;U;;;G;;;;;;;;;;;;;;;;R03;;;;;;;;$,m:33:2.1.7.5.4,m:35:13.14.15.16.17.12,Sg:n:27:O:ht,Sg:n:0:X:ht|"
3909,3909,"C1=CC(=C(C=C1NC2=NN=C(S2)Br)Br)Cl.CC.CC |$;;;J8;;;;;B;;E1;;;;;;U;;R$,m:15:0.5.4.3.2.1,m:17:8.7.11.10.9|"
3910,3910,"COC1=CC(=C(C=C1)Br)CNCC2(CC2)CCO.CC.CC |$;;;;;;;;;;;;;;;;;;;R;;R7$,m:18:2.7.6.5.4.3,m:20:13.12.14,Sg:n:15,16:C:ht|"
3911,3911,"C1=C(C=C(C2=C1C=NC(=O)N2)F)Br.CC |$;;;;;;;;A8;;;;;;A12$,m:13:0.5.4.3.2.1|"
3912,3912,"COC1=CC2=C(C=C1)NC(=C2C=O)OC.CI.CON(C)C |$;;;;B;;;;Z;;;;;;;;;;;;;$,m:15:2.7.6.5.4.3,m:17:8.5.4.10.9|"
3913,3913,CC1(CN(CCS1)CC(=O)NCCO)C |$V0;;;;;;;;;;;;;;$|
3914,3914,"C1COC(CN1)CC(=O)NC2=CC=CS2.CNS(C)=N |$;;;;;;;;;;U;;;V;;;;;;$,m:15:0.5.4.3.2.1|"
3915,3915,"COC(=O)C1CC(CCN1)C2=CC=C(C=C2)F |$;;;;;;;;;;;;;;;;$,Sg:n:0:e:ht|"
3916,3916,"CCCNC(COC1=CC=CC=C1)C2=CSC=C2.CC |$;;;;;B;;;;;;;U;;;;;;;G$,m:18:8.9.10.11.12.7,Sg:n:1,2:t:ht|"
3917,3917,"CC(=CCN(C)CCCNC)C |$;W;;;;;;;;V3;;$,Sg:n:2:T:ht,Sg:n:7,8:Z:ht|"
3918,3918,CN1C=CC(=C1)CC(=O)NCC#N |$;W0;;;;;;;;;;;$|
3919,3919,"C1COC(CN1)COC2=CC=C(C=C2)Br.CNS(=O)OC |$J3;;;;;;;;;;;;U;;;;;;;;$,m:15:0.5.4.3.2.1,Sg:n:11:D:ht,Sg:n:13:a:ht,Sg:n:5:m:ht|"
3920,3920,"CCOC(=O)CCCSC1=C(C=CC=N1)C2CCCN2.CC.CN(C)C(=N)N |$;;;;;;;;;;;;;;V1;;;;;;;Q1;;;;;;$,m:20:9.14.13.12.11.10,m:22:16.15.19.18.17,Sg:n:5,6,7:L:ht|"
3921,3921,"CCCC(=O)NCC1=CC(=C(C=C1)F)F.CC |$;;;;;;;;;;;;;;;;R2$,m:15:7.12.11.10.9.8,Sg:n:1,2:a:ht|"
3922,3922,"CNCC1=CC2=C(S1)C=CC=C2Br.CC.CC |$;;;;;;;;;B;;;;;R;;R21$,m:13:3.4.5.6.7,m:15:8.9.10.11.5.6|"
3923,3923,"CC(CNC1=C(N=CN1C)[N+](=O)[O-])NC.CC(=N)N=O |$;;;;;;;;;;;;;;;;;;;$,m:15:4.5.6.7.8,Sg:n:7:D:ht|"
3924,3924,CC1=C(C=CC=N1)NC(=O)C2=C(C=CC(=N2)N)Cl |$;;;;Y0;;;;;;;;;;;X;;$|
3925,3925,"CCC(CCO)NC1=NC(=NC2=CC=CC=C21)NC.CC |$;;;;;;;;;;;;;;;U;;;;;R3$,m:19:7.16.11.10.9.8,Sg:n:3,4:M:ht|"
3926,3926,"CC1CCC(CN1)(C2CCOCC2)F.CC |$;;;;;;;;;;;;;;;K0$,m:14:8.9.10.11.12.7|"
3927,3927,CC1=CC2=C(C=C1C)NC(=O)CC2C3=CC=CC=C3F |$;;;;;;;;V;;;;U;;M;;;;;$|
3928,3928,C1=CC=C(C(=C1)C=[NH+]C2=CNC(=O)NC2=O)F |$;;W5;;;;;;;Y4;;;;;;;$|
3929,3929,"CCCNC(C(C)C)NC(C)(C)C |$U4;V3;E7;;;;;;;;;;$,Sg:n:6:h:ht,Sg:n:1,2:Y:ht|"
3930,3930,"CC(=O)CC[C@@H]([C-]=O)NC(C)(C)C |$;;;;;;;;;;;;$,Sg:n:3,4:R:ht|"
3931,3931,"CCC(C(=O)NC1=C(C=CC(=C1)Cl)Cl)SC2=NC=NC3=C2NC=N3.CN=NC(=O)OC |$;;;;;;;;;;;;T;;;;;;;;;;;W;;;;;;;$,m:24:21.20.19.23.22|"
3932,3932,"CCNC1(CCN(C1)C)CCO.CS(C)(=O)=S |$;;;;;;;;;;;;;;;;$,m:12:3.4.5.6.7,Sg:n:9:Y:ht,Sg:n:9,10:N:ht|"
3933,3933,"CCCNC(CC1CC2CCC1C2)C3=C(C=CC(=C3)Br)C.CN=CN(C)S(C)(=O)=O |$;;;;;;;;;;;;;L4;T9;;;;;;;;;;;;;;;$,m:21:9.8.12.11.10,Sg:n:1,2:U:ht|"
3934,3934,"CCNC(CC(=O)OC)C1=CN(N=C1)C.CNOC(C)=N |$;;;;;;;;;;;;A;;;;;;;;$,m:15:9.10.11.12.13|"
3935,3935,"C1CCC(CC1)C2=CNC(=O)NC2=O.CN=C(SC)N(C)NC.C[S+](C)C |$;;Y;;;;Y;;;;;;E;;;;;;;;;;;;;;$,m:14:0.5.4.3.2.1,m:23:7.8.9.11.12.6|"
3936,3936,"CC(C(=O)NC1CC1)NC(=NC2CC2)N.CC |$;;;;;;;;;;;;;;;;R$,m:15:12.11.13|"
3937,3937,CCN/C=C/C(C)(C)CCN |$Y;;;;;;;;;;$|
3938,3938,"CNC1=NN=C(S1)CC2=CC=CC=N2.CC=NN(C)C(=O)NC.CC |$D;;;;;Q;;;;;;;;;;;;;;;;;;;Z51$,m:14:2.3.4.5.6,m:23:9.10.11.12.13.8|"
3939,3939,"CC1C(C(CCC1C2=CN=CN2)NC)C.CC |$;;;;Q;;;;;;Q1;;;;;;R$,m:15:8.7.11.10.9|"
3940,3940,"CC(C)[C@@H](C(=O)NCCN1C(=O)CC2=CC=CC=C21)N |$T7;;;M6;;;;;B;;;;;;;;;;;B4$,Sg:n:7,8:Q:ht|"
3941,3941,"CC(CCNC(=O)C1CCSC1)Cl.CC(=N)ON |$;;;;;;;;;;;;;;;;;$,m:13:7.8.9.10.11,Sg:n:6:u:ht,Sg:n:2,3:c:ht|"
3942,3942,"CCC1C2CNCC2CN1CCO.CN(O)C(=O)O |$;;;;;;;;;;;;;;;;;;$,m:13:2.3.7.8.9,Sg:n:2:E:ht,Sg:n:4:r:ht,Sg:n:10,11:R:ht|"
3943,3943,"CCCC1CC(=O)NC2=C1C=C(C=C2)Cl.CC |$;;;;;;;;;;;;;;;;R$,m:15:10.11.12.13.8.9,Sg:n:1,2:H:ht|"
3944,3944,"CC(C1CNC2=C1C(=CC=C2)OC)N.CC |$;;Z;;;;;;;;;G0;;B;;L$,m:14:2.3.4.5.6|"
3945,3945,CCNC(=O)N(C)CC1CC(C1)N |$;;;;;M;;;;;;;$|
3946,3946,"CC(C)(C1=CC=CC=C1)C(=O)NCC2=CC=CC=C2O.CC |$;;;;;;;Z1;;;;;;;;B6;;;E8;;;R$,m:20:4.5.6.7.8.3,Sg:n:5:W:ht|"
3947,3947,"C#CCCNCCCC(=O)N |$;D;;;;;;;;;K7$,Sg:n:1:u:ht,Sg:n:8:T:ht|"
3948,3948,"CC1=CC(=CC=C1)CN2C3=C(N=C2NCC=C)N(C(=O)NC3=O)C.C=NC(C)=N.CC=NNC(=S)NC |$;;;G8;;;;;;;;;;;T4;;;;;;;;K;;;;;;;;;;;;;;$,m:24:1.6.5.4.3.2,m:29:11.10.9.8.12,Sg:n:8:x:ht|"
3949,3949,"CCNCC(C(C)C)OC1=CN=CC=C1.CC |$;;;;;;;;;;;;;;;;R$,m:15:9.14.13.12.11.10,Sg:n:9:w:ht|"
3950,3950,"C1=CC(=C(C=C1Cl)C(=O)NCC(CO)O)[N+](=O)[O-].CN=NC(=S)N(C)C |$;;;;;Z;;;;;;;;;;;;;;;;;;;;$,m:18:0.5.4.3.2.1|"
3951,3951,"CC1=NOC(=C1)C2CCCN2C(=O)C3CCNCC3.CONO.CC |$J;;;;;;;;;;;;;;;;;;;;;;;;E0$,m:19:1.2.3.4.5,m:23:7.6.10.9.8,Sg:n:15:Q:ht,Sg:n:3:g:ht|"
3952,3952,"C/C=C\C(C)(CN1CCNCC1)C(C)C.CC |$;;;;;;;;;;;T;;;;;U$,m:15:6.11.10.9.8.7|"
3953,3953,"C1CCN(C1)C(C2=CC=CC=C2)C(=O)NC3=CC(=C(C=C3Cl)Cl)Cl.CC |$;;;;;;;;;;;;;;;;;;;;;T;;;;L0$,m:24:16.17.18.19.20.15,Sg:n:11:w:ht|"
3954,3954,"CC1=CC=CC=C1CCNC2CCCC3=C2C=CS3.CC.CC |$;;Z;Z;;;;;B1;;;;K4;;;;;;;;R;;R$,m:19:1.6.5.4.3.2,m:21:11.12.13.14.15.10,Sg:n:8:Z:ht,Sg:n:7,8:V:ht|"
3955,3955,"CCC(C)(C(=O)NC1=NC(=CO1)C)N.CC(=O)N(C(C)=O)N(C)C |$Z;;E5;;;X2;;;;;;;;;;;;;;;;;;$,m:14:7.8.9.10.11|"
3956,3956,"CC(CC=O)(C1CC2=CC=CC=C2N1)O.CN=NC(C)=S |$;;A4;;;;D;;;;;;G;;;;;;;;$,m:15:8.9.10.11.12.7|"
3957,3957,"CC1CC1C2=NN3C(CCNC3=C2)C4=CC=CS4.CC.CC.CC(=N)NC=O.CC(=O)N(C)N=C(C)C |$;;;;;;;;;;;;;;;;;;;R6;;R6;;;;;;;;;;;;;;;$,m:18:1.2.3,m:20:5.4.12.11.6,m:22:8.9.10.11.6.7,m:28:14.13.17.16.15|"
3958,3958,"CC1=C(C(=NO1)C)CNCC2CC(C2)O.CSSS |$;;;Y4;;;;;;;;;;;;;;;$,m:15:11.12.13.10,Sg:n:2:D:ht|"
3959,3959,"CCCCCN(C1=CC=CC=C1)C(=O)C(CCC)(N2CCNCC2)S.CC(=O)NS.CC(=O)SN(C)C |$;;;;;;;;;;;;;;;;;;;;;;;;;;;;;;;;;;;;$,m:25:7.8.9.10.11.6,m:30:19.20.21.22.23.18,Sg:n:11:Q:ht,Sg:n:0:l:ht|"
3960,3960,"CNCCCNCC1=CC=C(S1)Cl.CN=S(C)(=O)O |$J3;;;;;;;U4;;Q;;;;;;;;;$,m:13:7.8.9.10.11,Sg:n:2,3,4:i:ht|"
3961,3961,"CC(C)(C)C1=NC(=CS1)C=C(CNC)C2CCCCC2.CN(C)P(C)C |$;;;;U;;;;;;;;;;;;;;;;;;;;;$,m:20:4.5.6.7.8|"
3962,3962,"CC(C)(CNC1=C(C=NC=C1)Br)SC.COC(=O)NS |$;;;;;;;;W2;;;;;;;;;;;$,m:14:5.10.9.8.7.6,Sg:n:1:C:ht|"
3963,3963,"CC(C)(C)C(C(=O)O)NC(=O)NC1=C(C=C(C=C1)I)Cl.CC |$;E9;;;;T3;;;;;;;;;;;;;;;;R53$,m:20:12.17.16.15.14.13|"
3964,3964,"CCC(CC)(CNC)CN1CCCC1 |$;;;;D6;;;U;;;;;;E2$,Sg:n:6:u:ht,Sg:n:11:T:ht|"
3965,3965,"CCC(C1=CC=CC=C1OC)NCCN |$;E;;;;;;;;;B;;;Z;$,Sg:n:5:s:ht,Sg:n:12,13:y:ht|"
3966,3966,CC(C1=C(C=CC=C1O)O)NC2=C(C=C(C=C2)Br)F |$;;;;;M;;;;;;;;;;;V6;;$|
3967,3967,"CC(C)C(CO)NC(=O)CSCC#N |$;;;;;;;;B9;;;;;$,Sg:n:13:f:ht|"
3968,3968,"CC1=C(C=C(C=C1)C(=O)NCC2CCSC2)Br.CN=S=NC.CC |$;;;;;;;;;X;;;;Q8;;;;;;;;;;J$,m:17:1.6.5.4.3.2,m:22:12.11.15.14.13,Sg:n:6:g:ht|"
3969,3969,"CC(C1=NC2=CC=CC=C2N1)OC(=O)C.CC |$;;;;D2;;;;;;;;;;;;R5$,m:15:2.3.4.9.10|"
3970,3970,"C1CC(C1)NC2=NC=NC3=C2SC=C3.CC |$;;;;;;;;;;;;;;;E54$,m:14:6.7.8.9.10.5|"
3971,3971,"CC(CNCC1=NC=C(N1C)Cl)S(=O)C |$;;D9;;Y;;;;;;;G;;;$,Sg:n:13:j:ht|"
3972,3972,"CNC1C=NC2=CC=CC=C2O1.CC |$;;;U5;;;;W;;;;;;E32$,m:12:2.11.10.5.4.3|"
3973,3973,"CC1=CC(=C(C=C1)NCCSC)Br |$;;;;;;;B;;;;;$,Sg:n:11:q:ht,Sg:n:8,9:D:ht|"
3974,3974,"CC1=NN=C(C=C1)NCC(C)CCCl |$;;;;;;;;;;;;;$,Sg:n:11,12:O:ht|"
3975,3975,"CCC(C)(C#N)C(=O)NCC1CCC1.CP(C)O |$;;;;;;;;;;;;K9;;;;;$,m:14:10.13.12.11|"
3976,3976,"C1=CC2=C(C(=C1)Cl)N=C(N2)NC(=O)[O-].CC.CC |$;;;;;;;;;;;;;;;U22;;R$,m:14:0.5.4.3.2.1,m:16:7.3.2.9.8|"
3977,3977,"CCC1(CC1)CNC2=NC=NC(=C2)N.CC.CN=C(N)N=C(C)C |$V;;;;;;;;T;;;;;;;Y;;;;;;;;$,m:14:3.2.4,m:16:8.9.10.11.12.7|"
3978,3978,CC(C)C(=O)NC(=S)NC1=NC=C(C=C1)Cl |$;V4;;;E;;;;;;;;;;;$|
3979,3979,"CC1=C(C(=CC=C1)C)NC(=O)N/C=C/C2CC2.CNC(=O)S |$;;;;;;;;;;;;;;;;;;;;;$,m:17:1.6.5.4.3.2|"
3980,3980,"C1CNCC1C2=NOC3=C2C=CC=C3O |$;;;;Q;;;;;;;;;;$,Sg:n:13:d:ht,Sg:n:1:s:ht|"
3981,3981,"CCCCC1CC[C@H](N1)C(=O)N.CON=S |$;;;A;;;;;;;Z;;;;;$,m:12:4.5.6.7.8,Sg:n:1,2:j:ht|"
3982,3982,"CC[C@H](C)NC(=O)CNCCCN |$;;;;;;;;;;;;$,Sg:n:9,10:I:ht|"
3983,3983,CC1CC(CCN1CC2=CC=CC=C2)NC(=NC)NCC3=NC=CN3CC(C)C |$;;;;W0;;;E;;;;;;;;;;;;;;;Q8;;;;;;$|
3984,3984,"CS(=O)CSCC1(CCNCC1)O.CN(C)C(=O)O |$;;;;;G;;;;;K8;;;;;;;;$,m:13:6.11.10.9.8.7|"
3985,3985,"CCC1=CC2=C(C=C1)NC=C2.CC.CC |$;;;;;;;;;;;;R;;R$,m:11:2.7.6.5.4.3,m:13:8.5.4.10.9|"
3986,3986,"CC1=C(C(=O)NC(=O)N1)CCBr |$;;K;;;;;;;V;;$,Sg:n:9:x:ht,Sg:n:9,10:R:ht|"
3987,3987,C/C=C/CNC(C)C(=O)N(C)C |$;;;Y;;;;;;;;$|
3988,3988,"C1CC1[C@H](C2=CC=C(C=C2)Cl)NC(=O)NC3=CC=CC4=C3C=CN=C4.CN(C)S(C)=O.CC.CC.CC |$U5;;;;;;;;;;;;;;;;;;;Z;;;;;;;;;;;;;R31;;R7;;J$,m:25:0.1.2,m:31:5.6.7.8.9.4,m:33:16.17.18.19.20.15,m:35:21.22.23.24.19.20,Sg:n:9:m:ht|"
3989,3989,CCC(=O)NCC1=C(N=C(C=C1C)N)C |$;;;;;;;;;;;;;D0;$|
3990,3990,"CC1=CC2=C(C(=C1)F)NC(=C2)C.CC.CSOS |$B;;T3;;X;;;;;;;;;Z;;;;$,m:12:1.6.5.4.3.2,m:14:8.4.3.10.9|"
3991,3991,CC1=C(C=C(C=C1)NC(=O)C(C)(C)N)Cl |$K;;;;;;;;;;;;K7;;G$|
3992,3992,"CCC1C2CC(C(C2)N1C(=O)C3=C(C=CC(=N3)C)N4N=CC=N4)NC5=NC=C(N=C5)C(F)(F)F.CN=C(O)OC |$D5;;;;;;;;;;;;;;;;;;;;;;;Q2;B4;;;;;;;;;;;;;;;$,m:34:19.18.22.21.20|"
3993,3993,"CC1(CC(=C(C(=O)C1)C(=S)NC2=CC=CC=N2)O)C.CC |$V9;;;;;A;;;;;;;;;;;;;;;G$,m:19:1.7.5.4.3.2,Sg:n:5:t:ht|"
3994,3994,"CN1C=C(C2=C1SC=C2)C3CCNCC3.CC.CN=C(N)N=C(C)C.CC |$;;;;;;;;;;;;;;;;R64;;;;;;;;;;R5$,m:15:1.2.3.4.5,m:17:6.5.4.8.7,m:25:10.11.12.13.14.9,Sg:n:3:g:ht,Sg:n:6:W:ht|"
3995,3995,"CCCC1CCC(CC1)(C2=NC(=CS2)C)NCCOC |$;;;;B;;;;;;;;;E3;;;;;;$,Sg:n:16:F:ht,Sg:n:17:n:ht,Sg:n:1,2:g:ht|"
3996,3996,C1=CN=CC2=C1NC(=CC2=O)C(F)(F)F |$;;;;;V1;;U;;E;;;;;$|
3997,3997,"CCOC(=O)C1CCN(CC1)[C@@H](C2=CC(=CC=C2)F)C3=C(SC(=C3C)C)NC(=O)C4=CC=CC=C4.CC.CC(=O)SN.CC |$;;;V8;;;;;W;;;;M;;;;;;;;;;;B;;;U2;;;;;;;;;;R;;;;;;;L$,m:35:13.14.15.16.17.12,m:37:21.20.19.23.22,m:42:30.31.32.33.34.29|"
3998,3998,"C1=C2C(=C(C(=C1O)O)F)C(=CN2)CC[NH3+].CSC(C)=NN.COC(=O)NN |$Q9;;;W;W;;;;;E;;;;;;;;;;;;;;;;;$,m:15:0.5.4.3.2.1,m:21:9.2.1.11.10,Sg:n:12,13:f:ht|"
3999,3999,CC1CCC(CC1)CN[C@H]2CCC[C@@H]2O |$;;Q1;D0;;;;;;;;;;;$|
4000,4000,"CCC(CC)C(=O)NC1=CC=CC=C1SC(CC)C(=O)O.CNC(C)=NN=C(C)C |$;;;Q;;;;W;;;A6;;;;;;;;;;;;;;;;;;;$,m:21:8.13.12.11.10.9|"
4001,4001,"c1ccc2c(c1)[nH]c1cnccc12.CC.CN(O)C(N)=O |$;;;;;;;;;;V4;;;;R4;;;;;;$,m:13:0.5.4.3.2.1,m:15:6.4.3.12.7|"
4002,4002,"CN(C)C(=O)NCCN1CCOCC1 |$;;;;;;;E;;;;;;$,Sg:n:10:e:ht,Sg:n:10:b:ht,Sg:n:6,7:h:ht|"
4003,4003,"CCCNC1CC(C1(C)CC)OC2=C(C=C(C=C2)F)F.CC.CC=NC(=NC)NC |$V5;;;E8;;;;;;;;;;;W9;;;;;;;R;;;;;;;;$,m:20:4.7.6.5,m:22:13.14.15.16.17.12,Sg:n:7:B:ht|"
4004,4004,"CCCC1NC(C(=O)N1C2CCCC(C2)SC)(C)CC.CC.CNS(C)(=O)=O |$;;;;;;;;;;;;L3;;;;;;;;;J51;;;;;;$,m:20:3.4.5.6.8,m:22:10.11.12.13.14.9,Sg:n:3:Y:ht|"
4005,4005,"CC1(CCS(=O)(=O)C1)NC2=NCCCS2.CC.CC |$;;;;;;;;;;;;;;;;R;;R51$,m:15:2.1.7.4.3,m:17:10.11.12.13.14.9,Sg:n:9:V:ht|"
4006,4006,"COC1=C(C(=CC=C1)F)C(=O)NCCO |$;;;;;W;;;;;;;;;$,Sg:n:12,13:B:ht|"
4007,4007,"CC1CCCC1C(=O)NC(C)(C)CCCl |$;;;;;A7;;;;;T;;;;J$,Sg:n:12,13:X:ht|"
4008,4008,"CC1=CN=C(N=C1NC(C)CCCO)N.COS(C)(C)O |$Q;;;;;;;;;X;;;Q;;;;;;;;$,m:15:1.6.5.4.3.2,Sg:n:10,11,12:s:ht|"
4009,4009,"CC(C)C(CNCC1CCCN1)O.CC |$;;;;;;;;;;;;;;U5$,m:13:7.8.9.10.11|"
4010,4010,"C1CCC(C1)NC2=NC=C(C=C2)N.CN=[N+](C)[O-] |$;;;D;Y;;;M0;;;;;;;;;;$,m:13:7.8.9.10.11.6,Sg:n:12:w:ht|"
4011,4011,"CC1C(=O)NC(=O)CN1C(=O)C2(CCCCC2)N.CC |$;;;;;B8;;;;;;;B;;;;;;;R46$,m:18:1.8.7.5.4.2,Sg:n:3:r:ht|"
4012,4012,"CCCSC1=NC2=NC=NC(=C2N1)N |$;;;;;;;;;;;;M;$,Sg:n:2:m:ht|"
4013,4013,"CC#CCCNC(=O)C(C)N |$;;;;;;;;;;$,Sg:n:3,4:P:ht|"
4014,4014,"CN(C)C(=O)CNC1CCCC1OC |$;;D;;;;;;;;;;;$,Sg:n:0:u:ht|"
4015,4015,"COC1=CC(=C(C=C1)C2COCCN2)Br.CC |$;;;A1;;;U7;;;;;;;;;;R$,m:15:2.7.6.5.4.3,Sg:n:8:X:ht|"
4016,4016,CC(C)(C=C)C(C(=O)NCC1=CC=CC=C1)(F)F |$;D;;;;;;V3;;;;;;;;;;$|
4017,4017,"CC(C)CC(C1=CC(=C(S1)Cl)Br)NC.CNC(=O)N(C)O |$;;;;;;;;;G8;;;V3;;;;;;;;$,m:14:5.6.7.8.9,Sg:n:8:F:ht|"
4018,4018,"CC1=CN(C(=O)NC1=O)[C@H]2CCC(=C)O2.CC |$;;;;;;;;;;;;;;;;R$,m:15:1.7.6.4.3.2|"
4019,4019,"CCNC(=NCC1=CC=CC=C1OCC)NCC2(CCC2)O.CSS(C)=O.CN=N |$;;;;;;;;;Z;;;;Z;;;;;M;;;;;;;;;;;$,m:22:7.8.9.10.11.6,m:27:18.19.20.17|"
4020,4020,"C1CC2C(C([C@]3(N2C1)C4=C(C=CC(=C4)Br)NC3=O)C(=O)C5=CC6=C(C=C5)OCO6)C7=CC=CC=C7.CC.CC |$;;;;;;;;;;;;;;;;L;;E;G;X;;;;;;;;;;;;;;;;T;;R$,m:35:26.23.22.28.27,m:37:30.31.32.33.34.29|"
4021,4021,"CC(CCCC(C)NC)CC=C |$;;;V8;;;D;;E3;;;$,Sg:n:1:I:ht,Sg:n:2,3,4:E:ht|"
4022,4022,"CCC(C)OCCNC1=CC=CC=C1Br.CC=NC#N |$;;;;;;;;;;;;;;;;;;;$,m:15:8.13.12.11.10.9,Sg:n:12:R:ht,Sg:n:5,6:t:ht|"
4023,4023,"CCC1=CC(=CC=C1)C(C2CCCN2)F.COC=NOC.CNC(C)S |$;;;;;;;;;;;;;;;;;;;;;;;;;$,m:15:2.7.6.5.4.3,m:21:10.9.13.12.11|"
4024,4024,"CC(CNC1CCCCCCC1)COC |$;;;;B;;;;;;;;G;;$,Sg:n:11:O:ht|"
4025,4025,"CCOC(=O)CCNC(C)CSC |$;;;;;;;;;;;;$,Sg:n:5,6:E:ht|"
4026,4026,CC(C)CC(CCNC(=O)O)O |$;;;;;;;U;;V;;$|
4027,4027,"CCNC(C)(CCOC)C(=O)N |$;;;;;;;;;Y;;$,Sg:n:5:o:ht,Sg:n:5,6:v:ht|"
4028,4028,"CN1C=C(C=N1)NC(=O)[C@H]2CNCCO2.CC |$;;;;;;;;;;;;;;;;Y$,m:15:10.11.12.13.14.9|"
4029,4029,"CC1C(=O)NCC(=O)N1C2=CC=CC=C2SC(F)F.CN=C(C)NSC.CB=C(C)C |$;;;;;;;;D;;;;;;W9;;;;;;;;;;;;;;;;$,m:19:1.8.6.5.4.2,m:26:10.11.12.13.14.9,Sg:n:18:H:ht|"
4030,4030,C1C=CCC1NCC2=NC=C(S2)I |$;;;;Q;;;;;B4;;;$|
4031,4031,"C[C@]1(CC1C2CCNCC2)CCO.CC |$;D;;;;;;;;;;;;;Y$,m:13:5.6.7.8.9.4,Sg:n:9:I:ht|"
4032,4032,C(C(C(=O)O)N)N1C(=O)NC(=O)N1 |$;;;;;;;;;A1;;;$|
4033,4033,"CC(C)C1=NN=C2N1C=CC=C2CNC.CC.COSSC |$;;;;;;;;;;;;;;;;U;;;;;$,m:15:3.4.5.6.7,m:17:8.9.10.11.6.7|"
4034,4034,"C1CC(NC1)C2=NC(=NO2)C3CCCS3.CC=O |$;;;;;;;;;;;;;;;;;$,m:15:11.10.14.13.12,Sg:n:5:c:ht|"
4035,4035,"CCCC1=C(C(=O)NC(=N1)N(C)C)Br.CC |$;;;J9;;;;;;;;;;;;R24$,m:14:3.9.8.7.5.4,Sg:n:1,2:s:ht|"
4036,4036,CC(C)C(C)(C)CNC(=O)CC(=O)OC |$;M6;T;;;;;;;;;;M;M;$|
4037,4037,"C1CC1NC(=O)CCN2C3=C(C=CC(=C3)Cl)C(=O)C2=O.CC(=O)C(=O)N=C(C)C.CC |$;;;;;Q3;;;;G;;;;A8;U3;;;D;;;;;;;;;;;;;A$,m:20:0.1.2,m:29:11.12.13.14.9.10,Sg:n:14:w:ht,Sg:n:6,7:g:ht|"
4038,4038,"CN(CCCN)CC(=O)NCC#C |$;;;M7;;;;;;;;;$,Sg:n:10:T:ht,Sg:n:2,3:d:ht|"
4039,4039,"CCNC(CCCOC)C1(CCCCC1)OCC.CN=C(N)NOC |$;;;X;;;;;;;;;;;;;;;;;;;;;$,m:18:9.14.13.12.11.10,Sg:n:4,5:D:ht|"
4040,4040,"C1CCC(CC1)N2CCC(CC2)NC3=CC(=NC=N3)N4CCCC4.CC(=O)N(C)C=N.COS(=O)(=O)SC |$;;;;;;;;;;;V7;;;;;;;;E;;;;;;;;;;;;;;;;;;$,m:24:0.5.4.3.2.1,m:31:7.8.9.10.11.6|"
4041,4041,CC(C(=O)O)(C(F)(F)F)NC(=O)CC=C |$;;;;;;;;;;;;D3;;$|
4042,4042,"CC1(CC2=C(C(=S)NC(=C2CO1)N3CC[NH2+]CC3)C#N)C.CC.CC=NNC(=NC)SC.CNC(C)O |$;;M6;;;;;;;;;;;;;;;;;;;;R;;;;;;;;;;;;;;$,m:21:1.11.10.9.3.2,m:23:4.5.7.8.9.3,m:32:13.14.15.16.17.12|"
4043,4043,"C1=CC=C(C(=C1)NC(=O)CCl)ON=[N+]=[N-].COP(C)O |$;;X;;;A;;;;;J;;;;;;;;;$,m:15:0.5.4.3.2.1|"
4044,4044,CC1=CC(=NC=C1)[S@@](=O)[C@H]2CCCNC2 |$;;;;;;;;;;;;;;U5$|
4045,4045,"CCOC1=CC=CC=C1C(=O)C2CC23CCNCC3.CC.CC(S)C(=O)O |$;A;;;;;;;;;;;;B7;;;;;;;M34;;;;;;$,m:19:3.8.7.6.5.4,m:21:12.11.13,Sg:n:14:G:ht|"
4046,4046,"CC1CN(C2=C(C=CC=C2Cl)NC1=O)C.CB=NC |$;A;;;K6;;;;;;;;;;;;;;$,m:15:6.7.8.9.4.5|"
4047,4047,"CC1=CC(=C(C=C1)OC)C2CSCCN2.C=NN(C)C(C)=N.CNP(C)(C)=O |$;;;;;;;;;;U5;;;;;;;;;;;;;;;;;$,m:15:1.6.5.4.3.2,m:22:10.11.12.13.14.9|"
4048,4048,"C1=CC=C(C(=C1)C=O)NCCC=O.CC |$;;;;;;;;W;;;K5;;;X$,m:13:0.5.4.3.2.1,Sg:n:11:K:ht,Sg:n:5:U:ht,Sg:n:10:b:ht|"
4049,4049,"CC1CCN(C(C(=O)N1)CCNC)C |$;;;;;;;;;;;;;$,Sg:n:12:N:ht,Sg:n:9,10:c:ht|"
4050,4050,"CC1=C(SC=N1)CN2CCCC2CNC.CC |$;;;;;V1;M0;;;X;;;;;;;R$,m:15:1.2.3.4.5,Sg:n:9:h:ht|"
4051,4051,"CCCCOC1C(N(CCN1)C(C)C)N.CC |$;;U1;;;;;;;;;;;;;;R$,m:15:5.10.9.8.7.6,Sg:n:1:C:ht,Sg:n:14:y:ht,Sg:n:2,3:x:ht|"
4052,4052,"CC(=O)NC/C=C/C(=O)OC |$;;;;;;;;;;M1$,Sg:n:10:v:ht,Sg:n:0:n:ht|"
4053,4053,"CN[C@@H](CCSC)[C-]=O |$;;;;;;;;$,Sg:n:4:E:ht|"
4054,4054,"C1=C(C=NC2=C1C(=O)NC(=O)N2)I.CC(=O)SC(C)=O |$;;;Z;;D;;E2;;;W;;;;;;;;;$,m:13:6.8.9.11.4.5|"
4055,4055,"CC(C)C(C)NC1=CC=CC(=C1)CCl.CC |$;;;;;;;;;;;;;;;E0$,m:14:6.11.10.9.8.7|"
4056,4056,"CN(C)CCNC(=O)CCC(=S)N |$;;B1;;;;;;;;;;$,Sg:n:3,4:B:ht|"
4057,4057,"CNCCS(=O)(=O)NC1CC(C1)OC |$;;;;;;;;;;;;;$,Sg:n:2,3:y:ht|"
4058,4058,"CC(C)C(C(=O)NC(C)CCC(=O)O)NS(=O)(=O)C1=CC=CC=C1F |$;;;;;;;;;;J;;;;;;;;;U8;;;X;;$,Sg:n:24:H:ht,Sg:n:9,10:a:ht|"
4059,4059,"CC(C)CNC1(CCCS(=O)(=O)C1)CO.C[N+](C)(C)C |$;;;;;;;;;;;;D;;;;;;;$,m:15:5.12.9.8.7.6,Sg:n:2:M:ht|"
4060,4060,"CCCC1NC2=C(C=CC=C2N1C)C |$;;;A;;G;;;;;;;;$,Sg:n:7:y:ht|"
4061,4061,"CC1=NON=C1CNCCC(=O)O.CC |$;;;;;;;;;;;;;;R$,m:13:1.2.3.4.5|"
4062,4062,"CCN1CCCC(C1)CC2=NOC(=O)N2.CN=C(N)NN(C)C.CC |$;;;;;;;M3;;;;G3;;;;;;;;;;;;;R$,m:15:2.7.6.5.4.3,m:23:10.9.14.12.11|"
4063,4063,CC1=NC=C(S1)C(=O)NC(C)(C)CO |$;;Q4;;A8;;;;;;;;;$|
4064,4064,"CCCCN(C)C(=O)[C@@H]1CC(CN1)O |$Y;;;;;;;;;;;;;$,Sg:n:8:K:ht,Sg:n:1,2,3:S:ht|"
4065,4065,"CC(C)C1=CC(=CC=C1)NC2=NC(=NC=C2F)NC.CC(=S)C(C)O |$;;K6;E2;;;;;;;;;;;G;;;;;;;;;;$,m:19:11.12.13.14.15.10|"
4066,4066,"C(CNCCC(=O)O)C(=O)O |$;;;;;;;;;;$,Sg:n:1,0:F:ht|"
4067,4067,"COCCC1=NOC(=N1)[C@@H]2CCCNC2.CNC(C)(C)O.CC |$;E0;;;;;;;;U;;;J1;;;;;;;;;;Z40$,m:15:4.5.6.7.8,m:21:10.11.12.13.14.9,Sg:n:0:M:ht,Sg:n:2,3:Y:ht|"
4068,4068,CNCC1=NN=C(O1)COC |$;;;;;;;;K;;$|
4069,4069,CCC1=CC(NCOC1)C(C)C |$;;;A4;;W;;W;;;;$|
4070,4070,"C1C(CN1)CCSC2=NN=C(S2)N.CN(N)C(=O)O |$;;;;;;W;;L;;;;;;;;;;$,m:13:8.7.11.10.9,Sg:n:4:p:ht|"
4071,4071,"C/C=C/[C@H](C)CCCNC |$;;;;;;;;;E0$,Sg:n:5,6,7:a:ht|"
4072,4072,"COC1=C(C=C(C=C1)Cl)CNCCO |$;;;;;;;;;;;;;$,Sg:n:10:a:ht,Sg:n:11,12:R:ht|"
4073,4073,"CCN(CC)C1=CC(=O)NC(=N1)C(C)C |$;;;;W0;;;;;;;;;;$,Sg:n:13:u:ht|"
4074,4074,C1C(CC1O)NC2=C(C=CC=N2)C(=O)O |$;;;;;;;;;;;;Q5;;$|
4075,4075,"CCNCC1(CCC1)COC |$;;D;Y;;;;;;;$,Sg:n:1:Z:ht|"
4076,4076,CC1=C(C(=CC=C1)C(C2=CC3=C(C=C2)NC(=O)O3)N)F |$;;;;;K;;;;;;;;;;;;;;$|
4077,4077,"CC1=CC(=C(C(=C1)C)CCNC)C.CC |$;;;;;;;;;;;;;;E49$,m:13:1.6.5.4.3.2|"
4078,4078,CCOC(=O)NC(=O)N=C(Cl)Cl |$;;;;M;;;;;;;$|
4079,4079,"CNC(=O)C(C(C1=CC=CC=C1)F)N.CNNC(=O)O |$;;;;;;;;;;;;;;;;;;;$,m:14:6.11.10.9.8.7|"
4080,4080,"CCOC(=O)C1=C(C2=C(S1)CNC2)Br.CC |$;;;T3;;;;;;;;;U;;;R$,m:14:5.6.7.8.9|"
4081,4081,"CN1CCCC(C1)NCCC2=CSC=N2.CC |$;;;;;;;;;;;;;;;;R19$,m:15:11.10.14.13.12|"
4082,4082,CC1(CC(C1)NC2=NC=C(S2)C(=O)O)C |$;;;;;B;;K7;;;;;V;;J7$|
4083,4083,"C1CCC(C(C1)N)NCC(=O)O.CC |$;;;;;;D3;;;;;;;R$,m:12:0.5.4.3.2.1,Sg:n:9:g:ht|"
4084,4084,"CC1CCC(CC1)N(C)CCNC |$;;;;;;;;E7;;L;;$,Sg:n:4:c:ht|"
4085,4085,"CCC(C(=O)C1=CC=C(S1)Cl)NCC |$;;L;;;;A;J7;;;;;;$,Sg:n:0:K:ht|"
4086,4086,"CC1=CC(=CN=C1NC2CC2)CNC.CC(=N)N(C)S(C)(=O)=O |$;;;;;;;;;;;;G;;;;;;;;;;$,m:14:1.6.5.4.3.2,Sg:n:9:x:ht|"
4087,4087,"CNC[C@@H](C1=CC(=C(C=C1)O)O)O.CC |$;;;B5;;;;;;;;;;;R$,m:13:4.9.8.7.6.5|"
4088,4088,CC1CCC(CN1)CC(=O)OC(C)(C)C |$;;;;;;;;;;;;E;;$|
4089,4089,"CC(C)C(CCO)NC1=C(C=C(C=N1)N)C(=O)N.CN=NC(=NC)OC |$;;;;;;;;;;;;;X;;;;;;;;;;;;$,m:18:8.13.12.11.10.9|"
4090,4090,"CCOC1=CC=CC(=C1OC(F)F)CNCCOC |$;;;;;;;;;;;D1;B0;;;;;;$,Sg:n:18:W:ht,Sg:n:5:H:ht|"
4091,4091,"C[C@@H]1CNCCN1C(=O)CC2CC2.CC.CC |$;G;;;;;Y1;;;;;;;;L4;;R31$,m:13:1.6.5.4.3.2,m:15:11.10.12,Sg:n:1:J:ht|"
4092,4092,"C1CCNC(C1)C2=C(C(=CC=C2)O)O.C=NC(C)=O |$;;;;;;;;;;;D7;;D5;;;;;$,m:14:7.8.9.10.11.6|"
4093,4093,"CCOC(=O)NC(=S)OCC |$;;;;;;;;;;$,Sg:n:6:N:ht,Sg:n:0:L:ht|"
4094,4094,"CC1=CC(=O)NC2=NN=C(N12)SC.CC.CC(O)C(=O)O |$;;;Q0;;;;;;;;;;;R;;;;;;$,m:13:1.10.6.5.3.2,m:15:7.6.10.9.8|"
4095,4095,"C1=CC2=C(C=C1F)NC(=O)C(=O)C(=C2)O.CC.CC=NN(C)C(=O)NC |$;U;;E;;;;A1;;;;;;;;;R;;;;;;;;;$,m:15:0.5.4.3.2.1,m:17:7.3.2.13.12.10.8|"
4096,4096,"CC1(CCN(C1)CCCN)C(=O)NC |$;;;;;K;;;;Z;;;;$,Sg:n:3:b:ht,Sg:n:7,8:o:ht|"
4097,4097,"C1=CC(=CC=C1C2=NN(C(=O)C(=C2)C(=O)NCCO)C3=CSN=C3)Cl.CC |$;;;;;;;;;;;;;K;;;;;;T3;G;;;;;;T$,m:25:20.19.23.22.21|"
4098,4098,"CC(C)CCOC(=C)NCCO |$;;;;;;;;;;;$,Sg:n:2:S:ht,Sg:n:9,10:T:ht|"
4099,4099,"CC(C)(C)CCC1CNCCO1.CC=NC(C)=NN(C)C |$A;;;;T;Z;;;L;A;;W;;;;;;;;;$,m:12:6.11.10.9.8.7,Sg:n:5:f:ht,Sg:n:4,5:W:ht|"
4100,4100,"CC[C@@H](C(=O)NC1=CC(=C(C=C1)Br)[N+](=O)[O-])N.COO |$;D2;;;;;;;;U5;;;;;;;;;;$,m:17:6.11.10.9.8.7|"
4101,4101,"CCC=NC1=C(C=CC=C1N2CCNCC2)C.CC.CC |$;A8;;;;;;;;;;;;;;;;;J;;R$,m:17:4.9.8.7.6.5,m:19:11.12.13.14.15.10|"
4102,4102,"CNCCN(C)CCO |$;;;;;;B;;$,Sg:n:2,3:v:ht|"
4103,4103,"CC1=CC=CC=C1SCC(C2=CC=CC=C2)NC(=O)C.COP(C)(=S)N(C)C.CC |$;;T2;;;;;;;;;;;;;;;;U3;;;;;;;;;;;T$,m:20:1.6.5.4.3.2,m:28:11.12.13.14.15.10|"
4104,4104,"CC(C)NC(=S)N[C@]1(CCS(=O)(=O)C1)C |$;;;;;;;;;M6;;;;X;$,Sg:n:11:R:ht,Sg:n:12:U:ht|"
4105,4105,"CC(CCNC(O)(O)O)S(=O)(=O)O |$;;;;;;;;;;Z1;;$,Sg:n:2,3:e:ht|"
4106,4106,CCOC(=O)C[C@@](C)([C@@H]1CCCN1)O |$;;;W9;;;;V;;;;;;$|
4107,4107,"CC(C)(C(=O)O)NCC1=NC=CN1C.CN(C)S(=O)N(C)C |$;;L5;;;;;;;;;;;;;;;;;;;$,m:14:8.9.10.11.12|"
4108,4108,"CC1(CC1C(=O)NC(CN)COC)C.CN=C(N=C(C)C)SC |$;;;X;;;;;;;K;;;;;;;;;;;;$,m:14:1.2.3,Sg:n:5:o:ht|"
4109,4109,"C1=C(NC2=NC(=NC(=C21)C3=CN=CN=C3)C(F)(F)F)C#N.CC.CC.CC=NN(C)C=O |$;;;;;;;;;;B;;;;;;;;;;;;R;;R3;;;;;;;$,m:21:0.1.2.3.8,m:23:4.5.6.7.8.3,m:25:10.11.12.13.14.9|"
4110,4110,CC1=CSC(=N1)NC(=O)C(CC(=O)N)N |$;;X6;;;;;K;;;;;;;$|
4111,4111,"CCNC(CS(=O)C(C)C(C)C)C1CC1.COC(O)OC |$;;;;;;;;;;;;;;;;;;;;$,m:15:12.13.14,Sg:n:1:o:ht|"
4112,4112,"CC(CCNC)C1=CN=CC2=CC=CC=C21.CC |$;;;V;;;;;;;;;;;;;;R$,m:16:6.15.10.9.8.7|"
4113,4113,"C1=CC2=C(C=CC(=C2)C3=CC=NC(=S)N3)N=C1.CN=C(C)C#N.CC |$;;;;Z;;;;;;A;;;;;;;;;;;;;;R$,m:17:4.5.6.7.2.3,m:23:9.10.11.12.14.8|"
4114,4114,"C1=CC(=C(C(=C1)Br)C#N)NC2=CN=C(C=C2)C(F)(F)F.CC=NNC(C)=NC.COC(=O)ON(C)C |$;;;;;;;;;A7;;;Q3;;;;;Y6;;;;;;;;;;;;;;;;;;$,m:20:0.5.4.3.2.1,m:28:11.12.13.14.15.10,Sg:n:10:k:ht|"
4115,4115,"CNC(CC1=NC=NN1C)C2=CN=NS2.CC.CN=N |$;;;;;;;K;;;;;;;;;Z13;;;$,m:15:5.4.8.7.6,m:17:11.10.14.13.12|"
4116,4116,"C1CCC(C1)NC2=CC=C(C=C2)C(=N)N.CC |$;;;;;;;;;;;;;Y;;;R$,m:15:0.1.2.3.4|"
4117,4117,"C1[C@H]([C@H]1F)C(=O)N2C[C@H]3CNC[C@H]3C2.CC.CC |$;;;;;;;;A;;;;;;;R86;;V3$,m:14:0.1.2,m:16:7.6.13.12.8,Sg:n:7:u:ht|"
4118,4118,CC1CN(C(CO1)C)C(C)CNC2CC2 |$;;;;;;;D;D7;;;;;;$|
4119,4119,"CCN(CC)C1=CC(=C(C=C1)NC2=NC(=NC(=C2)C)NCC3=CC=CC=N3)C.CC.CC |$;;;;A8;;;;;;;;;;;;;M5;;;;;;;;;;B;;R3;;R$,m:28:13.14.15.16.17.12,m:30:22.23.24.25.26.21|"
4120,4120,"CC1CNC2=C(C(=NN2C1)C)Cl.CC(C)=NOC(=O)N(C)C.C[NH2+][O-] |$;;;;;;;;;;;;;;;;;;;;;;;;$,m:12:1.9.8.4.3.2,m:22:5.4.8.7.6|"
4121,4121,C[C@H]1CNC2=C(C=CC(=C2)OC)NC1=S |$;;;;V6;;;;;J;;K;;;$|
4122,4122,"CCCN(CC(=O)O)C(=O)NC1=C(C=CN=C1)C |$;;;;;;;;;;;;;;;T4;;$,Sg:n:13:n:ht,Sg:n:1,2:H:ht|"
4123,4123,"CC(C)[C@H](CCO)NC(=O)NC1=C(C=CC(=C1)F)N2C=CC=N2.CC=NC(C)=O |$M9;;;;;;;;;;;;;W;;;;;;;;;;;;;;;$,m:23:19.18.22.21.20,Sg:n:4,5:W:ht|"
4124,4124,"C=CC(=N)OC1C2CC3C(C1OC3=O)N2.CC.COOC(=O)O.CC |$;Z6;;;;;;;;;;;X;;;;W;;;;;;;;R$,m:15:5.6.14.9.10,m:17:7.6.14.9.8,m:23:11.10.9.8.12|"
4125,4125,"C1=CNC=C1C(=O)CN=[N+]=[N-].CC |$;;;;;;;;;;;;R9$,m:11:0.1.2.3.4|"
4126,4126,"C1C(CS1)(C#N)NCC2=CC=CS2.CC(=O)N(O)C(C)=O |$;;;;;;;;J6;;;;;;;;;;;;$,m:13:9.8.12.11.10,Sg:n:6:c:ht,Sg:n:3:y:ht|"
4127,4127,"CN(CCN)C1=CC=CC2=C1N=CN2.CNC(=O)C(C)O.CNP(C)(=S)N(C)C |$;;;;;;Y6;;;;;;;Q6;;;;;;;;;;;;;;;$,m:14:5.10.9.8.7.6,m:21:11.10.9.13.12,Sg:n:2,3:B:ht|"
4128,4128,"C1CC(CNC1)(C2=NC(=NO2)C3=CC=CS3)O.CC.CC(=O)N(C)S |$B7;;;;;;;;;;;;;;;;;;X;;;;;;$,m:17:7.6.10.9.8,m:19:12.11.15.14.13|"
4129,4129,"C[C@H](C=C)NCC1=CC(=CC=C1)Br.CC(=S)NO |$;G2;;;;;;;;;T;;;;;;;$,m:13:6.11.10.9.8.7|"
4130,4130,"CCOCCCNC1=C(C=CC=C1Cl)C.CC |$;;;;E;L;;;;;;;;;;;U$,m:15:7.12.11.10.9.8,Sg:n:11:Y:ht,Sg:n:3,4:j:ht|"
4131,4131,CC1CNCCN(C1)C2CCCN2C |$;;;;;;;;;;A;;;$|
4132,4132,CC(C)(C)C(=O)C1=C(NC(=N1)I)N=[N+]=[N-] |$;;;;;;;A7;;;;;;;$|
4133,4133,"CC(=N)CC(=NC)C1CCCCN1.C[S+](C)C |$;;;;;;;U;;;;L;;;;;$,m:13:7.12.11.10.9.8|"
4134,4134,"CC1CCC(CN1)(C2=C(C=CO2)Br)F.COP(=S)(OC)N(C)C |$;;;;;;;;;;;;B;;;;;;;;;;$,m:14:1.6.5.4.3.2|"
4135,4135,C1=CC=C(C(=C1)NC2=CC=C(C=C2)Br)O |$;;;;;T;;;;;;;;;$|
4136,4136,"C1CN(CCN1)CCOC(F)(F)F.CC |$U3;;;;;;;;;;;;;;R$,m:13:0.5.4.3.2.1,Sg:n:6:C:ht|"
4137,4137,"CCCNCC(CN1C=CN=C1C#N)O.CC(S)C=O |$E;;;;;B;;;;;;;;L1;;;;;;$,m:15:7.8.9.10.11|"
4138,4138,"CC(C)C(C(=O)C1=CC=C(C=C1)NC(=O)C)Br.COP(=O)(OC)SC |$;;E6;;;;;;;;;G;;;;;J;;;;;;;;$,m:17:6.11.10.9.8.7|"
4139,4139,"CCCNC1=CNC2=C1C(=C(C=C2)O)I |$;;;;;;;;;;;;;;$,Sg:n:1,2:Y:ht|"
4140,4140,"CC(=O)C(=C)NC(=NC)C1CC1 |$;;;;;;;;D6;;;E5$,Sg:n:2:V:ht|"
4141,4141,"CCCNC(CC)C1=CC(=CN=C1)OC.CSSN(C)C |$;;;;;;;;;;;;;;;;;;;;$,m:15:7.12.11.10.9.8|"
4142,4142,CC1=C(C=CC(=N1)NC(C)C2=CN=CC=C2)C(=O)OC |$;;;;;;T;;;;;;;;;;E9;G;;$|
4143,4143,"CC(=C(C(=O)[O-])NC)CC(F)(F)F |$;;;;;;;;;B6;;;$,Sg:n:9:T:ht|"
4144,4144,"CC1(CN(CCN1)C/C=C/C2CC2)C.CC(C)=NO |$;;;Q7;;;;;;;;;;;;;;;$,m:14:11.10.12,Sg:n:7:R:ht|"
4145,4145,"COCCOC(CNC1CC1)COC.CC |$;;;;A;;;;;;;;;;;K37$,m:14:8.9.10,Sg:n:9:K:ht,Sg:n:0:k:ht,Sg:n:2,3:B:ht|"
4146,4146,C[C@H](CNCC(CN=[N+]=[N-])O)OC |$G6;;;;;;;;;;;;$|
4147,4147,"CCC(C)CNCC1=CC=CC=C1Cl.CC |$;;;;;Q7;;;G8;Y;;;;;;G7$,m:14:7.12.11.10.9.8|"
4148,4148,"CNC1CCC(C(C1)O)OC |$;;;;;;;;;U;$,Sg:n:6:C:ht|"
4149,4149,"B1(OC(C(O1)(C)C)(C)C)C2=NC(=CC=C2)NC3CCCC3 |$;;;;;;;;;V7;;;;;;;J;;;;$,Sg:n:0:Y:ht|"
4150,4150,"CCC1C(CCO1)CN2CNC3(C2=O)CC3.CSC(=O)C(C)=O.CC.CC |$;;;;;;;;;;;;;;;;;;;;;;;;R7;;R85$,m:16:2.3.4.5.6,m:23:9.8.12.11.10,m:25:14.11.15,Sg:n:14:E:ht|"
4151,4151,"CC1=C(C=CC=C1NC(C)C)N.CC |$;;;;;G;;;;;;;;K4$,m:12:1.6.5.4.3.2|"
4152,4152,"C1=CN=C2C(=N1)C(=O)NC(=O)NC2=O.CC |$;G;;;;;;L9;;;;;;W;;R$,m:14:6.4.3.12.11.9.8|"
4153,4153,CCC(C)C(C)NC1CC(N(C1)C)C |$;;;;;Z1;;;;;;;;K$|
4154,4154,"CCCNC(C1=CC(=CS1)Br)C2=C(C=NN2CCC)OC |$;;;;;;Z;;;;;;;X;;;;;;;$,Sg:n:16,17:k:ht|"
4155,4155,"CCOC(=O)C(C)CNC1=CSC=C1.CNC(=S)N(C)N=C(C)C |$;;;;;;;K9;;;;;;;;;;;;;;;;$,m:14:9.10.11.12.13,Sg:n:12:v:ht|"
4156,4156,"CCC1(CC1)C(=O)C(C(=O)NC2=C(C=CC(=C2)OC)OC)N3C=CN=C3.CC |$;;Y;;;;;;;;;;;;;;;;;;;;;;;;;V$,m:26:22.21.25.24.23|"
4157,4157,"C(CNCCS)C(=O)N |$;;;;;;;;$,Sg:n:3,4:H:ht|"
4158,4158,"CCNC1=NC=CC(=C1)NC(CCO)C(C)(C)C |$;;;;;;;;;;;;;;;;;$,Sg:n:11,12:Z:ht|"
4159,4159,"CC(C)C1=CC(=C(C=C1)N(C)C2CCNC2)OC |$;;D5;;;G1;;L;;;;;;;;;;$,Sg:n:8:K:ht|"
4160,4160,CCN1CCN[C@@H](C1)C2=CC=C(C=C2)C |$;;;;;;;A;;;;;;;K$|
4161,4161,"CC(C)N(CC1CC1)C(CNC2CC2)C3=CC=CC=C3.CN(C)ON |$U;;;;;;V;;;;M;;;;;;;;;;;;;;$,m:20:12.11.13,Sg:n:9:U:ht|"
4162,4162,"CC1=NC=C(S1)CN2C(=O)CNC2=O.CC.CC(C)(S)S |$;;;;;;;;;;;;;;;J5;;;;;$,m:14:1.2.3.4.5,m:16:8.7.12.11.10|"
4163,4163,"C1C2=C(C=CC(=C2Cl)Cl)NC(=N1)NC#N.CC |$;;;;;;;;;;X4;;;;;;R84$,m:15:3.4.5.6.1.2,Sg:n:13:u:ht|"
4164,4164,CC(C)(C#C)NC(=O)C(C)(C)C(=O)O |$;;;;;;L;;;;;J;;$|
4165,4165,"CCN1C(=C(C=N1)CCNC)C2CC2.CC.CC |$;;;;;Z;;;;;;;;;;R;;Y$,m:14:2.3.4.5.6,m:16:12.11.13,Sg:n:7:M:ht,Sg:n:7,8:V:ht|"
4166,4166,"C=CCNC(C1=CC=CC=C1)C2=CC=C(C=C2)F.CC |$;;;;;;;M4;;;;;;;;;;;;E$,m:18:12.13.14.15.16.11,Sg:n:11:r:ht|"
4167,4167,"CC(=C)CNC1CCC2(CC1)OCCO2.CC |$;;;Q;;;;;;;V1;;G1;;;;Y$,m:15:11.8.14.13.12|"
4168,4168,"CCOC(=O)NC1=C(C=C(C(=C1)N)C)Br.COC(=O)N(C)SC |$;;;V;;;;;;;;;;;;;;;;;;;$,m:15:6.11.10.9.8.7|"
4169,4169,"CCC1=CC(=NC(=N1)C2=C(C=CC(=C2)Cl)Cl)NC.CC.CC |$;W3;;J8;;;;;;L8;T9;;;V;;;E;;;R;;K$,m:18:2.7.6.5.4.3,m:20:9.10.11.12.13.8|"
4170,4170,CC(CNCC=C)N(C)CC1=CC=CC=N1 |$;;;G;E;;;;;;;K;E;;;$|
4171,4171,"CC(C1=NN=C(O1)NC2=C(C=CC=C2Cl)C(F)(F)F)N.CN=CN=NC |$;;;;;;;;;;;;;;;;;;;;;;;;;$,m:20:2.3.4.5.6|"
4172,4172,"CNCCNC1=CC=CC=C1C(=O)N |$;;Y;;;;L;K4;;;;;;$,Sg:n:2,3:S:ht|"
4173,4173,"CC1=C(N=CC=C1)NC(=S)NC2CC2.COB(C)N(C)C.CC |$;;;;E;;;;;;;;;;;;;;;;;;R$,m:14:1.6.5.4.3.2,m:21:12.11.13,Sg:n:0:U:ht|"
4174,4174,"CC[C@H]1CCN[C@@H]1CC2=CC=C(C=C2)C.CC |$;;;;;;;;;M7;;V2;;;;;R4$,m:15:2.3.4.5.6|"
4175,4175,"C1CC1(CN)C(=O)N[C@@H](CCO)C(=O)O.CC |$;T;;K;;;;;;;;;;;;;R89$,m:15:0.1.2,Sg:n:12:b:ht,Sg:n:6:D:ht|"
4176,4176,"CC(C)CNC(C)(C)CCO |$;;T;;;;;;;W7;$,Sg:n:2:L:ht|"
4177,4177,"CCS(=O)(=O)CCNC(=O)C(C)(C)CN |$;;;;;;;;;;D0;;;;$,Sg:n:5,6:k:ht|"
4178,4178,"CCOC(=O)C1=C(OC=N1)C(C2(CCCCCCCCC2)O)NC=O.CC.CSP(=S)(SC)SC |$;;;;;;A;;;;;X5;;;;;;;;;;;;;;;W;;;;;;;;$,m:25:5.6.7.8.9,m:27:12.13.14.15.16.17.18.19.20.11|"
4179,4179,CC(C)CC(=O)C(C(C)C)NC(=O)CN |$;;;;L;;;;;;;;;;$|
4180,4180,"CC(=O)NC1=NC(=NC=C1)NC(=O)C.CS(=O)(=O)ON |$;;;;;;;;;;;;;;;;;;;$,m:14:4.9.8.7.6.5|"
4181,4181,"CN1CCC(CC1)(C#N)NC(=O)N=[N+]=[N-].CNN(C)O |$;X;;A8;;;;;;;;;;;;;;;;$,m:15:1.6.5.4.3.2,Sg:n:14:b:ht,Sg:n:5:o:ht|"
4182,4182,"CSCCCNC(=O)C1=CC(=CC=C1)N |$;;;;;;;;;;;;;;$,Sg:n:2,3:d:ht|"
4183,4183,C1=CN=C(N1)[S@](=O)C(C(=O)O)(F)F |$;U;G5;;;;;;;;;;$|
4184,4184,"C[C@@H](C(=O)O)NCCC(=O)N |$M7;;;;;;;;;;$,Sg:n:1:f:ht,Sg:n:7:M:ht|"
4185,4185,"CN1C2=C([C@@H](C3=C(N2)CCCC3=O)C4=CC=CC=C4OC)C(=O)NC1=O.CC |$;;;;M;;;Z;;;;;;;B;;;;;;;;;;;;;R27$,m:26:7.2.3.4.5.6,Sg:n:7:f:ht|"
4186,4186,"CC(CCO)NCC(=O)OC(C)(C)C |$;;;;;;U7;;;;;;;K9$,Sg:n:0:A:ht|"
4187,4187,"CC[C@@H](C)[C@@H](CO)NC(=O)C1=CC(=NC2=CC=CC=C21)C3=CC=CO3.CNP(=O)(NC)OC |$;;;;;;;;;;;;;V9;;W;;;;;;;;;W;;;;;;;;$,m:25:10.19.14.13.12.11|"
4188,4188,"CNC(CC(F)(F)F)C1CCC1.CNC(=O)N=N |$;;;;;;;;;;;;;;;;;$,m:12:8.11.10.9|"
4189,4189,"CC1=NSC(=N1)NCC2COCCN2.COS(C)(C)OC.CC |$;;;;;;;;;;;;;;;;;;;;;;W$,m:14:1.2.3.4.5,m:21:9.10.11.12.13.8,Sg:n:1:x:ht|"
4190,4190,CCNC(=O)N(CC=C)CC=C |$D;;;Z;;;;;;M9;;$|
4191,4191,"CCC(C(C)(C)C)NCC1=C(N=CS1)C |$;;;;;;;;;;;T;;;$,Sg:n:4:q:ht,Sg:n:3:s:ht|"
4192,4192,"CSC1(CC1)CNC2=C(C=CC(=C2)Cl)N.CS(C)(O)O |$;;V;;;;;;;;;;;;;;;;;$,m:15:3.2.4|"
4193,4193,"C=C(CNC(=O)NC1=C(C=C(C=C1)I)C(=O)O)Cl |$;A;;;;;;;;;;;;;;;;$,Sg:n:12:M:ht|"
4194,4194,"CC(C)CNCC1=C(C(=CC=C1)Cl)OCC2CCCO2.CN(C)C |$;;;;;;;;;;;;;;;;;;;;;;;$,m:20:16.15.19.18.17|"
4195,4195,"CC(C1=CC=CC=C1Cl)NC(=O)C2CC3CCC2N3.CC(C)=NN(C)C=O |$;;;;;J3;;;;;;B;D;;;W8;L4;M;;;;;;;;;$,m:19:3.4.5.6.7.2|"
4196,4196,"C1C(CN1)CC2=NC=C(S2)C(=O)O.COP(C)(=S)SC |$;;;;;;;;;;;;;;;;;;;$,m:13:6.5.9.8.7|"
4197,4197,CC(CC1=CC=CC=C1)NCCC(O)(P(=O)(O)O)P(=O)(O)O |$;;Z8;;;;;;;;;;;;;;;;;;;$|
4198,4198,C1=CC=C2C(=C1)C=CC=C2CNC3=C(C=C(C=C3)Cl)F |$;;;;;K;;;;;;;;;;;;;;$|
4199,4199,"CC(C)CC(C)NCCS |$;;;;;;;;;$,Sg:n:7:q:ht,Sg:n:7,8:h:ht|"
4200,4200,"C1CNCC(C1O)CC2=NC=CC=N2.C=NOC(C)=NC |$;;;;;;;;;;;;;;;;;;;;$,m:14:0.5.4.3.2.1|"
4201,4201,"CC(C)CNCC1C2CCCC2CN1.CNB(C)NC |$;J0;;;;;;;;;;;;;;;;;;$,m:14:6.7.11.12.13,Sg:n:5:Y:ht|"
4202,4202,"C1=CC(=CC(=C1)NC(=O)O)C2=CN=CO2.CN(C)C(=S)N=[N+]=[N-].CS(=O)(O)=S |$;;;;;;;;;;;;;;;;;;;;;;;;;;;$,m:15:0.5.4.3.2.1,m:23:11.10.14.13.12|"
4203,4203,"CC1=C(C=CC(=C1)Br)C2=NC=C(N2)C=O.CC |$;;;;;;;L;;;;L;;;;;R00$,m:15:1.6.5.4.3.2|"
4204,4204,"CC(C)NC(=O)C(CI)SCCN |$;;;D4;;;;;;;;;$,Sg:n:10,11:I:ht|"
4205,4205,"CC1=CN2C(=NC(=C2NC(=O)C3CCCC3)C4=CC=C(O4)C)C=C1.CSC(=O)S.CC |$;;;;;D9;A7;;;Z;;;;;;;;;;;;;;;;;;;;;J$,m:24:5.4.3.7.6,m:29:12.11.15.14.13|"
4206,4206,"CCCCN1CCCNC(C1)CO |$;B;;;;;;;E0;;;;$,Sg:n:9:Y:ht|"
4207,4207,"COCCNC(=O)C1=CC(=C(N=C1)Cl)Cl |$;;;;;;;;;;;;;E1;Z1$,Sg:n:10:z:ht,Sg:n:5:v:ht,Sg:n:2,3:g:ht|"
4208,4208,C1=C(C=NC(=N1)NCC(CN)(F)F)Cl |$V8;;;;;;;;;;;;;$|
4209,4209,"CC1=CC=C(S1)CNC2=CC(=CC(=C2)C)Br.CC |$;;;;;;;;;;L8;;;;;;;V$,m:16:9.10.11.12.13.8|"
4210,4210,CC1=NC=CC(=C1)NC2CS(=O)(=O)C=C2 |$;;;;;;;;;;;;M8;;$|
4211,4211,"CSCC[C@@H](CO)NC1=NC(=NC2=C1CCNC2)C3=CN=CC=C3.CONN.CSN(C)SC.CC |$W5;;D;;;;;;;;;;;;;;;;;;;;;;;;;;;;;;;;;R97$,m:24:8.13.12.11.10.9,m:28:14.15.16.17.12.13,m:34:19.20.21.22.23.18,Sg:n:18:H:ht,Sg:n:2,3:o:ht|"
4212,4212,"CCCCN(CCCC)CCC(C)NCC |$;;;;;;;;;M;;;;;;$,Sg:n:12:B:ht,Sg:n:12:D:ht,Sg:n:9,10:H:ht|"
4213,4213,"C1=CC=C(C=C1)C(C2=CC=CC=C2)(C3=CC=CC=C3)NC(C4=CC=CC=C4)(C5=CC=CC=C5)C6=CC=CC=C6.CNP(=O)(O)OC.CC=NC=N.CN=S(C)(=O)NC.CC(=O)C#N.CC |$;;;W0;;;;;;;E;;;;;;Y;;;;;;;;;;;;X6;M3;;;;;;;;E4;;;;;;;;;;;;;;;;;;;;;;;;;;;T$,m:39:0.5.4.3.2.1,m:46:8.9.10.11.12.7,m:51:14.15.16.17.18.13,m:58:22.23.24.25.26.21,m:63:34.35.36.37.38.33|"
4214,4214,"CCCNC1=NC(=CC=C1)N2CCCCCCC2.CN=C(C)NS(C)(=O)=O.CC |$;;Q2;;;J;;;V;;;K6;;;;;;;;;;;;;;;;;U14$,m:18:4.9.8.7.6.5,m:27:11.12.13.14.15.16.17.10,Sg:n:11:e:ht,Sg:n:13:v:ht,Sg:n:1,2:Q:ht|"
4215,4215,"CCCNC1=NC(=CC=C1)N(C)CC(=O)N(CC)CC |$;;W;;;D3;;;;;;;;;;;;Z;;$,Sg:n:7:z:ht,Sg:n:1,2:Q:ht|"
4216,4216,"CCNC(=S)N1CCC2=CC(=C(C=C2[C@H]1COC3=CC=CC(=C3)C(F)(F)F)OC)OC.CC.CC |$;;;;;;T5;M8;X;;;;;;;;;;;M;;;;U;;;;E;;;;;R57;;R$,m:31:9.10.11.12.13.8,m:33:18.19.20.21.22.17|"
4217,4217,"CCCN1[C@H](COC1=O)CC2=CN=CN2.CC.CC |$;;;;;;;E2;;;;W3;;B;;;L55;;R0$,m:15:3.4.5.6.7,m:17:11.10.14.13.12,Sg:n:5:r:ht,Sg:n:13:N:ht,Sg:n:1,2:i:ht|"
4218,4218,"CC1=CC(=CC=C1)C[NH+]2CCNC(=O)C2.CC=NN=C(C)OC |$;;;;;;;;;;;;;;Y0;;;;;;;;$,m:15:9.10.11.12.14.8,Sg:n:0:Z:ht,Sg:n:3:k:ht|"
4219,4219,"CC(CC(=O)N(C)C)NC1=CC(=C(C=C1)OC)CO.CB=N |$;;;U;;;;;;;;;;;;;;;;;;$,m:19:9.14.13.12.11.10,Sg:n:18:N:ht|"
4220,4220,"CC[C@H](C)[I-]CCC[C@@H](C)NC |$;;;;;;;;;L;;$,Sg:n:2:Z:ht|"
4221,4221,CNC(=O)CNC(=O)C1CCCCC1N |$;;;;;;;;;;;;;;Q6$|
4222,4222,"CCC(C)(C)CCCNCC(C)(C)C |$;;K;;;;;;;J1;;;;$,Sg:n:6,7:h:ht|"
4223,4223,"C1=CC=C(C=C1)C2=NC(=CS2)/C=C\3/C(=O)NC(=O)S3.CNP(=O)(OC)OC.CN=C(C)ONC.CNP(=O)(OC)SC |$;;;;;;;;;;;;E;;;E;;;;;;;;;;;;;;;;;;;;;;;;;;$,m:19:0.5.4.3.2.1,m:27:7.6.10.9.8,m:34:13.12.18.16.15|"
4224,4224,"CC(C)(CO)C(=O)NC1CCN(CC1)C |$;;;;;;;;;;;;;;$,Sg:n:4:U:ht|"
4225,4225,"C1CC(NC1)(CC2=CC=CC=C2[N+](=O)[O-])C(=O)O.CC |$;;;;X6;;;;;;K;;;;;;;;;E4$,m:18:7.8.9.10.11.6,Sg:n:2:X:ht|"
4226,4226,"CC(C=C)NC(=O)C1=CC(=C(C=C1)N)F.CC |$;;;;;;B0;;;;;;;;;;R4$,m:15:7.12.11.10.9.8|"
4227,4227,"C(=O)NC1=NC(=O)NC(=O)N1.CN(C)S(C)(=O)=O |$;K;;J0;M;;;;;;;;;;;;;$,m:11:3.10.8.7.5.4|"
4228,4228,"C1CC1NCCNCC2=CSN=N2.CN=CC(C)=N.CC |$;Y;G;;;K;;;;;M9;;;;;;;;;;R40$,m:13:0.1.2,m:19:9.8.12.11.10|"
4229,4229,"CC(C)NCCNC1=C(C=C(C=C1)N)F.CC |$;;;;;;;;;;;;M2;;;;Z$,m:15:7.12.11.10.9.8,Sg:n:4,5:Z:ht|"
4230,4230,"CNCCC1CCN(C1)CCNC.CC |$E;;;;;;;;;;;;;;X6$,m:13:4.5.6.7.8,Sg:n:2,3:a:ht|"
4231,4231,"C/C=C(/CCCNC)\N=C |$;;;;;;;;;A$,Sg:n:5:X:ht,Sg:n:3,4:v:ht|"
4232,4232,"CCOC(=O)C1CN(CCN1)S(=O)[O-].CC |$;;;Z;;;;;;T2;;;;U;;R87$,m:14:5.10.9.8.7.6|"
4233,4233,"CCNC(CC1CC1)C2=COCCC2.CC |$;;;;;;;;;;;U;;;;R6$,m:14:9.10.11.12.13.8,Sg:n:5:z:ht|"
4234,4234,"C1CC1NC(=O)C2=C(C=CC=C2F)F.CC.CC |$;;;;;;;;;Y6;;;;;;K8;;T$,m:14:0.1.2,m:16:7.8.9.10.11.6,Sg:n:9:U:ht|"
4235,4235,"CC(C)(C)C1=CC2=C(N1C)CCNC2.CC |$U;;;;T3;;;;;;;U;;;;U30$,m:14:4.5.6.7.8|"
4236,4236,"CCN[C@@H](CC1=CN=CN1CC)C(=O)O.CN=CN(C)C(C)=N |$;;;;;;;;;G4;;;;;;;;;;;;;$,m:15:5.6.7.8.9,Sg:n:11:h:ht|"
4237,4237,"C1CC1C2=C(N3C=CSC3=N2)CNC(CCC(=O)O)CC4=CC=CC=C4.CC |$;;;;G5;;;;;;;;;;;;;;;;;;;;;;;Y33$,m:26:21.22.23.24.25.20,Sg:n:25:q:ht,Sg:n:14,15:p:ht|"
4238,4238,"CC[C@H](C)C(/C(=C/NC)/C)O |$Z1;;;;;;L;;;;$,Sg:n:8:c:ht|"
4239,4239,"CC1=C(C=C(C=C1)C(=O)NC(C)C#C)N.CC |$;;;;A2;;;;;;;;;Q4;;;Z$,m:15:1.6.5.4.3.2|"
4240,4240,"C1=CSC(=C1)CN2C=CNC2=S.CC(O)C=O.CNN(C)N=O |$;;;;;;;;;;K;;;;;;;;;;;;$,m:12:0.1.2.3.4,m:17:7.6.10.9.8|"
4241,4241,"CCC1=NN(C=C1C(=O)NCC(C)Br)C |$;;;;Q;;;V5;;;;;;;$,Sg:n:8:E:ht|"
4242,4242,"CC1=CC(=NO1)CN2CCCCC2CCNC.C[S+]=C(C)C |$;;;B4;;;;;U9;K;;;;;;L;Z4;;;;;$,m:17:8.9.10.11.12.7,Sg:n:13,14:k:ht|"
4243,4243,"C1=CNC(=C1)/C(=C/C#N)/C#N.CNB(C)N(C)C |$;;U;;;;;;;K7;;;;;;;;$,m:11:0.1.2.3.4|"
4244,4244,"CCCNCCCN1CCOC1=O.CN=C(N)NN=C(C)C |$;;;J6;;;;;;;D;;;;;;;;;;;$,m:13:7.8.9.10.11,Sg:n:1,2:t:ht|"
4245,4245,"CC1CCC(CC1NCCC(N)N)N.CS(=O)(=O)Br |$;;;;U1;;;;;W8;;;;;;;;;$,m:14:1.6.5.4.3.2,Sg:n:7:Y:ht,Sg:n:8,9:X:ht|"
4246,4246,"C1CCC(C1)NC(=S)ON=[N+]=[N-].CNOOC |$;;;;;;;;;;;;;;;;$,m:12:0.1.2.3.4|"
4247,4247,"C[C@@H](C1=CC=CO1)NC2CCSC2.CC |$;J4;;;;;;;M1;W6;;T5;;;M$,m:13:9.8.12.11.10,Sg:n:11:O:ht|"
4248,4248,CC(C)(C#C)NCC(=C)C(=O)O |$;;;;;Q1;;;;;;$|
4249,4249,"CCC(C)CNC(CCCN)COC |$;;;;;;;;;;;;;$,Sg:n:8:H:ht,Sg:n:6:i:ht|"
4250,4250,"CC1=NN(C(=C1N)NC2(CCOC2)C)C.CC(C)=NC#N.CC |$;X4;T0;;;;W1;;;;;;;;;;;;;;;;R$,m:15:1.2.3.4.5,m:21:9.8.12.11.10,Sg:n:2:t:ht|"
4251,4251,"C1C(=O)N(C(=O)N1)C2=C(C=CC(=C2)Br)Cl.CC |$;;;X;;;;;;V8;;;;;;;R$,m:15:0.1.3.4.6|"
4252,4252,"CCC(C(C)C)NC1CCC(CC1)N |$;;;E3;;;;;;;V;;;$,Sg:n:1:m:ht|"
4253,4253,"C1[C@@H]([C@@H]([C@@](O1)(CO)N2C=C(C(=O)NC2=O)F)O)O.C[NH+](C)C |$;;;;;;;;;;;;A;;;;;;;;;$,m:18:0.1.2.3.4,Sg:n:1:O:ht|"
4254,4254,C1CC[C@@H](NCC1)C2=CC3=C(C=C2)N=CC=C3 |$B;;;;;;;;;;L;;;;;;D$|
4255,4255,"CC(CNCCC1=NOC=N1)C(=O)O |$;;;;;;;;;;;;;$,Sg:n:4:U:ht,Sg:n:12:N:ht,Sg:n:3:B:ht|"
4256,4256,"C1CN(CCN1)C/C=C/C#N |$;;;;;;;;;;A1$,Sg:n:4:R:ht,Sg:n:3:H:ht|"
4257,4257,"CCCNC1=CC(=C(C=C1)Cl)C |$;;;;;;;;;;;$,Sg:n:10:W:ht,Sg:n:1,2:P:ht|"
4258,4258,"C1=C(OC(=C1)NC2=CC(=C(C=C2F)Br)F)C(=O)O.C[NH2+][O-].CC |$;;;;;;;;W1;;;;;;;;;;;;;;R87$,m:18:0.1.2.3.4,m:21:7.8.9.10.11.6|"
4259,4259,"CC(=O)N(CCNC(=O)C1CC1)CC=C.CC |$;;;;;;;;U1;;;;;;W;;U7$,m:15:9.10.11,Sg:n:14:z:ht,Sg:n:1:v:ht,Sg:n:4,5:A:ht|"
4260,4260,"C=CCNC(=O)C1=CC=CC=C1NC(=O)C2=NN(C(=O)CC2)CC3=CC=CC=C3.CC.CC |$;;;;;;;Q;;;;;;;;;;;;;;W;A;Z;;;;;;;R;;T4$,m:29:6.11.10.9.8.7,m:31:24.25.26.27.28.23|"
4261,4261,"COC1=CC2=C(CCNC2)C=C1.CNC(=S)N(C)N=C(C)C |$M;;;;;;;;;;;;;;;;;;;;;$,m:12:6.7.8.9.4.5|"
4262,4262,"COC(=O)C1=NC=C(N1)C2=CN=CC=C2.CNN(C)N(C)C |$;;;;;;;;;Q;;;;;;;;;;;;$,m:15:10.11.12.13.14.9|"
4263,4263,"CCCC(=O)NC1=CN=C(C=C1)Br |$;K;;;;;;;;;;;$,Sg:n:1,2:d:ht|"
4264,4264,"C1C[C@@H](CSC1)NCC2=CC=CC=C2Br.CSC=O.CC(=O)N(C)N=[N+]=[N-] |$;;;;;;X;;;;;;;;;;;;;;;;;;;;$,m:15:0.5.4.3.2.1,m:19:9.10.11.12.13.8,Sg:n:5:l:ht|"
4265,4265,"C1CC(S(=O)(=O)C1)CC2NCCO2.CC |$;;;;;;;;;U0;;;U;;M$,m:13:9.8.12.11.10|"
4266,4266,"CNCC1CCN(C1)CC2=NN=CN2C.CC |$;;;;;;J3;;;;G;;;;;;V5$,m:15:3.4.5.6.7,Sg:n:6:K:ht|"
4267,4267,"CC1CCCNC1CNCCC(F)(F)F.CP(O)O |$;;;;;;W3;Z;V;;;J;;B;;;;;$,m:15:1.6.5.4.3.2|"
4268,4268,"CCNC(CCN1CCS(=O)CC1)C2=CC=CC=C2F.CC |$;;;;E;B;;;;;;;;;;;;;;;;Q$,m:20:7.8.9.11.12.6,Sg:n:4:w:ht,Sg:n:4,5:k:ht|"
4269,4269,"CCOC(=O)C1=C(NN=C1NC2CCCCCCC2)C.CC |$L4;;;;;;;;;;;;;;;K;;;;;;R$,m:20:12.13.14.15.16.17.18.11,Sg:n:7:T:ht,Sg:n:11:a:ht|"
4270,4270,"CC1(CCN(CC1)C)CNCCCC=C |$;;;;;;;;;;;;;;$,Sg:n:13:r:ht,Sg:n:10,11:I:ht|"
4271,4271,C1CC1N2C=C(C=N2)NC(=O)O |$;U;;;;;;;;;;M$|
4272,4272,"CCN(CCC1COCCN1)C(C)C |$;;;;;;;;;;;;;$,Sg:n:8:X:ht,Sg:n:1:Q:ht,Sg:n:3,4:L:ht|"
4273,4273,"CC1=CN(N=C1)C(C)CC(C)(C#N)NC |$B;;;;;;;;;;;;;;Z2$,Sg:n:10:p:ht|"
4274,4274,CC(C)NC(=O)OCC1=CC=CC=C1F |$Q3;E;Z;;;;;T;;;;;;;$|
4275,4275,"COC1=C(C=C(C=C1)Cl)NC2=CC(=NC=C2)C(=O)N3CCN(CC3)C=O.CONO |$;;;;;;;;;;;;;;;J8;;;;;;;W;;;;;;;$,m:26:11.12.13.14.15.10,Sg:n:5:H:ht|"
4276,4276,"CC1=CC2=C(C=C1)N=C(N2)SC(C)CC(C)(C(=O)O)N.CC(N)S |$;;;;;;;;;;X1;;;;;;;;;;;;;$,m:20:1.6.5.4.3.2|"
4277,4277,"CC(C)[C@@H]1C2=C(NC(=O)CS1)N(N=C2)CC3=CC=CC=C3Cl.CC.CC(O)C=O |$;;;;B6;;Y;;;Z;;;;;;;;;;K;V;;;W;;;;;$,m:22:3.4.5.6.7.9.10,m:24:12.11.5.4.13|"
4278,4278,"C1=CC2=C(NC(C=C2)(C3=C(C=CC(=C3)Cl)F)Cl)N=C1 |$G;;;;;;;;;;;;;;X7;;;;$,Sg:n:8:J:ht|"
4279,4279,C1CNCCC1C(C#N)C2=CC=CC=N2 |$;;;;;;Y8;;;;Y;;V9;;$|
4280,4280,"CC(C)(C(=O)O)C(C)(C)NCC1=C(C=CC(=C1)Cl)[N+](=O)[O-].CC |$;;;;;;;;;;;;;W3;;;;;;;;;R7$,m:21:11.16.15.14.13.12|"
4281,4281,C1=CC2=C(C(=C1CC#N)CBr)N=CN2 |$A1;;;;;;V2;;;;;T5;;$|
4282,4282,"CS(=O)(=O)CCCNCCF |$;;;;;;;W;;G9;$,Sg:n:6:j:ht,Sg:n:5,6:v:ht|"
4283,4283,"COC1=CC=CC2=C1NCC(CC2)F.CC |$;;;;;;;;;;;;J1;;;W$,m:14:2.7.6.5.4.3,Sg:n:7:c:ht|"
4284,4284,CCC(C(C)N(C)C(C)C(C)C)NCC |$;;;;;;;;;;;;;;X$|
4285,4285,"C1C2(CC1(OC2)/C=N/O)NC(=O)O.CC |$;;E7;;;;;;;;;;;;R$,m:13:0.3.2.1,Sg:n:2:p:ht|"
4286,4286,"CC1CC1NC(C)C2=CC(=CC=C2)Br.CN(C)NO.CN=NSC |$;;;;;;;;;;J6;;;;;;;;;;;;;$,m:14:1.2.3,m:19:8.9.10.11.12.7,Sg:n:0:h:ht|"
4287,4287,"CC(=O)NCCS(=O)(=O)CN1CCCC1 |$;;;;;;;;J;Q6;;;;;$,Sg:n:6:s:ht,Sg:n:4,5:Y:ht|"
4288,4288,"C1C2=C(CN1)N(N=C2)C3=CC(=CC=C3)Cl.CC |$;;A;;;;;;;;;;;;;;R$,m:15:6.5.2.1.7|"
4289,4289,"CC1CN(CC(S1)C)CCCC2CCCNC2.CC |$;;;;;;;;;;;;;;;;;;M81$,m:17:1.6.5.4.3.2,Sg:n:12:d:ht|"
4290,4290,"CC1(CC(=O)N(C1=O)CCC(C)(C(=O)OC)NC2CC2)C |$;;;;;;B7;;;;;;;;;;Y;G7;;;$,Sg:n:3:f:ht,Sg:n:18:g:ht,Sg:n:8,9:l:ht|"
4291,4291,"CC(C)C(COC)NC1=NC2=CC=CC=C2C=C1.CC.COP(C)OC |$;;;;;;;;;;;;;;;;;;;R;;;;;;$,m:18:8.17.16.15.10.9,m:20:11.12.13.14.15.10,Sg:n:14:A:ht,Sg:n:8:H:ht|"
4292,4292,"CC(C1=CC=C(C=C1)F)NC(=O)OC(C)(C)C |$;;;;;;;;;;;;;;D9;;$,Sg:n:14:A:ht|"
4293,4293,"C1CCNCC(C1)COCC(=O)N.CC |$;;;;;D;;;;;;;D0;;R20$,m:13:0.1.2.3.4.5.6|"
4294,4294,C=CCC1=CC=C(N1)C2=CC=CC=C2 |$;;;;E;;;;;;;;;$|
4295,4295,CC(=C)C(=O)NCC1=CC(=CC=C1)OC |$;;;Q5;;;;;;;L6;;;;$|
4296,4296,"C1C(=O)N(CC(=O)N1)C(P(=O)(O)O)P(=O)(O)O.CC |$;;;D9;;;;;;;;;;;;;;;W34$,m:17:0.7.5.4.3.1|"
4297,4297,"CC(C)C(=O)NCC1=CC=CC=C1NC(=O)C(F)(F)F.CC |$;;;;Y6;;;;;;;;;;L6;;;;;K0;;R$,m:20:7.12.11.10.9.8|"
4298,4298,"CC(=O)NC1=CC(=NN1C(=O)OC)C(=O)O.CC |$;;;;;;;;;;;;;;;;;R$,m:16:4.5.6.7.8|"
4299,4299,"CCCC1CC1NC(=O)C(CC)N |$;;;;;;X;;;;;;$,Sg:n:12:w:ht,Sg:n:1,2:m:ht|"
4300,4300,"CC(CN1CCC(C1)N(C)C)(C#N)NC |$;;U;;;;;U9;;;;;;;$,Sg:n:6:p:ht|"
4301,4301,CCOC(=O)CCCN[C@@H](C)O |$;;B4;;;;;;;T4;;$|
4302,4302,"CC1CCCC(C1)NCC(C)(C)C(=O)N |$;;;;Z;;;;;;;;;J;$,Sg:n:1:j:ht|"
4303,4303,"CCCOC1=CC=CC2=C1C(=CN2)[C@H](CC)O.CC |$;;;;;;;;;;;A8;;E3;;;;;R65$,m:17:10.9.8.12.11,Sg:n:1,2:y:ht|"
4304,4304,"CC1=CC(=C(C=C1)C)NC(=O)CN2CCCCC2.CN=CC=N |$;;;;X0;;;;;;;;;;;;;U6;;;;;$,m:18:1.6.5.4.3.2,Sg:n:5:d:ht|"
4305,4305,"C[C@@H](CNC(=NC)C)C1CO1.CC |$;;;;;;;;;;;;K$,m:11:8.9.10|"
4306,4306,"CCN1C(=C(C(=N1)C)C(C)NCC2=C(C=CS2)Br)C.CN=C(N(C)C)N(C)O.CC |$;;;;Z3;Q0;;;;;;;;;;;;T;;;;;;;;;;;;R$,m:19:2.3.4.5.6,m:28:13.12.16.15.14|"
4307,4307,"C1CC2CC(CC1N2)(C3=CC4=C(C=C3)OCC4)F.CC.CC |$;;;;B;;;;Z;;;M2;;;;;;;;M;;R$,m:18:0.1.2.7.6,m:20:14.11.10.16.15|"
4308,4308,"CC(CNC)C1=CC=CC=C1 |$W3;;;;;;;;;;$,Sg:n:6:u:ht|"
4309,4309,"C1=CC(=CC=C1NCCC(=O)[O-])[N+](=O)[O-].CN=C(OC)N(C)OC |$;;L;;;;;;;;;Z7;;;;;;;;;;;;$,m:15:0.5.4.3.2.1|"
4310,4310,"CC(C)CCCNC(=O)C(C)(C)O |$;;;;;;;;;Q;D2;;$,Sg:n:4:j:ht,Sg:n:11:V:ht|"
4311,4311,"COC1=NC=CC(=C1)NC2CCOCC2.CC |$;;J;;;D8;;;;A2;A;;;;;;R9$,m:15:2.7.6.5.4.3|"
4312,4312,"C/C(=C\Cl)/CN(C)C1CCCNCC1 |$;;;X7;Y0;;;;G6;W2;;;;$,Sg:n:10:X:ht,Sg:n:6:V:ht|"
4313,4313,"CCC(C)(C)NC[C@H]1CCC=CC1.CSC(C)=NN |$;;;;;T;;;;;B3;;;;;;;;$,m:13:7.12.11.10.9.8,Sg:n:2:v:ht|"
4314,4314,"CCCS(=O)CC(C1CC1)NCC.CC |$;;;;;;;;;;;;;;Z0$,m:13:7.8.9,Sg:n:1,2:c:ht|"
4315,4315,"CC(CNCCCC(F)(F)F)(CSC)O |$;;;;;;;;;M2;;;;;$,Sg:n:9:W:ht,Sg:n:4,5,6:s:ht|"
4316,4316,"CC(C#N)NCCC1=CC=C(C=C1)SC.CC |$;;;;;;;;;;;;;B;;;V7$,m:15:7.12.11.10.9.8,Sg:n:14:s:ht,Sg:n:5,6:N:ht|"
4317,4317,"CCC(CC)N1CCC[C@H](C1)NC |$;T;;;;A;;;Z1;;V8;;$,Sg:n:6:u:ht|"
4318,4318,"CC1CCC(C1C)NC2CCCCC3=CC=CC=C23.CC.CP(C)(=O)O |$;;;;;;;;;;;;;;;;;;;;Y91;;;;;$,m:19:9.8.18.13.12.11.10,m:21:14.15.16.17.18.13|"
4319,4319,"CC(CO)NC(=O)C1=CC(=C(C=C1)Cl)N |$;;U6;;;;;J;;M7;Y2;;;;$,Sg:n:1:O:ht|"
4320,4320,"CC(C(C(=O)NC(CO)C(=O)NC(C)C(=O)NC(C)C(=O)N)NC)O |$;;;;Q6;;;;;;;;;;;E;X8;;;;;;;;$,Sg:n:13:Z:ht|"
4321,4321,"CC(C)CN1C(=O)C=C2CNCCC2=N1.CC |$;;;;;U6;;;;;;;;;;;R24$,m:15:4.14.13.8.7.5|"
4322,4322,CCN1CCCCC1C2NC(CO2)C |$;U2;;;;;J;;;;;;;$|
4323,4323,"COC(=O)C(=O)NCCC#C |$;;;;;;;;;Q;$,Sg:n:4:R:ht,Sg:n:7,8:c:ht|"
4324,4324,"C=CCNC1=C(C=CC(=C1)O)Cl |$;;;;;;;;;;;$,Sg:n:3:j:ht,Sg:n:10:Y:ht|"
4325,4325,"CN1CCC2=C(N(N=C2C1)C3CCCNC3)N.CNP(C)(C)=O |$;;;;;;E7;;;;;;;;;;;;;;;;$,m:17:11.12.13.14.15.10,Sg:n:0:d:ht,Sg:n:15:I:ht|"
4326,4326,"CCNCCC=CC1CCOC1.CC |$;;Z;;G;;;B4;M8;;;;;Z$,m:12:7.8.9.10.11,Sg:n:8:T:ht,Sg:n:8:t:ht|"
4327,4327,"C1CCC2(C1)C(=O)N(CCN2)CC(=O)O.CC |$;;;;;;;;M;;;;;;Y;;Y$,m:15:0.1.2.3.4,Sg:n:11:x:ht,Sg:n:1:m:ht|"
4328,4328,"CCC(COC)NC1=CC(=NC=N1)SC.CC |$;;;;;;;;;;;;;;;;E$,m:15:7.12.11.10.9.8,Sg:n:8:h:ht|"
4329,4329,"CCNCCCCS(=O)(=O)NC1CC1C.CSN(C)N(C)C |$;;;;;;;;;;E2;;;;;;;;;;;$,m:15:11.12.13,Sg:n:3,4,5,6:o:ht|"
4330,4330,"C1=CC=C2C(=C1)C=C(C(=N2)Cl)C=C(C#N)C(=O)NC3=CC=CC=C3F.CC.COSC |$;;;;;A;;;;;;;W;;;;;;;;;G;;;;;Y6;;;;$,m:25:6.7.8.9.3.4,m:27:19.20.21.22.23.18,Sg:n:1:f:ht|"
4331,4331,CC(=C)N=C(N)NC(=O)C1(C([I-]1)I)C |$;;;;;;;;;;;W;;$|
4332,4332,CC1=C(C(=NO1)NC(=O)C)I |$;;;;Q;;;;U;;$|
4333,4333,CC(=O)NC1CCC(CC1)N(C)C(=O)C |$;U;;;;;;;;B;;X;;;$|
4334,4334,"C1CCC(C1)NC(=O)[C@H](CC2=CC=CC=C2)N(CC3=CC=C(C=C3)Cl)C(=O)COC4=CC(=CC=C4)Cl.CNN.CONO |$;;;;X1;;;;;;;;;;;;;;;;;;;;;;;;;B;;;;;;;;;;;;;$,m:36:0.1.2.3.4,m:39:19.20.21.22.23.18|"
4335,4335,"COC1=C(C2=C(C=C1)C=CN2)C3=CC=C(C=C3)N.CC.CC=NNC(N)=S |$;;G8;;T2;;;;;;;;;;;;;;;G;;;;;;;$,m:18:2.7.6.5.4.3,m:20:12.13.14.15.16.11|"
4336,4336,"CC(CNCC1=NC=NC=C1)O.CC(=O)NC(C)=O |$;;;;;;;;;;;;;;;;;;$,m:12:5.10.9.8.7.6,Sg:n:3:E:ht|"
4337,4337,"CC(C)([C@H](C(=O)O)NC(=O)CC1=CC=C(C=C1)O)S.CC |$J;;;;;;;;;;;;;;;;;;;;R55$,m:19:11.16.15.14.13.12|"
4338,4338,"CCN(CCOC)CC1=C(OC(=C1)CNC(C)C)C |$M1;;;;;V9;;;;;;;;;;;;Y;D5$,Sg:n:3,4:K:ht|"
4339,4339,"C[C@H]1C=CC(=O)N1C(=O)/C=C(\CCNC(=O)CC/C=C/C(C)CC/C(=C/Cl)/CCCC#CBr)/OC.CN(C)C(=N)N |$;;;;;Q;;;;;;;;;;;;;;;;J3;D;;;;;;;;;Q3;;;;;;;;;$,m:35:1.2.3.4.6,Sg:n:21:c:ht,Sg:n:33:r:ht,Sg:n:28,29:J:ht|"
4340,4340,"CCOC1=C(C(=CC(=C1)/C=C/2\C(=O)NC(=NC3=CC=C(C=C3)F)S2)Br)OCC4=CC=CC=C4Cl.CC.CN=C(NO)N(C)C |$;B4;;;;;;;;L0;;;T;;;;;;B;;;M;;;;;;;A;;;;;;;V2;;;;;;;;$,m:34:17.18.19.20.21.16,m:36:28.29.30.31.32.27|"
4341,4341,COCCCC(=O)NCCC1=CN=CC=C1 |$;;;;;;;;;;;;;;A3;$|
4342,4342,"COCC1=C(C(C(=C(N1)C2=CC=C(C=C2)Cl)C#N)C3=C(C=C(C=C3)F)C(F)(F)F)C(=O)OC.CC(=O)NC=O.CSN=O |$;;;;;;;;;;;;;;;;;;;;;;;;;;E1;;;;;;;;;;;;;;;;$,m:33:3.8.7.6.5.4,m:39:10.11.12.13.14.9|"
4343,4343,"CNC(=O)NC1=CC=C(C=C1)NC(=O)CSCC2=CC=NC=C2 |$;;;;;;;;;;;;;;K;;;;;;;;$,Sg:n:1:p:ht,Sg:n:4:t:ht|"
4344,4344,"CCOC1=CC2=NC(=CN2C=C1NC(=O)C3=NC(=CC=C3)C(F)(F)F)C(C)[C@H]4CCOC4.CC.CC |$;;;;;;;;;;;;;;;;;;;T;;;X6;;;J;;;;;;;;K94;;J1$,m:32:3.11.10.9.5.4,m:34:6.5.9.8.7|"
4345,4345,"CC(C(C1=CC(=CC=C1)OC)OC2=CC3=C(C=C2)N(N=C3)C4=CC=C(C=C4)F)NC(=O)C5=NN6C=CC=CC6=C5.C[SH2+].CC.CC.CC.CC |$;;;;;;;;;;;;;;;;Z1;;J4;;;A1;;;V8;;;;;;;;Z;;;;;;;;;;;L;;R58;;Y;;R$,m:40:4.5.6.7.8.3,m:42:13.14.15.16.17.12,m:44:22.23.24.25.26.21,m:46:32.31.39.38.33,m:48:34.35.36.37.38.33|"
4346,4346,"CC(=O)CCC(=O)NCC(C)(C)OCCC(C)(C)C(=O)C |$;;;;;;;;;;U;;;;;;;;;;$,Sg:n:3,4:X:ht|"
4347,4347,C1CN(CCC1[C@H](C(=O)NCC2=CC=CO2)NC(=O)C3=CC=CC=C3)C(=O)C4=CC(=CC=C4)F |$;;;;;;;;;T;;;Y2;;;;;;;;;;;B9;;;;Y6;;;;;;$|
4348,4348,"CC1=C(C=C(C=C1)NC(=O)C2=CC(=NC=C2)C(C)(C)C)NC3=NN(C4=NC(=NC=C34)NCCCCN(C)C)C.CC.CC.CNC(C)=NN(C)C |$;;;;M9;;;;B;;;;;;;;;;;;;;L;;M;;;E;;;;;;;;;;;E2;;Y;;K7;;;;;;;;$,m:39:1.6.5.4.3.2,m:41:22.21.29.24.23,m:43:25.26.27.28.29.24,Sg:n:11:T:ht,Sg:n:24:z:ht,Sg:n:31,32,33,34:c:ht|"
4349,4349,"CN1CCN(CC1)C2=NC=C(C=N2)NC3=NC(=NC(=N3)N4CCOCC4)N5C6=CC=CC=C6N=C5C(F)F.CC |$X;;;;;;;;;;;;;;;;;;;;;;;;;;;;;;;;;;;;B;;;Z$,m:38:21.22.23.24.25.20,Sg:n:6:P:ht|"
4350,4350,"COC1=CC=CC(=C1)C(=O)N2CCC(C2)C(=O)N3CCC4(CC3)CC(=O)NC5=CC=CC=C5O4.CC.CC.CN(C)NO.CSC(C)(C)SC |$;;;M9;;;;;;;;;;;;;;;;;;;;;;;;;;;;;;;;K03;;L88;;;;;;;;;;;;$,m:34:2.7.6.5.4.3,m:36:18.19.20.21.22.17,m:38:23.20.33.32.27.26.24,m:43:28.29.30.31.32.27,Sg:n:15:b:ht|"
4351,4351,"CCOC1=CC=C(C=C1)C2=NN=C3N2N=C(S3)NC(=O)C4=CC=C(C=C4)C(C)(C)C.CC(O)=S |$;;;;;;;;;;;;;;;;;;;;Y1;;;;;;;;;;;;;$,m:30:21.22.23.24.25.20,Sg:n:2:P:ht|"
4352,4352,"C1CC1C(=O)NCCC2=NC3=C(O2)C=C(C=C3)O.CC.CNC(=O)N(C)O.CNS(=O)N(C)C |$;;;;;;;;;;;;;;;;;;;U4;;;;;;;;;;;;;;$,m:18:0.1.2,m:20:9.8.12.11.10,m:27:13.14.15.16.10.11,Sg:n:10:Z:ht,Sg:n:17:L:ht|"
4353,4353,"CC(=O)NC1=CC2=C(C=C1)C(=CC(=O)O2)CN3C(=O)C4(CCCC5=C4C=CS5)NC3=O.CC(O)C(=O)O.CN(C)N=CN |$;M5;;;;;;W9;;;;;;;;;;;;;;;;;;;;;;;D6;;;;;;;;;;;;$,m:31:11.12.14.6.7.10,m:37:20.21.22.23.24.19,Sg:n:2:p:ht,Sg:n:30:B:ht|"
4354,4354,"CCOC1=CC=CN2C1=NC(=C2C(=O)NCC(=O)NCC(=O)O)C.CC.CC |$;;;;;;;;;;;;;;W;;;;;;;;;;;R;;Z95$,m:24:3.8.7.6.5.4,m:26:9.8.7.11.10,Sg:n:5:a:ht|"
4355,4355,"CC1=CC=C(C=C1)C2=CC=CC=C2C(=O)NC3=CC=C(C=C3)C(=O)N(C)C4=CC=CC=C4N5CCN(CC5)CC(C)C.CC.CNP(C)(=S)OC.CC.CN=C(C)NC=O |$X4;;;;;;;;;;;;;;;;;;;;;;;;;;;;Q0;;;W5;;;;;;;;;;;;R;;;;;;;;;W;;;;;;;$,m:42:8.9.10.11.12.7,m:44:17.18.19.20.21.16,m:51:27.28.29.30.31.26,m:53:33.34.35.36.37.32,Sg:n:14:B:ht|"
4356,4356,"CC(=O)NC1=CC(=C(C=C1)OC)NC(=O)CN2C(=O)C=CC(=N2)C3=CC=C(C=C3)OC |$;;;;;;T;;;;;;;;E1;;;;;;;;;W2;G;K;;K5;;;$,Sg:n:7:Y:ht|"
4357,4357,"CN1CCCC2=C1C=CC(=C2)CCNC(=O)C3=CC=CS3.CSSN(C)C.CC |$;G2;;;;;;;;;B;;;G7;;;;;;;;;;;;;;;G$,m:21:7.8.9.10.5.6,m:27:17.16.20.19.18,Sg:n:11,12:a:ht|"
4358,4358,"CC1=CC=C(C=C1)CN2C3CCCCC3S/C(=C/C4=CC=C(C=C4)C(=O)NC(C)CCC5=CC=CC=C5)/C2=O.CC.CC.CC.COS(=O)(=O)OC |$;;D;;;;;;;;;;M4;;;;;;;;;U9;;;;;;;J2;;;;;;L;;;;;;J;;M38;;R9;;;;;;;$,m:39:10.11.12.13.14.9,m:41:15.16.37.8.9.14,m:43:19.20.21.22.23.18,m:45:32.33.34.35.36.31,Sg:n:28:j:ht|"
4359,4359,"COC1=CC=CC=C1OCC(=O)NCCN2CCNCC2.CC |$J5;;;;;;;;;;;;;;;;;;;;;;U97$,m:21:2.7.6.5.4.3,Sg:n:13,14:M:ht|"
4360,4360,"CC(=O)C1CCC2[C@@]1(CCC3C2CCC4=C/C(=N\OCC(=O)NC(C(C5=CC=CC=C5)O)C(=O)O)/CC[C@]34C)C.CC.CC |$;;X;;;;;;;L2;Y;;;;;;;;;;;X2;;;;;;;;;;;;;G;;A8;;;;;A38;;R2$,m:40:8.9.10.11.6.7,m:42:12.13.14.37.10.11,Sg:n:26:F:ht|"
4361,4361,"CC1=C(C=CC=C1F)CCCNC2CCC(CC2)C3=CC4=C(C=C3)NC(=O)O4.CC.CC |$;;;;;Y9;;;;;;;;;;;;;K;;;;;;;;;;;U;;L79$,m:28:19.20.21.22.23.18,m:30:24.21.20.27.25,Sg:n:20:g:ht,Sg:n:8,9,10:E:ht|"
4362,4362,"CC1=CC(=C(C=C1[C@H](C)NC(=O)[C@H](C)N(C2=CC=C(C=C2)OC)S(=O)(=O)C)C(C)C)OC.CC |$;;;;;;U8;;;;;;;;B7;;Y8;;M;;;;;;;;;;;;;;;R$,m:32:16.17.18.19.20.15,Sg:n:22:T:ht|"
4363,4363,"C1COCCN1CCOC2=NC(=C(C=C2)C3=CC=C(C=C3)CC(=O)NCC4=CC=CC=C4)F.COPC.CC |$;;;;;;A;;;;;;;;;;;;;;Z;;;G6;;;;;;;;;;;;;;;A$,m:33:10.11.12.13.14.9,m:37:27.28.29.30.31.26,Sg:n:20:y:ht|"
4364,4364,"CC1=C(C=C(C=C1)NC(=O)[C@H]2[C@H](NN3C(=NN=C3S2)C4=CC=CC=C4)C5=CC=CC=C5)C.CC.CSSS.CC |$;;;;;;;;;;E6;;;;;;;;;;Z3;;;;;;;;;;;;;R;;;;;;M49$,m:32:1.6.5.4.3.2,m:34:15.14.13.17.16,m:38:20.21.22.23.24.19,Sg:n:27:i:ht|"
4365,4365,"CC(C(=O)N1CCC2=C(C1)C=C(C=C2)C(=O)O)SC3=CC=C(C=C3)NC(=O)C.CC.COS(=O)O.CC |$;;;;;;;;;;;Y5;;;;;;;;;;;;;;;;;;G;;;;;;;R12$,m:28:5.6.7.8.9.4,m:30:10.11.12.13.7.8,m:35:19.20.21.22.23.18|"
4366,4366,"CCN1CC(=O)N2[C@@H](N1C(=O)NCC3=CC=CC=C3)CN(C(=O)[C@@H]2CCCNC(=O)OCC=C)CC4=CC=CO4.CC.CN=C(C)OC(C)=O |$;;;;;;;;;;;;;;;M;;;;;;V;;;;;;;;;;;;;;;;;E5;;;R;;;;;;;;$,m:40:2.8.7.6.4.3,m:42:14.15.16.17.18.13,Sg:n:26:y:ht|"
4367,4367,"COC1=CC=C(C=C1)S(=O)(=O)N2CCCC(C2)C(=O)NCCC(=O)NC3CC3.CN(C)S(=O)N(C)C |$;;;;;;;G3;;;;;;;;;;;;;;;;;;;E;M5;;;;;;;;$,m:28:12.13.14.15.16.11,Sg:n:4:i:ht|"
4368,4368,"CC(CCNCC1=CC(=C(C=C1)F)Br)SC.CC |$B;;;;;;;;;;M;;;;;;;J$,m:16:6.11.10.9.8.7,Sg:n:2,3:I:ht|"
4369,4369,"CS(=O)(=O)N1CCCN2C1CN3C=C(C(=O)C(=C3C2=O)O)C(=O)NCC4=CC=C(C=C4)F.CN(C)N(C)S(C)(=O)=O.CC.CC |$;;D0;;;;;;;;;;;E;;;;;Y;;;;;;;;;;W;;;;;;;;;;;;;;R89;;R1$,m:32:4.9.8.7.6.5,m:41:10.11.17.18.8.9,m:43:26.27.28.29.30.25|"
4370,4370,"CC(C)(C)SC(=O)CC(=O)O[C@]1(C2=CC=CC=C2NC1=O)CC3=CC4=CC=CC=C4C=C3.CB(C)N |$;;;;;;;;;;K3;;D7;;;;;;;;G;;;T9;;;;;;;;G1;;;;$,m:32:25.26.27.28.29.24,Sg:n:30:b:ht|"
4371,4371,CC1=CC(=C(C=C1)NC(=C)C2=CC=C(C=C2)C(=C)C3=CC=CC3)C(=C)C |$;Y;;;;;;;;;;;;;;;;;;D6;;;;;;B$|
4372,4372,"CC1=C(C(=O)OC2=C1C=CC(=C2)OC)CCC(=O)NC3=CC=CC(=C3)CN4C(=O)CNC4=O.CC.C=NN=C(C)C |$Y9;U1;;;;;;U;;;;;;;;;;;;;;;;;Y;;;;;;;;;;R;;;;;;$,m:33:1.7.6.5.3.2,m:35:20.21.22.23.24.19,Sg:n:18:O:ht|"
4373,4373,"C[C@H](C1=CC(=C(C(=C1)OC)OC)OC)NC(=O)CCN2C(=O)C3=CC=CC=C3C2=O.CC |$;;;;;;;;L5;;;;;;;;;;;;;W;;;;;;;;;;Q40$,m:30:3.4.5.6.7.2|"
4374,4374,"CCCN(CCC)C1CCC(CC1)NC2=NC3=C(C=NN3C(=C2)NC4=CC=C(C=C4)S(=O)(=O)N(C)C)C(C)C.COS(N)=O.CN=C(N=C(C)C)N(C)C.CC |$;;;;;;;;;;;;;;;Y;;;;;;;;;;;;;;;;;;;;;;;;;;;;;;;;;;;;;;;;R$,m:39:7.12.11.10.9.8,m:44:15.16.20.21.22.14,m:54:17.16.20.19.18,Sg:n:33:t:ht,Sg:n:4,5:R:ht|"
4375,4375,"CC(C)(CCNCCCOCC1CC1)O |$;;;;;;;;;;;;;;$,Sg:n:9:H:ht,Sg:n:6,7,8:m:ht|"
4376,4376,"CC(C)CC(C(=O)NC(CC1=CN=CN1)C(=O)O)NC(=O)C(C(C)C)NC(=O)C(CCC(=O)O)N |$;;;;;;;;;M;;T0;E1;;;;;;;;;;;;;D6;;K;;;;;;;$,Sg:n:24:y:ht,Sg:n:29,30:E:ht|"
4377,4377,"CC1=CC(=C(C=C1)C)OC2=NC=C(C=C2)CN3C(=O)CNC3=O.CC |$;;;;;;;;;;;;;;;;;;;;;;T9;;R$,m:23:1.6.5.4.3.2,Sg:n:18:y:ht|"
4378,4378,"CC1=C(N=NN1C2=CC=CC3=C2C=CN=C3)C(=O)NC4=CC=CC=C4N(C)CC5=CC=CC=C5.CC.CC.CC |$;;;;;;;;Y5;;;;;;;;;;;;;;;;;;;;;;;;;;;R6;;K;;R0$,m:34:1.2.3.4.5,m:36:12.13.14.15.10.11,m:38:29.30.31.32.33.28|"
4379,4379,"C1[C@@H]([C@H]([C@H]([C@@H]1N=C2C(=CN(CN2)C3=CN=CC=C3)C4=NC5=CC=CC=C5S4)O)O)CO.CN=C(C)C(=O)O.CC |$;;;;;;;;;;;;;;;;;;U7;;;;;;;;J8;;;;;;;;;;;;;R$,m:31:19.18.26.25.20,m:38:21.22.23.24.25.20|"
4380,4380,"CC1=CC(=C(C(=C1)C)NC(=O)C(C)SC2=NC3=C(C(=C(S3)C)C4=CC=CC=C4)C(=O)N2C5=CC=CC=C5)C.CC=[NH2+].CC.CC |$;;;;M;;;;;;;;;;;;;;;;A0;;;;;;;;;;X3;;;;;;;;;;;;Z7;;R66$,m:38:15.16.17.28.30.14,m:41:19.18.17.16.20,m:43:23.24.25.26.27.22,Sg:n:11:a:ht|"
4381,4381,"CC1=C(C(=CC=C1)C)NC(=O)CNC(=O)/C=C/C2=CC=C(C=C2)OCC3=CC=CC=N3.CC |$;;;;;;;;;;;;A;;V5;;Z2;;;;;;;;;;W;;;;;;R50$,m:31:1.6.5.4.3.2,Sg:n:9:c:ht|"
4382,4382,"CCN(C)C/C=C/C(=O)N1CCC2=C(C1)SC3=C2C(N=CN3)NC4=CC5=C(C=C4)N(C=C5)CC/C=C\C=C/NC.CNN(C)N(C)C |$;;;;;;;;;;;;;Q7;;X;;;;;;;L5;;;;;;;;;;;;;;;;;;;;;;;;$,m:40:15.13.12.17.16,Sg:n:10:Q:ht,Sg:n:32,33:W:ht|"
4383,4383,"CCNCC1=CC=C(C=C1)CS(=O)(=O)NCC(C)(C)SC |$;U;;;;;;L2;;E;D;;;;;;;;;;$,Sg:n:9:d:ht|"
4384,4384,"CC1CC2=CC=CC=C2N1C(=O)NC3CC(=O)N(C3)CC4=CC=CC=C4.CC.CC.COC(=O)C(C)O |$;;;;;Q;;;Z;E1;;;;;;;L;;;;;;;;;;;Y;;R3;;;;;;;$,m:26:1.2.3.8.9,m:28:14.13.18.17.15,m:30:21.22.23.24.25.20|"
4385,4385,"CC1=C(C=CC(=C1)OCC(=O)NCC(C2=CC=CO2)N(C)C)Cl.CC |$;;;;;J8;;;;;;;;;;;;;;;;;Y;;J22$,m:23:15.14.18.17.16|"
4386,4386,"CC1=CC(=C2C(=C1)N=C(O2)C3=C(C=C(C=C3)NC(=S)NC(=O)C4=CC=CC=C4Br)O)C.CC.COC(OC)OC.CC(N)C(N)=O |$;;;;;;;;;;;U;;;;;;;E;;E0;;;K9;;;;;;;;;K1;;;;;;;;;;;;;$,m:31:1.6.5.4.3.2,m:33:7.5.4.9.8,m:40:11.12.13.14.15.10|"
4387,4387,"CCCNC1=C(C=CC(=C1)F)/C=C/C(=O)NC(C)C2=CC(=C(C(=C2)F)NS(=O)(=O)C)F |$;;;;;;D;B;;;;;;;;;;;;;;;;G2;;;M;;;;$,Sg:n:19:d:ht,Sg:n:1,2:o:ht|"
4388,4388,"C1C[N+]2=C(N1)N(C3=CC=CC=C32)C[C@@H](C4=CC=C(C=C4)Br)O.COC(=N)OC.CC=NNC(=O)NC.CB(O)O |$;;G;;;;;;;;;;;;;;J7;;E;;;;;;;;;;;;;;;;;;;;;$,m:22:7.8.9.10.11.6,m:28:15.16.17.18.19.14,m:36:2.3.5.6.11,Sg:n:15:D:ht|"
4389,4389,"CC1=NC=C(S1)CN=C(N)NCCC2=CC=CS2.CN(C)NC(=O)O |$;;;L;;;;Q;;;;;;;;;;;;;;;;;$,m:18:14.13.17.16.15,Sg:n:11,12:F:ht|"
4390,4390,"C1CO[C@@H](CN1C(=O)OCC2=CC=C(C=C2)F)CNC(=O)C3=CC=C(C=C3)C#N.CN=C(C)C=N.CC |$;;;;;;;;;Q1;;;;;;;;W;;;;;;M7;;J;;;;;;;;;;;M04$,m:29:11.12.13.14.15.10,m:35:22.23.24.25.26.21|"
4391,4391,"CC1CC(CN(C1)C(=N)N)C(=O)NC[C@@H]2CCCN2C(=O)[C@H](CO)NSC3=CC4=CC=CC=C4C=C3.CC(=O)SN.CC.CC |$;;;;;;;;B;;;;;;;;;;;;;;J;;;;;;;;;X0;;;;;;;;;;;L02;;U38$,m:36:15.14.18.17.16,m:41:27.28.33.34.35.26,m:43:29.30.31.32.33.28,Sg:n:5:o:ht|"
4392,4392,"CC1=CC(=CC(=C1)NC(=O)C2=C(N(C3=NC4=CC=CC=C4N=C23)/N=C\C5=CC(=CC=C5)OC)N)C.CC.CNON(C)C |$;;;;;W;;;;;;E;;;;;Q3;;Q;;;;;G1;;;;;;;;;;;G8;;A;;;;;;$,m:35:11.10.22.13.12,m:37:26.27.28.29.30.25|"
4393,4393,"CCCCCCCCOCCC(C)(C#N)NCC |$;;;;;;;;E3;;;;;;T;;;$,Sg:n:0:J:ht,Sg:n:4:i:ht,Sg:n:2,3,4,5:H:ht|"
4394,4394,"CC(C1=CC=C(C=C1)CN2CCNCC2)N3C=C(C=N3)C4=CC(=NN=C4N)C5=CC=CC=C5OCOC.CC.CN(O)S.CC |$;;;;;;;;;K;;;;;;;;;;;;;;;;B4;;;;;;M;;;;;;;R;;;;;;E3$,m:37:3.4.5.6.7.2,m:39:16.15.19.18.17,m:43:28.29.30.31.32.27|"
4395,4395,"C1=CC(=CC=C1CCl)C(=O)NC2=CN(N=C2)CC(=O)N.CN=CC(C)N |$;;;;;;;D;;;;W;;;;;;;;;;;;;;$,m:20:0.5.4.3.2.1,Sg:n:2:A:ht|"
4396,4396,"CCCCOC(=O)N1CCN(CC1)C(=O)C(C)NC(=O)C2=C(SC(N2)C3=CC=CC=C3)/C=C/C=O |$;;;;;;;;;G;;;;;;;;;;;;;;;;G;;;;;;;;;$,Sg:n:31:V:ht,Sg:n:26:E:ht,Sg:n:11:h:ht,Sg:n:1,2,3:H:ht|"
4397,4397,"C[C@H](CNCC1=CC=C(C=C1)C(=O)OC)OC/C/2=C(/C=C(\C=C/CC2)/OC3=CC=C(C=C3)Cl)\F.CNC(C)(C)O.CNC(=O)C=O |$;T;;;;;;;;;;;;;;;Y;;;;;;;;;;;;;;;;;;;;;;;;;;;;;$,m:34:6.7.8.9.10.5,m:40:27.28.29.30.31.26,Sg:n:15:a:ht|"
4398,4398,"CC1(CC2(CC(N1)(C)C)C(=O)NC3(O2)CC(N(C(C3)(C)C)OC4CCCCC4)(C)C)C.CC(=S)N(C)O.CC |$;;;;;;;;;;;;Y;;;;;;;;;;;M;;;;;;;;;;;;;;;Z69$,m:31:9.3.13.12.11,m:37:14.15.16.17.18.12,Sg:n:23:H:ht,Sg:n:25:a:ht|"
4399,4399,"C1CC(NC1)CNCCC(CNC2=CC(=C(C=C2Cl)S(=O)(=O)NC3=NC=CS3)F)C4=CC=CC=C4.CNP(O)OC |$;;;;;;D;;;;B6;B9;;;;W;;;;Q3;;;;;;W;;;;;;;;;;;;;;;$,m:35:30.31.32.33.34.29|"
4400,4400,"CN=C(NCC1CC2=CC=CC=C12)NC3CCN(C3)CC(F)(F)F.C=NC(=NC)NC |$;Z;;;;;W;;;;;;;;;;;A6;;;;;;;;;;;;;$,m:24:15.14.18.17.16|"
4401,4401,"CNC(=O)C1=CC=CC(=C1)CNC(=O)C2=CC3=C(S2)C4=CC=CC=C4CC3.CNSNC |$;;;;;;X8;;;;;;;;;;;;;;;;;;;;;;;;;$,m:27:20.21.22.23.24.19,Sg:n:12:N:ht|"
4402,4402,"CC1=CC(=C(C=C1)C)NC(=O)CSC2=CC=CC(=C2)NC(=O)C3CC=CCC3C(=O)O.CN=NC(N)=S |$;;;;;;;;;;;;;;;;;;M0;;;;;;;;;;;;;;;;;;$,m:31:1.6.5.4.3.2,Sg:n:24:h:ht,Sg:n:11:y:ht|"
4403,4403,"C#CC(=O)N(C1=CC=CC(=C1)C(F)(F)F)C(C2=C(C=C(C=C2)Cl)Cl)C(=O)NC3CCCCC3.CC.CN=N |$;;;;;;;;;;;;;;;;;;;;;;;;;L;;;;;;;;;R2;;;$,m:33:17.18.19.20.21.16,m:35:28.29.30.31.32.27|"
4404,4404,"CN1C=CN=C1S(=O)(=O)N(C)C2=CC=CC3=C2NC(C3)C(=O)NCC(C(OC)OC)SCC4=CC=CC=C4.CC(=O)S |$;V4;;Y1;;;W;;;;;;;;;;;;;;;;;Y9;;;;;;;;;;;;;V;;;;;$,m:38:12.13.14.15.16.11,Sg:n:21:R:ht|"
4405,4405,"C[C@H](CC1=CN=CC=C1)NC(=O)C2=NC=CC(=C2)CO.CC.CPSC |$;;;;;;;;;Q6;;;D8;;K3;;;Z;;;;E;;;;$,m:20:4.5.6.7.8.3,m:22:13.14.15.16.17.12|"
4406,4406,"C[C@@H](C1=CN=C(S1)C2=CC=C(C=C2)Cl)NC3=NC=C(C(=N3)N4[C@H](CCC4=O)CN=[N+]=[N-])F.CC |$;;;A;;;;;;;;;;;;;;;;;;;;;;A;;;;T4;;;;R5$,m:32:22.21.25.24.23|"
4407,4407,"CC1=CC=C(C=C1)NC(=O)N(C2=NC(=CS2)C3=CC(=CC=C3)O)NC(=O)NC4CCCCC4.COC(C)(O)OC.CC |$;;;;;G;;;;;D6;;;;;;K4;;;;;;;;;A8;Q0;;;;;;;;;;;;;;;R$,m:33:1.6.5.4.3.2,m:40:28.29.30.31.32.27|"
4408,4408,"CC1=C(N=C(O1)C2=CC=C(C=C2)OC)CC(=O)CC(=O)NCCCOC(C)C.CS(=O)(=O)NO |$;;;;Z2;;;B;L;;;;;E7;;;;;;;;;;;;;;;;;;;;$,m:28:7.8.9.10.11.6,Sg:n:25:J:ht|"
4409,4409,"CCCC(CCC1=CC(=C(C=C1)OC)[N+](=O)[O-])NCCC.CC |$;;;;;;;;;G2;;;;;;;;;;;;;R$,m:21:6.11.10.9.8.7,Sg:n:14:N:ht,Sg:n:18,19:v:ht|"
4410,4410,"C[C@@H]1CC2=C(C(C3=C(N2)N(C(=O)NC3=O)C)C4=CC=C(C=C4)Cl)C(=O)[C@]15C(=O)C6=C(O5)C(=C(C=C6OC)OC)Cl.CC.COP(OC)OC.COC(C)(OC)SC |$;K;;Z;;;;;;;;;;;X8;;;;;;M;;;;;;X;;;;;;;;;;;;;D8;;J2;;;;;;;;;;;;;;;$,m:40:1.25.23.4.3.2,m:42:8.3.4.5.6.7,m:49:31.32.33.34.28.29|"
4411,4411,"CC1NNC2N1C3CCC(CC3C(=N[C@H]2CC(=O)NCCNC(=O)C)C4CCC(CC4)Cl)OC.CC(=NN)N(C)C.CC.CC(N)=S |$;;;;;;;;;;;;;;;;;;;;;;;;V4;;;;;J7;;;;;;;;;;;;;R51;;;;$,m:34:7.8.9.10.11.6,m:41:13.12.11.6.5.4.14,m:43:26.27.28.29.30.25,Sg:n:4:C:ht,Sg:n:19,20:C:ht|"
4412,4412,"CCC1CN(CCN1C)CCC(C2=CC=C(C=C2)C)NC.CC(=O)ON.CNC(C)=S |$;;;;;;;;K3;;;;T3;X3;;;;;;;;;;;;;;;;;$,m:21:2.7.6.5.4.3,m:26:13.14.15.16.17.12,Sg:n:12:v:ht,Sg:n:6:v:ht,Sg:n:1:z:ht,Sg:n:15:V:ht,Sg:n:9,10:x:ht|"
4413,4413,"C1=CC=C(C(=C1)CCNC2=C(C=C(C(=C2)F)C(=O)O)N)F.COC(=O)NS(C)(=O)=O |$;;;;;;;K;J3;;;;;;;;;;;;;;;;;;;;;$,m:21:10.11.12.13.14.9,Sg:n:6,7:Q:ht|"
4414,4414,"CC(C)(C)OC(=O)C(C1CC(CN1)F)NC2=CC=C(C=C2)C(=O)OC.CNN=S |$;T4;Y;;;;;;;;;;;;;;;;;;;;;;J;;;;$,m:25:16.17.18.19.20.15|"
4415,4415,"C[C@@H](C(=O)NCCC1=CCCCC1)N(CC2=CC=C(C=C2)Cl)C(=O)CC3=CC(=C(C=C3)OC)OC.CC |$;;;;M0;;;;;;K;;;;;;;;;;;;;;;;;;;;Q;;;;;;R77$,m:35:8.9.10.11.12.7,Sg:n:5,6:G:ht|"
4416,4416,"CCCCOC1=CC(=C(C=C1)C2=NN(C=C2C=C(C#N)C(=O)NCC3=CC=CC=C3)C4=CC=CC=C4)C.CON=C(C)N=C(C)C.C[NH3+].CC |$;;;;;;;;;;;;;;Z;;M;;;E6;;;;;;;;;;;;;;;;;;;;;;;;;;;;;;R8$,m:37:12.11.15.14.13,m:46:25.26.27.28.29.24,m:48:31.32.33.34.35.30,Sg:n:23:p:ht,Sg:n:2,3:n:ht|"
4417,4417,"CCNC(=NCC(C)(C)C1=CC(=CC=C1)OC)N2CCC(CC2)C(=O)N3CCOCC3 |$A;;;;;;;;J9;;;;;;;;;;;;;;;;;;;;;;$,Sg:n:16:T:ht|"
4418,4418,"CC1=CC(=CN=C1OC)CN2CCOC3(C2)CC(OC3)C(=O)NCC4=CC=C(C=C4)F.CON(C)C(C)=O.CB(O)O.CC |$;;;;;;;;;;;;;D;;M7;;;;;T;;;;;;;M8;;;;;;;;;;;;;;;;Y2$,m:31:1.6.5.4.3.2,m:38:11.12.13.14.15.10,m:42:25.26.27.28.29.24,Sg:n:21:K:ht|"
4419,4419,"CCNCC1=C(N=C(C=C1)N2CCC(CC2)N(C)C)C.CSN |$;;;;;;;;;;;;;;;;;;;;;;$,m:20:11.12.13.14.15.10|"
4420,4420,"C/C=C\C=C\1/C(=C)C(C2=C(C=C(C=C2)C)C=C1CCCC=C)C3CCN(CC3)C(=O)NC4CCCCC4.CC |$;Y;;;X;;Z6;D6;V;;;;;;A;;;;;;;;;;;;;;U;;;;;;;;G;;E32$,m:37:32.33.34.35.36.31,Sg:n:12:a:ht,Sg:n:1:H:ht,Sg:n:11:o:ht,Sg:n:17,18:i:ht|"
4421,4421,"CO/N=C(\C1=CC=CC=C1)/C(=O)N[C@@H](CC2=CC=C(C=C2)OC(=O)N3CCOCC3)C(=O)O.CC.CNN=CSC |$;T2;;;;;;;;;;M1;;;;;;K4;;;;;;G;;;;;;;;;;;Y;;;;;;$,m:33:16.17.18.19.20.15,m:35:25.26.27.28.29.24|"
4422,4422,"CC1CCCN(C1)C2=CN=CC(=C2)C(=O)NC3=CC(=C(C=C3)C)Br.CC.CN=C(NOC)SC |$;;;X;;;;;;;;;;;;;X;;;;L;;W9;;;A;;;;;;;;$,m:24:8.9.10.11.12.7,m:26:17.18.19.20.21.16,Sg:n:11:Q:ht|"
4423,4423,"CC1=CC(=C(C(=C1)C)S(=O)(=O)N2CCCC2C3=NN=C(S3)C(=O)NC4=CC=CC=C4F)C.CC.COOC(=O)OC.CC |$;;;G;;T4;;;;;;;;;;;;;W;;;;;;K7;;;;L4;;;;;K4;;;;;;;;;Y9$,m:32:1.6.5.4.3.2,m:34:17.16.20.19.18,m:41:25.26.27.28.29.24|"
4424,4424,"CC1=C(C2(C3=C(C=C(C=C3)Br)NC2=O)C4=C(N1)C5=CC=CC=C5C4=O)C#N.CC |$;;;;;;;;;Z4;;;Z;;;;;J4;;;V1;;;;;;;;Y$,m:27:18.19.20.21.22.17,Sg:n:4:a:ht|"
4425,4425,CC1=CC(=C(C=C1)C(=O)NC2=CC(=C(C=C2)F)N)Cl |$;;;;;;;;K0;;;Q;;;B8;;;;$|
4426,4426,"C1C(O1)(C2=C(C=C(C=C2)F)F)C(C3=NC=C(C=C3)C#CC4=CNC=C4)(F)F.CC.CC.CC |$;;E;;;;;;;;;;A1;Z3;;;;A;;;;;;;;;Z;;T;;A;;R44$,m:27:0.1.2,m:29:4.5.6.7.8.3,m:31:21.20.24.23.22|"
4427,4427,"CC1=CC=C(C=C1)N2C(=C([C@@](C2=O)(C(F)(F)F)NS(=O)(=O)C3=CC=C(C=C3)NC(=O)C)C(=O)C)C.COPO.CN(N)C=O |$;;Q7;;;;;;;A;;;;;;;;Q;;;;;;;;;;;;;;;;;;;;;;;;;;$,m:35:1.6.5.4.3.2,m:39:22.23.24.25.26.21,Sg:n:34:q:ht|"
4428,4428,CC1=CC(=C(C(=C1)Cl)NC(=O)COC(=O)C2=CC=C(C=C2)NC(=O)CC#N)C |$;;Y;;;;;;;;;;;M;;W;;;;;;;;;;;;$|
4429,4429,"CC1=CN(C(=O)NC1=O)CC(=O)N[C@H]2[C@@H]3CCO[C@@H]3[C@@H]2C4CCCC4.CC |$E;;;W3;;B;;X;;;;;;;;;;;Y;;;L5;;;;;R$,m:25:15.14.18.17.16,Sg:n:7:V:ht|"
4430,4430,"C1CN(CCC1N2CC(=O)N(C2=O)C3=CC=CC=C3)CC(=O)NC4=CC=CC5=CC=CC=C54.CC |$;;;;;;;;;;;;;;;;;;;;;;;;;;;;;;;;;;R$,m:33:28.29.30.31.32.27|"
4431,4431,"CC[C@H](C)NC(=O)[C@@H](C)N(CC1=CC=C(C=C1)F)C(=O)CCC2=CC3=C(C=C2)OCO3.CN=C(NSC)N(C)C |$;;;;;;;;W3;T7;;;;;;;;;;;;;;;;;;;;;;;;;;;;;;$,m:31:12.13.14.15.16.11,Sg:n:20,21:g:ht|"
4432,4432,"C1C(NC(C1C2=CC(=C(C=C2)C#N)Cl)C(F)(F)F)COC3=CC=C(C=C3)C#N.C=NN=C(C)OC |$;;;;;;;;M7;;;;;;;;;;;;;;;;Y4;;;;;;;;;;$,m:28:0.1.2.3.4|"
4433,4433,"C1=CC=C(C(=C1)CNCC(C2=C(C=CC=C2Cl)Cl)O)O.CC(O)C=S |$;;;;;;;T2;;;;G9;;;;;;;;;;;;;$,m:20:0.5.4.3.2.1|"
4434,4434,"CCN(CC)CCCC1CCCCN1C(=O)C2=C(C=C(C=C2)C(=O)NC(C)C3=NC4=C(N3)C=C(C=C4)Cl)C5CC5.CSP(=O)(O)SC.CC.CP(C)N |$;;;;;;;;;;;;;;;;;;G2;;;;M;;;;;;;;M6;;Q1;;;;L4;;;;;;;;;;;;R;;;;$,m:40:18.19.20.21.16.17,m:47:28.27.31.30.29,m:49:38.37.39,Sg:n:30:N:ht,Sg:n:6,7:R:ht|"
4435,4435,"CC(C)(C)C1=NC=C(C(=N1)NCCCOC)C(=O)CC2CC(CNC2)C(=O)N3CCCC3.CNS(C)=N |$;;;;;;;;;;;;;;;;;D4;;;;;;;;;;;;;;;;;;;$,m:32:28.27.31.30.29,Sg:n:17:w:ht,Sg:n:4:k:ht|"
4436,4436,"CC1=C(SC(=N1)C)CCNC(=NC)N2CCC(C2)CN3CCOCC3.CC.CN(C)N[N+](=O)[O-] |$V6;;;;;;;;;;;;;;;G;;;;;;;;;;;R;;;;;;;$,m:25:14.13.17.16.15,m:27:20.21.22.23.24.19,Sg:n:16:M:ht,Sg:n:12:O:ht|"
4437,4437,CC(CC(=O)O)CNC(=O)C(C)SC1=CC=C(C=C1)NC(=O)C |$;;;;;;;;;Z7;;J8;;;;;E7;;;;;;$|
4438,4438,"COC1=CC=C(C=C1)NC(=O)COC2=C(C=C(C=C2)C=NNC(=O)C3=CC(=CC=C3)[N+](=O)[O-])OC.COP(C)(=O)OC |$;;;K7;J2;;;W;;;;;;;;;;;D0;;;;;;B8;;D;;;;;;;;V0;;;;;;;$,m:35:14.15.16.17.18.13,Sg:n:3:k:ht|"
4439,4439,"C[C@@H]1CC2=C(N1)C=CC(=C2)S(=O)(=O)NCC3=CC=CC=C3.CN=C(C)N(C)OC |$;;;;;;;;;;;;;;;;;;;;;;;;;;;;$,m:21:6.7.8.9.3.4|"
4440,4440,"C1CC2=CC=CC=C2[C@]3(C1)C(=O)N(C(=O)N3)CC4=CC=CC=C4C(F)(F)F.CC.CC |$J;;;;G;;;;;;;;;;;;;;;;;;;;;;Y;;R;;R74$,m:27:0.9.8.7.2.1,m:29:3.4.5.6.7.2,Sg:n:7:s:ht|"
4441,4441,"CC(=O)NC1=CC=C(C=C1)S(=O)(=O)OC2=CC=C(C=C2)/C=N/NC(=O)C3=CC=C(C=C3)Cl.CC |$;;;;;;;;;;Y0;;;;;;;Z8;;;;;;V4;;;;;;;;;;E$,m:32:4.9.8.7.6.5|"
4442,4442,"COCCOC1=CC=CC(=C1)CNC(=O)C2=C3CN(CC(=O)NCCCCCOC3=CC=C2)CC4=CC=CC=C4.COC(=O)SC |$;;;;;;;;X;;D;;Z3;;;;;;;;A8;;;;;;;;;;Z;;;;;;;;;;;;;;;$,m:40:35.36.37.38.39.34,Sg:n:8:Y:ht,Sg:n:5:u:ht,Sg:n:27:z:ht,Sg:n:2,3:t:ht|"
4443,4443,"C[C@H](CN(CCCCC1=NC2=C(CCCN2)C=C1)CCC(C(=O)O)NC3=CC(=NC=N3)N4C=CC=N4)OC.CC.CN=C(NN(C)C)OC.CC |$;Y;;;;;;;;A8;;V;;;;;;;;;;;;;;;;;;;B1;;;;Z;;;;;R6;;;;;;;;;;;R$,m:38:9.10.11.16.17.8,m:40:12.13.14.15.10.11,m:49:26.27.28.29.30.25,Sg:n:2:c:ht,Sg:n:5:z:ht,Sg:n:4,5,6:v:ht|"
4444,4444,"CC[C@H](C(=O)NC(C)(C)C)N(CC1=CC=C(C=C1)F)C(=O)CN(C2=CC(=C(C=C2)C)Cl)S(=O)(=O)C3=CC=C(C=C3)C.CC(=N)C#N.CN=C(SC)N(C)NC |$D;;;;;;;;;;E;;;;;;;;D;;;;;;;;;;;;;;;;;T;;;;;;;;;;;;;;;;;;;$,m:41:24.25.26.27.28.23,m:46:35.36.37.38.39.34|"
4445,4445,"CSC1=NC2=NC(=NN2C(=C1C#N)C3=CC=C(C=C3)Cl)NC4=CC=C(C=C4)OC5=CC=NC=C5.CN(C)N=O.CC.CS(=O)(=O)N=N.CC |$;;;;;;;;;;;;;;;;;;;;;;;;;;;;;;;;;Y;;;;;;;R;;;;;;;;R45$,m:34:2.10.9.8.4.3,m:39:5.4.8.7.6,m:41:22.23.24.25.26.21,m:47:29.30.31.32.33.28|"
4446,4446,"C1COC2=C1C=CC=C2C3=CNC4=C3C=C(CN4)C5=CC(=CC=C5)C(=O)N6CCOCC6.CC.CS.CC.CC(C)=NS(=O)(=O)N(C)C |$;E8;;;U7;V;;;;;;;;;;;;;;;;;;;;;K0;;;;;;;R;;;;V96;;;;;;;;;;$,m:32:0.1.2.3.4,m:34:5.6.7.8.3.4,m:36:10.9.13.12.11,m:38:27.28.29.30.31.26,Sg:n:12:q:ht|"
4447,4447,"COCCN1CCCC(C1)NC(=O)NC2=CC=C(C=C2)OC(F)F.CC |$;;;;;;;;;V7;;;;;;;;Y1;;L5;;;;;;R$,m:24:4.9.8.7.6.5,Sg:n:6:i:ht|"
4448,4448,"CC1=CC(=CC(=C1)C2(CC2)C(=O)NCC3=CN(N=C3C4=CC=NC=C4)C5=CC=CC=C5)C.CC(=S)NN.CC.CC |$;;;;;;V2;;;;;;;;;;;;;;;;;B;;;U7;;;;;;;;;;;;R;;R58$,m:32:1.6.5.4.3.2,m:37:15.14.18.17.16,m:39:26.27.28.29.30.25|"
4449,4449,"CC(C)N1C=NN=C1CCNC(=O)C2=CC=C(C=C2)C3=CC=NN3.CC |$;;;;;;B;;;;;;;;;;;;;;;;;A;;R49$,m:24:3.4.5.6.7,Sg:n:8,9:R:ht|"
4450,4450,"COCCCN1CCC(CC1)C2(C3=CC=CC=C3CCN2)C4CCCC4.CC.COC(=S)C(C)O.CC |$;;;;;B8;;;;;;;;;;;;;;;;;Y0;;Q9;;;M;;;;;;;;;R9$,m:26:5.10.9.8.7.6,m:28:13.14.15.16.17.12,m:35:18.19.20.11.12.17,Sg:n:1:D:ht,Sg:n:2,3:m:ht|"
4451,4451,"CC(C)(C)C1=CC=C(C=C1)C2=C(N3C(=N2)C=CC(=N3)Cl)CNC(=O)C4=CC(=CC=C4)F.CC=NNNC.CC |$K;;;;;;;;;;;;;;;Q9;;;G1;;;;;V;;;;;;;;;;;;;;;M1$,m:31:4.9.8.7.6.5,m:37:15.16.17.18.12.13|"
4452,4452,CN(C)S(=O)(=O)C1=CC(=C(C=C1)N2CCOCC2)C(=O)NCC(C3=CC(=CC=C3)F)O |$;W;;;Q;;;;;;;Z4;;;;;;;;;;;;;;;;;;;$|
4453,4453,CNC(=O)C1=CC(=C(C=C1)Cl)NC(=O)CCSC2=CC=CC=C2 |$B;;;;;;;A;;;;;;;A;;;;;;;E5;$|
4454,4454,"C1CC2=C(CC1N3C(=CN(C3=S)CCC(=O)O)CNC=O)C=C(C=C2F)F.CC.CSC(=O)N(C)C |$V2;;;;;E0;;D7;;;;;;;;;;X4;;;;;;;;;;;T85;;;;;;;$,m:27:0.5.4.3.2.1,m:29:21.22.23.24.2.3,Sg:n:12,13:g:ht|"
4455,4455,"CC(=O)N[C@H](CC1=CC=C(C=C1)O)C(=O)N/N=C\C2=CC=CC=C2F.CC |$;;;;K;;;;;;;;;;;;;;;;;;;;;;M7$,m:25:7.8.9.10.11.6|"
4456,4456,"CC1=C(C2=C(N1)C(=C3C4=C(C=CC(=C4)Cl)NC3=O)CCC2)C(=O)NCCN5CCOCC5.CN(C)P(C)C.CC.CSC(C)O |$;;;;;T;;;;;;B8;;Z6;;;;;;;;;;;;;;;;K0;;;;;;;;;;R;;;;;$,m:32:1.2.3.4.5,m:38:10.11.12.13.8.9,m:40:18.19.20.3.4.6,Sg:n:24,25:O:ht|"
4457,4457,CCOC(=O)C1=C(NC(=O)NC1C2=CC(=C(C(=C2)OC)O)[N+](=O)[O-])C3=CC=C(C=C3)OC |$;;;;;;;;;;;;;;;;;;;;;;;;W1;;;;;;;$|
4458,4458,"C1C(CO1)(C(F)(F)F)NC(=O)C2=C(C=C(C=N2)S(=O)(=O)C3=CC=C(C=C3)OC(F)(F)F)N.CC |$;;;;;;;;;;;T;;;;;;;;;;;;;;;;;;;;;;R$,m:32:0.3.2.1,Sg:n:17:q:ht|"
4459,4459,"CCNS(=O)(=O)C1=CC=C(C=C1)NC(=O)C2=CC=C(O2)CN3C(=CC(=N3)C)C.CN(C)NC(N)=O.CN=C(N(C)C)N(C)SC |$;;;G;;;;;;;;;;;;;;;Q2;;;;;E4;;;;;;;;;;;;;;;;;;;;;$,m:28:16.15.19.18.17,m:35:22.21.25.24.23,Sg:n:23:C:ht|"
4460,4460,"CCN1C2=C(C=C(C=C2)OCCCNCC3=CC(=NC=C3)CC4=CC=C(O4)C)N(C(=O)C(C1=O)(C)C)C.CSNC(C)=S.C=NSC.CC |$;;;;;;;;;;;;;;;;;;;;;;;K;;;;;;;;;;;;;;;;;;;;;;;;;V84$,m:37:2.3.4.28.29.31.32,m:43:5.6.7.8.3.4,m:47:23.22.26.25.24,Sg:n:2:h:ht,Sg:n:10,11:b:ht|"
4461,4461,"CC(=C[C@@H]1[C@H](C1(C)C)C(=O)NCC2=CC=C(C=C2)NC(=O)C3=CC=CO3)C.CC.COC=O |$;;;;;;;;;;;;;;;;;;;;V5;;;;;;;;R;;;;$,m:27:13.14.15.16.17.12,m:29:22.21.25.24.23,Sg:n:0:Z:ht|"
4462,4462,"CC1(C(=O)NC2=C(O1)C=CC(=N2)NC3=NC(=NC=C3F)NC4=CC5=C(C=C4)N=C(N5)C6=CC=NC=C6)C.CC.CC |$;E2;;;K;;;;;;;;;;;;;;;;;;;J1;;Z;;;;;;M8;;;;;;;U42;;R58$,m:37:1.7.6.5.4.2,m:39:27.24.23.29.28,Sg:n:23:v:ht|"
4463,4463,"CC(C1=CC=C(S1)Cl)NCCCCO.CC |$;;;;;;;J;;;;;;M0;;R$,m:14:2.3.4.5.6|"
4464,4464,"C1=CC=C(C=C1)SCCCN=C(N)NCCC2=CC=CS2.CC=NC(=NC)OC.CO |$;;;M;;;;X5;;;;;;;;;U;;;B6;;;;;;;;;;;$,m:21:0.5.4.3.2.1,m:29:17.16.20.19.18,Sg:n:7:H:ht,Sg:n:14,15:G:ht|"
4465,4465,"CC1=CC2=C(C=C1)N=C(S2)C3=CC=C(C=C3)NC(=O)CN4C=NC5=C(C4=O)C=CC(=C5)F.CC.CC.CC |$;;;M6;;;U;;;;;;;E;;;;;;;;;;;;;;;;;;;;A;;W9;;L$,m:32:7.4.3.9.8,m:34:21.22.23.24.25.20,m:36:27.28.29.30.23.24|"
4466,4466,"CCC(C)C(=O)OC1=C(C=C(C=C1)C[C@](C(=O)O)(NC(C)C)OC(=O)OCC)OC(=O)C(C)CC.CC |$;;;;;Y;;;;;;;;;;;;;;;;;;;;;E;;;L5;M;;;;;;R$,m:35:7.12.11.10.9.8|"
4467,4467,"CCCCCCC1=CC(=C(N1)CCCCCCCC(=O)OC)C.CC |$;V4;;;;;;;;;V6;;;;;;;;;;;;;;L33$,m:23:6.7.8.9.10,Sg:n:13:H:ht,Sg:n:14,15:i:ht|"
4468,4468,"C1CC(CC=C1)CNC(=O)CC2=CC=CC=C2CN.CN=C(C)C=O |$D6;;;;;;;;;;;;;;;;;;;;;;;;$,m:19:12.13.14.15.16.11|"
4469,4469,CC(CCC1=CC=C(C=C1)OC)NC(=O)NC(C)C(=O)N(C)C |$;;;;;;W;;J;;;;;;;;;;;;;;$|
4470,4470,"COC1=C(C=C2C(=C1)C3=CC=CC=C3O2)NC(=O)NCC(=O)N4CCN(CC4)C5=CC=CC=C5.C=NC(=O)N(C)C.CC |$;;T0;Z;;;;;;;;;;;;;;;;;;;M8;;;;;;;;;;;;;;;;;;;;Y$,m:34:14.13.8.6.5,m:41:23.24.25.26.27.22|"
4471,4471,"CC1=CC(=CC=C1)OCC(=O)NC2=C(OC3=CC=CC=C32)C(=O)C4=CC(=CC=C4)OC.CNN(C)C(=O)OC |$;;;;;;;;;;;;;;V5;;;;;;;;;U;;Q;;;M9;;;;;;;;;;$,m:31:16.17.18.19.20.15,Sg:n:27:L:ht|"
4472,4472,CCC1=CC=CC=C1NC(=O)CNC(=O)COC(=O)COC2=C(C=CC(=C2)C(C)C)C |$;X8;;;;;;;;;;;;;;;;;;;;;;;;;;;;;$|
4473,4473,"CCOC(=O)C1=NN(C(=C1)C2=CC(=CC=C2)NC(=O)C3=C(OC(=C3)C)C(F)(F)F)C4=CC(=CC=C4)F.CNC=NN(C)C |$;;T2;;;;;;;;;;;;;;;;;;;;;;;;;;;;;;;;;;;;;;;;$,m:36:11.12.13.14.15.10|"
4474,4474,"COC1=CC=C(C=C1)CNC2=NC3=C(CCN(C3)C(=O)C4=CC(=C(C=C4)Cl)Cl)C(=O)N2C5=CC=CC=C5F.COP(N)(=O)OC.CC |$;;;;V5;;;;;;Y9;;B1;;;;;;;;;;;;J5;;L3;;;;;;;J;;;;;;;;;;;;;R23$,m:38:11.12.13.28.30.10,m:45:32.33.34.35.36.31|"
4475,4475,"CCCCNC(=O)[C@@H](C)N(CC1=CC=C(C=C1)F)C(=O)COC2=CC=C(C=C2)S(=O)(=O)N3CCOCC3.CN=C(N)N |$K9;;B3;;;;;;;;;;;;;;;;;;;;V;;;;;;;;;;;;;;;;;;;$,m:37:32.33.34.35.36.31,Sg:n:1,2,3:Y:ht|"
4476,4476,"CSC1=NC(=C(S1)NC(=O)C2=CC=C(C=C2)C3=CC=CC=C3)C4=CC=CC=C4.CSN(C)C(=O)O.CC(C)=NC(=O)O.CC |$;;;;;;;;;;W;;;;;;;;;;;;V;;;;;;;;;;;;;;;;;;;;;R7$,m:28:2.3.4.5.6,m:35:11.12.13.14.15.10,m:42:17.18.19.20.21.16|"
4477,4477,"CCC1=CC=C(O1)CNCC2=CC=CS2.CNC(=O)O.CC |$;;L3;;;;;U;;;;;;;;;;;;;;R$,m:15:2.3.4.5.6,m:20:11.10.14.13.12|"
4478,4478,"C[C@@H](C1=CC=C(C=C1)C(=O)OC)NC(=O)[C@H]2CC3=CC=CC=C3CN2C(=O)OC(C)(C)C.CC.CC |$;;;;;;;;;M7;;;;;;;;;;;;;;Y;;;;B;;;;;;R2;;K3$,m:32:3.4.5.6.7.2,m:34:16.17.22.23.24.15|"
4479,4479,"CC(C)C1=C(C(=CC=C1)C(C)C)NC(=O)CN2C(=O)C=CN(C2=O)CC3=CC=CC=C3.CN=C(C)C#N.CNPC.C[N+](=O)[S-] |$;U;;;;;;;;;;;;;A7;;;;;;V;B0;;;;;;;;;;;;;;;;;;;;;;;$,m:31:3.8.7.6.5.4,m:37:17.19.20.21.22.16,m:41:26.27.28.29.30.25|"
4480,4480,"CCN(CC)C(=O)C1=CC=CC=C1NC(=O)CN(C2=C(C=CC(=C2)Cl)OC)S(=O)(=O)C3=CC(=C(C=C3)OC)OC.CC.CC=NC(=O)C(C)=O |$;;;;;;;;;;;;;;;;;;;;;;;;;;U;;;;;;J5;;;M0;;;;;;R0;;;;;;;;$,m:40:7.12.11.10.9.8,m:42:19.20.21.22.23.18|"
4481,4481,"COC1=CC=C(C=C1)C2=NNC(=S)N2CC(=O)NCCCN3CCCC3=O.CC.CC |$;;;A;;;;;;;;;;;;;G2;;;;;;;;;;G;;Z;;Z$,m:27:2.7.6.5.4.3,m:29:9.8.13.11.10|"
4482,4482,CC1(NC2C(N1)C(=O)NC2OC)C |$;;;;;;;;;;J3;;$|
4483,4483,"C1C2=C(C=NC=C2)C(=O)N1.CC(S)C(=O)N(C)C |$;U6;;;;;;;;;;;;;;;;$,m:10:0.1.2.7.9,Sg:n:3:z:ht,Sg:n:3:R:ht|"
4484,4484,"CC1=NC(=S)NC(=O)[C@H]1C(C)C.C=NC(C)=N |$;;;Y;;;;;;M;;;;;;;$,m:12:1.8.6.5.3.2|"
4485,4485,"C1=CNC(=O)C(=C1)NC(=O)[O-].CC |$X7;;;;;;;;;;;;G$,m:11:0.6.5.3.2.1|"
4486,4486,"C1CC12C3=C(C=CC(=C3)N)C(=O)N2.CC.CN=S=NC |$;;;;;;;W;;;;B8;;;Y;;;;;$,m:13:5.6.7.8.3.4,m:15:10.4.3.2.12|"
4487,4487,"CN1C=NC2=C1C(=O)NC=N2.CC(=O)OO.CC |$;T5;;;;;;;;;;;;;;;;R$,m:11:1.2.3.4.5,m:16:6.8.9.10.4.5|"
4488,4488,"CC1(C(NC(=O)NC1=O)O)Br.CSC(=O)C(C)N |$;;;;;;;;;;;;;;;;;$,m:11:1.7.6.4.3.2|"
4489,4489,C[C@@H](C(=O)O)NC(=O)[C@@H](C)O |$;;;;;;;;;G6;$|
4490,4490,"CC1=C2C[C@H](C(=O)NC2=CC=C1)O.CC(C)(N)S |$;;;;;;;;;;;;;;;;;$,m:13:3.4.5.7.8.2,Sg:n:3:t:ht|"
4491,4491,"CC(=O)NC1CCCCC1 |$;;;;;X;;;;$,Sg:n:0:i:ht|"
4492,4492,"C1CCC(=O)NCC1.CC |$;;J2;;;;;;;R7$,m:8:0.1.2.3.5.6.7,Sg:n:2:A:ht|"
4493,4493,"C1CNC(=O)C2=CCC(C=C21)Cl.CC |$;;;;;;;;;;;;;R69$,m:12:6.7.8.9.10.5,Sg:n:9:G:ht,Sg:n:5:G:ht|"
4494,4494,C1=CC(=O)NC(=C1S)O |$;;M6;;;;;K9;$|
4495,4495,C/C=C/1\C(=C)C=C(C(=O)N1)C |$;;;;;;;;;E;$|
4496,4496,CC(=O)NC(C(=O)O)F |$;;;;Y0;;;;$|
4497,4497,CC(CO)NC1=C(C(=O)NC=N1)Br |$;;X;;;;;K1;;;;W;$|
4498,4498,"CC1=C2C(=CNC1=O)C(=CC=N2)Cl.C=NN=CC.CC |$;;;;;;;;;;;;K;;;;;;;R5$,m:13:1.6.5.4.3.2,m:18:8.9.10.11.2.3|"
4499,4499,"CC1CC1(C2=C(C=CNC2=O)C)C(=O)N.CC.CSSN(C)C |$;;;;;L;;;;;;D3;;;Y;;R59;;;;;;$,m:15:1.2.3,m:17:5.6.7.8.9.4|"
4500,4500,"C=C=C[C@@H]1CCC(=O)N1.CC |$;Q;;;;;;;;;X65$,m:9:3.4.5.6.8|"
4501,4501,"C1=C(NC(=O)C2=NNN=C21)N.CC=NN(C)C(=NC)NC |$;;;;;;;;;;;;;;;;;;;;$,m:11:6.5.9.8.7|"
4502,4502,"C1C(=O)NC1(C(=O)O)C(=O)O.COB(C)N(C)C |$;;;;;;;;T;;K;;;;;;;$,m:11:0.4.3.1|"
4503,4503,"CC(=O)NC1(C=CC=CN1)C |$;;;;;;;;;;$,Sg:n:8:R:ht|"
4504,4504,"C[C@]12CNC[C@]1(C(=O)NC2=O)C.CC=NC(C)=S.CNP(=O)(OC)N(C)C |$;;;;;;;;;;;;;;;;;;;;;;;;;;$,m:12:2.1.5.4.3,m:18:6.5.1.9.8|"
4505,4505,C1C(=O)NC2=C(N1)N=CN2 |$;L5;D;T1;;;;G6;;$|
4506,4506,"C=C1C=CC=C2C1C(=O)C(=O)N2.CC=NN=[N+]=[N-] |$;A3;;U;;;;;;;;;;;;;;$,m:12:1.6.5.4.3.2,Sg:n:6:Q:ht|"
4507,4507,"C1CC(C2=C(C1)NC(=O)C=C2)N.CSP |$;;;;Q;;;;;;;;;;$,m:12:0.5.4.3.2.1,Sg:n:0:W:ht|"
4508,4508,CC(CCN)C(=O)NC(C(C)O)C(=O)O |$;;;A;X;;;;;V1;;;;;$|
4509,4509,"C1CCC(CNC(=O)C1)(Br)I.CC |$;;;U;;T9;;;;D;;;M96$,m:11:0.8.6.5.4.3.2.1,Sg:n:2:A:ht|"
4510,4510,"C1=CSC2=C1[NH+]=C(NC2=O)O.CC(N)S |$;;;;;Z;;;;;;;;;$,m:11:5.6.7.8.3.4|"
4511,4511,"CC1CCCC12CC(=O)NC2=O.CC(C)=S(C)C |$;;;;;;;;;;;;;;;;;$,m:12:1.2.3.4.5,Sg:n:10:T:ht|"
4512,4512,CCNC(=O)C(=C)C(F)F |$;;;;;;;;;E$|
4513,4513,"COC1=C(C(=CC(=O)N1)I)C(F)F.CC |$;;;;;;;;;;;;;;L$,m:13:2.8.6.5.4.3|"
4514,4514,"CCC1(CCNCC1)C(=O)NC.CSP(C)(=O)O |$;;;;T8;;;;Q6;;;V;;;;;;$,m:12:2.7.6.5.4.3,Sg:n:5:z:ht|"
4515,4515,"C1=CC2=C(C(=C1)F)NC(=O)C(=C2O)Br.CC(=NO)N(C)C |$M6;;;;;;;;;;;;D4;;;;;;;;$,m:14:7.8.10.11.2.3|"
4516,4516,"CC(C)C1(COCCC(=O)N1)C(=O)O.CC |$;;;;;;J;;;;;;;;;X$,m:14:3.4.5.6.7.8.10,Sg:n:11:l:ht,Sg:n:7:z:ht|"
4517,4517,"C1=CNC2=C1NC(=O)NC2=O.CC(=O)N(N=C(C)C)C(C)=O |$;;;;;;;D;;;;;;;;;;;;;;$,m:11:0.1.2.3.4|"
4518,4518,"C1(=[N+]=[N-])C(=NC(=O)NC1=O)C(=O)O.CC |$;;;;;;J;D;;;;;;;R0$,m:13:0.8.7.5.4.3,Sg:n:7:v:ht|"
4519,4519,"CN1C(NC(=O)C2=C1N=CN2)N.CC.CNC(=O)NN |$;;;;;;;;;;Z;;;A29;;;;;;$,m:12:1.7.6.4.3.2,m:14:8.7.6.10.9|"
4520,4520,"O=c1[nH]cnc2n[nH]cc12.CNP(=O)(OC)OC |$;;;;;;G;;;;;;;;;;;$,m:10:1.9.5.4.3.2|"
4521,4521,"CCC(CC)NC(=O)C(=O)O |$Y2;;;;;;D;;;;$,Sg:n:5:P:ht|"
4522,4522,CNC(=O)C1=C(C(=CC=C1)N)C#N |$;;;;;;;;;D8;;;G0$|
4523,4523,"C1CC2=NC(=O)C=C3N2C1CNC3=O.CN=C(NC)S(C)(=O)=O.CN=C(NC)N(C)N=C(C)C |$;;;;D;;;;;G;;;;B;;;;;;;;;;;;;;;;;;;;$,m:14:0.1.2.8.9,m:23:10.11.12.7.8.9,Sg:n:11:u:ht|"
4524,4524,"C1=CC2=C(N=C1)N3C(=NC=N3)NC2=O.CC |$;;A5;Q8;;X;;;;;;;;T;;J$,m:14:11.12.2.3.6.7|"
4525,4525,"CC1=NC2=CN=CN=C2NC1=O.CC.CC=NN(C)C(N)=S |$;;;;;;;;;;;;;R;;;;;;;;$,m:12:1.10.9.8.3.2,m:14:4.5.6.7.8.3|"
4526,4526,"CC(=O)NC1CC=CC1O |$;;;;;;M;;;Y7$,Sg:n:3:Q:ht|"
4527,4527,"CC1=NC2=C(CCS2)C(=O)N1.CNC(=N)NC.CS(=O)(=O)N=N |$;;;;;A6;;;;;;;;;;;;;;;;;$,m:11:1.10.8.4.3.2,m:17:5.4.3.7.6|"
4528,4528,"CCN1C(C(=O)NCC1=O)C2CC2.CN=C=S |$;D;;;;;;T;;;;;;;;;$,m:13:11.10.12|"
4529,4529,"COC(=O)CC1=CC=CNC1=O.CNN=C(C)SC |$;;;W1;;;;;;;;;;;;;;;$,m:12:5.10.9.8.7.6|"
4530,4530,"CC(CO)(C1CCNC1=O)C(=O)N.CN=NC(=S)NC |$B;;;;;;;;;;;;;;;;;;;$,m:13:4.5.6.7.8,Sg:n:4:w:ht,Sg:n:2:q:ht|"
4531,4531,"C1=C(C2C(=O)NC(=O)C2(C=C1I)I)I.CC |$Z0;;;;;;;G2;;;Y1;;;;;M$,m:14:0.10.9.8.2.1|"
4532,4532,"CC(=O)NC1=C(C=CC(=C1)Cl)[As](=O)(O)O.CC |$;;;;;;;;;;;;;;;;R0$,m:15:4.9.8.7.6.5|"
4533,4533,"C1(C(=O)NC(=O)C(SS1)O)O.CC(=O)N(O)C(C)=O |$;;;;;E7;;;;;;;;;;;;;$,m:11:0.1.3.4.6.7.8|"
4534,4534,"C1C=C2C(=O)NC(N=C2O1)N.CSN(C)N |$;;;;;;;;;;;;;;;$,m:11:0.1.2.8.9|"
4535,4535,"C1C(=O)C2=C(C=C(C=C2)O)C(=O)N1.CC |$W;;;M9;;;;L;;;;;;;R$,m:13:5.6.7.8.3.4|"
4536,4536,"CNC(CCO)C(=O)NC |$U;;;X;J;;;;Y5;$,Sg:n:3,4:l:ht|"
4537,4537,"CNC1=NC(=CC(=O)N1)Br.CC(C)=S(=O)=O |$;Q9;D;;;;;;T2;;;;;;;$,m:10:2.8.6.5.4.3|"
4538,4538,"CC1CCCC2(O1)C(=CC(=O)N2)OC.CC |$;;;;;;;;;;;;;;;Y99$,m:14:7.5.11.9.8,Sg:n:2:Y:ht|"
4539,4539,"CC12CCCC(=O)C1=CC(=O)NCC2.CSC(C)(C)N.CC |$;;;;;;;;;;;;;;;;;;;;;M03$,m:14:2.3.4.5.7.1,m:20:8.7.1.13.12.11.9|"
4540,4540,C/C=C/C(C)NC(=O)C |$;;;;;;;;T$|
4541,4541,"C1CNCCC12C(=O)NCCN2.CC.CN(C)N(C)N |$;;;;;;;;;;;;;V;;;;;;$,m:12:0.5.4.3.2.1,m:14:6.8.9.10.11.5,Sg:n:5:A:ht,Sg:n:11:J:ht|"
4542,4542,"C1CN([C@H](C(=O)N1)C2=CC=CS2)C(=O)N |$;;;;;;;;;;;;K;G8;$,Sg:n:1:C:ht|"
4543,4543,"C=C1C(=O)NC(=S)S1.CN=NC(C)=N |$;;;;;;;;;;;;;$,m:8:1.2.4.5.7|"
4544,4544,C1(=O)C(=O)NNC(=S)N1 |$X1;;G6;;;;;Q6;$|
4545,4545,"CC1=C(NC(=O)C(=C1)Cl)C(=O)O.CSOO |$;;;;;;;;;;;;;;;$,m:12:1.7.6.4.3.2|"
4546,4546,CC(CC(C)Br)NC(=O)C |$;;B;;;;;;A5;$|
4547,4547,"C=C1CCC2CCNC(=O)C2C1.CC(=N)NC(C)=O |$;;;;;;;;;;;;;;;;;;$,m:12:1.11.10.4.3.2|"
4548,4548,"CC1=C(C(=O)NC(=N1)Cl)Br.CSN=C(C)C |$;;;;;;;;;Z9;;;;;;$,m:10:1.7.6.5.3.2|"
4549,4549,C1=C(C(=O)NC=C1F)[N+](=O)[O-] |$;;;;;T6;;;;;$|
4550,4550,"CN1CCCC2(C1)CCNC2=O.CSC=NN.CC |$B0;;;;;;;;;;;;;;;;;;M$,m:12:1.6.5.4.3.2,m:17:7.5.10.9.8,Sg:n:4:r:ht|"
4551,4551,"CC1CCNC(=O)C(C1)C.CNN(C)C(C)=O |$;;;;W;;;;;;;;;;;;$,m:10:1.2.3.4.5.7.8|"
4552,4552,"C1=CC2=C(NC(=O)NC2=O)N=C1.CN(C)C=O |$;;;;;;;;;;;;;;;;$,m:12:0.11.10.3.2.1|"
4553,4553,"CNCC1CCCC1N2CCNC(=O)C2.CC(=O)OC(C)=S |$;;;M;A4;;;;;;K7;;;;;;;;;;;$,m:15:3.4.5.6.7,Sg:n:3:L:ht,Sg:n:4:x:ht|"
4554,4554,C1CC[C@H]2[C@@H](C1)C(=O)NC(=O)N2 |$;;;;;X;;Y;;;;$|
4555,4555,CNC(=O)C(F)(F)Cl |$;D0;;Y;;;;$|
4556,4556,CC(=O)C1=C(C(=O)NC(=O)N1)Cl |$T0;;A0;;M;;;;;;K;$|
4557,4557,"CC1(CCCC(=O)NCC1(Br)I)C.CC(C)=NN=C(C)N |$;;;;;;X;;;;;;;;;;;;;;$,m:13:1.9.8.7.5.4.3.2|"
4558,4558,"CC1CCC2C(C1)C=CNC2=O.CS(=O)N=[N+]=[N-].CC=NN(C)C(=O)O |$;;Y;X2;;;;;;;;;;;;;;;;;;;;;;$,m:12:1.6.5.4.3.2,m:18:7.8.9.10.4.5|"
4559,4559,"C1CC2C(=O)NC1C=N2.CC.CC |$;;;;;;;;;;W;;X$,m:9:0.6.5.3.2.1,m:11:3.5.6.7.8.2|"
4560,4560,"CC(CCN)C(=O)NC(C)(C)C(C)O |$;;;;;;;;;;;;;Q2$,Sg:n:2,3:d:ht|"
4561,4561,"C(=C/1\C(=O)NC(=O)S1)\I.CC |$;;;T;;;;;;;R$,m:9:1.2.4.5.7|"
4562,4562,"C=C[C@H]1C(=O)NC(=O)N1.CC |$X;;;;V;;;;;;R$,m:9:2.3.5.6.8|"
4563,4563,"C1C(=O)NC(=O)N1.CC |$;;;;Y;;;;W$,m:7:0.1.3.4.6|"
4564,4564,CCC1C(CNC1=O)C(F)F |$G;;U;L;;L3;;;;;$|
4565,4565,CC1=CNC(=O)C=C1CCl |$;;;;;;;Q4;;$|
4566,4566,"CC(C)C1C(C2=C1C=CNC2=O)C(C)C.CNC(=O)C(C)O.CC |$;;;;;;;;;;;;J4;;;;;;;;;;;R04$,m:15:3.6.5.4,m:22:7.8.9.10.5.6|"
4567,4567,"CNC1CC(=O)NC2=C1C=CC=C2F.CC |$;E;;E3;;;;;;;X;;;;;L$,m:14:2.8.7.6.4.3|"
4568,4568,"CCC1(C(C(=O)NC1=O)O)O.CN(C)S |$;;;;;;;;;;;;;;$,m:11:2.3.4.6.7|"
4569,4569,CC(C(=O)O)N=C(N)NC(=O)C |$G;;;;;;K9;;;;;$|
4570,4570,"CCS(=O)(=O)[C@@H]1CCCC(=O)N1.CC |$;U5;;;;;;;;;;;;Y4$,m:12:5.11.9.8.7.6,Sg:n:2:M:ht|"
4571,4571,"C/C=C/1\C2=C(C=CC=N2)NC1=O.CC |$;;;;;;;V;;;;;;R57$,m:12:5.6.7.8.3.4|"
4572,4572,"C1CC[C@H]2[C@H](C1)NCC(=O)N2.COP(O)O |$;;;;;;;;;;;;;;;$,m:11:6.7.8.10.3.4,Sg:n:7:n:ht|"
4573,4573,"C1COC[C@H]2[C@H]1CC(=O)N2.COSO.CON=[N+]=[N-] |$;A;;;;;;;;;;;;;;;;;$,m:10:0.5.4.3.2.1,m:14:6.5.4.9.7,Sg:n:5:V:ht|"
4574,4574,"CC1=C2CC(=CC=C1)C=C(C(=O)N2)C.CC(=O)C(=O)S.CS(=O)N=[N+]=[N-] |$;K1;;;;;;;;;;;;;;;;;;;;;;;;$,m:14:1.2.3.4.5.6.7,m:20:3.2.12.10.9.8.4|"
4575,4575,"CCC1(CC1)NC(=O)C(F)F.CSC#N |$;;;;;;;;;;;;;;$,m:11:2.3.4|"
4576,4576,CN=C(CN)NC(=O)C#C |$;;;E7;;;;;;$|
4577,4577,"C=C1C2CCCC2NC1=O.CBC |$;;;;;;;;;;;;$,m:10:3.2.6.5.4,Sg:n:3:A:ht|"
4578,4578,"CC1CNCCC12CC(=O)N2.CC(=S)NN=[N+]=[N-] |$;;;;;;;;;;;;;;;;;$,m:11:7.8.10.6|"
4579,4579,"C1C(=O)NC2=CC=CC=C2[S@@]1=O.CC |$;;;;G;;;;;;;;;R$,m:12:0.10.9.4.3.1|"
4580,4580,C[C@H](CNC(=O)C)O |$;;;;;T5;;$|
4581,4581,"CCC1C=CN=CC(=O)N1.CC |$;;;;;;;;;;;J$,m:10:2.3.4.5.6.7.9|"
4582,4582,"CC(=O)NC1C(=O)SC1(C)C.COSN(C)C |$;;W;;;E;;;;;;;;;;;$,m:11:4.8.7.5,Sg:n:10:z:ht|"
4583,4583,C1=CNC(=O)C(=C1Cl)Cl |$;;;;;;;;M$|
4584,4584,"C1=C([13C](=[13CH][13C](=O)[15NH]1)O)Cl.CC |$;;;;;J7;;;T5;;R$,m:9:0.6.4.3.2.1|"
4585,4585,CC1(C(=O)NC[N+]1(C)[O-])C |$;;;;M6;;;;;$|
4586,4586,"C1=CSC2C1C(=O)NC(=N2)I.CC.CNNC(=O)SC |$;;M5;;;;;;;;;;G96;;;;;;;$,m:11:0.1.2.3.4,m:13:5.7.8.9.3.4|"
4587,4587,CC1C(=O)NC(=O)CN1S(=O)C |$;;;;;;B;;;;;$|
4588,4588,"C1C(=O)NC(=O)CN1C#N.CSN(C)O |$;;Y;;;;;;;;;;;;$,m:10:0.7.6.4.3.1|"
4589,4589,"CN1C2=C(C(=O)NC=C2)N=N1.CC |$;;K;;;;;;;;;;R$,m:11:1.2.3.9.10|"
4590,4590,"C1=NC(=C(C(=O)N1)CN)C(F)(F)F.CSNS |$;;Q;;Q;;;;Z;;;;M7;;;;$,m:13:0.6.4.3.2.1|"
4591,4591,"CC12NC(=O)CN1CC=N2.CSP(=O)(O)O.CC |$;;;;;;;;;;;;;;;;;R$,m:10:2.1.6.5.3,m:16:7.6.1.9.8,Sg:n:3:j:ht|"
4592,4592,"C1=NNC(=O)NC1=O.CC |$Z;;;;;;;;;J01$,m:8:0.6.5.3.2.1|"
4593,4593,CC(C(=O)NC)NC(=O)C(C)Cl |$;;;Q1;;;;;;;;$|
4594,4594,"CC1(C2(CCCOC2)CC(=O)N1)C.CC |$;L9;;;;;;;;;;;;;R$,m:13:3.4.5.6.7.2,Sg:n:1:g:ht|"
4595,4595,"C1CCC2=C(C1)CC(=O)C(=O)N2 |$Q;;;U3;;;;;;;;$,Sg:n:6:k:ht,Sg:n:6:b:ht,Sg:n:6:G:ht|"
4596,4596,"C([C@H]1[C@H](C(=O)N1)N=[N+]=[N-])Br.CC |$;;;;W3;;;;;;;W14$,m:10:1.5.3.2|"
4597,4597,"CC(C)CN1CC(=O)NCC1C(F)(F)F.CNN=CN |$;L6;;;;;;;;;;;;;;;;;;$,m:15:4.10.9.8.6.5,Sg:n:9:s:ht|"
4598,4598,"C[C@@]12CCCN1C(=O)NC2=O |$;;;;;;;;;;$,Sg:n:6:w:ht|"
4599,4599,"C1CNC(=O)C(C1=O)N=[N+]=[N-].CC(C)=NN(C)C(N)=O |$;;;Q7;K3;;;;E6;;;;;;;;;;;$,m:11:0.6.5.3.2.1|"
4600,4600,"CC1(C(=O)NC2CCC[C@@H]2N1)C.CC |$;;;;;;;;;;;Q4;;X7$,m:12:6.5.9.8.7,Sg:n:5:D:ht|"
4601,4601,"C#CC1(CCCNC1=O)O |$;T;;;;;;;;$,Sg:n:0:l:ht|"
4602,4602,CNC(CC(=O)S)C(=O)NC |$;;;M4;;;;;;;$|
4603,4603,"C(C1=NN=C(NC1=O)N)N.CC |$;;;X8;;W;T1;;W;;;L7$,m:10:1.6.5.4.3.2|"
4604,4604,"C1C=CC2=[N+]1C3=C(C(=O)NC2O)SC=C3.CC.CNC(C)O |$;;;;;;;;;;;;;;;;V56;;;;;$,m:15:0.1.2.3.4,m:17:7.6.5.4.3.10.9|"
4605,4605,"C1CC(=O)NC[C@H]1O |$;;;;;;;$,Sg:n:0:v:ht,Sg:n:1:v:ht|"
4606,4606,"CC1=NN=C(C(=O)N1)C(C)O.CC |$;;;;;;;;;;;;J2$,m:11:1.7.5.4.3.2|"
4607,4607,CC1=C(C(=C(C(=O)N1)C(=O)O)C(C)C)Cl |$;;;;;W;;;;;;Y0;;;$|
4608,4608,"C1=C2C(=CN1)NC(=O)C2=O.CC(S)C(=O)N(C)C |$B;E;;;;;;;;;;;;;;;;$,m:10:0.1.2.3.4|"
4609,4609,"C1[C@@H]2CC(=O)C[C@H]1NC2=O.CC |$;;;;;;;;;;;R97$,m:10:2.3.5.6.0.1|"
4610,4610,CC[C@@H](C)NC(=O)C(=C)C |$;;;;;;;;V;Y$|
4611,4611,"C1CC(=O)NC1=O.CN=C(C)C(=O)O |$;;W;;Q3;;;;;;;;;$,m:7:0.1.2.4.5|"
4612,4612,"C1CNC(=O)C(C1N)O.CC |$;;;V;;W;;;;;R$,m:9:0.6.5.3.2.1,Sg:n:0:u:ht|"
4613,4613,"C/C=C\1/C(=O)NC(S1)O.CC |$;;;Y;;E2;E;;;;R$,m:9:2.3.5.6.7|"
4614,4614,"CCOC1C(CCCO1)NC(=O)C.CC |$;;;;;;;;;;;;;;V$,m:13:3.8.7.6.5.4,Sg:n:10:q:ht|"
4615,4615,"C1CNC(=O)[C@@H]1CCBr |$;;Q2;;;Z9;;;$,Sg:n:6,7:v:ht|"
4616,4616,"COC1=NC=NC2=C1NC(=O)CN2.CN=C(NC)N(C)N |$;;;;T3;;;;;;;;;;;;;;;;$,m:13:8.9.11.12.6.7|"
4617,4617,"C1CN(CC(=O)N1)C(=O)[O-].COP(=O)(O)SC |$;;;;;;;;;;;;;;;;$,m:10:0.6.4.3.2.1,Sg:n:5:I:ht|"
4618,4618,"C[C@]12CCCC[C@@H]1CC(=O)NC2=O.CN=S(C)(N)=O |$;;;;;;;;;V2;;;;;;;;;$,m:13:2.3.4.5.6.1|"
4619,4619,"CC(C(=O)NC)NC1=NC=NS1.CC |$;;;;;;;;;;;;;R$,m:12:7.8.9.10.11|"
4620,4620,"CC[C@@]1(CCNC1=O)CO.CNN=COC |$;;;;;;;;;;;;;;;$,m:10:2.3.4.5.6|"
4621,4621,"CC(C)(C)C1C(CCC(=O)N1)N.CC |$;;;;;;;;;;;;;R$,m:12:4.10.8.7.6.5|"
4622,4622,"CCC[C@]1(CCNC1=O)CN |$;;;;;;;;;;$,Sg:n:4:V:ht,Sg:n:1,2:O:ht|"
4623,4623,"C1(C(=O)NC(=S)O1)I.CB(C)N |$;;;;;;;;;;;$,m:8:0.1.3.4.6|"
4624,4624,C1CNC[C@@H]2[C@@H]1NC(=O)C2 |$;;;;;;T6;;;$|
4625,4625,"C1CC(=[N+]=[N-])C(=O)NC1.CNC(=O)N(C)C |$;;;;;;;U5;;;;;;;;$,m:9:0.8.7.5.2.1|"
4626,4626,CCC(C)(CI)NC(=O)C |$Q;;;;;;;;;$|
4627,4627,"CC(C)C1=NCC(=O)NC1.CC |$;;;;;;J;;;;;R17$,m:10:3.9.8.6.5.4|"
4628,4628,"COC(=O)[C@@]1(C2=CC=CC=C2NC1=O)N.CC |$;M;;;;;;;;;;;;;;;Q$,m:15:4.5.10.11.12,Sg:n:14:f:ht|"
4629,4629,"C1[C@@H](NC(=O)CN1)C(=O)O.CN=NNC |$J1;;;;G;;;;;;;;;;$,m:10:0.6.5.3.2.1|"
4630,4630,"CCC1(CCC1)NC(=O)C(F)(F)F.CC |$;;;M6;;;;;;;;;;;R52$,m:13:2.5.4.3,Sg:n:10:r:ht|"
4631,4631,"C1C[C@@H]2C(=O)NCCCN2C1.CC |$;;;;;;;;;;;;R68$,m:11:0.1.2.9.10,Sg:n:4:w:ht|"
4632,4632,"CCCC([C@H](C)CC)C(=O)NC |$;L;;;;;;;;;;$,Sg:n:1,2:y:ht|"
4633,4633,"C1C=CC(C(=O)N1)C(=O)O |$;;W;;;;;;;$,Sg:n:4:B:ht|"
4634,4634,CC(C(=O)C=C)NC(=O)C |$;;;B4;;;A1;;;$|
4635,4635,"C[N+]1(C(=O)C(=O)NC1=C(C#N)C#N)[O-].CC |$;;G2;;;;;G2;;;;;;;;K$,m:14:1.2.4.6.7|"
4636,4636,CC(C)(C)C(=O)[C@@H]1CCC(=O)N1 |$;;;;;;;;;;D9;$|
4637,4637,C1=C(C(=O)NC(=C1Br)C(=O)O)N |$;;;;A;;;;;;U5;$|
4638,4638,"CCC(=O)NC1(CCC1)CC |$;;B;;;;;;;;$,Sg:n:6:o:ht|"
4639,4639,"C1C(=O)NC(=O)[N+]1=N.CC |$;;;;;;;;;Z$,m:8:0.1.3.4.6|"
4640,4640,C[C@H]1C(=C(C(=O)N1)C(=N)C)O |$;E;;;;;;;;;$|
4641,4641,"CC1(CCNC1=O)NC(=O)[O-].CC |$;;;;;;;;T8;;;;A0$,m:11:1.2.3.4.5,Sg:n:6:c:ht|"
4642,4642,C[C@H](CO)NC(=O)C(=O)N |$;;;;;;;;;B3$|
4643,4643,CC(=O)NC |$;;;;Y$|
4644,4644,"CC1(C(=O)NCCN1C=C)C |$E3;;;;;;;;;;$,Sg:n:1:d:ht|"
4645,4645,CC(=O)C1C(=O)NC(SC1=O)O |$Y1;;W0;;;;V8;;;;;$|
4646,4646,"CC1(OC2C(CNC(=O)C2O1)O)C.CC(=N)N(C)S(C)(=O)=O.CC(N)=NN(C)C |$;;;K;E;;;;;;;;M8;;;;;;;;;;;;;;;;$,m:13:1.2.3.9.10,m:22:4.5.6.7.9.3|"
4647,4647,"C1C(=O)NC2=C(S1(=O)=O)C(=CC=C2)O.CC.CNN(C)C(C)=N |$;;;;;;;;;;;;;;;R4;;;;;;;$,m:14:0.6.5.4.3.1,m:16:9.10.11.12.4.5|"
4648,4648,"CC[C@@H](C(=O)NC)NC=O |$;D;;Z4;;;;;;$,Sg:n:1:z:ht,Sg:n:3:T:ht|"
4649,4649,"C1CC2(CC2)C3(C1)C(=O)NC3=O.CC.CC |$;Z1;;;;;;;E;;;;;A1;;T$,m:12:3.2.4,m:14:7.9.10.5|"
4650,4650,"COC1[C@]2([C@H](CN=N2)C(=O)N1)Br.CC |$;;;;;;;B5;V;K4;;;;R8$,m:12:5.4.3.7.6|"
4651,4651,"C1CC12C3=C(C=CC(=C3NC2=O)O)Br.CC.CN=CC=S.CC |$;;;;;;;D0;;;;;;;;L5;;;;;;;Z$,m:14:0.1.2,m:16:4.5.6.7.8.3,m:21:9.8.3.2.10|"
4652,4652,"CC(=C)CN1CC(=O)NCC1=O.CC |$;;;Y9;;;B6;;;;;Z6;;R$,m:12:4.10.9.8.6.5|"
4653,4653,"CC1=CC(=C(NC1=O)C(F)(F)F)C(F)F.CC |$;;;;;;;;;X6;;;;;;;R$,m:15:1.6.5.4.3.2|"
4654,4654,"CC(C)C1C(OC2(CC2)C(=O)N1)C(C)C.CN=CN(C)S.CC |$;;;;;;G;;;;;;;;;;;;;;;;T65$,m:15:3.11.9.6.5.4,m:21:7.6.8,Sg:n:9:c:ht|"
4655,4655,"CCN1C(=O)C(NC(=O)C1(C)C)CS.CC(=S)N(C)C(C)=S |$;;;;;;;;;;B;;;;;;;;;;;$,m:14:2.9.7.6.5.3,Sg:n:8:J:ht,Sg:n:10:S:ht|"
4656,4656,"C1=NC(=C(C(=O)N1)Cl)CC#N.CC |$;;A;Y2;;;;;B3;;U5;;L$,m:11:0.6.4.3.2.1|"
4657,4657,"C/1C/C=C\NC(=O)/C=C1.CC |$;;;;;;;;;;R96$,m:9:0.8.7.5.4.3.2.1|"
4658,4658,"CC(C)C1(C(C(C(=O)N1)(C)O)O)C(=O)O.CC |$U;;U;;;;;;;;;X;;;;;W$,m:15:3.4.5.6.8,Sg:n:0:t:ht|"
4659,4659,"C1C(=CC(=O)NC1=O)Cl.CNC(=O)NN=C(C)C |$;;W;;;;;;;;;;;;;;;$,m:9:0.6.5.3.2.1,Sg:n:3:q:ht|"
4660,4660,CC(=O)NC1=CC=CC=C1[N+]#N |$;;;T;;;;;;;T6;$|
4661,4661,"CCC1=C2CCCCC2=CC(=O)N1.CC=NC(=NC)OC.CC(=O)OC(C)=O |$;;;;;;;;;;;;;;;;;;;;;;;;;;;$,m:13:2.12.10.9.8.3,m:21:4.5.6.7.8.3|"
4662,4662,"C1C2=C(CNC1=O)NC=C2.CP=C(C)C.CN=C(NN=C(C)C)N(C)C |$;D0;;L;;;;;;;;;;;;;;;;;;;;;;$,m:10:0.5.4.3.2.1,m:15:7.2.1.9.8,Sg:n:2:x:ht|"
4663,4663,"C1C(=O)NC(=S)S1.CC |$;;;;;;;;R6$,m:7:0.1.3.4.6|"
4664,4664,"C1=CC(=O)NC(=C1CO)C(F)(F)F.CNP(C)(=O)NC |$;;;;;;;;;Y8;;;;;;;;;;$,m:13:0.6.5.4.2.1|"
4665,4665,"C[C@H]1CCCC([C@@H]1NC(=O)C)(C)C.CC |$;;;;;;;;;;;;;;R89$,m:13:1.6.5.4.3.2|"
4666,4666,C1CC1NC(=O)C(Cl)Cl |$;;;B7;;;;;$|
4667,4667,"CC(CC#N)NC(=O)C(C)C(C)N |$;;;V6;;;;;;;;;$,Sg:n:3:Q:ht|"
4668,4668,"CC/C=C\C(C)[C@H](C)NC(=O)C |$;;;;;;;;;;Z;$,Sg:n:3:I:ht|"
4669,4669,"CC[C@@]1(CCNC1=O)C(=O)O.CC |$;;;;;;;;;;;;K7$,m:11:2.3.4.5.6|"
4670,4670,C1C2CC(CC1C(=O)NC2=O)C(=O)N |$;;;;;;;;;;;;V5;$|
4671,4671,"CN1C2=C(CCNC2)C(=O)NC1=O.CC |$;;;;;;;;;;;;;;R$,m:13:1.11.10.8.3.2,Sg:n:12:o:ht,Sg:n:4:Q:ht|"
4672,4672,CC(=O)NC1COCCO1 |$;;J;;;;;;;$|
4673,4673,"C[13C](=O)NC1=CC=CC=C1Cl.CNN[N+](=O)[O-] |$;;;;;U4;Q;;;;;;;;;;$,m:11:4.9.8.7.6.5|"
4674,4674,C1=CC(=O)NC(=C1N)N |$;J;;B;;;;;$|
4675,4675,"CC1(CC1)NC2CC(=O)NC2=O.CC.CC |$;;;;V3;;;;;;;Y;;R31;;V1$,m:12:2.1.3,m:14:6.5.10.9.7|"
4676,4676,"CC(=O)C[C@@H]1CCC[C@@H]1NC(=O)C |$;;;;D4;;;;;D;;;$,Sg:n:1:G:ht|"
4677,4677,"CC1=NN(C=C1NC(=O)C)C.CC |$;;;;;A7;;;;;;;R93$,m:11:1.2.3.4.5|"
4678,4678,"C[N+]1=CNC(=O)CS1 |$;;;;;;;$,Sg:n:4:t:ht|"
4679,4679,"C1CN2CC1C3N2C(=O)NC3=O.COP(C)C.CC |$;;;;;;;;;;;;;;;;;;X$,m:12:0.1.2.3.4,m:17:7.6.5.10.9,Sg:n:2:i:ht|"
4680,4680,"C1=CC=C2C(=C1)[C@](C(=O)N2)(CCN)O.CN=CNC |$;;;;W;U;;;;L;;T;;;;;;;$,m:14:6.4.3.9.7,Sg:n:10,11:L:ht|"
4681,4681,"C1(=C(C(=O)NC1=O)Cl)N.CC=NOC(=O)OC |$;;;;;X8;;;;;;;;;;;$,m:9:0.1.2.4.5|"
4682,4682,CC1=C(SC(=N1)N)NC(=O)C |$;;;;;U;;;;;$|
4683,4683,C=CN1CCC(=O)NC1=C |$;;G3;;;;;;;$|
4684,4684,"CS(=O)(=O)OC1=CC=CNC1=O.CC |$;;;;;B;;;;;;;;R$,m:12:5.10.9.8.7.6|"
4685,4685,CC1=C(NC(=O)C(=C1N)O)C |$;;;;;;;U;;;W$|
4686,4686,"CC(C(C)I)N1CCNC(=O)C1 |$;;;G;;;;W4;;;;$,Sg:n:9:H:ht|"
4687,4687,"CC1CC2=C(C(=CCC2)C)NC1=O.COC(=O)OC |$;;;;;;;;;;;D8;;;;;;;$,m:13:1.11.10.4.3.2|"
4688,4688,CC1CC(CCC(=O)N1)(C)C |$L;;;;;;;;;;$|
4689,4689,"COC1=CNC(=O)C=C1OC(F)(F)F |$;;;V4;K1;;;;;K;;;;$,Sg:n:12:P:ht|"
4690,4690,"CC(C)C1=NC=C(C(=O)N1)Cl.CN(O)C=O |$;;;;;;;;;;Y1;;;;;$,m:11:3.9.7.6.5.4|"
4691,4691,CC1(NC(=O)C(=O)O1)N=[N+]=[N-] |$;D;;;;;;;;;$|
4692,4692,"C1=C(C=C(C2=C1C(=O)NC=N2)O)Br.COC(C)(C)SC |$;Q;;;;;;;;;;;D5;;;;;;;$,m:13:6.8.9.10.4.5|"
4693,4693,"C1=CNC2=C1C(=O)NC(=O)N2O.CC.CC |$;J6;M9;V2;;;;;;;;;;R;;R$,m:12:0.1.2.3.4,m:14:5.7.8.10.3.4|"
4694,4694,"CC1(CCNC(=O)C2=CC=CC=C21)C.CC |$;V;;;;;;;;;;;;;;R0$,m:14:1.2.3.4.5.7.12,Sg:n:1:U:ht|"
4695,4695,"CCC1(C(=O)NC(=O)C(N1)C)C.CC |$;;;;;;;;;;;;;G$,m:12:2.9.8.6.5.3|"
4696,4696,"C1CC2(COC1)C(=O)NC(=S)N2.C[SH+]C.CNN=C(C)C |$;;;;;;;;;;;;;;;;;;;;$,m:12:0.5.4.3.2.1,m:15:6.2.11.9.8|"
4697,4697,"C1=CC=C2C3C=CC(C2=C1)C(=O)N3.CC.CN=[N+](C)[O-] |$;;Z;;;;;;;;;;;;Z;;;;;$,m:13:0.9.8.3.2.1,m:15:5.6.7.10.12.4|"
4698,4698,"C1=CC2=C(C(=C1)NC2=O)F.CC |$;;;;;;;Y;;;;J$,m:10:0.5.4.3.2.1|"
4699,4699,C1C(=CC(=O)N1)C(=O)O |$K6;;;;;;;;$|
4700,4700,"C1CNC(=O)C2C1NCNC2 |$;;;;;;;;;;G1$,Sg:n:7:v:ht|"
4701,4701,"C1CCC(C1)N2CCNC(=O)C2CCN.CC.CN(C)NN=[N+]=[N-] |$E9;;;;;;;;;;;;;;;;G;;;;;;;$,m:15:0.1.2.3.4,m:17:6.7.8.9.11.5,Sg:n:2:f:ht,Sg:n:2:v:ht,Sg:n:12,13:w:ht|"
4702,4702,"C1CN=C(NC1=O)C[N+](=O)[O-].CN(N)C(N)=S |$;;;;;;;;;E5;G7;;;;;;$,m:11:0.5.4.3.2.1|"
4703,4703,"[C@H]1(C(=O)NC(=O)N1)NC(=O)N.CC |$;;;;;;;;;;;;G9$,m:11:0.1.3.4.6|"
4704,4704,CC1CS(=O)(=O)CC(=O)N1 |$Z;;;;;;;;;$|
4705,4705,"CC(C(C)OC)NC1CCCNC1=O.CNNC(C)=O |$;;;;Y2;W;;;;;;X;;;;;;;;$,m:14:7.12.11.10.9.8|"
4706,4706,C[C@@H](CO)NC(=O)C(C)C |$;;T3;;;;A;;;$|
4707,4707,CC[C@H](C)NC(=O)C=C |$;J;;;;;;Q0;$|
4708,4708,"C1C(=O)NC(=S)N1C(=O)N |$;;;;;;;;;$,Sg:n:4:h:ht|"
4709,4709,"CNC1=NC(=C(C(=O)N1)Br)C2CC2.CC(=S)N(C)N=C(C)C |$;;;;W3;;;A;;;;;A;;;;;;;;;$,m:13:11.10.12|"
4710,4710,C1CNCC2C1C(=O)C(=O)N2 |$;;L;;T;;;;;;J$|
4711,4711,"C1=CSC(=C1C2=CN=CNC2=O)Cl.CN=CN(C)SC |$;A;;;;;;;;;;;;;;;;;;$,m:13:0.1.2.3.4|"
4712,4712,CC1([C@@H](NC(=O)NC1=O)OO)O |$;;E;;K;;;;;D7;M;$|
4713,4713,"C/C(=C\C1CC1)/C(=O)NC |$;;;;;;;;;$,Sg:n:0:J:ht|"
4714,4714,"C1C(=O)NC2=C(S1)N=CNC2=O.COC(=O)SC |$;;;Z8;;;;;;;;;;;;;;$,m:12:7.8.9.10.4.5|"
4715,4715,"CSC1=NNC2=C1C(=O)NC=N2.CC(=O)N(C)N=[N+]=[N-] |$;;;;;;;G6;;;;J;;;;;;;;$,m:12:2.3.4.5.6|"
4716,4716,"CN1C2CCCCC2C(=O)NC1=O.CN=C=N.CC |$;Q6;Z9;;;;;;;;;;;;;;;;Q69$,m:13:1.11.10.8.7.2,m:17:3.4.5.6.7.2|"
4717,4717,"C1CC(=C2CS(=O)(=O)CC(=O)NC2=C1)O.CC |$;;;;;;;;Z4;;;;;;;;L$,m:15:4.3.12.11.9.8.5,Sg:n:14:L:ht|"
4718,4718,"CC1=C2C(=C(C=C1)O)NC(=O)C2(F)F.C=NN(C)N=C.CC |$;;;;;;;;;;;;;;;;;;;;;R2$,m:14:1.6.5.4.3.2,m:20:8.3.2.11.9|"
4719,4719,"CC(C(=O)NC1(CC1)CO)S |$;;;;;;L9;;;;$,Sg:n:5:Y:ht|"
4720,4720,CCC(CC)C(=O)NC(C)(C)C |$;;;;E6;;;;;;;Y3$|
4721,4721,"C1=CNC(=O)C2=CN=CC(=C21)Br.CC.CC |$;G;;;;;;;;;;;;R31;;Q2$,m:12:0.10.5.3.2.1,m:14:6.7.8.9.10.5|"
4722,4722,"C1CS(=O)C2=C(C=CC=N2)NC1=O.CON(C)C(C)=O |$;;;;;;E3;;X8;;;;;;;;;;;$,m:13:0.1.2.4.5.10.11|"
4723,4723,CCC(C)NC(=O)CC |$T5;;D6;;;;;;$|
4724,4724,CNC(=O)C1=CN(CC=C1)O |$;;;Z8;;;;;;;$|
4725,4725,"CC(=O)C1=C(N(C(=S)NC1=O)C)[O-].CSC=O |$;U1;;;D4;;;;;;;D;;;;;$,m:13:3.9.8.6.5.4|"
4726,4726,C1=C(C(=C(NC1=O)O)C(=O)N)N |$;;;;;;;;;;Z;$|
4727,4727,CCC(=ICF)C(=O)NC |$;;;;U3;;;;Y3;$|
4728,4728,"CN1/C(=C/N(C)C)/C(=O)NC1=O.CC(=O)Cl |$;;;M0;;;;;;M;;;;;;$,m:12:1.2.7.9.10|"
4729,4729,"CC1(C(=O)NC(=O)N1)C.CC |$;;;;;;D;;;;U0$,m:9:1.2.4.5.7|"
4730,4730,CC(C)(NC(=O)C1CC1)Cl |$;;;;;B;;;;$|
4731,4731,"CN1C(=CC(=O)NC1=O)N(C)N.CC |$;;;;;A3;;;;;E4;;;T54$,m:12:1.7.6.4.3.2|"
4732,4732,"C[C@H]1C2=C(C=C(C=C2)Br)C(=O)N1.CB=NC.CC=NSC |$;G;;;;T6;;;;;;;;;;;;;;;$,m:12:1.2.3.9.11,m:16:4.5.6.7.2.3|"
4733,4733,"CC1=C2C(=CC=C1)NC(=O)CO2.CC.CC |$;;E;Z1;;;;B;;;;;;R1;;Q$,m:12:1.6.5.4.3.2,m:14:7.8.10.11.2.3|"
4734,4734,"CC1=NC2=C(S1)C(=CNC2=O)I.CON(C)C(=O)O |$;;;;;;;;;;;;;;;;;;$,m:12:6.7.8.9.3.4|"
4735,4735,C1=CC(=O)NC1=O |$;;K2;;;Q8;$|
4736,4736,"C=C1CC(NC1=O)CO.CC |$;;;;X;;;;A;;J02$,m:9:1.2.3.4.5|"
4737,4737,"C1=CC2=C(NC(=O)NC2=O)N=C1.CN(C)N(C)C=O |$;;A;;;;;;;;Y;;;;;;;;$,m:12:0.11.10.3.2.1|"
4738,4738,"C1=C2C(=C(C=N1)Cl)NC(=O)NC2=O.CN=C(N(C)C)N(C)N=C(C)C |$;;;;;;;;;;;Y;;;;;;;;;;;;;$,m:13:0.5.4.3.2.1|"
4739,4739,"C1=CC=C2C(=C1)C3(C=CNN3)C(=O)N2.COC(=S)S |$;;;;J3;;;;;;Q;;;;;;;;$,m:14:11.6.4.3.13,Sg:n:0:p:ht|"
4740,4740,CC(CCC(=O)C)NC(=O)CN |$;E;;;;;;;;;;$|
4741,4741,C1=CC(=C(C2=C1C(=O)NC=C2)N)Cl |$;L;;;;;K;;;;;;$|
4742,4742,"CC(CCCCl)NC(=O)C |$;;;;K1;;;;;$,Sg:n:2,3:T:ht|"
4743,4743,"C1=COC2=C1C(=O)NC=N2.CC=NS(C)(=O)=O |$;B;;W;;;;;;;;;;;;;$,m:10:5.7.8.9.3.4|"
4744,4744,C(C(=O)NC(F)(F)F)S |$;U6;A3;;;;K;;G$|
4745,4745,"C1[C@@H](CN2[C@@H]1C(=O)NC2=O)N.CN=C(NC)NO |$;;;;;;;;;;;;;;;;;$,m:11:5.4.3.8.7|"
4746,4746,"C1=CC(=C2C=CNC(=O)C2=C1[N+](=O)[O-])Br.CC.COC=N |$;;M;;;;;J7;;;;;;;;;J;;;;$,m:15:0.10.9.3.2.1,m:17:4.5.6.7.9.3|"
4747,4747,"CN(C)C1C(NC1=O)C(=O)O.CNP(N)(N)=O |$X6;;;;;U;;;;;;;;;;;$,m:11:3.6.5.4|"
4748,4748,CC1C(=O)NC(=O)C(N1)(C)C(F)(F)F |$;;;;;;;;G7;;;;;$|
4749,4749,C[C@H]1CNCC(=O)N1 |$;X;;;;;;$|
4750,4750,"C1=CC2=C(C(=C1)Br)C(=O)NC(=O)O2.CC |$;;;;;;;;;;;;;;M89$,m:13:0.5.4.3.2.1|"
4751,4751,"CC1(C(=O)NC(=C)O1)C(C)(C)C.CC |$;;W0;;;;A;;E;;K7;V;;R17$,m:12:1.2.4.5.7,Sg:n:3:h:ht|"
4752,4752,CC1(CC2=CC=CC=C2NC1=O)N |$;;;;;;;;U;;;;$|
4753,4753,"CC1=CC(=O)NC(N1C)SC.CC(C)=NC(N)=O |$;;;;;;;;Q;;;;;;;;;$,m:11:1.7.6.5.3.2|"
4754,4754,"CCC[C@H](C)[C@H](CC=C)C(=O)NC(=O)N |$;;;;;;;Y1;;;;;;;$,Sg:n:1:W:ht,Sg:n:1,2:F:ht|"
4755,4755,"CC1=C(C=C(C(=O)N1)N)N.CN(C)C(=O)N(C)C |$;;;;;X;;;E7;;;;;;;;;$,m:10:1.7.5.4.3.2|"
4756,4756,"C1=CN2C(=CC=C2Br)C(=O)N1.CC |$;;A7;;;;;;;;K3;;Y6$,m:11:4.3.2.6.5|"
4757,4757,C1[C@@H](C(=O)NC1=O)I |$A;Z;Q;;;;;$|
4758,4758,"CC(=O)NC(=C)C(=O)OC |$;;;;;;;;;$,Sg:n:0:N:ht|"
4759,4759,"C1C[C@H]2C(=O)NCC(=O)N2C1.COSOC.CN=C(N)NS(C)(=O)=O |$;;;;Z0;;B8;;;;T2;;;;;;;;;;;;;;$,m:11:0.1.2.9.10,m:16:3.5.6.7.9.2|"
4760,4760,"C=C1NC(C(=O)N1)C#C |$;;;;;;;;$,Sg:n:6:L:ht|"
4761,4761,"C1CNC(=O)C2=C1C=C(O2)N.CC |$;;;;;;;;;;;;V$,m:11:0.6.5.3.2.1|"
4762,4762,"CC1(CC(=O)NC2=C1C=CC=C2Cl)C.CC |$;;;;;;;;;;;;;;;R$,m:14:1.7.6.5.3.2|"
4763,4763,"C1CNC(=O)C2=C1C=C(S2)Br.CC(N)C(=O)O |$;;;;;;;;;;;;;;;;$,m:11:0.6.5.3.2.1|"
4764,4764,C1CC(=O)NC1 |$;;;J;;$|
4765,4765,"CC(C)CC1=CC(=CNC1=O)Br.CC(C)=[NH2+] |$E9;X;;;Y2;;;U4;;;;;;;;$,m:12:4.9.8.7.6.5|"
4766,4766,"C1CNC(=O)[C@H]2[C@@H]1O2.CONO |$U4;;B;;;;;;;;;$,m:8:7.6.5|"
4767,4767,"C1CCC2(C1)CC(=O)NC(=O)C2.CC |$;;;;Q;;;;;;;;;Z89$,m:12:0.1.2.3.4,Sg:n:6:I:ht|"
4768,4768,C(C1=C(C(=O)NC(=N1)N)O)O |$;;;;;;;B8;V;;$|
4769,4769,CCC(C)C(=O)NC(C)(CC)CCl |$;;B;W;;;;;;;;;$|
4770,4770,"C1CN(C1)C2=CC=CC(=O)N2.COC(=O)N(C)C.CC |$;;;;;V9;;;;T5;;;;;;;;;;R$,m:11:0.3.2.1,m:18:5.6.7.8.10.4|"
4771,4771,"C1CCC2(CC1)C(=O)NCCS2.CS(=O)(=O)N=CN |$;;;;;;;;;;;Q;;;;;;;$,m:12:6.8.9.10.11.3,Sg:n:10:G:ht|"
4772,4772,"CCC1C2(CCCCC2)CC(=O)N1 |$;;;;;;;;;;;;$,Sg:n:4:Z:ht|"
4773,4773,CC1=CNC(=O)C(=C1C(F)(F)F)C |$Q;;;;;;;;;;;;D$|
4774,4774,CC(C)C1=C(C=C(C(=O)N1)Cl)C#N |$Q;;;;;;;;;;;;E5$|
4775,4775,"C1=CC(=C2C(C(=O)NC2=C1F)O)Cl.CNNC(=O)OC |$;;;;L;;;;;;;;;;;;;;;$,m:13:0.9.8.3.2.1|"
4776,4776,"CC(C(C)(C1=CC=CC=C1)O)NC(=O)C.CC |$;;;;;;;;;;E;A3;;;;;R1$,m:15:4.9.8.7.6.5|"
4777,4777,CNC(=O)C1=CC=CC=C1N=O |$;J3;;;;;;;;;;$|
4778,4778,C1CCC2(C1)CNC(=O)CN2 |$;;;;;;;;;;A2$|
4779,4779,C1C(C2=C(C=CS2)NC1=O)C(=O)[O-] |$Z2;;;;;;G;W5;;;;;$|
4780,4780,CC(=O)N[C@@H]1[C@H]([C@@H](CC[NH2+]1)O)O |$;;;;;T;;;;;B;$|
4781,4781,CCC(/C(=N/O)/N)C(=O)NC |$;;D9;;;;;;;;$|
4782,4782,"CC1C(=O)N(C(C(=O)N1)C2CC2)CCF.CC |$;;;;;;;;;;;;;;;;R07$,m:15:1.8.6.5.4.2,Sg:n:12,13:l:ht|"
4783,4783,"CC1([C@@H](CCC(=O)N1)N)C.CC |$;;;;E;;;X6;;;;L$,m:10:1.7.5.4.3.2,Sg:n:1:r:ht|"
4784,4784,"C1CNC2=C(C(=CC=C2)Br)NC1=O.CC |$;;;;;;;;E;;;;;;R$,m:13:5.6.7.8.3.4|"
4785,4785,"C1[C@@H](NC1=O)CN.CC=N |$;;W8;;;;;;;$,m:7:0.3.2.1|"
4786,4786,CC(C)C1=CC=CC2=C1C(=O)NCC2 |$;;;;;T5;;;;;;;;$|
4787,4787,CCC1(CC(=O)CC2=C1C=CNC2=O)O |$;Z;;;;;;;;;;;M;Z4;$|
4788,4788,"C1CC2C(CC(=O)N2)NC1 |$;;;;;;;;;$,Sg:n:9:y:ht|"
4789,4789,"C1C[C@H]2C(=O)N[C@@H]3CC=CC(=C3N2C1)F.CC |$;;;;;X;;;;;;;;;;;R$,m:15:7.8.9.10.11.6|"
4790,4790,CNC(=O)C1CCCCC1OC |$;;;;T0;J;;;;W5;;$|
4791,4791,"CCC1=CC(=O)NC(=N1)CO.CO |$W;;;;;;;;L;;;;$,m:11:2.8.7.6.4.3|"
4792,4792,"CC1=CC(=C(NC1=O)C(F)F)C(=O)O.CC |$;;;;;;Q;;;;;;;;;R0$,m:14:1.6.5.4.3.2|"
4793,4793,"CCC(CC)C(C(=O)C)NC(=O)C |$;;;;;;;;;;;;$,Sg:n:11:Z:ht|"
4794,4794,"CC(CC=C)NC(=O)C(F)F |$;;;;;;;;;;Q3$,Sg:n:1:i:ht|"
4795,4795,"C1(C(=O)NC(=O)S1)SS.CNB(C)N(C)C |$;;;;;;;;;;;;;;;$,m:9:0.1.3.4.6,Sg:n:2:o:ht|"
4796,4796,C1=[NH+]C(=O)NC1=O |$;;K;;;;$|
4797,4797,"C1=C(N=C2C(=O)NC=NC2=N1)Cl.CC.CC |$;;;;;;;;;E2;;;;R3;;W8$,m:12:0.10.9.3.2.1,m:14:4.6.7.8.9.3|"
4798,4798,CC(C(=O)O)NC(=O)C |$;;;Q9;;;;;$|
4799,4799,"CC1(C(=O)NC(=O)N1)C#C |$;L;D3;;;;W;K;;$,Sg:n:7:B:ht|"
4800,4800,"CCC(C1CCCNC1=O)NC.CC |$U;;;;B2;;;;M4;;;;;R20$,m:12:3.8.7.6.5.4,Sg:n:8:h:ht|"
4801,4801,"C1C2=C(C(=O)N1)N=CC=C2.COOC(=O)OC |$;;;;;Z2;;;;G;;;;;;;$,m:10:6.7.8.9.1.2|"
4802,4802,CC(C)(C)C1=C(C(=O)NC1=O)OC |$;K7;G;;;;W1;;;;;;$|
4803,4803,"C1C2=CC=CC=C2NC(=O)C=N1.CC.CC |$;;;V;;;;;;;;D6;;R2;;T$,m:12:0.1.6.7.8.10.11,m:14:2.3.4.5.6.1|"
4804,4804,C1C(=O)NCN1[O-] |$;Z;;;;;$|
4805,4805,"CC1=C(C(=CC(=O)N1)CBr)C(F)F.CC |$;;;;;;;;A8;G;;;;;T$,m:13:1.7.5.4.3.2|"
4806,4806,"C1=NC(=C(C(=O)N1)Cl)F.CC(=S)NN=[N+]=[N-] |$;;;;;;;;;;;;;;;$,m:9:0.6.4.3.2.1|"
4807,4807,CC(=O)NC(CO)(CO)CO |$;;;;;;;;;B;X$|
4808,4808,"CC1=C(C(=O)NC(=N1)NN)Br.CNC(=S)N(C)N |$;;;E;;;;;;;Y3;;;;;;;$,m:11:1.7.6.5.3.2,Sg:n:8:r:ht|"
4809,4809,"C1=NC(=C(C(=O)N1)N)O.CC |$;;;;;;;;;;R46$,m:9:0.6.4.3.2.1|"
4810,4810,"CC1(CCNC(=O)C1N=[N+]=[N-])C.CC(C)=NN(C)N=C(C)C |$;;;;;;;;;;;;;;;;;;;;;$,m:12:1.7.5.4.3.2|"
4811,4811,"C1=CC2=C(C(=C1)S)N=CNC2=O.CC |$;;;;K;;;;;;;;;J2$,m:12:7.8.9.10.2.3|"
4812,4812,C1(=C(NC(=S)NC1=O)C(=O)N)[N+](=O)[O-] |$;;;;;;;;;;T1;;;$|
4813,4813,"CC(C)N1C(=S)NC(=O)C12CCCCC2.COC(C)=NN=C(C)C |$;;;;;;;;;;;;;;;;;;;;;;;$,m:15:3.4.6.7.9|"
4814,4814,"CC1CCNC(=O)C(C1)(C)C |$;;;;;;;;;;$,Sg:n:3:o:ht,Sg:n:0:c:ht|"
4815,4815,CCN1C2=C(CNC2=O)C(=N1)C |$;;;;;;;T;;;;$|
4816,4816,CC[C@@]1(C2=CC=CC=C2CC(=O)N1)C |$;;;;;;;;;;Y1;;;$|
4817,4817,"C1CNC2C(N1)C(=O)NC(=N2)N.CC.CC |$;;;K;;;;;B;;;;;G09;;R3$,m:12:0.5.4.3.2.1,m:14:6.8.9.10.3.4|"
4818,4818,"CC1C(NC(=O)C1(C)C#N)O.CC |$;;;;;;B0;;;;;;R2$,m:11:1.2.3.4.6|"
4819,4819,"CC1C(=O)NC2=C(C=CC(=C2O1)Cl)Cl.CN(N)S(C)(=O)=O |$;;;;;;;;;;;;;;;;;;;;$,m:14:1.11.10.5.4.2|"
4820,4820,"C/C=C\1/C=CC(=O)NC1=NC(C)C.CSN(C)C |$;;;;L;;;;;M7;;;;;;;;$,m:13:2.8.7.5.4.3|"
4821,4821,"C[C@H]([C@H]1[C@H](NC1=O)C#C)O.CN(S)C=O |$;;B;;;;;;;;;;;;$,m:10:2.5.4.3,Sg:n:0:E:ht|"
4822,4822,CC1=CC(=O)NC(=N1)SN |$;E;;;;;;;;$|
4823,4823,"C1C=CC2=C(C(=O)N1)NC=C2.CN=NC(=NC)N(C)C |$;;;;;;;K7;;;;;;;;;;;;$,m:11:0.1.2.3.4.5.7|"
4824,4824,CCC1C(C(=O)N1)SC(=O)C |$;;;;;;;E7;Y3;;$|
4825,4825,"C1C=CN=C2C1NCNC2=O.CC.CS(=O)(=O)NC(N)=O |$;;;;;;;;;;;;G;;;;;;;;$,m:11:0.5.4.3.2.1,m:13:6.7.8.9.4.5|"
4826,4826,"CC(=O)NC1=C(C=CC=C1F)F.CC |$T;A;;;;;;;;;;;;Q$,m:12:4.9.8.7.6.5|"
4827,4827,"CC(C)C1=CC(=O)NC2=CC=NN21.CO[N+]#[C-] |$;;;;;;;;;;;;;;;;$,m:13:3.12.8.7.5.4|"
4828,4828,C1CC2=C(C1)NC(=O)C=C2C(=O)O |$;;K5;;;;;;;;;;$|
4829,4829,"C1[C@H](NCC(=O)N1)N |$;;;;X1;;;$,Sg:n:4:L:ht|"
4830,4830,C/C(=C(\C(=NC)C)/NC(=O)C)/C=N |$;G9;;Q0;X;;;;;;L5;;$|
4831,4831,"CC1CC(=O)NCC(C1)(C)C |$;;;;;;V;;;;$,Sg:n:10:G:ht|"
4832,4832,C1CC2[C@@H](CC1NC2=O)O |$;;;K2;;;;;;$|
4833,4833,C1CNC(=O)C2=C(C1=O)C(=C(N2)Cl)Cl |$;;;V;;D2;;;;;;;;$|
4834,4834,"C1C2=CC=CC=C2C(=O)NC1=O.CC.CC |$;;;;;;;;;;;;;V;;R$,m:12:0.10.9.7.6.1,m:14:2.3.4.5.6.1|"
4835,4835,"CC1CC(=O)NC2C1C=CC=C2.CC=NC(C)=O |$;;;;;;;;;;;;;;;;;$,m:12:1.7.6.5.3.2|"
4836,4836,"C1C2NC(=C(C1(C(=O)N2)C#N)C#N)N.CNS(C)=O |$;;;;;;;;;;;;;;;;;;$,m:14:0.1.8.6.5,Sg:n:10:p:ht|"
4837,4837,"CCC1=C(NC(=O)NC1=O)C.CC |$;L3;;E;;;;;;;G;;Q51$,m:11:2.8.7.5.4.3|"
4838,4838,"CC(C)C1=NC(=CNC1=O)Br.CNC(=O)C(C)=O |$;;;A;;;;;;;;;;;;;;$,m:11:3.8.7.6.5.4|"
4839,4839,"CCC1C(=O)NC(=N1)CC.CC |$;;;;;;;;;;;M$,m:10:2.3.5.6.7|"
4840,4840,"CC1CCCNC1=O |$;;D;;;;;$,Sg:n:3:Q:ht|"
4841,4841,"COC1=C2C=CC(=C1)C(=O)NC2=O.CNNN=O.CNNSC.COC(=O)ON=C(C)C |$;Z;;W4;;;;Q7;;;A;Q5;;;;;;;;;;;;;;;;;;;;$,m:13:2.7.6.5.4.3,m:18:8.6.5.4.3.11.10,m:23:8.6.7.2.3.11.10|"
4842,4842,CC1=C(N=C(NC1=O)CN)O |$;;;;;A6;;U;;;$|
4843,4843,CC(C)NC(=O)C(=O)[O-] |$;;;E;;;;;$|
4844,4844,CNC(=O)C1=C(C=CC=C1Br)C(F)(F)F |$;;;;;;;G5;;;;;;;$|
4845,4845,"C[C@@H]1CO[C@@H](C(=O)N1)C.CN(C)N=O |$;;;K;;;;;T;;;;;$,m:9:1.7.5.4.3.2|"
4846,4846,C1C(=O)NC2=CC=CC3=C2N(C1=O)CN3 |$U8;;;;;;;;;;U;;;;$|
4847,4847,"C1CC2(CNC2)NC1=O.CC.CC |$;;;;;;;;;;Z4;;R7$,m:9:0.1.2.6.7,m:11:3.4.5.2|"
4848,4848,"CC1=C2C(=O)NCN2C=CO1.CNC(=S)NN(C)C.CC |$;;;;;;;;;;;;;;;;;;;;Z$,m:11:1.10.9.8.7.2,m:19:3.2.7.6.5|"
4849,4849,C1CNC(=O)C2=CC(=O)N=CC21 |$D4;;;;;Q3;;A6;;;;$|
4850,4850,"C1=CC2=CC(=C1)NC(=O)C=C2.CC.CSC(=S)NN(C)C |$;;;B6;;E;Z;;;;;;R;;;;;;;;$,m:11:0.5.4.3.2.1,m:13:6.4.3.2.10.9.7|"
4851,4851,"CC1=CC2=C(O1)C(=O)NCC2 |$D;;;;;;;;;;$,Sg:n:8:q:ht|"
4852,4852,"C1C2C1=C(C(=O)NC(=O)NC2)Br.CN=NC(=O)OC |$;;;;G;;;;;;;;;;;;;;$,m:12:3.4.6.7.9.10.1.2,Sg:n:4:N:ht|"
4853,4853,CC(C(=O)NC(C)C(=C)C)N |$A;;;;;;;;;V;$|
4854,4854,"C1C(=O)NC(=O)C(O1)C(=O)O.CC |$;;;;;X0;;;;;;;R1$,m:11:0.7.6.4.3.1|"
4855,4855,CC(C)(C1=CC(=O)NC(=N1)N)C(=O)O |$;;;;;L8;;;;M3;;;;$|
4856,4856,"C[C@H]1CC[C@H]2[C@@H]1C(=O)NC=C2C.CN=N |$;Q;;;;;;D;;;;;;;$,m:12:1.2.3.4.5,Sg:n:2:u:ht|"
4857,4857,"C[C@@]1(C(=O)NCC(=O)O1)C(C)(C)C.C=NC(C)=O |$;;;;;W;L9;;;;;;;;;;;$,m:13:1.8.6.5.4.2,Sg:n:11:G:ht|"
4858,4858,"C1=CC(=O)NC(=C1F)CO.CC |$;;;;;;;;;;;R82$,m:10:0.6.5.4.2.1|"
4859,4859,"C1=C(C(=O)NC=C1C(=O)O)I.CB=O |$D;;;;B;;;;;;;;;$,m:11:0.6.5.4.2.1|"
4860,4860,"CNC(=O)C1=C(C(=CC=C1)O)I.CC |$;;;V5;A5;B;;;;Z9;V5;;;R$,m:12:4.9.8.7.6.5|"
4861,4861,"C1C2=C(C(=CC=C2)P)C(=O)N1.CC |$;;;;;;;;;;;;R$,m:11:3.4.5.6.1.2|"
4862,4862,"CC(=O)NC1(CCC1)C(=O)CBr.CC |$;;;;;;;;;;;;;Z37$,m:12:4.7.6.5,Sg:n:9:K:ht|"
4863,4863,C1CC(=O)NC1C(=O)O |$;;;;;;E;;$|
4864,4864,"CCC1(CC(=O)NC1(C)C)C2CCC2.CSN(C)S |$;;;;;;;;;;;;;;;;;;$,m:14:11.12.13.10|"
4865,4865,"CC(CO)NC1=C(C(=O)NC=N1)N.CC |$;;;;;;;;;;;;;;L3$,m:13:5.11.10.9.7.6|"
4866,4866,"C1CNC(=O)C2=C1C(=CC=C2)N.CNB(C)O.CC |$;K;;;;;;;;;;B5;;;;;;;L1$,m:12:0.6.5.3.2.1,m:17:7.8.9.10.5.6|"
4867,4867,"CC1=C(C2(C1C(C(=O)N2)(C)C)C)C.CN=[N+]=[N-].CC=NNC(=NC)NC |$;;E;;;;;Z3;;;;M0;;;;;;;;;;;;;;$,m:13:1.4.3.2,m:17:5.4.3.8.6|"
4868,4868,"C=CCC1(CCNC1=O)C(=O)O |$;;;;;;;;;;;$,Sg:n:10:Q:ht|"
4869,4869,"CC(C)C(=O)NC1(COC1)CO |$;;;;;;;;;;;$,Sg:n:5:O:ht|"
4870,4870,"CC(C)C1C2=C(NC1=O)N=NC=C2 |$;;;;;;V9;;;;;;$,Sg:n:2:k:ht|"
4871,4871,"C1C2CNC1C2NC3=CC(=O)NC=N3.CSC(=O)N(C)C.CC=NNC(=S)N(C)C |$;U1;;;;;D9;;;;;;;;;;;;;;;;;;;;;;;$,m:14:2.1.0.4.3,m:21:2.1.5.4.3|"
4872,4872,"CCOC1(C(=O)NC(=O)N1C)C(=O)N |$;;;;B2;;;;W;;;;E2;$,Sg:n:9:G:ht|"
4873,4873,CCC(C)(C)NC(=O)CBr |$;V5;;Q3;;;;;;$|
4874,4874,C1=C(NC(=O)C(=C1C(F)F)N)Cl |$;;;K;G8;;;;;;E;$|
4875,4875,"CC1=CN=CN=C1C(=O)NC |$;;;;;;;;;;$,Sg:n:10:e:ht|"
4876,4876,C1CC(=O)NC1=O |$;X8;;;;;$|
4877,4877,"C1=CC2=C3C(=C1)C(=O)NC(=S)C3=CC=C2.CON(C)SC.CC.CC |$;;;;;;;;;;;;;;;;;;;;;;R;;X$,m:15:0.5.4.3.2.1,m:21:6.8.9.11.3.4,m:23:12.13.14.2.3.11|"
4878,4878,C1C(=O)OC(C(=O)N1)O |$Z1;;W;;;;;;$|
4879,4879,"CCCC1=C(C(=O)NC=N1)Cl.CC |$;;;V;;;;;;;;;Q12$,m:11:3.9.8.7.5.4|"
4880,4880,CC(CN1CC(=O)NCC1=O)OC |$;;;;W;;;;D4;;;T9;$|
4881,4881,"C1[C@]23C=C[C@@H](O2)[C@@H]([C@@H]3C(=O)N1)C(=O)O.CS(=O)(=O)N=CN |$;;;;;;;;;;;;;V4;;;;;;;$,m:14:0.1.7.8.10|"
4882,4882,"C1CC(NC1=O)(CC(=O)C(=O)O)C(=O)O |$;;;;;T;L2;;;;;;;;$,Sg:n:4:b:ht|"
4883,4883,"C1=CN=CNC1=O.CC |$;G;;;;;;;V54$,m:7:0.5.4.3.2.1|"
4884,4884,CC(=C)C(=O)NC(=O)[O-] |$;D;;;;;;;B9$|
4885,4885,"CC[C@@H]1CC(=O)NC[C@@H]1[N+](=O)[O-] |$;;;;;;;;;;;$,Sg:n:3:c:ht|"
4886,4886,C1C2=C(C(=CC(=C2)F)I)C(=O)N1 |$;;;J;;;;;;;;J3$|
4887,4887,"C[C@@]12[C@@H](CCNC1=O)C(OC2=O)(C)C.CN=CN=C(C)C.CC |$W7;;;;;;;;L;;;;;;;;;;;;;;V$,m:14:3.4.5.6.1.2,m:21:8.2.1.10.9|"
4888,4888,"CC(=O)NC1=C(C=CC=C1[O-])C(=O)O.CN=NC(=NC)NC |$;;;;;;;;;;;;;;;;;;;;;$,m:14:4.9.8.7.6.5|"
4889,4889,"CC1=CCOC2=C1C=CC(=O)N2 |$;;;;;;;;;;;$,Sg:n:10:m:ht|"
4890,4890,"C1CNCCC12CC=CC(=O)N2.C[NH3+] |$;;;;;;;;;;;;;$,m:12:0.5.4.3.2.1|"
4891,4891,"CS(=C1C(=O)NC(=O)NC1=O)C.CC |$;;;;;;;;;;;;;Z4$,m:12:2.9.8.6.5.3|"
4892,4892,"CCC1=C(C(=O)NC(=C1)C)CN |$G;;;;;;;;;;;$,Sg:n:2:Q:ht|"
4893,4893,"C1C2C=CSC2C3=C1C(=O)NC=N3.CN=CN(C)N.CC |$;T0;;;;;;M;;;;;;;;;;;;;R2$,m:13:0.1.5.6.7,m:19:2.1.5.4.3|"
4894,4894,CN1C2=C(C=C(C1=O)F)C(=O)NC=N2 |$;;;;;;;;;;E;Q;L;$|
4895,4895,"C1C=CC=C2C1C(C(=O)N2)O.CC(C)=C=O |$;;;;;;;T;;;;;;;;$,m:11:0.5.4.3.2.1|"
4896,4896,"CC(C)C(CC=C)NC(=O)C |$;;;;;;;;;;$,Sg:n:2:C:ht|"
4897,4897,C[C@@H](C(=O)O)N[13C](=O)[C@H](C)N |$;;;;W5;;;;;;$|
4898,4898,"CC1=C2CNC(=O)C2=CC=C1.CN=C=S.CN(N)N=O |$;;Q;;;Z;;;;;;;;;;;;;;$,m:11:1.10.9.8.7.2,m:15:3.2.7.5.4|"
4899,4899,"C1=C(C=C(C2=C1C(=O)NC2=O)I)N.CC |$;;;Y;;;J;;;;;K;J;;R$,m:13:0.5.4.3.2.1,Sg:n:5:H:ht|"
4900,4900,"CC(=O)N[C@@]1(C[C@H]1C=C)C(=O)C(C)(C)C.CNP(C)(=O)NC |$;;;;;;;;;;;;;;;;;;;;;$,m:15:4.5.6,Sg:n:12:Z:ht|"
4901,4901,"C1NC2C(N1)NC(NC2=O)N.CC(=O)N(C)N |$;;;;;W3;;;;G;Y;;;;;;$,m:11:5.6.7.8.2.3|"
4902,4902,"C[C@@]12CC=CC[C@H]1C(=O)N2.CC |$;;;;;Y;;E;;;;R0$,m:10:2.3.4.5.6.1|"
4903,4903,C1C(SCC(=O)N1)CN |$;;;;;;;;K$|
4904,4904,COC(=O)C(=CC(C)C)NC(C)=O |$U;;;;;;;;;;;;$|
4905,4905,"CC(=C)CC(C(=O)O)(C(=O)O)NC(=O)C |$;;;;;D4;;;;;;;;;Z$,Sg:n:4:N:ht|"
4906,4906,CC#CC(C)(C(SC)Cl)NC(=O)C |$X;;;;;;;;;;;;$|
4907,4907,"CC(=O)NC1CCCCC1C(=O)O |$;B1;;;;;;;;Q5;;;$,Sg:n:3:T:ht|"
4908,4908,"CNC(=O)C1=C(C=CC=C1Br)F.COC(=N)N(C)C |$;;;;;;;;;;;;;;;;;;$,m:12:4.9.8.7.6.5|"
4909,4909,"C1C(=O)NCS1(=O)=O.CS(C)(=N)=N |$;;;;;;;;;;;;$,m:8:0.1.3.4.5|"
4910,4910,"CC1C=CC(=C2C1NC(=O)C=C2)N.CC |$;;;;;;;;;;;;;;R$,m:13:1.6.5.4.3.2|"
4911,4911,[C@@H]1([C@@H](NC(=O)NC1=O)C(=O)O)[N+](=O)[O-] |$;;V7;;;;;;;;;;;$|
4912,4912,"C1C(=O)NC12C3C=CC=CC2C=C3.CC.CC |$A8;Z1;;A;;;;;;;;A;;;V;;R63$,m:13:0.4.3.1,m:15:6.5.4.10.9.8.7|"
4913,4913,"C[C@@H]1C[C@H](C(=O)NC1)CN.CN=CNC |$;;;;;;;;B;;;;;;$,m:10:1.7.6.4.3.2,Sg:n:1:N:ht|"
4914,4914,CC1(C(=O)N(CC(=O)N1)C2CC2)C |$;;;;;;;V6;D;;;;$|
4915,4915,"CCC1(C2=C(C(=CC=C2)F)NC1=O)C.COC(=O)N=[N+]=[N-].C[NH+](C)[O-] |$;;;;;;;;;;;;;;;;;;;;;;;;$,m:14:2.3.4.10.11,m:21:5.6.7.8.3.4|"
4916,4916,"C1=CNC(=O)C(=C1)C(=O)I.C[Bi] |$;;M3;;;;;;Q;;;$,m:10:0.6.5.3.2.1|"
4917,4917,"CNC(=O)C1=CN=CC=C1.CN(C)NS(C)(=O)=O |$;;;;;K;;;;;;;;;;;;$,m:10:4.9.8.7.6.5|"
4918,4918,"CC1C[C@H]2[C@@H]1NC(=O)NC2=O.CN=C(O)OC |$;;;;;;;;;;;;;;;;$,m:11:5.6.8.9.3.4|"
4919,4919,"C1C(=O)N/C(=N\N)/NN1.CC |$;;;;;;;;;;E$,m:9:0.8.7.4.3.1|"
4920,4920,"C1=C(C(=O)NC(=C1Cl)F)Cl.CC(=O)C(=O)N(C)C |$;;;;;;;;;;;;;;;;;$,m:10:0.6.5.4.2.1|"
4921,4921,"CC1=NC2=C(C(=O)N1)[N+]#CN2.CC(=S)N(C)N=[N+]=[N-] |$;E;;;;;;;;;;;;;;;;;$,m:11:8.4.3.10.9|"
4922,4922,"CC1=C(C=CC(=O)N1)CCl.CC |$G4;;;;;;;;;;;R$,m:10:1.7.5.4.3.2|"
4923,4923,"C1=C2C(=C(C(=C1Cl)I)F)N=CNC2=O.CS(=O)(=O)[O-].CN=CC(C)=NC |$;;;;;X;;;;;;;;;;;;;;;;;;;;$,m:14:0.5.4.3.2.1,m:19:9.10.11.12.1.2|"
4924,4924,"CC1CSC(C(=O)N1)S.CC |$;;;;;;;;;;J$,m:9:1.7.5.4.3.2|"
4925,4925,"C1C=C(NC1=O)C=O.CC |$;;;;;;V5;;;R71$,m:8:0.1.2.3.4|"
4926,4926,"CCN(C1CNC1)C2=C(C(=O)NC=N2)OC.CC.CC=NNC(=NC)SC |$;;;;;;;;;;;;;;;;;Y;;;;;;;;;$,m:16:4.5.6.3,m:18:8.9.11.12.13.7|"
4927,4927,"C1=C(C(=C(NC1=O)CCl)C(F)F)F |$;;;;;;;;;;;;$,Sg:n:1:j:ht|"
4928,4928,"CC1(CC(=O)NC1=O)C2=CSC=C2.CC.COC(C)=S |$;;;;;;;;;;;;;;L;;;;;$,m:13:2.1.6.5.3,m:15:9.8.12.11.10|"
4929,4929,"C[C@@]1(C2=C(C=CC(=C2NC1=O)Cl)Cl)N.CC |$;;;;;;;L;;;;;;;;R2$,m:14:1.2.7.8.9|"
4930,4930,"COC12CCCC(C1)CC(=O)N2.CNP(C)OC |$;;;;;;;;;;L8;;;;;;;$,m:12:3.4.5.6.7.2,Sg:n:3:n:ht|"
4931,4931,"C1C(NC(NC1=O)C2=CC=CO2)N.CONS(C)(=O)=O |$;;;;K;;;;;;;;;;;;;;;$,m:13:0.5.4.3.2.1,Sg:n:10:r:ht|"
4932,4932,C=NC1=C(NC(=O)NC1=O)[O-] |$;;;;;U6;;;;;$|
4933,4933,"C1CNC(=O)C(N1)C2=CSC=C2.CC |$;;;;;;;;;;;;;E30$,m:12:0.6.5.3.2.1,Sg:n:9:C:ht|"
4934,4934,C1=C(NC(=O)C(=C1C(F)F)CBr)F |$;;;;;;;;;;T2;;$|
4935,4935,"CC1(CC2=C(C=CC=C2NC1=O)N)C.CONN |$;;;;;;;;;;J;;;Z;;;;$,m:14:4.5.6.7.8.3|"
4936,4936,"CCCNC(=O)C |$;;;T;;;$,Sg:n:1,2:w:ht|"
4937,4937,"C1=CNC2=CC(=O)NC(=C21)O.CN=C(SC)SNC |$K9;;;;;;;;;;;;;;;;;;$,m:11:4.5.7.8.9.3|"
4938,4938,"C1CNC(=O)[C@@H]1N.CC |$;;;;X;;;;J$,m:7:0.1.2.3.5,Sg:n:0:c:ht|"
4939,4939,"C[C@@H]1C2CC(C2(C)C)CC(=O)N1 |$;;;;;;;;E4;;;$,Sg:n:1:h:ht|"
4940,4940,"CC1=C(C(=NO1)C)NC(=O)C.CC(=O)C(=O)N=C(C)C |$;G0;;;;;Y9;;;;;;;;;;;;;$,m:11:1.2.3.4.5|"
4941,4941,"C12=C(NC(=O)NC1=O)ON=N2.CC |$;;W;;;;;;;;;;J6$,m:11:2.3.5.6.0.1|"
4942,4942,"CCNC(=O)C1(CC1)C.CC(C)=S |$;L5;;;;;;;;;;;$,m:9:5.6.7|"
4943,4943,CC(NC(=O)C)S(=O)(=O)C=C |$;K5;;;;V;;;;;$|
4944,4944,"CCCC1(CCCNC1=O)CCC.CC |$;;;;;;;;;K;;;;;R$,m:13:3.8.7.6.5.4,Sg:n:9:E:ht,Sg:n:1,2:y:ht|"
4945,4945,"CCC1=NC=C(C(=O)N1)N.CC |$;;;;;;;D1;;;;R$,m:10:2.8.6.5.4.3|"
4946,4946,"CNC(=O)[C@@H]1CCCN1.CC |$;;;;;;;;;;R93$,m:9:4.5.6.7.8|"
4947,4947,"C1[C@H](NC1=O)CCl.COC(=O)C=N |$;;;D;;;;;;;;;$,m:7:0.3.2.1|"
4948,4948,"C(C1=NC(=O)C(C(=O)N1)Cl)O.CC |$;;;;;;;;V8;;;;R5$,m:11:1.8.6.5.3.2|"
4949,4949,"CC(=O)CC1=C(C=CNC1=O)O.CC |$;;;;;;;;;;;;;R92$,m:12:4.9.8.7.6.5|"
4950,4950,C1=C(NC(=O)NC1=O)C(=O)O |$;;;;L;;;;;;$|
4951,4951,"CC(=O)C1=C(NC(=O)C2=CC=CC=C21)N.CNC(=S)N=[N+]=[N-].C[Sn] |$;;;;;;J0;;;;;;;;V;;;;;;;;;$,m:15:3.13.8.6.5.4,m:22:9.10.11.12.13.8|"
4952,4952,"CC1=C(C(=O)C(=CN1)O)C(=O)NC.COC(=O)C=N |$;;;Z;;;;;;;;;;;;;;;$,m:13:1.7.6.5.3.2|"
4953,4953,"C1CCC2(CC1)C[C@@H](C(=O)N2)O.CNN=CN |$;;;;;Y0;;;;;;;;;;;$,m:12:0.5.4.3.2.1|"
4954,4954,"C1CNC(=O)C2=C1C=CN=C2P.CN=C(NOC)OC |$;;;;;;;;U;;;;;;;;;;;$,m:12:7.8.9.10.5.6|"
4955,4955,"CCC1(CC(NC1=O)(C)C)CC |$;W8;;;;;X9;;;;Y;$,Sg:n:9:D:ht|"
4956,4956,"C1CN2C[C@@H](C[C@H]2C(=O)N1)O.CC.COON(C)C |$;;;Y;;;;;;;;;Y6;;;;;;$,m:11:0.9.7.6.2.1,m:13:3.2.6.5.4|"
4957,4957,"CC(C)C1(C2=C(C=NC=C2)NC1=O)C.CC |$;;;;;;;;;;;;;;;R7$,m:14:6.7.8.9.4.5,Sg:n:7:A:ht|"
4958,4958,C1=NC2C(N1)C(=O)NC(=N2)Cl |$;;;;J;;;;;;$|
4959,4959,"C1CNC(=O)C2=C(C1O)C=CC=C2F.CS(=O)(=O)NC(=O)O |$L;;;;;;;;;;;;;;;;;;;;;$,m:14:0.1.2.3.5.6.7|"
4960,4960,"CC(=O)NC1=C(CCCC1)N=[N+]=[N-].CC(=O)NO |$;;;;;D3;;;;;;;;;;;;$,m:13:4.9.8.7.6.5,Sg:n:6:a:ht|"
4961,4961,C1=C(C(=O)NC(=C1C(F)F)Br)Br |$;W4;;;;;;;;;;$|
4962,4962,"CC(C)[C@@]1(CC1C=C)C(=O)NC.CC |$Y;;;V;;;;A9;;;;;;R$,m:12:3.4.5,Sg:n:4:f:ht|"
4963,4963,"CC(C)(C)C1=N[C@@H](CC(=O)N1)[AlH2].CC |$;;;;;;U5;;;;;;;E$,m:12:4.10.8.7.6.5|"
4964,4964,"C1CNC(=O)C12CCOC2.CP=C(C)C.CC |$;;;;;;;;;;;;;;;;K$,m:10:0.1.2.3.5,m:15:6.5.9.8.7|"
4965,4965,"C[C@H]1[C@H]2C[C@@H]([C@@H]1NC(=O)C)C=C2.CC=[S+]C |$;;;;;;;;;;;;;;;$,m:12:1.2.3.4.5|"
4966,4966,"C1=CNC(=O)C2=C1NC=C2Br.CS(=O)(=O)ON |$;;;;;;;B7;;;;;;;;;$,m:11:7.6.5.9.8|"
4967,4967,CC1C(=O)NCC(C(=O)N1C)(C)C |$;;;;;G5;;;;;;;$|
4968,4968,"C1(C(=O)NC(=O)NC1=O)N.CC |$;;;;;;;;;;;J$,m:10:0.7.6.4.3.1|"
4969,4969,[C@@H]1(C(=C(C(=O)N1)O)O)O |$;;;;;E;;;$|
4970,4970,"C1C2=C(C(=O)NC=C2Br)NC1=O.CC(=N)NC=O |$;;;;;;;;;;;;;;;;;$,m:12:3.5.6.7.1.2|"
4971,4971,C1=NC(=C(C(=O)N1)I)CC#N |$;;;A;;D9;;;;;$|
4972,4972,CC(CN1CC(=O)NC1=O)S |$;;;;U;B;;;;;$|
4973,4973,"CN1C(NC(=O)C2=NC=CN=C21)O.CNC(C)=NN.COS(=O)O |$X;Z;;;;;;;;;;T;;;;;;;;;;;;$,m:13:1.11.6.4.3.2,m:19:7.8.9.10.11.6|"
4974,4974,CC(=O)N[C@@H](CO)[C@@H](C=C)O |$;;;;;;;;;Z;K5$|
4975,4975,CC(C)(C)SC1=C(C(=O)NC=N1)Cl |$;;;;;E;;;Q9;;;;$|
4976,4976,"C1CNC(=O)C2=C1C=CC=C2P.CC |$;;;;;;A2;X;;;;;;G35$,m:12:7.8.9.10.5.6|"
4977,4977,"C1(=C(NC(=O)NC1=O)O)N=O.COP(C)(=S)OC |$;D3;;;;;;Y5;;;;;;;;;;$,m:11:0.6.5.3.2.1|"
4978,4978,"C1C[C@@H]2C[C@@]3([C@@H]2C1)CC(=O)NC3.CSP(C)(=S)SC.CNS(=O)(=O)N=C(C)C |$;T1;;;;K6;;;;;;;;;;;;;;;;;;;;;;$,m:12:0.1.2.5.6,m:19:7.4.11.10.8,Sg:n:7:b:ht|"
4979,4979,CCC1=C(C(=O)NC=N1)CNC |$;X;;;;;;;;;;$|
4980,4980,CC(=O)NC1=C(N=CC=C1)NC(=O)C |$;;;;;;;;;;;;;A0$|
4981,4981,CCC(=O)NC(=S)N |$Y3;;;;;;;$|
4982,4982,"CC(=O)NC1=NC=CN1C.CNS(C)=S |$V2;;;;;;;;;;;;;;$,m:10:4.5.6.7.8|"
4983,4983,"CC1=C(C2=C(C=C1)C(=O)NC=N2)C.CC(=N)N(C)N=C(C)C |$;;;Q6;;;;;;;;;;;;;;;;;;$,m:13:1.6.5.4.3.2|"
4984,4984,"CNC(=O)C1=CC=CC=C1C#N.CN(C)C(=O)N(C)S |$;;;;;;;;;;;;;;;;;;;$,m:12:4.9.8.7.6.5|"
4985,4985,"CC(C(=O)C1C(=O)NCC1(C)C)Br.CC |$;K5;;;;;;B5;;;;;;;R27$,m:13:4.5.7.8.9|"
4986,4986,C[C@@H]1CCC[C@H](C1)NC(=O)C |$;;;T2;;;;;;B4;$|
4987,4987,"O=C1NC2C(Br)CC1C2Br.CC=NN(C)C(C)=O |$;;;;;;;;;;;;;;;;;$,m:10:1.2.3.8.7|"
4988,4988,"CC(C(=O)NC1(CCCC1)C(=O)O)Br.CC |$;;;;;;;;;;;;;;;K4$,m:14:5.6.7.8.9|"
4989,4989,"C1=CN(C(=O)NC1=O)C(=O)[O-].CC |$;;;;;;;;;;;;R$,m:11:0.6.5.3.2.1|"
4990,4990,CC(C(=O)NC)NC(=O)C(=C)C |$;;;;;;;;A7;;;$|
4991,4991,C1C=CC=CC2=C1C(=O)NC=N2 |$;;;;;;;;Y;Q;J;$|
4992,4992,C1C(=O)NCS1 |$;;;;T6;$|
4993,4993,"CC1C2=C(C=C(C=C2)Cl)C(=O)N1.CC.CC |$;;;;;;;;;;;;;R;;M$,m:12:1.2.3.9.11,m:14:4.5.6.7.2.3|"
4994,4994,"C1=C(C2=NC=NC=C2C(=O)N1)C=O.CN=C(NOC)SC |$;;;;;;;;;;;;B1;;;;;;;;$,m:13:3.4.5.6.7.2|"
4995,4995,"C1=C(C2=C(S1)N=CNC2=O)O.COOC(=O)OC |$;;;;;;;;;;;;;;;;;$,m:11:0.1.2.3.4|"
4996,4996,"CC1(C(=O)NC(=O)N1N)C |$;;;T;A;;;;;$,Sg:n:6:L:ht|"
4997,4997,C1C(=O)NC(=O)N1CC(=O)Cl |$;;;;;;;M;;;$|
4998,4998,"C1C2=C(NC1=O)OC=C2.CSC(=O)O |$;;;T1;;;V;;;;;;;$,m:9:0.1.2.3.4|"
4999,4999,"CC1(C(=O)NC(=N1)SC)C2=CC=CC=C2.CC |$;;;;;;;;;;;;;B;;;G29$,m:15:10.11.12.13.14.9,Sg:n:8:B:ht|"
5000,5000,"C1C[C@H](C(=O)NC1)N=[N+]=[N-].CC |$;;;;;;;;;;;E$,m:10:0.6.5.3.2.1,Sg:n:1:F:ht|"
5001,5001,CC(C)N1CCCNC(=O)C1CN |$;B;;;;;V;;;;;;K8$|
5002,5002,"C1=CSC2=C1N=C(NC2=O)[S-].CC(=O)OC(C)=S.COC(=O)ON |$;;;;;;;;Z;;;;;;;;;;;;;;;$,m:11:0.1.2.3.4,m:18:5.6.7.8.3.4|"
5003,5003,"C1=CC2=C(C=[C-]1)C(=O)NC=N2.CC |$;;;;;;;;;;;;R$,m:11:6.8.9.10.2.3|"
5004,5004,"C1C2=C(C(=O)N1)SC(=N2)N.CC=[N+](C)[O-] |$;;;;T3;;;;K4;;;;;;$,m:10:0.1.2.3.5|"
5005,5005,"C1CCC(C1)(CO)NC(=O)C(F)F |$;;;;;;;;;;;;$,Sg:n:10:u:ht,Sg:n:7:Y:ht|"
5006,5006,"C1CC(=O)NC1=O.CC |$;;;;;;;;R8$,m:7:0.1.2.4.5|"
5007,5007,"CC1(CCCNC1=O)N.CC |$;;;;;;;;;;R$,m:9:1.6.5.4.3.2|"
5008,5008,CCNC(=O)C(=C)S |$;;Y;;;;;$|
5009,5009,CC(=O)NC1=CN=CN=C1C(=O)O |$;G;;;;;;;;;;;$|
5010,5010,CC(C)C(C(=O)NC)C(=NO)OC |$;W3;;;;;;;;;;;$|
5011,5011,"C12=C(NN=C1N=C(NC2=O)N)N.CN(C)N(C)C(=O)O.CC(S)C(=O)N(C)C |$;;;V2;;;;;;;;;;;;;;;;;;;;;;;;$,m:12:1.0.4.3.2,m:20:5.6.7.8.0.4|"
5012,5012,"C1=C(C(=C(C(=O)N1)C(F)(F)F)C(F)F)N.CS(=O)(=O)C(=O)O |$;;;;;;;;;D0;;;;;;;;;;;;$,m:15:0.6.4.3.2.1|"
5013,5013,"C/C=C/1\C(=C)CC(C(=O)N1)C.CC |$;;J;;;;;;;;;;R$,m:11:2.9.7.6.5.3|"
5014,5014,"CC1=C(C2=C(N=CNC2=O)N=C1C)C.CN(C)P(=O)(N(C)C)N(C)C |$;;;;Q;;;;;;;;;E3;;;;;;;;;;;$,m:14:1.11.10.4.3.2|"
5015,5015,CCC1=CNC(=O)C2=CC=CN21 |$;;;;;;X;;;M7;;$|
5016,5016,CNC(=O)C1=C(CCC=C1)Cl |$;;;X9;L;;;;;Y4;$|
5017,5017,"C1=CC=C2C(=C1)NC(=O)C=C(S2)O.CC(=O)C(=O)N(C)C |$;;;;;;;;;;;;;;;;;;;;$,m:13:0.5.4.3.2.1|"
5018,5018,CCC1=C(C=C(C=C1)C)NC(=O)C |$;;;J;;;;;;;;;T3$|
5019,5019,"C1=NC2=C(N1)C(=O)NC(=N2)N.CC |$;;;;;;;;;;;;R$,m:11:0.1.2.3.4|"
5020,5020,"CN1C=NC2=C1C=C(NC2=O)N.CC(C)=NN(C)C=O |$;;;;;;;D8;;;;M0;;;;;;;;$,m:12:1.2.3.4.5|"
5021,5021,C1C[C@@H]2NC(=O)CCN2C1 |$;;;;;K9;;;;$|
5022,5022,"C1=CN=C(C(=O)N1)NC=O.CC |$;;;G;;;;;;;;W$,m:10:0.6.4.3.2.1|"
5023,5023,"CCC1C2=CC=CC=C2NC(=O)CO1.CC(=N)N(C)N.CC |$;;;;;;;;;;;;;;;;;;;;;R$,m:14:2.3.8.9.10.12.13,m:20:4.5.6.7.8.3|"
5024,5024,"C1=CN2C(=O)C(=O)NC2=N1.C=NOC(C)=O |$;;;B8;Z9;;L9;;;E6;;;;;;$,m:10:0.1.2.8.9|"
5025,5025,"C1(=C(C(=O)NC1=O)O)C(=O)N |$;;M9;;;;;;;;$,Sg:n:9:Q:ht|"
5026,5026,"CC(C1CC1)C(=O)N2CCNC(=O)C2.CC |$;;;;;;;;;;M8;;;;;W7$,m:14:3.2.4|"
5027,5027,CC1=CC(=C(C(=O)N1)CN)S(=O)(=O)C |$;;;;T;T;;;;;G6;;;$|
5028,5028,"C1CCC(=O)NCC1.CC |$;;;;;;;;;L$,m:8:0.1.2.3.5.6.7,Sg:n:1:m:ht|"
5029,5029,CC1(NC(=O)CN1C(=O)O)C |$;;B8;;;;;;;;$|
5030,5030,CC1(CC2(CC1C(=O)NC2)C)C |$;;;;;;T5;;;;;$|
5031,5031,"C[C@@H]1CC(=O)N[C@H]2CC[C@@H]1C2.CC=NN(C)C(=S)N(C)C |$;E8;;;;Z;;;;;L2;;;;;;;;;;$,m:11:1.2.3.5.6.10.9|"
5032,5032,CC(C)OC1=CC(=O)NC=C1Br |$;;;;;;;;;;;Y1$|
5033,5033,C1CC(=O)NC1=O |$;;;;;T;$|
5034,5034,"COC(C#N)C(=O)NC(=O)N |$;;;;;X4;;;;;$,Sg:n:4:H:ht|"
5035,5035,"CC1C2CCC(C2(C)C)NC1=O.CN=C=N.CNC(C)O |$;;;;;;;;;;;;;;;;;;;;$,m:12:1.10.9.5.6.2,m:16:3.2.6.5.4|"
5036,5036,CC1=C(C=C(C(=O)N1)N)Cl |$;Q;;;;;M;;;Y$|
5037,5037,"C1CNC(=O)[C@H]([C@H]1O)O.CC |$;;;;;;G2;;;;Y$,m:9:0.6.5.3.2.1|"
5038,5038,"C[C@@H](CN1CCNCC1C(=O)NC)O.CC |$J5;;;;;;;D;;;;;;G9;;R22$,m:14:3.8.7.6.5.4|"
5039,5039,"CCC1C(=O)NCCN1C(=NO)N.CN=C(N)OC |$;;;;;;;;;;;;;;;;;;$,m:13:2.8.7.6.5.3|"
5040,5040,"C[C@@]1(C(=O)NC(=O)N1)CS(=O)(=O)O |$K1;;;;;;;;;;;;$,Sg:n:6:r:ht|"
5041,5041,"CC1(CCNC(=O)CN1)C.CC |$;;;;;;;D;;;;G$,m:10:1.2.3.4.5.7.8,Sg:n:3:o:ht|"
5042,5042,"C1CS(=O)(=O)C[C@H]2N1C(=O)CNC2=O.CC(N)=NS(C)(=O)=O |$;;;;;;;;;;;W4;;;;;;;;;;$,m:14:0.7.6.5.2.1,Sg:n:4:p:ht,Sg:n:0:B:ht|"
5043,5043,"C1=CNC(=O)C2=NC(=N)N=C21.CF.C[N+](C)(C)C |$;;;;;;;;;;;;;;;;;$,m:11:0.10.5.3.2.1,m:13:6.5.10.9.7|"
5044,5044,C[C@]1(C2=C(C=CC=C2Br)NC1=O)O |$;;;;;;;;;Q5;;;$|
5045,5045,CC(=O)NC1CC=CC=C1C#N |$;;;;;W7;;;;U;;$|
5046,5046,"C1CNCCC12CC(CNC2=O)O.CC |$J9;;;;;;;;;;;;W;;W$,m:13:0.5.4.3.2.1,Sg:n:0:I:ht|"
5047,5047,CC(C)C(C)(C)NC(=O)C |$;;;;;;;;;W9$|
5048,5048,"CC1=C(C(=CC=C1)C)NC(=O)C.CON=C(C)OC |$;;;;;;;Y;;;;;;;;;;;$,m:12:1.6.5.4.3.2|"
5049,5049,"C1CNCC1C2CCNC2=O.CC.CC |$;;;;L;;;;;;;;R;;R$,m:11:0.1.2.3.4,m:13:6.5.9.8.7|"
5050,5050,"C=C[C@H](C1=CC(=CNC1=O)Br)N.CC |$;;B3;;;;;;;;;;;V2$,m:12:3.8.7.6.5.4|"
5051,5051,CC1=CC=C(NC1=O)C(C)C |$;;;;A8;;;;;;$|
5052,5052,"C1C[C@](C(=O)NC1)(CCO)C(=O)O.CNN(C)S(C)(=O)=O |$;;Q9;;;;;;;;;;;;;;;;;;$,m:13:0.6.5.3.2.1,Sg:n:11:S:ht|"
5053,5053,"CCC1CC(=O)NC(=O)N1.CC |$T;;;;;;;;;;;R$,m:10:2.9.7.6.4.3,Sg:n:5:O:ht|"
5054,5054,CCC(=O)NC1(CCOC1)C#N |$;;;;;;;M5;;T;;$|
5055,5055,"CC1C(=C(C(=O)N1)C(=O)C)O.CC(=O)N(C)C(C)=O |$;;;;;T2;A8;;;;;;;;;;;;$,m:11:1.2.3.4.6|"
5056,5056,"C1CC2CC2C3(C1)C(=O)NC(=O)N3.CC.CN=C(NO)OC.CC |$;;;;X5;;;;;;;;;;R;;;;;;;;;E$,m:13:0.6.5.4.2.1,m:15:3.2.4,m:22:7.5.12.10.9|"
5057,5057,"CNC1=C(CCNC1=O)C#C.CS(=O)N=[N+]=[N-] |$;;;;;;;;;;;;;;;;$,m:11:2.7.6.5.4.3|"
5058,5058,"C1CC(=O)C(=O)C(=O)C(=O)NC1.CC |$;;;L;;;;;;;;;;R$,m:12:0.11.10.8.6.4.2.1,Sg:n:3:w:ht|"
5059,5059,"C1C(NC1=O)S(=O)(=O)N.CC |$;;;;;;;;;;R$,m:9:0.3.2.1,Sg:n:6:Y:ht|"
5060,5060,"CCC(CN)NC(=O)CC |$;;;;;;;;;D7$,Sg:n:9:f:ht|"
5061,5061,"CO[C@H]1CCCCNC1=O.CC |$;;;;;;;G;;;;Z$,m:10:2.3.4.5.6.7.8|"
5062,5062,"C1CNCC2C3C1(C3)C(=O)N2.CC.CC |$;;;Q1;;;;;Q;;;;R87;;T$,m:11:0.1.2.3.4.5.6,m:13:7.6.5|"
5063,5063,"CC1(C(=O)NC(=S)N1)C.CC |$;;X;;;;;;;;R$,m:9:1.2.4.5.7,Sg:n:3:z:ht|"
5064,5064,"CC1C(=O)NC(=S)N=[NH+]1.COC(O)(O)O |$;;;;;;;;;;;;;;$,m:9:1.8.7.5.4.2|"
5065,5065,"CC(=O)N[C@@H]1CC[NH2+]C1 |$;;;;;W;;;B$,Sg:n:7:f:ht,Sg:n:4:t:ht|"
5066,5066,CNC(=O)C1(CCCC1)NC |$;;;;;;;;;Y1;$|
5067,5067,CCC(=C)C(=O)NC(C)(C)C |$;;E;;;;;;;;$|
5068,5068,"CC1CCCC(=O)N1.CNNC=O |$;;;;;;;;;;;;$,m:8:1.7.5.4.3.2,Sg:n:0:j:ht,Sg:n:3:u:ht|"
5069,5069,"C1=CC(=O)NC1O.C[N+](=N)[O-] |$;;;;;;;;;;$,m:7:0.1.2.4.5|"
5070,5070,C1=[NH+]C2=C(N1)C(=O)NC(=N2)N |$;;;;;V;;;;;$|
5071,5071,COC1=CC(=C(C(=O)N1)O)C(F)F |$;;;T;Q6;V;J;;K5;;;;$|
5072,5072,"CNC(=O)C1(CCCCC1)C(=S)N.CN=[N+](C)[O-] |$;;;U;;V;;;X;;;;;;;;;$,m:13:4.9.8.7.6.5|"
5073,5073,"C1=CC=C2C(=C1)C(=O)NC2=O.CN=CN=NC |$;E;;;;;;;;;;;;;;;$,m:11:6.4.3.9.8|"
5074,5074,"CC1C2=CN(N=C2C(=O)N1)C.CC.CC |$;;;;;;;;;;;;U;;L$,m:11:1.2.6.7.9,m:13:3.2.6.5.4|"
5075,5075,CC(=O)C1=CC(=CNC1=O)Cl |$U;;;;;;;;;;$|
5076,5076,"C1C2=CC=CC=C2NC1=O.CN(N)C(=S)S |$;;;;;;;;;;;;;;;$,m:10:2.3.4.5.6.1|"
5077,5077,"C1CCNC(=O)C1 |$;;;K3;;;$,Sg:n:5:j:ht|"
5078,5078,"CN1C2=CC(=O)NC=C2C(=O)N1.CC.CC=NC(C)=NOC |$;;;;;;;;;;;;;L;;;;;;;;$,m:12:1.2.8.9.11,m:14:3.4.6.7.8.2|"
5079,5079,"C1C[C@@H]2[C@@H](C1)C(=O)NC2=O.CN(C)S(N)=O |$;;;;;;V0;;;;;;;;;$,m:10:0.1.2.3.4|"
5080,5080,CC1C(=O)NC2=C(N1C(C)C)C(=CC=C2)Br |$;;;;D9;;;;;;;;;;;$|
5081,5081,"CC(=O)NC1(CCSCC1)C(=O)O.COC(=O)ON(C)C |$;;;;;W;;;;;V1;;;;;;;;;;$,m:13:4.9.8.7.6.5,Sg:n:5:L:ht,Sg:n:1:p:ht|"
5082,5082,"CC(=O)N[C@H](C(=O)OC)I |$;;;;E3;;;W;;$,Sg:n:5:W:ht|"
5083,5083,CC(NC(=O)C=C)(N=[N+]=[N-])O |$;;Z;;;;;;;;$|
5084,5084,"CC1CCCC(C1)(C(=O)O)NC(=O)C.CC |$;A;;;Q9;;;;;;;;;;;L97$,m:14:1.6.5.4.3.2|"
5085,5085,"CC(C)[C@H]1CNCC(=O)N1 |$;;;V;;;;;;$,Sg:n:2:E:ht|"
5086,5086,CC1=CNC(=O)C(=C1C(=O)O)C |$;;;;;;;;;;G;$|
5087,5087,"CN1C=C(C(=O)NC1=O)F.CC |$;;;;;Q5;;;Z;M;;R$,m:10:1.7.6.4.3.2|"
5088,5088,"CC(=O)N[C@H]1CCCCC1[I-]C.CC |$T;G;;;;;;B;;;;;;X8$,m:12:4.9.8.7.6.5,Sg:n:6:h:ht,Sg:n:10:s:ht|"
5089,5089,"C1CC[C@@]2(CCNC2=O)C(=O)C1.CC |$;;;;K0;;;;;;;;;R$,m:12:0.11.9.3.2.1|"
5090,5090,"CC(C)C1CC(=O)C(C(=O)N1)(C)C.CN(C)NS(C)(=O)=O |$;;;;;;B5;;B9;;;;;;;;;;;;$,m:13:3.10.8.7.5.4|"
5091,5091,"C=CC(=O)N[C@]1(CCOC1)C#N.CC |$;;;Z5;;;;;;;;;;R$,m:12:5.6.7.8.9|"
5092,5092,"CN=C1NC(=O)C2(N1)CCN3C2CCC3.CC |$;M;;;T2;;;;;;;;;;;;R$,m:15:8.6.11.10.9,Sg:n:5:X:ht|"
5093,5093,"CC1NC2=NNN=C2C(=O)N1.CN(C)ON(C)C |$;;;;;;;;;;;;;;;;;$,m:11:4.3.7.6.5,Sg:n:7:U:ht|"
5094,5094,"CC1([C@H]2CCC[C@@]2(NC1=O)O)C.CC.CN=C(SC)SN(C)C |$;;;K;;;;;;Q1;;;;R2;;;;;;;;;$,m:12:1.2.6.7.8,m:14:3.2.6.5.4|"
5095,5095,"C1=CC(=O)NC2=C1NC=[NH+]2.CC |$;;;;;;;;;;;R73$,m:10:7.6.5.9.8|"
5096,5096,C=CC1=CNC(=S)NC1=O |$;;;;V5;;;;;$|
5097,5097,"C1=CC(C=C2C1=C(NC2=O)N)(Cl)Cl.C=C=NC |$;;;;;;;;;;;;;;;;$,m:13:0.5.4.3.2.1|"
5098,5098,CS(=O)N1CCNC(=O)C1 |$;;;;L;;;;;$|
5099,5099,"C1[C@H]2[C@@H](CO1)N(CC(=O)N2)C(=O)O.CSNC=O |$;;;;;;;;;;;;;;;;;$,m:13:0.1.2.3.4,Sg:n:1:V:ht,Sg:n:2:g:ht|"
5100,5100,"CCC1=C(C=CNC1=O)N=C.CC(N)C(N)=S |$Z3;;;;;;;;;;;;;;;;$,m:11:2.7.6.5.4.3|"
5101,5101,"CCC1=CN=C(NC1=O)C.CNON(C)C |$;;;;;;;G8;;;;;;;;$,m:10:2.7.6.5.4.3|"
5102,5102,"CC1(C2=C(C=CC=C2Br)C(=O)N1)O.CN=CNN |$;;;;;;;;;;K;;;;;;;$,m:13:4.5.6.7.2.3|"
5103,5103,"CC1=C(N=C(NC1=O)C(C)C)CCl.CN(S)C(=O)O |$;;J0;;;;;;;;;;;;;;;;$,m:13:1.6.5.4.3.2|"
5104,5104,"CC1(CC2=CC=CC=C2NC1=O)I.CC.CC |$;;;;;;;;;;;;;;R;;E$,m:13:1.10.9.8.3.2,m:15:4.5.6.7.8.3|"
5105,5105,"CC(C)C(=N)C(=O)NC |$;;;;;;;;$,Sg:n:1:T:ht|"
5106,5106,"C1C(=O)NC(O1)I.CC(C)=NN(C)N |$;;;W;;;;;;;;;;$,m:7:0.1.3.4.5|"
5107,5107,"CC(C)CC1C(=O)NC(=O)S1.CC |$Z1;;;;;;;E3;;;;;R$,m:11:4.5.7.8.10|"
5108,5108,"CC(C)NC(=O)C=C |$D;;Q;;;;;$,Sg:n:2:l:ht|"
5109,5109,"CC1=CC2=C(N1)CNC2=O.CC(=S)NO.CC |$;;;;;;;M9;X;J;;;;;;;R$,m:10:1.2.3.4.5,m:15:6.4.3.8.7,Sg:n:2:F:ht|"
5110,5110,C1CNC(=O)C2=C1N(N=C2C(F)(F)F)N |$;;U;V3;;;;;;;;;;;$|
5111,5111,CCC(CC#C)NC(=O)C(C)OC |$;;;;;;;;;;;;L8$|
5112,5112,"CC1CC1NC2CC(=O)NC2=O.CN=CNSC |$;M;;;;;;;;;;;;;;;;$,m:12:6.5.10.9.7,Sg:n:3:J:ht|"
5113,5113,CC(C(=O)NC(C)C(=O)O)N |$;;;;L8;;;;;;$|
5114,5114,"CC(CCN)NC1=C(C(=O)NC=N1)Br.CN(C)C=O |$;G;;;;;;;;;;;;;;;;;$,m:14:6.12.11.10.8.7,Sg:n:2,3:q:ht|"
5115,5115,C[C@]1(C(=O)NC(=O)N1)N=[N+]=[N-] |$;;;;T3;Q6;;Y;;;$|
5116,5116,"C1CC=CC2(C1)CCC(=O)N2.CC(C)=NN(C)N.CN=CN=NC |$Q1;;;;A;;Z7;;X;;;;;;;;;;;;;;;$,m:11:0.5.4.3.2.1,m:18:6.4.10.8.7|"
5117,5117,"C1=C(C2=C(C(=O)N1)C(=O)NC(=N2)N)I.CON(C)C |$;;;;M1;;;;;;;;;;;;;;$,m:14:7.9.10.11.2.3|"
5118,5118,"CC1([C@@H]2CCNC(=O)[C@@H]1C2)C |$;;;;;;K;;;;$,Sg:n:3:G:ht|"
5119,5119,"CC1C(=O)NCCN1C2=C(C(=CC(=C2)F)F)N.CC.CC |$;;;T9;X2;;;;;;;;;;;;;;R59;;R15$,m:17:1.7.6.5.4.2,m:19:9.10.11.12.13.8|"
5120,5120,"CC(CNC(=O)C1CC12CCNCC2)N(C)C |$;;;;;;;;;;M2;Y;;;;;$,Sg:n:8:b:ht,Sg:n:9:U:ht|"
5121,5121,"COC(=O)CCNC(=O)C1C2CCC(C2)C1N.CC |$;;;;;;;;;;M8;;;;V7;;;;R85$,m:17:9.10.14.13.15,Sg:n:12:c:ht|"
5122,5122,"CC(=O)NC1=CC=CC2=C1C(=CC=C2)I.C=NOC(C)=O |$;;;V;;;;;;;K0;;;;;;;;;;$,m:15:10.11.12.13.8.9,Sg:n:0:D:ht|"
5123,5123,"[C@@H]1(C(C(=O)C2=C(SC(=C21)Br)Br)Br)NC(=O)C(F)(F)F.CC(N)C(N)=O |$;;;;;;;;W;;;;;;;;;;Q;;;;;;$,m:19:5.4.8.7.6,Sg:n:8:n:ht|"
5124,5124,"C1CC1C(CNC(=O)C2=NNN=N2)N.CC |$;;;;;D6;E1;J3;;;;;;;;R$,m:14:9.8.12.11.10|"
5125,5125,"CC1(CC1)C(=O)NC2CCC(C2)C(=O)O.CN(C)S(=O)(=O)O |$;;;;;;;;Y3;;;;;;;;;;;;;$,m:15:2.1.3,Sg:n:13:z:ht|"
5126,5126,"CN(C)C(=O)N1C=CC(=O)NC1=O.CC |$;;;;;;;;;;;;;;T$,m:13:5.11.10.8.7.6|"
5127,5127,C1=C(NC(=O)C(=C1C(F)F)CN)C=O |$;B4;;;;E;;;;G3;;;;$|
5128,5128,"CC(=O)NC1=C(C=CC2=C1N=CC=C2)Br.CC.CC |$;;;Y;;;;V9;;;;;;;;;M;;A$,m:15:4.9.8.7.6.5,m:17:10.11.12.13.8.9|"
5129,5129,CC(=O)N(C)C(C)C(=O)NC(C)C(=O)O |$;;;;G4;;;;;;Z3;;;;$|
5130,5130,CC[C@H](CO)NC(=O)CCC1=CC=CS1 |$;;;;;;;;;;;;;L;$|
5131,5131,"CC1CCC(CC1)(C(=O)NC)N.CC(C)=N |$;;;;;;;;;;;;;;;$,m:12:1.6.5.4.3.2|"
5132,5132,"CCC(C)C1C(NC1=O)CO.CC |$;;;;;;;;;;;;R6$,m:11:4.7.6.5,Sg:n:5:a:ht|"
5133,5133,"CC(C(C)(F)F)NC(=O)C1=CSC(=C1)Br.CC |$;;;;;;;;;;;;;;;;R40$,m:15:9.10.11.12.13|"
5134,5134,"CC1=NC=C(C=C1)S(=O)(=O)N2CCCC2C(=O)NC3C4CCCC5(C4)CC3C5.CC |$Z;;;;;;;;;;;;;;;;T8;;Q7;;;;;K;;;;;;R$,m:28:20.21.22.23.24.19,Sg:n:0:E:ht|"
5135,5135,"CC1=CC(=CN=C1)CN2CC(=O)NC2=O |$;;;;;;;;;;;;;;$,Sg:n:0:E:ht|"
5136,5136,"CC1=CC(=C(C=C1)C(=O)N2CCNC(=O)C2CC(=O)O)C |$;;;;;;;;;;;;;;;;;;;;$,Sg:n:20:T:ht,Sg:n:9:g:ht,Sg:n:11:W:ht|"
5137,5137,C=C(CNC(=O)C1=CSC(=C1)Br)Cl |$Z;;;;;;;;;;;;$|
5138,5138,"CC1=NN(C=C1CNC(=O)CN)C.CC |$;;;;;;;;;;;;;;R10$,m:13:1.2.3.4.5|"
5139,5139,"CNC1=NC(=CC=C1)N2CCNC(=O)C2.CC.CNC(=N)OC |$;J9;;U0;;;;W7;;;;E;B;;;;R;;;;;;$,m:15:2.7.6.5.4.3,m:17:9.10.11.12.14.8|"
5140,5140,"CC(=CCCNC(=O)CBr)C |$;;;;;;T;;;;$,Sg:n:3,4:J:ht|"
5141,5141,"COC1=CC=C2C(=CC1)C(=C)C(=O)N2 |$;;G;;;;;;;G;;;;$,Sg:n:10:G:ht|"
5142,5142,"CC(=O)/C=C/C[C@@H](C(=O)OC)NC(=O)C |$;;;;;;;;;;;;;;$,Sg:n:10:B:ht|"
5143,5143,"COC1=C(C2=CC=CC=C2C=C1)C3C=C(NC4=C3C(=O)NC(=O)N4)C5=CC=CC=C5.CN=C(N)N(C)OC.CC |$;B;;;Z;Q;;;;G;G9;;;B0;;;;;;;K;G;;;;;V8;;;;;;;;;;;;;R82$,m:30:2.11.10.9.4.3,m:38:18.20.21.23.16.17|"
5144,5144,"C=CC(=O)N[C@@H]1[C@@H](CC2=CC=CC=C12)O.CC.CC |$;;;;;;;;;;;;;;;;T;;T26$,m:15:5.6.7.8.13,m:17:9.10.11.12.13.8|"
5145,5145,"CCC(C)(C)NC(=O)CN(C)CC1=CC=C(C=C1)Cl |$;;;;;;;;;;;;;;;;;;$,Sg:n:18:d:ht|"
5146,5146,C1C(CC1O)NC(=O)C2=CC(=O)NC=C2 |$;;;;;;;D;;A;;;;;$|
5147,5147,"CC(=O)CCC(=O)NC1(CC1)C(F)(F)F |$;;;;D;;;;;A4;;;;;Y$,Sg:n:3,4:b:ht|"
5148,5148,CC(CNC(=O)C1=CN=C(C=N1)N)SC |$;;;;;;;;;;;;;Y5;$|
5149,5149,"CC(C)(CNC(=O)C(C)(C)CCl)N(C)C |$;;;;;;;;;;;;;U;$,Sg:n:13:g:ht|"
5150,5150,"CC1=NSC(=N1)C(=O)NC2CCCC2.CC=NNC(=NC)N(C)C |$;;;;;;;;;;;;;;;;;;;;;;;$,m:14:10.9.13.12.11|"
5151,5151,"CC(CC(=O)NCCCOC)C#N |$;;;;;;;;;;L7;;$,Sg:n:6,7:n:ht|"
5152,5152,CC1=CN(C(=O)NC1=O)OC(=O)N |$;;;;;;;;M5;;A9;;$|
5153,5153,"CC(=O)N[C@@H](CC(F)F)C(=O)O |$;;;;;;;;;;;$,Sg:n:11:x:ht|"
5154,5154,"C1NC2C(C3=CC=CC=C3S2)C(=O)N1.CC(=S)C(=O)O.CC |$;;;;;;;;;;;;T3;;;;;;;;;J60$,m:14:5.6.7.8.9.4,m:20:10.9.4.3.2|"
5155,5155,CN(CC(F)(F)F)C1=CC(=O)NC=N1 |$;;;;;;;B2;K;;;;;$|
5156,5156,"C[C@H](C(=O)NC1=CC=CC=C1C(C)C)N.CC |$;;;;;;;;;;;;;;;;J25$,m:15:5.10.9.8.7.6,Sg:n:14:g:ht|"
5157,5157,CC(C(=O)NC)NC1=C(C=CC=C1Br)F |$;U;;;D8;;;;;;;;;;$|
5158,5158,"CNC(=O)C1=NC=CC(=C1)NCCF |$;;;;;;T;;;J6;G4;;;$,Sg:n:3:x:ht,Sg:n:11,12:F:ht|"
5159,5159,"C1CS(=O)(=O)C[C@@H](C(=O)N1)NC=O.CN=C(NC)N(C)S(C)(=O)=O |$;;;;;;;;;;;A2;;;;;;;;;;;;$,m:13:0.1.2.5.6.7.9|"
5160,5160,"CC(=O)NC1CCC(C(C1)N)S(=O)(=O)O.CN=C(C)N=[N+]=[N-] |$;;;V6;;;;;A8;;;;;;;;;;;;;$,m:15:4.9.8.7.6.5|"
5161,5161,"CC[C@H](C)[C@@H](C(=O)NC1=CC2=C(C=C1)NN=C2)N.CC |$;;;;X1;;;;J;;;W;;;;E6;M3;;;R$,m:18:14.11.10.16.15,Sg:n:9:K:ht|"
5162,5162,"CC(=O)NC1=NN=C(S1)SCC#N.CC |$;;U5;;W8;T;;;;;;;Y5;;Y$,m:13:4.5.6.7.8|"
5163,5163,"COC1CCCC1C(=O)NC2(CC2)C#N.CN=C(NC)NNC |$;;;;;;;;;;;;;;;;;;;;;;$,m:15:11.10.12|"
5164,5164,"COC1=C(C=C(C=C1)Cl)C2CCC(=O)N2.CC.COON(C)C |$;;;;;;;;;;;;;;;;Q69;;;;;;$,m:15:2.7.6.5.4.3,m:17:10.9.14.12.11,Sg:n:11:y:ht|"
5165,5165,"C1CN2C(=NC3=CC=CC=C3C2=O)[C@@H](NC1=O)CC4=CNC5=CC=CC=C54.CONC(N)=O.CN=C(SC)SN.CC |$;;;;;;B8;;;;B;;;;;;;;;;;;K;;;;;;;;;;;;;;;;;;;J3$,m:27:0.1.2.3.13.14.15,m:33:4.5.10.11.2.3,m:40:22.23.24.25.26.21,Sg:n:23:i:ht|"
5166,5166,"CCS(=O)CCNC(=O)COC |$;;;;;;;;;;;$,Sg:n:4,5:F:ht|"
5167,5167,"CCC(C)(CN)C(=O)NC1(CCC1)CO |$;;;;;U4;;;;;;;;;$,Sg:n:2:N:ht|"
5168,5168,"C=CC(C1=CNC(=O)NC1=O)N.COSS |$;;;;;;;;;;;Q;;;;$,m:12:3.9.8.6.5.4|"
5169,5169,CC1CCOC1C(=O)NC[C@H](C)O |$;;;;;;W1;;;;;;$|
5170,5170,C1=CC=C(C(=C1)C(=O)[O-])NC(=O)CBr |$;;;;;;;E6;;;A8;;;$|
5171,5171,"CC(C)CNC(=O)CCN |$;;;;;;;;;$,Sg:n:7:z:ht,Sg:n:7,8:D:ht|"
5172,5172,CC1=C(C=CC2=C1C(C(=O)N2)(CC(=O)O)O)O |$;;;;;;;J3;X4;;;Q9;J3;;;;$|
5173,5173,"CNC(=O)CCNC(=NC)NN |$;;;;K;;;;;;;$,Sg:n:0:I:ht,Sg:n:4,5:O:ht|"
5174,5174,"C1CNCC=C1CNC(=O)C2=CC(=C(C=C2)Br)F.CC |$B;;;;;;;;;;;;;W;;;M2;;;R12$,m:18:0.5.4.3.2.1|"
5175,5175,"C1CCC(C1)(CNC(=O)C2=NC=NN2)O.CN=CN(C)C(C)=O.CC |$;X5;;T2;;X;;A4;;;;;;;;;;;;;;;;;R$,m:15:0.1.2.3.4,m:23:10.9.13.12.11|"
5176,5176,"CCCC1CNC(=O)C2=C(C=CC(=C12)OC)C.CS(=O)(O)=S.CNNN=C(C)C |$;;;;;;Z;;;;;;;;;;;;;;;;;;;;;;$,m:17:3.13.8.6.5.4,m:22:9.10.11.12.13.8,Sg:n:2:q:ht,Sg:n:1,2:Y:ht|"
5177,5177,"CC1CCC(=O)NC1C(=O)N=[N+]=[N-].CC |$Q;;;;W;;;;W5;;U1;;;;Z$,m:13:1.7.6.4.3.2|"
5178,5178,"CCCC1=CC(=O)NC(=N1)C2=CC=CO2 |$;;;;;L;M;;;;K5;;;;E$,Sg:n:1,2:T:ht|"
5179,5179,"CNCC(=O)NC1CCC2CCCC2C1.COC(=O)C(C)=O |$;;;;;;;;;;;;;;;;;;;;;$,m:15:6.14.13.9.8.7,Sg:n:5:q:ht,Sg:n:6:a:ht,Sg:n:12:z:ht|"
5180,5180,"CC1=C(C(=C2CNC(=O)CC2=C1C)C)C.CC |$;;;;;;;;A;;;;;;;;R3$,m:15:1.11.10.4.3.2|"
5181,5181,"CC1CCC(C1C)NC(=O)CNC |$;W2;;;L;;;;;;;;$,Sg:n:3:l:ht|"
5182,5182,"COC(=O)CCCNC(=O)C1CCCNC1 |$;;;;;;;;;;;;;;;$,Sg:n:3:X:ht,Sg:n:7:b:ht|"
5183,5183,"CC(C(=O)NCCC(=O)O)O |$;;;W;;;V;;;;$,Sg:n:8:L:ht,Sg:n:5,6:n:ht|"
5184,5184,"CC1(C(=O)N(CCC(=O)N1)CCOC)C.CC |$;;;;;;;;;;;Z3;;;;;R30$,m:15:1.2.4.5.6.7.9|"
5185,5185,"CC(NC(=O)C1=C(C(=C(C=C1)O)O)Cl)S.CNNC(=O)N(C)C |$;;;;;K2;;;;;L7;;;;;;;;;;;;$,m:15:5.10.9.8.7.6|"
5186,5186,"C1=CC=C2C(=C1)C(=CC3=C(N=C4N3C=CS4)C5=CC=NC=C5)C(=O)N2.CC |$;;;D;;;;;;D1;;;;;;;;;;;;;;;;;L$,m:25:17.18.19.20.21.16,Sg:n:16:D:ht|"
5187,5187,"CCNC(=O)C1=CC(=CC=C1)OCC.CC |$;;K;;;;;;;;;A5;;;;R54$,m:14:5.10.9.8.7.6|"
5188,5188,CC(C1=C(C=C(C=C1)F)F)NC(=O)CBr |$;;;;;;;;;;X;E7;;;$|
5189,5189,"CCC1=NC(=CC(=O)N1)N(C)CCC#N.CC(=O)[O-] |$;;;;;;;;;;;;;;;;;;$,m:15:2.8.6.5.4.3,Sg:n:11,12:P:ht|"
5190,5190,"C1=CC(=CC(=C1)O)C(=O)NCCO |$;;;;;;;;;;;;$,Sg:n:10,11:X:ht|"
5191,5191,"CCNC(=O)CNC1=CC(=CC=C1)F.CC |$;;U3;;;;;;;;;Z7;;;;L$,m:14:7.12.11.10.9.8|"
5192,5192,"C1C(C1NC(=O)C2=C(C=CC=C2F)F)N.CC.CC |$;;;;;;;;;M;;;M;K2;;;W8;;R3$,m:15:0.1.2,m:17:7.8.9.10.11.6|"
5193,5193,"C1CC(=O)NC1CNCC(=CCl)Cl.COP(C)C |$J;;;;;;Q;;;;;;;;;;;$,m:13:0.1.2.4.5|"
5194,5194,"CN(CC(=O)O)C(=O)NC1CC(=O)NC1.CN=C(N)N(C)SC |$;;;;;;;B;;;;M4;;;;;;;;;;;$,m:15:9.10.11.13.14,Sg:n:0:s:ht,Sg:n:5:o:ht|"
5195,5195,CCNC(=O)C1=C(C(=NC=C1)NN)F |$;;;;;;;W;;;;K8;;$|
5196,5196,"CC(C)CCC(=O)NC1=NC=CO1 |$;;;;;;;;;;;;$,Sg:n:3,4:k:ht|"
5197,5197,"CCC(CC1CC1)NC(=O)C2(CCC2)C(=S)N.CC.CC |$;;;;L;;K;;;;;;;U3;L7;;;;R3;;R9$,m:17:5.4.6,m:19:11.12.13.10|"
5198,5198,"CC(=O)C1=NC(=C(C=C1)NC(=O)C)Cl.CC |$;;;;;;;;;;;;G4;;;Y90$,m:14:3.8.7.6.5.4|"
5199,5199,"CC1=CC(=CC=C1)NC(=O)CNC |$;;;;;;;;;J;;;$,Sg:n:5:Y:ht|"
5200,5200,C1=CC2=C(C=CC(=O)N2)C=C1C(=O)CCl |$E;;;;;;;E;;;;;;;$|
5201,5201,"CC1C2CC3CCCC=C3C2NC1=O.CC=NC#N.CC |$;K;;;;;;;;;;;V;;;;;;;;R1$,m:14:1.2.10.11.12,m:19:3.2.10.9.4|"
5202,5202,"CC1CN(CC(O1)C)CC2=CC(=CC=C2)NC(=O)C3=C(N=NS3)C.CC.CSNSC |$;;;;;;;;;;M;;;;;;;;;;;;;;;R90;;;;;$,m:24:1.6.5.4.3.2,m:26:10.11.12.13.14.9|"
5203,5203,C[C@@H](CNC(=O)C1(CCCC1)Br)O |$;;;;;;;;;;;Z1;$|
5204,5204,CC(CCSC1CCCNC(=O)C1)N |$;;;;;;;K;;;;;;$|
5205,5205,"CC1=CN=C(O1)CNC(=O)C(C)C(C)N.CC |$;;;;;;Y4;L8;;;;;;;;;R29$,m:15:1.2.3.4.5|"
5206,5206,CC(C)(C)C(CNC(=O)C(Cl)(Cl)Cl)Cl |$;;;;;;J3;;;;;;;$|
5207,5207,"C[C@H](CO)NC(=O)CNCCOC |$;;L8;;;;;;;;;;$,Sg:n:9,10:s:ht|"
5208,5208,"CC1=NC=CN1CC(=O)NCC=C |$;;;;;;;;;;;;$,Sg:n:11:T:ht|"
5209,5209,"CNCCC(=O)NCC1=CC=NN1.CSC(=O)NN |$;Z;;;;;J4;L;;;D;;;;;;;;$,m:13:8.9.10.11.12,Sg:n:10:b:ht,Sg:n:2,3:M:ht|"
5210,5210,"CCC(C)(CNC(=O)C1CC1)O.CSC(C)N(C)C |$;;;;;;;;;;;;;;;;;;$,m:12:8.9.10,Sg:n:8:C:ht|"
5211,5211,"CN1C=NC2=C1C(=CC=C2)NC(=O)CS.CN=C(SC)N(C)C |$;;;;;Q;;;;;T;;;;;;;;;;;;$,m:15:1.2.3.4.5|"
5212,5212,CC(C)CC(=O)N[C@@H](C(C)C)C(=O)N |$;;Y;;Y;;Z;;;;V8;;;$|
5213,5213,"C1C(=CC2=C(O1)C=CC(=C2)Br)C(=O)NCC3=NC=NN3.CN(C)C(C)(C)S |$;;X1;;;;;;;;;Z;;;T6;;;;;;;;;;;;$,m:20:16.15.19.18.17,Sg:n:0:i:ht|"
5214,5214,"CC1=CC(=C(C=C1)F)NCC(=O)NC |$U;;;;;;;;;;;;;$,Sg:n:4:V:ht|"
5215,5215,"C1=CC=C(C(=C1)C(=O)NC2=NC3=NC=CN3C=C2)OC(F)(F)F.CN=C(NC)NO.CC.CN=CN=NC |$;;;;T9;;;;;;;;U4;;;;;;;;;;;;;;;;;;;M;;;;;;$,m:23:0.5.4.3.2.1,m:30:10.11.15.16.17.9,m:32:12.11.15.14.13|"
5216,5216,"C[C@H](C(=O)NCCS(=O)C)N |$;G;;;U;;;X2;;;$,Sg:n:5,6:Z:ht|"
5217,5217,"CC1=CC(=CC(=C1NC(=O)C)Cl)Br.CC |$;;;;;;;;;;;;;;L$,m:13:1.6.5.4.3.2|"
5218,5218,C1=C(OC2=CNC(=O)C(=C21)N)Br |$;;K0;;;;;;T;;A;$|
5219,5219,"C1C(=O)NC2=C(N1)C=CC(=C2)C(F)F.CC |$X;;;X;;;;;;J;;;;;;A2$,m:14:0.6.5.4.3.1,Sg:n:10:x:ht|"
5220,5220,"CC(CO)NC(=O)CCCl |$K;;;;;;V;D3;;$,Sg:n:7,8:x:ht|"
5221,5221,CC1=C(C(=CC=C1)C(=O)NC2=CC=CC=C2S(=O)(=O)C(F)F)C |$;;;G2;;;;Y;;;;;;;;M;X8;;;;;;$|
5222,5222,"CC(CNC(=O)C1=C(N=CC=C1)Cl)CO.CC |$;;;;;;;;;V5;;;;;;;R$,m:15:6.11.10.9.8.7|"
5223,5223,"CC(C)C1=NNC(=N1)C2CNC(=O)CN2 |$;;U;;;;;;;;Y0;;;;$,Sg:n:6:P:ht|"
5224,5224,CC(=C(C#N)C(=O)NC1=CC=C(C=C1)S(=O)(=O)C)O |$;Z;;;;;;;;;;;;;;;;;$|
5225,5225,"CNC(=O)COC1=NN=C(S1)Cl.CC |$;;;;;;;;;;;;;Z7$,m:12:6.7.8.9.10|"
5226,5226,"C1=CC(=CC=C1C2=CN=CC(=O)N2)Br.CC |$;;;;;;;;E;;;;;;;R7$,m:14:0.5.4.3.2.1|"
5227,5227,CC1=CC(=C(N=N1)C)C(=O)NC(C)CC(C)O |$;;;;;;;;;;;;;;X;;$|
5228,5228,C[C@@H](C(=O)NC1CCCN(C1=O)C)N |$;Q;;L9;;;;;;;;;;$|
5229,5229,CCC(=O)NC1CCN(C1)CC=C |$Q;;;;;;;;;;;;$|
5230,5230,"CC1=NC2=C(O1)C3=CC=CC=C3NC2=O.CC.CC |$;;J7;;;;;;;;;;;;;;V5;;R22$,m:15:7.8.9.10.11.6,m:17:12.13.3.4.6.11|"
5231,5231,"CNC(=O)C1CSC2=C1CCN=C2.CC.CN=C(C)ON=C(C)C |$M8;;;B;J;;;Q;;;;;;;R1;;;;;;;;;$,m:13:4.5.6.7.8,m:15:9.10.11.12.7.8,Sg:n:7:m:ht|"
5232,5232,"CC1=CC=C(O1)/C=C/2\CC(=O)NC2=O.CC=NN(C)C.CC |$;;A;Q4;;;;;;Z;;;;;;;;;;;;Q38$,m:14:1.2.3.4.5,m:20:8.7.12.11.9,Sg:n:6:m:ht|"
5233,5233,"CCN(CCCO)C1=C(C(=O)NC=N1)Br.CC |$;;;;;;W;;;;;;;;;;R$,m:15:7.13.12.11.9.8,Sg:n:3,4:a:ht|"
5234,5234,"CC(C)C[C@@H](C(=O)NCCC1CC1)N |$;;;;;;;;;J;;;;$,Sg:n:2:g:ht,Sg:n:8,9:v:ht|"
5235,5235,CC1=CC(=C(C(=O)N1)CNS(=O)(=O)C)C |$;;;;;;;;;;;;;;G1$|
5236,5236,"C[C@@H](C1=CC=CO1)NC(=O)C.CC |$;;;;;;;Y;Z;;;;V$,m:11:2.3.4.5.6|"
5237,5237,"COC1=NC=C(C=C1)CNC(=O)CS.CC |$;;;D6;;;;V0;;X;;;;;;W$,m:14:2.7.6.5.4.3,Sg:n:7:Z:ht|"
5238,5238,"C1=CC=C(C(=C1)OC2=NC=CNC2=O)I.CN(C)OS |$;;;U8;;;;;;Z;;;;V;;;;;;$,m:15:0.5.4.3.2.1|"
5239,5239,"CC(C)(C)C(C(=O)NCCNC)N |$;M;;;;;;;;;;;$,Sg:n:8,9:S:ht|"
5240,5240,"C[N+](C)(C)C(=O)CCNC(=O)C=C |$;D;;A;;;;;;;;E;$,Sg:n:6,7:V:ht|"
5241,5241,CCOC(CNC(=O)C(C)(C)N)OCC |$;;;;;;;;;;;A9;;J7;$|
5242,5242,"CCS(=O)C1=CC=CC=C1C(=O)NC2=NC=C(S2)CC3=CC(=C(C=C3)F)F.CC |$M;;;;;;;;;;;;;;;B2;;;;;Y;;;D6;;;;;R06$,m:27:4.9.8.7.6.5|"
5243,5243,"C[C@@H]1CC(=O)NC(=O)[C@@]1(C)C(=O)OC |$W;;;;;;;;W;;;;V;$,Sg:n:2:O:ht|"
5244,5244,"CCC(CN)NC(=O)C1=NC=C(N=C1)C.CC(=S)N(C)N(C)C |$;;;;;;;;;;;;;;;;;;;;;;$,m:15:8.13.12.11.10.9|"
5245,5245,"C1CC1NC(=O)CNC(=O)C(=O)O |$;;;W7;;;;;;;;;$,Sg:n:4:Q:ht|"
5246,5246,C1=CC=NC(=C1)C2=CC=CNC2=O |$;;;;;;;;D3;;;;$|
5247,5247,"CC(CCC(=O)NC(C)(C)CCO)CN |$;;;;;;;;;;;;;;$,Sg:n:2:H:ht,Sg:n:2,3:C:ht|"
5248,5248,"CC(C)CNC(=O)CBr |$;;;;;;;E2;$,Sg:n:6:q:ht|"
5249,5249,"CC(C)C(=O)NC(C)(C)CCN |$;;;;;;;;;;;$,Sg:n:9,10:h:ht|"
5250,5250,CNC(C1=CC=CS1)C(=O)NC(=O)OC |$;;;;;;;;;;;;;X;$|
5251,5251,CC(C)[C@@H](C(=O)OCC=C)NC(=O)C1=CC=C(C=C1)OC |$;Z;;;;;;;;G;Y3;;U;;;;;;;;$|
5252,5252,COC1(CCC1)CC(=O)NC(CO)CO |$;;;E5;Q;;;T4;;;A;;;;$|
5253,5253,"C[C@H](CO)NC(=O)CC(C1CC1)N.CNN(C)C(C)=O |$E1;;K;;;U;;;M;;Y9;K9;;;;;;;;$,m:13:9.10.11,Sg:n:3:X:ht|"
5254,5254,"CCCCC(CC)C(=O)NCCCN |$;;;;;;;;;;;;;$,Sg:n:10,11,12:l:ht|"
5255,5255,"CC(=CCN1CCC(=O)NCC1=O)C |$;;;;;;;;;;;;;$,Sg:n:6:H:ht|"
5256,5256,"CNC(=O)CCNC(=O)C1CC1N |$J;;;;;;;;;;;;$,Sg:n:2:h:ht,Sg:n:4,5:c:ht|"
5257,5257,"C1=CC=C(C=C1)NC(=O)C2=CON=C2.CN(C)P(C)(C)=S |$;;L;;;;;;;;;;J;;;;;;;;$,m:14:10.9.13.12.11|"
5258,5258,"C1C(C(=O)NC1=O)OC(=O)CCC(=O)O.CC |$;;;;;W8;;;;;;;;;;;J8$,m:15:0.1.2.4.5,Sg:n:8:C:ht|"
5259,5259,"CNC1=NC=CC(=C1)C(=O)N[C@H]2COC[C@@H]2N3CCOCC3.CC |$;;;J;;;;;;;;;;;;;;;;;;;;W6$,m:22:2.7.6.5.4.3,Sg:n:15:H:ht,Sg:n:10:L:ht|"
5260,5260,"CCCN(CCN)CC(=O)NC(C)(C)C |$;;;;;;G;;;;;;;;$,Sg:n:12:S:ht,Sg:n:13:n:ht,Sg:n:4,5:v:ht|"
5261,5261,"CCNC(=O)C1=CC(=CN1C2CC2)Br.CC |$G4;;;;;;;;;;;E;B9;;;G24$,m:14:11.10.12|"
5262,5262,"C1CNC(=O)C[C@@H]1N2C=C(C=N2)N=[N+]=[N-].CSC=NN |$;;;;;;U9;;;;J8;E2;;;;;;;;$,m:15:8.7.11.10.9|"
5263,5263,"C#CCC(C(=O)O)NC(=O)CCCN |$T0;;;;;;;;;;;;;$,Sg:n:10,11,12:a:ht|"
5264,5264,"CC[C@H](C)C1=CC=CC=C1NC(=O)[C@H](C)OC(=O)C2=CC=CS2.CNB(C)N(C)C |$;;;;;;;;E;;;;;;;;;;;;;;;;;;;;;$,m:23:4.9.8.7.6.5|"
5265,5265,"CC(=O)NC1C[C@@H](O[C@@H](C1)C2=CC=CC=C2)C3=CC=CC=C3.CC |$;;;;;;;;;;;;;;;;;;;;;;;Q3$,m:22:11.12.13.14.15.10,Sg:n:14:l:ht|"
5266,5266,"C1=CC(=CC(=C1)O)C(=O)NC2=NC=NS2.CN=C(NC)N(C)SC |$B;;;;;;;;;;;;;;;;;;;;;;;$,m:15:0.5.4.3.2.1|"
5267,5267,CC1=CC=C(S1)C(=O)NCC2=NC=CN2 |$;;;;;;Z7;;;;X6;;;;$|
5268,5268,"CCC(C(=O)NCCC(=O)OC)Br |$;;;;J;;;;;;;;$,Sg:n:6,7:p:ht|"
5269,5269,CNC(=O)CC1=CCN(CC1)C |$;J4;;;;;;;;;;T4$|
5270,5270,"CC1=C(SC(=N1)/C=C/C2=CON=C2C3=NC=C(C=C3)F)C(=O)NC4CC4.CC.CC=NC(C)=NN(C)C |$;;;;;;;;;;;;;;;;;;;;;;;;;;;R;;;;;;;;;$,m:26:1.2.3.4.5,m:28:24.23.25,Sg:n:25:X:ht|"
5271,5271,"C#CCC(=O)NC1=C(C(=CC=C1)Cl)Br |$;;;;;;;;;;Y;;;$,Sg:n:5:J:ht|"
5272,5272,"CNC(=O)C(O)c1ccccc1.CC |$Z;;;;;;;;;;;;;M9$,m:12:6.11.10.9.8.7|"
5273,5273,"CC(=O)N1C(=O)NC(=O)C(=N1)N(C)C.CN=NC(C)=NC |$;;;U;;;;;;;;;;;;;;;;;$,m:14:3.10.9.7.6.4|"
5274,5274,C[C@@H](C(=O)OC(=O)C)NC(=O)[C@H](C)O |$;;;J;;;;;;;;;;$|
5275,5275,"C1CN(C[C@@H](C(=O)N1)N)C(=O)O.CNC(=O)NO |$X;;;;;;;;;;;L;;;;;;$,m:12:0.1.2.3.4.5.7|"
5276,5276,"CC#CCCN1C=C(C(=O)NC1=O)Cl.CSC(C)N(C)C |$;;;;;;;;;;;;;;;;;;;;$,m:14:5.11.10.8.7.6,Sg:n:3,4:D:ht|"
5277,5277,"C1CSCC1NC(=O)CCCCN.CC |$;;;;;;;X9;;;;;;;R97$,m:13:0.1.2.3.4,Sg:n:8,9,10,11:U:ht|"
5278,5278,"CC(CBr)(C1=CC=CC=C1)NC(=O)C2CCOCC2.CC |$;;;;;;;;;;Z6;;;;;;;;;;A$,m:19:14.15.16.17.18.13|"
5279,5279,"C1=C[13C](=[13CH][13CH]=C1)[13C](=O)N[13CH2][13C](=O)O.CC |$;;W;D9;;;;;;;;;;;X$,m:13:0.5.4.3.2.1|"
5280,5280,"CO[C@H]1CNC[C@@H]1NC(=O)C2=CSC=N2.CS(=O)(=O)NC(=O)O |$;;;;;;;;;;;;;;;;;;;;;;$,m:15:2.3.4.5.6|"
5281,5281,COC1=C(N=CNC1=O)N2C=CN=C2 |$;T;;;;;;;;;;;G1;$|
5282,5282,"CCCNC(=O)COC1=C(C=CC=C1F)CC(CC)N |$;A6;;;;;;;;;;;;;;;;;;$,Sg:n:14:L:ht,Sg:n:1,2:N:ht|"
5283,5283,CC(C(C)(C)NC(=O)C1=C(C=C(C=C1)Br)O)Br |$;Y;;;;;;;;;Q;;W;;;;$|
5284,5284,"C1/C(=C/C2=CC=C(S2)Cl)/C(=O)NC1=O.COC(=O)ON=C(C)C |$Y;;;;;;M;;;;;;;Q5;;;;;;;;;$,m:14:4.3.7.6.5|"
5285,5285,"CC(C(=O)NCCSSC(C)(C)C)Br |$T5;;;;;;;L;V;;;;;$,Sg:n:8:E:ht|"
5286,5286,CCC(CN)C(=O)NCC(=O)OC |$;;L;;;M2;;;;;;;$|
5287,5287,"CC1=C(C=C(C=C1)CNC(=O)C=C)C#N.CN(C)C(=O)NS |$;V;;;;;;T;;;;;;;;;;;;;;$,m:15:1.6.5.4.3.2|"
5288,5288,C1CC(C1)CNC(=O)C2=C(C=C(C=C2)F)C#CCO |$;;;;;;;X;;;;;;;;J4;;;$|
5289,5289,"CC1=CC=CC=C1[C@H](C)NC(=O)C=C.CNC(=S)NC |$;;;;J;;;;;;;;;;;;;;;$,m:14:1.6.5.4.3.2|"
5290,5290,"CC1C(CC(=O)N1)(C)C2=NC=C(C=C2)F.CC |$;;;;;;;;;;V4;;;;;;U$,m:15:9.10.11.12.13.8|"
5291,5291,C1C(C1N)C(=O)NCC2=CC(=CC=C2)C#N |$;;;;;;;;;;;;B1;;;$|
5292,5292,CCC(CC)NC(=O)CN1CCC(C1)N |$;;;;M;;;;;;G5;;;;A3$|
5293,5293,CC=CC=CC(=O)NC(CO)C(C)C |$;;;;Q1;;;;;;;;;$|
5294,5294,CC1=CC2C(C=C1)NC(=O)NC2=O |$;;B7;;;;;M3;;;;;X$|
5295,5295,CC(C#N)C(=O)NCC(C)(C)OC |$;;;Y;;;;;;;;;$|
5296,5296,"CC1C(CC2=CC=CC=C12)C(=O)NC.CC=NN(C)C(=NC)N(C)C |$;;;;X8;;;;;;W2;;;;;;;;;;;;;;$,m:14:1.2.3.4.9|"
5297,5297,"CC(CC(=O)NCC1CCC1)CN.CC |$;;;;U4;;;J;;;;;;;R6$,m:13:7.10.9.8,Sg:n:10:a:ht|"
5298,5298,CC(C(CNC(=O)C=C(C)C)N)O |$;;;;;;;;;;;;Q5$|
5299,5299,"CCC1(CC1)[C@@H]2[C@@]3([C@@H](CC(=O)N2)[C@@H]4CC=CC(=C4)Cl)C5=C(C=C(C=C5)C6CC6)N(C3=O)C(=O)OC(C)(C)C.CC(=O)NS(C)=O.CC.CC.CSC(=O)C(C)=O.C=NN(C)C(C)=N |$;;;;;;;;;;;;;;;W;;;;;U;X;;;;;;;M1;;;;;;;;;;;;;;;;;;M;;R;;;;;;;;;;;;;;$,m:38:3.2.4,m:45:13.14.15.16.17.12,m:47:21.22.23.24.19.20,m:49:26.25.27,m:56:28.20.19.6.29,Sg:n:0:B:ht,Sg:n:29:O:ht,Sg:n:15:y:ht|"
5300,5300,C[C@H](C(=O)NC1=NN=C(S1)COC)Cl |$;;;;;;;;;;;;U2;$|
5301,5301,C1C[NH+](CC[NH2+]1)CC(=O)NC2=C(C=C(C=C2)Cl)Cl |$;;;;;;;;;;;D;;;;;;$|
5302,5302,"C1=CC2=C(C(=C1)C3=CC(=O)NC(=N3)C(F)(F)F)N=CC=C2.CC.CC |$;;;;;;;;;;;;;;E7;;;;;;;;L0;;R5$,m:21:0.5.4.3.2.1,m:23:17.18.19.20.2.3|"
5303,5303,"CC(C)(C)NC(=O)C(=O)C1=CC=CC=C1.CC |$;;;Z;;X7;;;;;;;;;;;V04$,m:15:9.14.13.12.11.10,Sg:n:14:l:ht|"
5304,5304,"CCC(=O)NC1=CC(=CC=C1)N=O.CC(=O)C=N |$;;;;;;;;;U;;;;;;;;$,m:13:5.10.9.8.7.6|"
5305,5305,"CCC1CCC(C1CC(=O)O)(C(=O)NC(C)C)N.CC |$;;G;;;;;;;G;;;;;T;;;;;R$,m:18:2.3.4.5.6,Sg:n:7:s:ht|"
5306,5306,"CC1=C(SC=C1)CNC(=O)C(C)Cl.CC |$;;;;;;V3;;;;;;;;Y$,m:13:1.2.3.4.5,Sg:n:4:E:ht|"
5307,5307,"C[C@@H](C(=O)N)NC(=O)[C@@H]1CCNC1.CN=C(C)NN |$;;;;;;;;;;;;;;;;;;$,m:13:8.9.10.11.12,Sg:n:3:k:ht|"
5308,5308,CC(CSC)NC(=O)CC1CCCN1 |$;;;;;;;M;;;;X;X8;$|
5309,5309,"COCC(C(=O)NCC1=CC=CC=N1)N.CC |$G7;;A;;;;;;;;;;;;;;R$,m:15:8.13.12.11.10.9|"
5310,5310,"CC(CC1CCCCC1)C(=O)NC#N.CC |$T8;;B2;;;;;;;;A;;;W2;;T22$,m:14:3.8.7.6.5.4|"
5311,5311,"CCCNC(=O)C(=O)N(CCO)CCO |$;;K;;;;;;;X;;J;;;$,Sg:n:10:k:ht,Sg:n:1,2:V:ht|"
5312,5312,"CC(=C)N1C=C(C(=O)NC1=C)C#N.CSOO |$;;;;;;;;;;;;;;;;$,m:13:3.9.8.6.5.4|"
5313,5313,"CCC1=CC(=C(C(=O)N1)C#N)CC.CC(=S)N(C)S |$;;K;;;;;;;J;L4;;;;;;;;$,m:13:2.8.6.5.4.3|"
5314,5314,"CCCCCC(=O)NC(=O)NC |$;;;;;;M;;;;;$,Sg:n:5:a:ht,Sg:n:1,2,3,4:D:ht|"
5315,5315,"C1=CC(=NC2=C1OC(C(=O)N2)C(=O)O)Br.CC.CN=S(C)(N)=O |$;;;;;;W1;;;;;;;;X;;R79;;;;;;$,m:15:0.5.4.3.2.1,m:17:6.7.8.10.4.5|"
5316,5316,"C1CCOC(C1)OC2=CN=C(NC2=O)[S-].CN(C)N=[N+]=[N-] |$;;M8;;;;;;;;;;;;;;;;;;$,m:15:8.9.10.11.12.7,Sg:n:11:E:ht,Sg:n:1:Y:ht|"
5317,5317,CC(=O)NC(CSCC(=CCl)Cl)C(=O)O |$;;;;;A4;;;;D0;K;;;;$|
5318,5318,"CNCCC(=O)NC1=NC=C(C=C1)Br.CC |$;D;;;;;;;K5;;;;;;;R2$,m:14:7.12.11.10.9.8,Sg:n:2,3:c:ht|"
5319,5319,"C1=C(C(=O)NC(=O)N1CCCBr)F |$;W;;;;;G;;;;;;$,Sg:n:8,9,10:i:ht|"
5320,5320,"C[C@@H]1C2=C1C(=O)NC3(C2=O)CC3=C.COP(=S)(S)OC |$;;T7;;;;;;;;L1;;;;;;;;;$,m:13:1.2.3|"
5321,5321,"CC1=CC(=C(C=C1)C(=O)NCCCO)O.CN(C)P(C)(=O)O |$;;;;;;;D4;L;;;;;;;;;;;;;$,m:15:1.6.5.4.3.2|"
5322,5322,"CCCCCCOC1=C(C(=O)NC=N1)Br |$;;;W;;;;;L3;;;;;;$,Sg:n:3,4:c:ht|"
5323,5323,"CCC(CC)(CNC(=O)C1CCC1)O.CC |$;;;;;;;;D;;;;Y6;X;;T08$,m:14:9.12.11.10|"
5324,5324,"CCOC(=O)CC1CCCNC(=O)C1.CNOC |$;T;;;;;;;;M;;;;;;;;$,m:14:6.7.8.9.10.11.13,Sg:n:8:J:ht|"
5325,5325,"C(CC#N)CNC(=O)C1=NON=C1N |$U5;;;;;W4;;T;;;;;;$,Sg:n:13:p:ht,Sg:n:10:y:ht|"
5326,5326,"CC(C)[C@@H](C(=O)NCC1=CC(=CC=C1)C2=CN=CO2)NC(=O)OC |$;;;;D;;Y9;;;;;;;;;;;;;;W7;;;K4$,Sg:n:2:N:ht,Sg:n:8:G:ht|"
5327,5327,"CC(C)SCC(=O)NC1CCC(CC1)O.CC |$;M3;;;;;;;;;;;;;;;Y04$,m:15:8.13.12.11.10.9|"
5328,5328,C1=CC(=C(N=C1)C(=O)NC2=CN=NS2)O |$;;;;;;;Q;;;;;;;$|
5329,5329,CCC(CC)NC(=O)CSC(C)CO |$;;;;;;;;;;;W4;;$|
5330,5330,"O=c1ccc2ncccc2[nH]1.CS(=O)(=O)C=O.CC=C=NC |$;;;;;;;;;;;;;;;;;;;;;$,m:11:1.10.9.4.3.2,m:17:5.6.7.8.9.4|"
5331,5331,"C1=CN=C(N=C1)NC(=O)C2=C(C=CC(=C2F)[N+](=O)[O-])F.COP(N)(=O)OC.CP=O |$;;;;;;;;;;;;;W;;;;;;;;;;;;;;;;$,m:20:0.5.4.3.2.1,m:27:10.11.12.13.14.9|"
5332,5332,"C1CC1NCCNC(=O)C(F)F.CC |$;;;;T;;;;;;Z;;;Q$,m:12:0.1.2,Sg:n:4,5:M:ht|"
5333,5333,"CCN1CC(=O)NC2=C1C=CC(=C2)Cl.COC(=O)ON(C)C |$;;;;;;;;;;;;;;;;;;;;;$,m:14:9.10.11.12.7.8,Sg:n:8:G:ht|"
5334,5334,"CCC(CC)(CNC(=O)CC1=CC(=CC=C1)Br)CBr.CC |$;;;;;;;;;;;;X;;;;;;;;R3$,m:19:10.15.14.13.12.11|"
5335,5335,CN(CCS(=O)(=O)C)C(=O)NC(=O)CCl |$E;;;;;;;B;;;;;;;$|
5336,5336,"CC(CNC)CNC(=O)C1=CN=CN=C1.CC |$;;;;;;;;;;;;;K;;;R$,m:15:9.14.13.12.11.10,Sg:n:4:s:ht|"
5337,5337,CSCC(=O)NC1=CC=C(C=C1)CN |$;;;;;;;W;;;;T;;$|
5338,5338,"CONCC1=NC2=CC=CC=C2C(=O)N1.CC.CSP(C)(C)=O |$;;;;;;;G;;;;;;;;;R;;;;;;$,m:15:4.14.12.11.6.5,m:17:7.8.9.10.11.6|"
5339,5339,"C=CCNC(=O)C1=C(C=CC(=C1)Cl)F.CC |$;;;;;;;;J;;A1;;;A9;;R$,m:14:6.11.10.9.8.7|"
5340,5340,"CCC1(CC1)[C@@H](C(=O)NCCSCC)N.CC=NC(C)=NNC |$;;;;;;;K;;;;;;;;;;;;;;;$,m:15:2.3.4,Sg:n:9,10:c:ht|"
5341,5341,"C1=CC=C(C(=C1)C(=O)NCN)C(=O)O.CN(C)C(=S)N(C)N |$;;E;;;;;;;G;;;G3;;;;;;;;;$,m:14:0.5.4.3.2.1|"
5342,5342,CC1(CC1NC(=O)C2=CC(=CN2)Br)C |$;;;;;;B;E;;;;;;$|
5343,5343,"CC(C)C(C1=CC(=O)NC(=C1)O)N.CC |$W1;;Q1;;;;;;;B;L8;;;;R$,m:13:4.10.9.8.6.5|"
5344,5344,CC(=O)NC1=CC=C(C=C1)C#C |$;;;Q;;;;;;;;$|
5345,5345,"CN1C(=CC=N1)CCNC(=O)C2CCCC2C(=O)O.CC(O)S.CC |$;;;;;;;;;;;;;;;;;;;;;;;;T$,m:19:1.2.3.4.5,m:23:12.11.15.14.13,Sg:n:6,7:H:ht|"
5346,5346,"CCC(C)C(=O)NC1=NOC=N1.CN=C(NC)N(C)N |$;;;;;;;D;;;;;;;;;;;;$,m:12:7.8.9.10.11|"
5347,5347,"CC/C(=C\C=C/C)/CNC(=O)C(C)C |$;;;;;;;;;;;;;$,Sg:n:1:C:ht|"
5348,5348,"CC(=O)NC1=CC=C(C=C1)O.CC |$;;;T;;;;;;;;;R27$,m:11:4.9.8.7.6.5,Sg:n:3:z:ht|"
5349,5349,"C1CNCC1CNC(=O)C2=C(C=C(C=C2)Cl)Br.CC=NN(C)N=C(C)C |$;;;;;;;;;U9;;;;;;;;;;;;;;;;$,m:17:10.11.12.13.14.9,Sg:n:1:d:ht|"
5350,5350,"CC1CCCC(C1)CCNC(=O)CNC.CC |$;Q9;;;Z5;;;;;K3;;;;;Z;;L$,m:15:1.6.5.4.3.2,Sg:n:1:i:ht,Sg:n:7:X:ht,Sg:n:7,8:J:ht|"
5351,5351,"CC1=NC=CC(=C1)CN(C)C(=O)C2CSC(C(=O)N2)(C)C.CN(C)S(=O)O |$;;;;;;;;;;U3;;;;;;;;;;;;;;;;$,m:21:1.6.5.4.3.2,Sg:n:18:l:ht|"
5352,5352,"CCC[C@H](C)NC(=O)C1=C(C=C(C=C1)Cl)[N+](=O)[O-] |$;;;;;;;;;;;;;;;;;$,Sg:n:1,2:T:ht|"
5353,5353,"CNC(=O)/C=C/C1=CC2=CC=CC=C2O1.CNC(=N)OC |$;;;;;;;;;E8;;;;;;;;;;;$,m:15:9.10.11.12.13.8|"
5354,5354,"C1CC(C(C1)NC(=O)C2CCNCC2)C3=CC=CC=C3.CC(C)=NN=[N+]=[N-] |$;;;;W4;;;;;;;;;;;;;;T3;;;;;;;;$,m:20:15.16.17.18.19.14,Sg:n:0:N:ht|"
5355,5355,"CC(C)(C)C1=NN=C(S1)C(=O)NC.COC(OC)(OC)OC |$;;L7;;;;X;;;;;X9;;;;;;;;;;$,m:13:4.5.6.7.8|"
5356,5356,"CCCC1(CCCNC1)C(=O)NCCO |$;;;;W;;;;;;;;;;$,Sg:n:1,2:Y:ht|"
5357,5357,"C[C@@H](C(=O)NC1=C(C=C(C=C1Cl)F)Cl)N.CC |$;;;;;;;;;;;;;;;;R$,m:15:5.10.9.8.7.6|"
5358,5358,"CC1=NN=C(S1)SCC(=O)NC(C)C.COSO |$B;;;;;;;;;;;;;;;;;$,m:14:1.2.3.4.5|"
5359,5359,COC(CON=[N+]=[N-])C(=O)NC1CC1 |$;W;;;;Q;;;;;;;;$|
5360,5360,CCNC(=S)NC1=NC(=CC(=O)N1)C |$;;;;;;;;;;;V2;;$|
5361,5361,"C[Se]CC(C(=O)NCCO)O |$;;;;;D;U4;;;;$,Sg:n:8:G:ht,Sg:n:7,8:S:ht|"
5362,5362,"CCN(C)C(=O)C(C)NCCNC(=O)C |$;;;;;;;;;;;;;Y3;$,Sg:n:0:z:ht,Sg:n:9,10:J:ht|"
5363,5363,"C1CCC2(CC1)CCC2NC3CCC(=O)NC3=O.CC.COS(=O)(=O)SC |$;;;L3;;;;;;;;;;;;;;;;R;;;;;;;$,m:18:0.5.4.3.2.1,m:20:6.7.8.3,Sg:n:1:k:ht|"
5364,5364,"C1C(CN1)C(=O)NC2=C(C=NC=C2)I.C[N+](=O)[S-].CN=C=N |$;E;;;;;;;;E;;;;;;;;;;;;$,m:14:0.3.2.1,m:18:8.9.10.11.12.7|"
5365,5365,"CC(C)C1C(=O)NC(C(=O)N1)(C)C2CC2.CC.COC(OC)(OC)OC |$;;;;;;;;;;;;;;;;R9;;;;;;;;;$,m:15:3.10.8.7.6.4,m:17:13.12.14|"
5366,5366,"CCCC1=C(C=CO1)C(=O)NC(C(C)CC)C(=O)O |$;;;;;;;;;;;Z;;;;G8;;;$,Sg:n:1,2:T:ht|"
5367,5367,"COC1=NC(=NC2=C1N=CC(=O)N2)N.CC |$;;;;;;;;;;;;;;;Y26$,m:14:2.7.6.5.4.3|"
5368,5368,CC(C)(C)C1=CC=C(NC1=O)C(C)(C)C |$J;;;;;;;;;;;;;;E$|
5369,5369,"C[C@@H](C(=O)NCC1(CCCC1)CCO)N |$;;;;;D1;;;;;;Q0;;;$,Sg:n:13:I:ht,Sg:n:5:y:ht,Sg:n:5:H:ht,Sg:n:11,12:f:ht|"
5370,5370,"CC1CCNC(C1)C(=O)NCC(C)OC.CC |$;;;;;;;;W;;;;;;T;;R44$,m:15:1.6.5.4.3.2,Sg:n:11:k:ht,Sg:n:1:I:ht|"
5371,5371,CCC(CC)CNC(=O)C=C |$;;;E9;;;;;T;;$|
5372,5372,"CC(=O)NC1=CC=CC2=C1C(=O)NC=C2.CC=NN(C)C=O |$;;;;;;;;;;;;;;M;;;;;;;$,m:15:4.9.8.7.6.5,Sg:n:5:G:ht|"
5373,5373,"CC(C#N)C(=O)NC1CCSCC1.CC |$;;;;;;;;;;;;;;G$,m:13:7.12.11.10.9.8|"
5374,5374,"CC1CCC(CC1)NC(=O)CCN.COS(=O)(=O)N(C)C |$;;;;;;;;;;;;;;;;;;;;$,m:13:1.6.5.4.3.2,Sg:n:7:z:ht,Sg:n:9:S:ht,Sg:n:10,11:z:ht|"
5375,5375,"CC(CC(C)(C)C)C(=O)NCC=C |$;;;;U;;;;;;;;$,Sg:n:11:e:ht|"
5376,5376,"CCC[C@@H](C(=O)O)NC(=O)CC1CNC1.CC |$;L3;;;;;;;;;;;;;;;R9$,m:15:11.14.13.12,Sg:n:1,2:X:ht|"
5377,5377,"CCCCC1(CNC(=O)C1CO)C |$;;;;;Z;;;;;;;$,Sg:n:0:s:ht,Sg:n:8:g:ht,Sg:n:2,3:a:ht|"
5378,5378,CC(C)(C)CCC(=O)NC(C)(C)C(=O)O |$;Y;;;;;;;;U;;;;;$|
5379,5379,"C1=CC=C(C=C1)C(CBr)NC(=O)C2=CC=CC=C2Cl.CN=C(NC)N(C)NC.CC |$;;;;;Z;;;;;Z;;;;;;;;;;;;;;;;;;;X$,m:19:0.5.4.3.2.1,m:28:13.14.15.16.17.12|"
5380,5380,CCNC(=O)/C=C(/C)\N |$;Y;Q5;;;;;;$|
5381,5381,"C[C@H](CN)NC(=O)C1=CC(=C(C=C1)I)O.CC |$;;D;;W;;;;J;;;;;;;;T2$,m:15:7.12.11.10.9.8|"
5382,5382,"CC1(CCN(CC1)C)CNC(=O)CCBr |$;;;;;;;;;;;;B6;;$,Sg:n:7:W:ht,Sg:n:12,13:p:ht|"
5383,5383,"CC1(CC(=O)NC(=O)C1(CCN(C)C)C2=CC(=CC=C2)OC)C.CC |$;;;;;;;K;;;;Q7;;;;;;;;;;;;;L0$,m:23:1.8.6.5.3.2,Sg:n:0:m:ht,Sg:n:9,10:F:ht|"
5384,5384,CC1=NC(=CC(=O)N1)NCCC(=O)OC |$;;;;;;L;;;;;;K;;$|
5385,5385,"CC1=C(N(N=C1)C)C(=O)NC2=C(C=CS2)C#N.CC |$;;;G;;;;;;K;K1;;;;;M9;;;A$,m:17:1.2.3.4.5,Sg:n:8:G:ht|"
5386,5386,"CCOC(=O)C1CC(CNC1=O)(C)C |$;;L;;;;;;;J7;;;;$,Sg:n:9:b:ht|"
5387,5387,"CC(C)(C)N1C2=C(C=N1)C(=O)NC(=N2)Cl.CC=NC(N)=O.CC |$;;;;;;;;;;;;;T;;;;;;;;;Y$,m:15:4.5.6.7.8,m:21:9.11.12.13.5.6|"
5388,5388,"C1C[C@@H](NC1)C(=O)NCCC(=O)O |$;;T;;;;;;;;;;$,Sg:n:8:F:ht,Sg:n:4:A:ht|"
5389,5389,"C1CNC[C@H]1NC(=O)C2=CC(=C(S2)Br)Br.CN=C(NC)NC.CC |$;Q;;;;;;A2;;;;;;;;;;;;;;;;V6$,m:15:0.1.2.3.4,m:22:9.8.12.11.10|"
5390,5390,"C1=C(C(=O)NC=C1[C@@H](CO)N)[N+](=O)[O-].COC(=S)C(C)O |$;;;D;B;B;;;G;;;;;E7;;;;;;;$,m:14:0.6.5.4.2.1|"
5391,5391,"CC(C)(C(=O)NCC1=CNC=C1)OC.CC |$;;;;;X7;;;;;;;;;;U2$,m:14:7.8.9.10.11|"
5392,5392,"CC(/C(=N/O)/N)C(=O)NCCN1CCOCC1.CN(C)N(C)C=O |$;;Y;;;;;;;;;;;;;;;;;;;;;$,m:17:11.16.15.14.13.12,Sg:n:9,10:Z:ht|"
5393,5393,"C1C(=O)NC2=C(N1CC#N)N=CC=C2.C[NH+]=[N-].CC=[N+](C)C |$;;;;;;;Q;;D;U4;;;;;;;;;;;$,m:14:0.6.5.4.3.1,m:17:10.11.12.13.4.5,Sg:n:13:v:ht|"
5394,5394,CC(=NC)C(=N)/C(=C\C(=O)NC)/N |$;;;;;;L;;;;;;$|
5395,5395,"CCCC(CN)C(=O)NC1=NN(N=N1)C.CN(C)NC=O |$;;;M7;V;;;;;;Y7;;;;;;;;;;$,m:15:9.10.11.12.13,Sg:n:1,2:T:ht|"
5396,5396,CC(C)C[C@@H](C(=O)NCC(=O)Cl)N |$V;;;;;;;;;;;;T0$|
5397,5397,"CCC(C)(C)NC(=O)C1=C(NN=C1C)C.CC(=O)N(C)C=O |$;V4;;;;;;;;;;;;;;;;;;;;$,m:15:8.9.10.11.12|"
5398,5398,"CC1CNCC1NC(=O)C2CCC(=O)N2.CC |$;;;;;;M3;;;;;;;;;;R$,m:15:1.2.3.4.5,Sg:n:7:E:ht|"
5399,5399,"C1=CC(=CC=C1C2(C3=CC(=C(C=C3NC2=O)Cl)Cl)NC(=O)CCl)Cl.CN(C)C(=O)N=[N+]=[N-].CN=S=NC |$;;G9;;;;;;W;;E2;;;;;;;;L;;;;;;;;;;;;;;;;;;$,m:24:8.9.10.11.12.7,m:32:13.12.7.6.14|"
5400,5400,CCNC(=NCCNC(=O)C(C)(C)C)NC1CCN(C1)CC2=CC(=CC(=C2)OC)OC |$;;;;;;;;;V8;;;;;;Y8;D;;;Z;W2;;;;;;;;;;$|
5401,5401,"CC1=CC2=C(NC(CC(=O)N2)C(C)(C)C)N=C1.CC |$;;;;;;;;;;;D5;;;;;;;E5$,m:17:5.4.3.10.8.7.6|"
5402,5402,"CC1=CC(=CC(=N1)Cl)C(=O)NC(C)(C)CO |$;;T;;;Q;;;;;;;;;;$,Sg:n:2:P:ht|"
5403,5403,"CC1=C([C@H](C2=C(N1)CCCC2=O)C3=C(C=C(C=C3)OC)OC)C(=O)NC4=C(C=CC=C4F)F.CC.CSC=S |$T;Y5;;;D;;;;;;;;;;;;;;;L0;;;;;;;;;;;;;;;R3;;;;$,m:33:1.6.5.4.3.2,m:35:7.8.9.10.4.5|"
5404,5404,"C=CC(=O)NC1=C(C(=CC=C1)F)F.CC |$;;;U;;;;;;;;;;;R$,m:13:5.10.9.8.7.6|"
5405,5405,"C1=C2C(C(=O)NC2=CC(=C1Cl)Cl)N=O.CC |$;;;;;;Z;;;;;;;;;R$,m:14:0.9.8.7.6.1|"
5406,5406,"C[C@@H](C(=O)N[C@@H](CCC(=O)O)C(=O)O)N |$W;;;;;;;;;;W;;;;D8$,Sg:n:6,7:U:ht|"
5407,5407,"C1COC[C@H]([C@]1(C2=CC=CC=C2)O)N3CCC4(CC3)C(=O)NCN4CCC(F)(F)F.CN(C)P(C)(=S)N(C)C |$;;;;Y0;;;K5;;;;;;X;;;;;;A9;;;;;;;;;;;;;;;;;;;$,m:30:0.5.4.3.2.1,Sg:n:23:W:ht,Sg:n:24,25:m:ht|"
5408,5408,"C1CC(C1)C(=O)NCC2(CC2)CCN |$;;;U4;;;;D4;;;;;;$,Sg:n:11:D:ht,Sg:n:7:w:ht,Sg:n:11,12:Z:ht|"
5409,5409,"C1=C2C(=NC(=N1)C(F)(F)F)NC(=O)C=N2.CC(=N)N(C)O.CC(C)=NN(C)C(=O)N(C)C |$;;;;;;;;;;;;Z;;Q4;;;;;;;;;;;;;;;;;$,m:15:0.5.4.3.2.1,m:21:10.11.13.14.1.2|"
5410,5410,"CCNCCNC1=CC(=O)NC=N1 |$;;;;;;T7;;;;;;$,Sg:n:3,4:o:ht|"
5411,5411,"CCC(CCO)NCC(=O)NCC(C)C |$;;;;;;;;;;;;;;$,Sg:n:12:e:ht,Sg:n:12:P:ht,Sg:n:3,4:e:ht|"
5412,5412,"C1=C(C(=O)NC(=C1C(=O)O)O)C(=O)N.CN=CN(C)C(C)=O |$B5;;;;;;;;;;;Z;;;;;;;;;;$,m:14:0.6.5.4.2.1|"
5413,5413,"CC1=NN=C(N1C2CC2)NC(=O)[C@@H]3CN(C[C@H]3C(F)(F)F)C.CNN(C)C.CC |$;E;;;;;;;;;;;;;;;;;U;;;;;;;;;;J$,m:22:7.6.8,m:27:13.12.16.15.14|"
5414,5414,"CCCC(CCCl)CNC(=O)C |$;;;;Z;;;;;;;$,Sg:n:0:b:ht,Sg:n:1,2:z:ht|"
5415,5415,"CC(/C(=N/O)/N)NC(=O)C1CCC1.CC |$K;;;;;;Q;;;;;;;;Y66$,m:13:9.12.11.10,Sg:n:2:D:ht|"
5416,5416,"CNC(=O)CC(CN)NC1CCCC1.CSC(=O)O |$;;;;;;;;;;;;;;;;;;$,m:14:9.10.11.12.13|"
5417,5417,"C[C@H](CC(=O)NC1=CC=C(C=C1)Br)CBr.CC=NN=C(C)NC |$;;Q;L;;;;;;V0;;;;;Q;;;;;;;;$,m:15:6.11.10.9.8.7|"
5418,5418,"COC1=CC=C(C=C1)C2(CCCC2)C(=O)N[C@@H]3CCCNC3=O.CC=NN(C)N=CC |$;;;;;;;;;;;;;;;T;;;;;;;;;;;;;;;$,m:23:17.18.19.20.21.16|"
5419,5419,"C1CC1(CNC(=O)C2C3=CC=CC=C3OC4=CC=CC=C24)C5=CC=C(C=C5)F.CC.CC=NNC(C)=O.CC.CC |$;;;;;;;;;;;;;;;;;E1;;;;;;;;;;;;R;;;;;;;;;R;;R$,m:28:0.1.2,m:30:9.10.11.12.13.8,m:37:14.15.20.7.8.13,m:39:22.23.24.25.26.21,Sg:n:15:F:ht|"
5420,5420,"C1CNC(=O)C1CCC(=O)N.COC(C)(C)S |$;;;;;;;E;;;;;;;;;$,m:11:0.1.2.3.5,Sg:n:1:E:ht,Sg:n:6,7:o:ht|"
5421,5421,"CC(C(F)F)NC(=O)C1=NC=NN1.CC |$;;;;;U6;;;;;;;J;;R$,m:13:8.9.10.11.12|"
5422,5422,COC(=O)C[C@@H](C(=O)NCC#C)N |$;;;;;;;;;;;B9;$|
5423,5423,"CC1=CSC(=C1NC(=O)C2=C(C=CC=C2F)F)C(=O)O.CC.CNN=C(C)NC |$;;;;;;;;;;;;;;J8;;;;;;;A;;;;;;;$,m:20:1.2.3.4.5,m:22:10.11.12.13.14.9|"
5424,5424,"CC(C)(C)N1C2=C(C=N1)C(=O)NC(=N2)NC3CCN(C3)C(=O)C4=CC=CC=N4.CC.CON(C)SC |$;;M3;;;;;;;;;;;;;;;;;;;;;;;;;;;T3;;;;;;$,m:28:9.11.12.13.5.6,m:30:16.15.19.18.17|"
5425,5425,"CC(C)C(=O)NC1=CC(=NC=N1)Cl.C[N+](C)=[N-] |$;;U;;;;;;;;;E7;;;;;$,m:13:6.11.10.9.8.7|"
5426,5426,"C1CCN[C@H](C1)C(=O)NCC2CCCS2.CN=CC(=O)O |$;;;;;;;;;T;;;;;;;;;;;$,m:15:11.10.14.13.12|"
5427,5427,"C1CCNC(C1)CNC(=O)C2=CC=CO2.CC |$;;;;;;;;A0;;;;Q;B0;;;R$,m:15:11.10.14.13.12,Sg:n:3:G:ht|"
5428,5428,"CCCCNC(=O)C1=NC(=CC=C1)S(=O)(=O)C(Br)(Br)Br.CNC=NOC |$;;;;;;;;;;;;A5;;;;;;;;;;;;;$,m:20:7.12.11.10.9.8,Sg:n:14:E:ht|"
5429,5429,"CCC(CCCl)NC(=O)C1=CC=CC=C1F.CC |$;;;;;;;;;;;A;;G1;;;;X$,m:16:9.14.13.12.11.10,Sg:n:3,4:A:ht|"
5430,5430,"CN1C=C(C=C1C(=O)NCC(=O)N)Br.CS[N+](=O)[O-] |$;K6;;;;;;;T6;;;;;;;;;;$,m:14:1.2.3.4.5,Sg:n:4:P:ht|"
5431,5431,"CC1=C(SC=C1)C(=O)NC[C@@H](C(=O)O)O |$;;;A;;;U4;;;;;;;;$,Sg:n:6:n:ht|"
5432,5432,CCC(C(=O)Cl)NC(=O)C(Br)(Br)Br |$;;;;;;Z;;;;;;$|
5433,5433,"CNC(=O)C1=C2C=CSC2=CC=C1.CC |$;;;;;;;;;;;;;;R$,m:13:4.12.11.10.9.5|"
5434,5434,"CC1=C(C=C(C=C1)NC(=O)CC2CNC2)Br.CC |$;;;;;;;;;;;;;;;;;M0$,m:16:12.13.14.11,Sg:n:13:A:ht|"
5435,5435,CC(CN1CCCC1)NC(C)C(=O)NC |$;;;V;U5;;;;;;;;;;X$|
5436,5436,"CN(C)CCCNC(=O)C1(CC1)CN.CC=NNC(=NC)NC |$;;;;;;;;;;;;;;;;;;;;;;$,m:14:9.10.11|"
5437,5437,C1C(C(=O)NC2=C1C=C(C=C2C#N)F)O |$;;W5;;;;;;;;;;;;$|
5438,5438,"CN1/C(=C\2/CCOC2=O)/C(=O)NC1=O.CC(=N)C(C)=N |$;;;U9;;;;X;;;X;;B8;;;;;;;$,m:14:1.2.9.11.12|"
5439,5439,"CC(C)C(C)(CC(=O)O)NC(=O)CSC |$B;;;;A3;;;;;;;;;;$,Sg:n:2:O:ht|"
5440,5440,CC(C)C(=O)NC1=CC=C(C=C1)C(C)N |$;;Z;;;;;;;;;;;;$|
5441,5441,"COCC1=CC(=O)NC(=N1)C2=CC(=CC=C2)OC(F)(F)F.CC |$;;V;;;;;;;;;;;;;;;;;;;;Z91$,m:21:11.12.13.14.15.10|"
5442,5442,"CNCCCCC(C(=O)NC)NC=O |$;;;;;;;;;;;Q3;;$,Sg:n:8:C:ht,Sg:n:10:J:ht,Sg:n:2,3,4:L:ht|"
5443,5443,"CS/C=C/C(=O)NC1=NCC(=O)N1.CSN=O |$;;;;;;;;;;;;;;;;$,m:13:7.8.9.10.12,Sg:n:10:y:ht|"
5444,5444,C1=C(C(=O)NC(=C1)Br)CC(=O)O |$;;;;;;A;;;;;$|
5445,5445,"CC1=C(C=CC=C1F)NC(=O)C(C)C.CC |$E4;;;A0;;;V7;;;;;A7;;;;W45$,m:14:1.6.5.4.3.2,Sg:n:2:N:ht|"
5446,5446,CC1=C(C(=C2C=CNC2=C1NC(=O)CCl)Br)CC(=O)OC |$;;;X2;;;;;;;Q0;;;J3;;B;;;;;$|
5447,5447,"CCC(C)NC(=O)C1=C(N=NC(=C1)C)C.CN=C(OC)N(C)N(C)C |$;;;;;;;;;;;Q1;D2;;;;;;;;;;;;$,m:15:7.12.11.10.9.8|"
5448,5448,"CCOC1=CC=CC=C1C(=O)[C@H]2[C@@H]3CCCN3[C@]4([C@@]25C6=CC=CC=C6NC5=O)C7=CC(=CC(=C7NC4=O)C)C.CNN(C)C(C)=O.CNN(C)N=C(C)C.CC.CS(=O)(=O)Br |$;;;;;;;;;;;;;;;;;;;;;;;;;Y;;;;;;;;;;;;;;;;;;;;;;;;;;;;;;W;;;;;$,m:39:3.8.7.6.5.4,m:46:13.12.16.15.14,m:54:29.30.31.32.33.28,m:56:34.33.28.17.35,Sg:n:26:E:ht|"
5449,5449,"CC1=C(C=CC(=C1)C(C)N)NC(=O)C.CC |$;T0;;;;;;;;;;;;;;W$,m:14:1.6.5.4.3.2|"
5450,5450,"CC(C)C1CC(OC1=O)[C@@H]2CCC(=O)N2 |$;;;;;;M5;D;;;;;;;$,Sg:n:8:A:ht,Sg:n:13:w:ht|"
5451,5451,"CC(C)(C)NC(=O)CN(C)CC1CNCCO1.COC(C)(C)N(C)C |$;;;;;;;;J;;;;;;;;;;;;;;;;$,m:17:11.16.15.14.13.12,Sg:n:9:f:ht|"
5452,5452,"C1=NC(=C(C(=O)N1)Cl)S(=O)(=O)CCCl.CC |$;;;B;;;;;E;;;;;;;R$,m:14:0.6.4.3.2.1,Sg:n:11,12:g:ht|"
5453,5453,"CC(CCNC(=O)C1CCSC1)Cl |$;;;;J7;;;X6;;;;;$,Sg:n:2,3:b:ht|"
5454,5454,"CCC1=CC(=C(NC1=O)C)C2=CC=C(S2)CN3CCC(C3)OC.CN=C(C)C=N |$;;;;;;W8;;E1;;;;V3;D;;;;;;;;;;;;;;;$,m:23:11.10.14.13.12,Sg:n:1:z:ht,Sg:n:12:S:ht|"
5455,5455,"C1CCSC(C1)C(=O)NC2CCCC2Br |$;;;;;U6;;Y;;X0;;;;;$,Sg:n:6:Q:ht,Sg:n:2:D:ht|"
5456,5456,"CC(C)(CC(=O)N)NC(=O)C1=CC=CC=C1C#CCN |$;;;;;;;;;;;;;U6;;;Z;;;$,Sg:n:18:b:ht|"
5457,5457,"CN(C=C1CC(NC1=O)OO)C=O.CS(=O)N=[N+]=[N-] |$;;;;;;;;X;;;;;;;;;;$,m:13:3.4.5.6.7,Sg:n:5:A:ht|"
5458,5458,"C1=CC=C(C=C1)NC(=O)C[C@H](CCl)O.CNS(C)(=O)=O |$K5;;;;;;;K6;;;M6;;;;;;;;;$,m:14:0.5.4.3.2.1|"
5459,5459,"C1=NC=NC(=N1)C(=O)NC(=O)N.CNC(=O)N(C)S(C)(=O)=O |$;;;;;;;;;;;;;;;;;;;;;$,m:12:0.5.4.3.2.1|"
5460,5460,"COCC(C(=O)NCC1COCCO1)N |$;;;;;;;;;;;U;;;$,Sg:n:4:x:ht|"
5461,5461,CC1=C(C=CC(=O)N1)C(CC#N)N |$;;;;;;Y9;;;;;;$|
5462,5462,"CCNCC1=CNC(=O)NC1=O.CC |$;;;;;;;;;W0;;U8;;R2$,m:12:4.10.9.7.6.5|"
5463,5463,CNC(=O)CCN1C=C(C=N1)[N+](=O)[O-] |$;;;;T3;;A2;;U7;;;;;G$|
5464,5464,"CCCC(CCC(=C)C)NC(=O)CC |$;;;;K1;;;;T1;;;J;B1;$,Sg:n:4,5:G:ht|"
5465,5465,"CCC(C1C(=O)NC(=O)NC1=O)C(C)O |$X;;;;;;;G9;;;;;;;$,Sg:n:14:o:ht|"
5466,5466,"CC1=CC2=C(C=C1OC)C(=C(N2CC3=CC=CC=C3[N+](=O)[O-])Cl)/C=C/4\C5=CC=CC=C5NC4=O.CC |$;;;;;;J;;;;;;;T;;;;;;;;;;;;;;;;;;;;;;G23$,m:34:1.6.5.4.3.2|"
5467,5467,"CC(C)[C@H](C(=O)NCC1=CC=C(S1)Cl)N.CC |$;X5;;;;;;;;;;;;;;;T1$,m:15:8.9.10.11.12|"
5468,5468,CC1(CCNCC1)NC(=O)COC |$;;;;;;;X;;;;G2;$|
5469,5469,"COC(CN)C(=O)NCC(F)(F)F |$;;;;;;W1;;;;;;Y$,Sg:n:5:z:ht,Sg:n:2:r:ht|"
5470,5470,"C1C(=O)NC2=NC(=C(C=C2S1)Cl)N=[N+]=[N-].CC |$;V0;;K;;;;;;;;;;;;;G43$,m:15:0.10.9.4.3.1|"
5471,5471,"CN(C)S(=O)(=O)N1CNC(=O)C2=C1C=C(C=C2)Cl.CC |$;U;V;;;;;;;;;;;;;;;;;E6$,m:18:13.14.15.16.11.12|"
5472,5472,"C1C(CNC1=O)C2=NC=CC(=C2)CO.CNOC(C)=S |$;;;;;;;L7;;;;;;;;;;;;$,m:14:0.1.2.3.4|"
5473,5473,"CC(C)CCCNC(=O)C(C)(C)O |$;;X;M;;;;;;;;;$,Sg:n:3,4,5:j:ht|"
5474,5474,CC(C1=NN(C=C1)C)NC(=O)C(C)Cl |$;;;;;;K;;;;;;Z;B$|
5475,5475,"CC(CCNC(=O)CCOC)C(=O)O |$;;;;;;;;;;;;;$,Sg:n:7,8:o:ht|"
5476,5476,"CC1=NC(=NO1)C2(CCCC2)NCC(=O)NC(C)C(=O)N3CCCCC3.CC.CC |$;;;;;;;;;;;;;;;;;;V3;;;;;;;;;K7;;R$,m:26:7.6.10.9.8,m:28:21.22.23.24.25.20,Sg:n:25:m:ht,Sg:n:18:J:ht|"
5477,5477,CNC(=O)CC1=CC(=O)NC(=S)N1 |$;;;;G2;;;;;;;;$|
5478,5478,CCOC(=O)/C=C\NC(=O)C1=CC=CS1 |$;;;;;;;;;;;K2;;;$|
5479,5479,"C[C@@H]1CC=CCCC(=O)N[C@@H](COC1=O)C |$;;;;;D2;T;;;;;;;;;$,Sg:n:11:C:ht|"
5480,5480,"CCC1C(=O)NCCN1S(=O)(=O)C2=C(C=C(C(=C2)N)F)Br.CC |$;;;;;G;;;;;;;;;;;;;;;;;K01$,m:21:2.8.7.6.5.3,Sg:n:13:s:ht,Sg:n:17:t:ht|"
5481,5481,"CCOC1=NC(=C(N1)C)C(=O)NC.CC |$;;;U;;;;;T;;;;;;R$,m:13:3.4.5.6.7,Sg:n:5:U:ht|"
5482,5482,"CC(C1CC1)NC(=O)C2CCCNC2 |$;;;;;;;;Q;;;;;$,Sg:n:10:P:ht,Sg:n:2:Y:ht,Sg:n:1:n:ht,Sg:n:4:o:ht|"
5483,5483,"CC(C)C1=CSC(=N1)NC(=O)C(C)C#N |$;;;;;;;;;;;;;;$,Sg:n:4:P:ht|"
5484,5484,"CC1=CC(=NO1)CNC(=O)C2=CC=NN2.CC |$;;;;;;Q;;;;;;;;;;R75$,m:15:11.10.14.13.12|"
5485,5485,"CCC(=O)NCCCC1CO1 |$;;A7;V;;K;;;;;$,Sg:n:4:p:ht,Sg:n:0:z:ht|"
5486,5486,"CC1=CC2=C(C=CC(=C2C=N1)[N+](=O)[O-])NC(C)C(=O)NC.CC |$;;;;;;;;;;;;;;;;;;;;;;R3$,m:21:1.10.9.8.3.2|"
5487,5487,"C[C@H](C1=CC(=CC=C1)[N+](=O)[O-])NC(=O)C2=C(C=CO2)C3=CC=CC=C3.CC(N)=NN(C)C.CC |$;;Q;;G0;;;;;;;;;;;;;B1;;;;;;W;;;;;;;;;;M44$,m:25:16.15.14.18.17,m:32:20.21.22.23.24.19|"
5488,5488,"C1CC1NC(=O)CCN.CC |$;;;;;;;;;;R8$,m:9:0.1.2,Sg:n:6,7:F:ht|"
5489,5489,"CC(CNC(=O)C1=CC(=CN1C)Br)O.CC |$;;;;;;;V;;;;;;;;Z8$,m:14:6.7.8.9.10|"
5490,5490,"C1=CC=C(C=C1)NC(=O)CCCCCl |$;;;;;;;;;;;;;$,Sg:n:9,10,11,12:t:ht|"
5491,5491,"CCC[C@H](C(=O)O)NC(=O)CNC(C)C |$;;;;D;;;;;;;;;;$,Sg:n:2:p:ht|"
5492,5492,"CC(C)C1C2(CC(C2)(OC)OC)C(=O)N1.CC |$;;;;;;;;;;;;;;;;L47$,m:15:3.14.12.4|"
5493,5493,"CCCCCNC(=O)C1=NON=C1N |$;;;;;;Y1;;;;;;;$,Sg:n:12:b:ht,Sg:n:4:m:ht|"
5494,5494,CC(=O)C(=C)C(=O)NC1=CC=CC=C1Cl |$;;;W;;;;;;;;;;;$|
5495,5495,"C1CNC(=O)CN(C1)CC2=C(C=CS2)Br.CSN(C)C(=O)O |$;;Y;;;;;;T;;;;;;;;;;;;;$,m:15:10.9.13.12.11|"
5496,5496,"CCCC(CNC(=O)CN(C)C)O |$;Y;;;;K;;;;;;;$,Sg:n:1,2:f:ht|"
5497,5497,C[C@@H](CNC(=O)C1=NON=C1N)O |$;;;A4;;;;;;;;L0;$|
5498,5498,"CC1CNC(=O)CN1C(C)CCO |$X6;;;;;;;;;;;;$,Sg:n:10,11:s:ht|"
5499,5499,"CC1=NC2=C(C(=CS2)C3=CC=CS3)C(=O)N1CC(=O)NC4=CC=CC=C4.C=NN(C)C=NC |$;;;;;X2;;;;;;;;;;;;;;;;;;;;;;;;;;;$,m:26:21.22.23.24.25.20|"
5500,5500,"CC(C(=O)NCC1(CCCC1)N(C)C)N.CC |$;;;;;;;;;;L5;;;Q;;;R$,m:15:6.7.8.9.10,Sg:n:1:C:ht|"
5501,5501,"CCC(CC(=O)NCC(C)C1CC1)N.CC |$;;;;;;;;;;;;;;;V$,m:14:10.11.12|"
5502,5502,CC(C)CC(=O)N[C@H](CC=C)C(=O)OC |$;;;;;D;;;;;;;;;$|
5503,5503,"C1CC1(C2=CC=C(C=C2)Br)C(=O)NC3=CC=CC(=C3)CN4C(=O)N5C=CC=CC5=N4.CC(=O)S(C)=O.CC.CNOC(N)=O.CC=NNC(=S)NC |$;;;;;;Y;;;;;;;;;;;;;;;;;;;;;;;;;;;;;;;X;;;;;;;;;;;;;;$,m:30:0.1.2,m:36:4.5.6.7.8.3,m:38:14.15.16.17.18.13,m:44:21.20.29.28.23,Sg:n:23:D:ht|"
5504,5504,C1=CN=CC=C1NC(=O)C(Cl)(Cl)Cl |$;;;;E9;;;;;;;;M$|
5505,5505,"CC1=CC(=CC=C1)C(=O)NN2CC(=O)NC2=O.CC |$;;;;;X;;;;M;;;;;;B8;;;R$,m:17:1.6.5.4.3.2|"
5506,5506,"CN1C(=CC=N1)C(=O)NCC2CC(C2)O.CN(C)C(=O)N(C)S |$;;;;;;;;;;;;;W7;;;;;;;;;$,m:15:11.12.13.10|"
5507,5507,"CNCC1CCN(CC1)CC2CCC(=O)N2.CC.CN(C)C(=O)NS |$;G;;;;;;;;;;;;;X3;Q8;;R6;;;;;;;$,m:16:3.8.7.6.5.4,m:18:11.10.15.13.12,Sg:n:8:f:ht|"
5508,5508,"CC1=NC(=C(C=C1C(=O)NC(C)C)Cl)Cl.CC |$;G;V;;;;;Y3;;;;;;;;;R$,m:15:1.6.5.4.3.2|"
5509,5509,"CCNC(=O)C1=CC=C(N1C)C#N.CNOC(C)=O |$;;;;;;;;;;;;;;;;;;$,m:13:5.6.7.8.9|"
5510,5510,"CCCC1=C(C=CC(=C1)OC)NC(=O)C.CC |$;;X;;J;;;;Q;;;;;;;;R2$,m:15:3.8.7.6.5.4,Sg:n:5:b:ht,Sg:n:1,2:R:ht|"
5511,5511,"CC(C1=NC(=CS1)C(=O)O)NC(=O)C2=CN=NC=C2.CC=NNC(C)=S |$D9;;;;;;;;Y;;;;;;;;;;;;;;;;;$,m:19:14.15.16.17.18.13|"
5512,5512,"CCC1=NC(=CC(=C1)C(=O)NC2CCCCC2SC)N.CC |$;;;;;;;;;;;J;;;;;;;;;;V$,m:20:2.7.6.5.4.3|"
5513,5513,C1=CC(=O)NC(=C1)C(=O)N=[N+]=[N-] |$;;;A1;;;;;W;Z;;$|
5514,5514,"CNCCNC(=O)C1=NC=C(C=C1)Cl |$;;Y;;;;;;;;;;;$,Sg:n:2,3:Z:ht|"
5515,5515,"C[C@H](CNC(=O)C1=C(C=CS1)I)O.CNC(C)=NN |$;;;;;M4;;;;L;Y1;;;;;;;;$,m:13:6.7.8.9.10|"
5516,5516,"CCC(CC1CC1)NC(=O)CC2(CCC2)CN |$;;K;;;A6;;;;;;M7;;;;;$,Sg:n:7:R:ht|"
5517,5517,"CC(CC1=CC(=CC(=O)N1)C(=O)O)CO |$;G;;D;;;;;;;;;;;A$,Sg:n:3:P:ht|"
5518,5518,"CC(=O)NC1=C(C=CC(=C1Cl)C(=N)N)Cl.CON(C)C(C)=N |$;;;;;;;;;;;;;;;;;;;;;$,m:15:4.9.8.7.6.5|"
5519,5519,"CC1=CC=C(N1N=C2NC(=O)CS2)C.CC |$W;A1;;;;;;;;;;;;;;R09$,m:14:8.7.12.11.9,Sg:n:13:g:ht|"
5520,5520,"CCCNC(=O)C1(CCS(=O)(=O)CC1)C(=O)OC(C)(C)C |$;;;;;;;;;;;;;;;;;;;;$,Sg:n:11:h:ht,Sg:n:0:s:ht|"
5521,5521,"C1CC(CNC1)(C(=O)NC2CC2)O.CC |$;;;;;;;;;;;;;;R$,m:13:10.9.11,Sg:n:3:s:ht,Sg:n:5:J:ht,Sg:n:2:G:ht|"
5522,5522,"C1CC(C1)(C#N)C(=O)NC2=CON=C2.CB=O |$;;;;;;;;;;;;;;;;$,m:14:10.9.13.12.11|"
5523,5523,"CC1=CC=C(C=C1)N2C(=O)NC(=O)C=N2.CC |$;;;;;U;;;L;;;;;;;;R51$,m:15:1.6.5.4.3.2|"
5524,5524,"CC1=NC2=CC=CC=C2C(=C1)NC(=O)C3=CC=CC=C3C4=NC=CN4.CC.COC(=O)N(C)OC |$;;;T0;T;;;;;;E0;W;;;;;;;;;;B;;E4;;;R68;;;;;;;;$,m:25:1.10.9.8.3.2,m:27:4.5.6.7.8.3|"
5525,5525,"C1C(=O)NC(=N1)C2=CC(=CC=C2)Cl.CC |$;;;;;;A;;D;;;;;;T$,m:13:0.1.3.4.5|"
5526,5526,"C1=C(C(=O)NC=C1C#N)N.CN=NC(=S)N(C)C |$;;;E;;;;;;;;;;;;;;$,m:10:0.6.5.4.2.1|"
5527,5527,"CCCNC1=C(C=C(C=C1)Cl)NC(=O)C2CCCCC(=O)N2 |$;;;;;V9;;;;;;;;;;;;;;;;B$,Sg:n:1,2:W:ht|"
5528,5528,C1C(C(=O)NC(=N)S1)CC(=O)O |$;;;Q;;;;;;;;$|
5529,5529,"CCN(CC(=O)NC(C)C)C(=O)CCN |$;;;;U9;;;;;;;;G;;$,Sg:n:4:k:ht|"
5530,5530,"CCC(=O)C(C)NC(=O)C1C(CCO1)C.CN=C(C)N(C)C(C)=N |$;;;;;;;;;;;G1;;;;;;;;;;;;$,m:15:9.10.11.12.13,Sg:n:7:J:ht|"
5531,5531,CC(C(=O)NC1CC1)NC(=O)N(C)CCCC(=O)O |$T3;;;;;;;;;;;V;;;;;;;$|
5532,5532,CCC1=CC=CC=C1N(CC(=O)N[C@H](C)C2=CC=C(C=C2)C)S(=O)(=O)C3=CC=C(C=C3)C |$;;;;T5;;V;;;;;;;;;;;;W;;;;;;;Q;;;;;;$|
5533,5533,"CCC(C(=O)N1C=C(C(=O)NC1=O)F)Cl.CC |$V6;;;;;;M7;;;;;;;;;;R8$,m:15:5.11.10.8.7.6|"
5534,5534,"C1CC1N2CC(=O)NCC2C(F)(F)F.CC(=S)C(C)S.CC |$;;;;;;;;G3;;;;;;;;;;;;;R$,m:14:0.1.2,m:20:4.5.7.8.9.3,Sg:n:13:V:ht|"
5535,5535,"C[C@H](C(=O)NC1=CC=CC(=C1)N)OC.CON=C(C)N |$;;;;;;;;E0;;;;;;;;;;;$,m:14:5.10.9.8.7.6|"
5536,5536,C1=CC=C(C(=C1)C(=O)NCC2=NN=NN2C3=CC=C(C=C3)Cl)I |$G;;;;;;;;V;;;;;;;D;;;;;;K4;$|
5537,5537,"CCC(C(=O)O)NC(=O)C1CC(CN1)O.CN=C(NOC)OC |$;;;;Q2;;;;W;;;;;L;;;;;;;;;$,m:15:9.10.11.12.13|"
5538,5538,"CC1CC(CO1)C(=O)NCC2CC(C2)N.CN=C(C)C(C)O.CC |$;;;;;;;L7;;;;L9;;;;;;;;;;;;R06$,m:15:1.2.3.4.5,m:22:11.12.13.10|"
5539,5539,"C[C@@H](C(=O)NCCC(C)(C)C)NC(C)C |$;;T;;;;;;;;;;;;$,Sg:n:5,6:c:ht|"
5540,5540,CC(C)(C1=NC=CS1)NC2=C(C(=O)NC=N2)I |$;;;;;;;;;;;;;D6;;;$|
5541,5541,"CNC(=O)C1CCCCN1C2=CN=C(C=C2)CN.CC |$;;W;;;X8;;U;;;;T;;;;Y4;;;;L$,m:18:11.12.13.14.15.10|"
5542,5542,"CC1=CSC(=N1)NC(=O)CN2CCCC(C2)C(C)N.COB(O)O |$;;;;;;;;;;;;;M7;;;U9;;Y;;;;;$,m:19:1.2.3.4.5|"
5543,5543,CCNCC(C)C(=O)NCC(C)C(C)C |$;;;;;;;;A;;;;;;$|
5544,5544,C[C@H]1CC2=C(C=CC(=C2)Br)C(=O)N1 |$;;;;;;;;;;A1;;$|
5545,5545,"CC1([C@H](CN([C@]1(C(C2CNC2=O)O)O[SiH3])C(=O)OC(C)(C)C)C(C)(C)C)C |$;;;J0;;;V7;;;;;;;;;;D3;;;;;;;;;;$,Sg:n:4:E:ht|"
5546,5546,CCC(C)(C(=O)NCC(C)(C)CCO)N |$;;;Q;;;;;;;;;;;$|
5547,5547,"C1CC1COC2=C(C(=O)NC=N2)N.COP(=O)(SC)N(C)C.CC(=NS(C)(=O)=O)N(C)C |$;J;;;;;;;;;;;U6;;;;;;;;;;;;;;;;;;;$,m:13:0.1.2,m:22:6.7.9.10.11.5|"
5548,5548,"CC(CNC)N1CC(=O)NC(=O)CC1=O |$;;X;K1;;;;;;A6;;;;;$,Sg:n:0:W:ht|"
5549,5549,"COC1=CC=C(C=C1)NC(=O)C(F)(F)Cl.COP(=O)(O)OC |$;;;;B;;;X;;;A2;;;;;;;;;;;$,m:15:2.7.6.5.4.3,Sg:n:13:U:ht|"
5550,5550,"CC1CC(CC(O1)C)C(=O)NCC(=O)O.CSSSC |$;;L;;;;;A1;;;;L6;;;;;;;;$,m:15:1.6.5.4.3.2,Sg:n:8:V:ht|"
5551,5551,"C1C(C1NC(=O)C2CSCN2)N.CC=NC(=NC)N(C)C.CC |$;;;;Z4;;J9;;;;;;;;;;;;;;;;W1$,m:12:0.1.2,m:21:7.6.10.9.8,Sg:n:11:m:ht|"
5552,5552,"CCOC(=O)C1=CN(C(=S)NC1=O)C.CSC(C)S |$;;;;W7;;;;;;;;;;;;;;$,m:14:5.11.10.8.7.6|"
5553,5553,"CCC(CNC(=O)C1(CCCC1)C)N |$;;;;;;;Z;;;;;;$,Sg:n:12:a:ht|"
5554,5554,CC(=O)N[C@@H]1C[C@@H](C=C1)CC(=O)OC |$;;;;;;;;;U;;;;$|
5555,5555,"CC(C#N)NC(=O)C1=CC(=NC=C1)F.C=NC(N)=NC |$G;;;;;;;;;;;;;;;;;;;$,m:14:7.12.11.10.9.8|"
5556,5556,"C1C2=C(C=CC(=C2Cl)C#N)C(=O)N1.CC.CN=C=NC |$;;;;;;;;Y;Q0;;;;;M0;;;;;$,m:13:0.1.2.10.12,m:15:3.4.5.6.1.2|"
5557,5557,"CC(C)(CC1=CC=CC=C1OC)NC(=O)C(C2=CC=CC=C2)O.CC |$;U9;;;;;;;;;;;;;;;;;;;;;;;R$,m:23:17.18.19.20.21.16,Sg:n:4:G:ht|"
5558,5558,"CC(C)C(=O)NS(=O)(=O)CCNC(=O)C |$;;;;;;;;;;;;;;$,Sg:n:9,10:B:ht|"
5559,5559,"C1=CN=C(C=C1C(=O)NCCO)CO |$V9;L;W;;;;;;;;Z2;;;$,Sg:n:9,10:c:ht|"
5560,5560,"CCC1=CC=C(O1)C(=O)NCC(CC)(CC)CN.CC(S)C(=O)N(C)C |$;Y;;;;;;;;;;;;;;;;;;;;;;;;$,m:18:2.3.4.5.6,Sg:n:1:d:ht|"
5561,5561,"CCC(CC(=O)NCCC(C)O)C(C)C |$;;;;;;B8;Q1;;;W;;T;X3;$,Sg:n:3:U:ht,Sg:n:8:D:ht,Sg:n:7,8:z:ht|"
5562,5562,"CCCN1C(=C(C(=O)NC1=O)CC)N.C=NOC(C)=NC |$;;;;;;;;;;X;;;;;;;;;;$,m:14:3.9.8.6.5.4,Sg:n:1,2:Z:ht|"
5563,5563,"C1CN(CCC2=C1C(=O)NC=N2)C(=O)[O-].CC |$;;;K;;;;;;;;;;;;;G25$,m:15:7.9.10.11.5.6,Sg:n:11:Q:ht|"
5564,5564,"C1=CC(=C(C=C1C2=CC(=O)NC2=O)Cl)F.CC |$;;;;;;;;;;;;;;;;R$,m:15:0.5.4.3.2.1|"
5565,5565,"CCC1(C(=O)N(CCC(=O)N1)CC)CC |$;;;;;;;;;;;;;;$,Sg:n:6:Y:ht|"
5566,5566,"CN1C=C(C=C1C(=O)NCCN(C)C)Br.COB(C)C |$Z;;;;;;X0;;;;;U;;L;;;;;;$,m:15:1.2.3.4.5|"
5567,5567,"CC1=NN(C(=C1CNC(=O)C2=CSC=C2)OC)C.CNC(=S)NN |$;;B;;V2;B;L;;;;;;;;;;;;;;;;;$,m:18:1.2.3.4.5|"
5568,5568,CC1=NC(=CC(=O)N1)OCC2=CC=CS2 |$;;;;;;;;;;;;;;U9$|
5569,5569,C[C@@H]1C[C@@H]1C(=O)NC2=CC=CC=C2CN3CCSCC3 |$;;;;V;;;;;;;;;;Z9;;;;;$|
5570,5570,"C1=CSC(=C1)CNC2=CNC(=O)C=C2.CC |$T;;;;;;;;;;;;;;;R90$,m:14:8.9.10.12.13.7|"
5571,5571,CCCCNC(=O)C1=CN=CN=C1 |$;;;;X2;;Z;D;;;;;$|
5572,5572,"CCC1(CCC1)NC(=O)C2CNCC2C.CS(=O)(=O)N=N.CNN=C(C)N(C)C |$;U0;;;;;;;;;;V3;;T8;;;;;;;;;;;;;;;$,m:15:3.4.5.2,m:21:10.9.13.12.11|"
5573,5573,"C1=CC(=CC=C1NC2C(=O)NC(=O)S2)I.CC |$G1;;A;;;;U7;;;;W9;;;;;;R$,m:15:0.5.4.3.2.1|"
5574,5574,"CC1=CC=C(N1C)CNC(=O)C2=C(OC=C2)C.CC=NNC(N)=S.CC(=O)OC=O |$;;;;;;;;;;;;;;;;;;;;;;;;;;;;;$,m:17:1.2.3.4.5,m:24:12.11.15.14.13|"
5575,5575,"CCCC(C(=O)O)NC(=O)C1=C(SC=N1)C(F)(F)F |$;;;B4;;;;;;;;;;;;;;;$,Sg:n:1,2:J:ht|"
5576,5576,CCC(/C(=N/O)/N)NC(=O)C1=COC=C1 |$;;;;;;;;;;;L5;;;$|
5577,5577,"CCCCC(CCC)NC(=O)/C=C/C |$;;;;;;;;;;;;;$,Sg:n:1:j:ht,Sg:n:5,6:D:ht|"
5578,5578,"CCCCC(=O)NCC(C)(C(=O)O)O |$;;;J;;;;;;;A9;;;$,Sg:n:2,3:z:ht|"
5579,5579,"CC(=C)C(=O)NCCC(=O)OC |$;;;W;;;;L;;G;X9;$,Sg:n:6,7:Y:ht|"
5580,5580,CCNC(=S)NC(C)C(=O)NC(C)C |$Y;W9;;;;;L;B3;D;V;;;;$|
5581,5581,C1=CC(=C(C=C1NC(=O)C2=C(OC=C2)Br)C(F)(F)F)N |$;Y;B;;;;W;;;;;;;;;;;;;$|
5582,5582,"CC(CN)C(=O)NCCC1=CC=CS1 |$;;;;;G9;;;;;;;;$,Sg:n:7,8:q:ht|"
5583,5583,CCCCNC(=O)C/C=C/C |$;;;;J2;;;;;;$|
5584,5584,C1CSCC1C(=O)NCC(C(=O)O)O |$;;;;Y;;U;;;;;;;$|
5585,5585,"CCC1=CC(=O)NC(=N1)C2=NN(C=C2)C.CON(C)C=O.CC |$;;;;;;;;;;K;U;M;;;;;;;;;;A$,m:15:2.8.7.6.4.3,m:21:10.9.13.12.11|"
5586,5586,"C=CC(=O)N1CC(=O)NC2C1CCCC2.CC |$;;;;;;;;;;;;;;;;W$,m:15:11.12.13.14.9.10,Sg:n:8:J:ht|"
5587,5587,CCC(C)CC(=O)NC1=C(C=NN1)N |$;T;;;G8;;;;;;;;;$|
5588,5588,"CCC(C(=O)N(C)CC(=O)NC1CC1)Br.CC(=N)NC(C)=O |$Y1;;;;;;;;;;V;;;;;;;;;;;$,m:15:11.12.13|"
5589,5589,"CC1=C(C=C(C=C1)NCCC(=O)NC)C.CSC(C)O |$;;;;;;;;;;;;;;;;;;;$,m:15:1.6.5.4.3.2,Sg:n:1:H:ht,Sg:n:8,9:L:ht|"
5590,5590,"CSCC[C@H](C(=O)O)NC(=O)C(F)F |$;;;;;;;;;;;;;$,Sg:n:0:C:ht,Sg:n:1:r:ht,Sg:n:2,3:x:ht|"
5591,5591,C=CCNC(=O)[C@H](CS)N |$;;;;;;L;;;$|
5592,5592,"CCCC1=C(N2C=CC=CC2=N1)C(=O)NC34CC5CC(C3)CC(C5)C4.CC.CN=C(C)N(C)S(C)(=O)=O.CC |$;;Q;;;;;;;;;;;;;W2;;;;Y7;;;;;;;U63;;;;;;;;;;;;Q96$,m:25:3.4.5.10.11,m:27:16.17.23.22.24.15,m:37:18.19.21.22.23.17,Sg:n:8:D:ht,Sg:n:12:i:ht,Sg:n:1,2:g:ht|"
5593,5593,"C1CC2CC1C(N2)C(=O)NC(CC3=CC4=C(C=C3)NN=C4)C=N.CC=NN(C)C(=O)O |$;;;;;;;;;;;;;;;;;;M;;;;;;;;;;;;$,m:23:13.14.15.16.17.12|"
5594,5594,"CCOC(=O)C(C(=O)NC1=CC(=C(C=C1)OC)C)N.CONSC |$V0;;Z4;;;;;J3;;;;;;Z;;;;;;;;;;$,m:19:9.14.13.12.11.10|"
5595,5595,"CC(C)(C)C(=O)NCCC1CNCCO1 |$;;;;;;;;;;;;;;$,Sg:n:3:c:ht,Sg:n:7,8:v:ht|"
5596,5596,"C1CN(CC(=O)N1)CC2=NN=C(S2)N.CC |$L3;;;;;;;;;;V;;;;;K$,m:14:9.8.12.11.10,Sg:n:2:J:ht|"
5597,5597,"CCCC(=O)NCCF |$;;;;;;;;$,Sg:n:1,2:D:ht|"
5598,5598,"CCC(C)C(C)NC(=O)C1=CC=C(S1)Br.CC |$;;;;J;;;;;;;;;;;;R8$,m:15:9.10.11.12.13|"
5599,5599,"C1C(=O)NC(=O)CN1CC2=CC=C(S2)Br.CC |$;;;V5;;V;;;;;;;;;;;R$,m:15:0.7.6.4.3.1|"
5600,5600,CC(=O)N[C@@H](CO)[C@H](C1=CC=CC=C1)O |$;;;;;;;;;Z6;;;;;$|
5601,5601,"C1C=NN=CC2=C1NC(=O)NC2=O.CN=C(NOC)SC |$;;;;;;;;;;;;;;;;;;;;$,m:13:0.1.2.3.4.5.6|"
5602,5602,"CC(CO)C(C)NC(=O)C1=C(C2=CC=CC=C2N1C)Cl.CC |$;;;;;;;;;;;;;;;;;;;;;R9$,m:20:9.10.11.16.17|"
5603,5603,"C1CC1N(C2CC(=O)NC2=O)C(=O)CC3=CC=C(C=C3)Cl.CC.CN=C=N |$;;;;;;;;;;;;;;D;;;;;;;;M;;;;$,m:21:5.4.9.8.6,m:23:15.16.17.18.19.14|"
5604,5604,"C1=CC2=C(C3=C1C=NC=C3)N=CNC2=O.CC |$U8;;;;;;;;;;;;;;;;R14$,m:15:10.11.12.13.2.3|"
5605,5605,"CN1C(=C2CSCC2=N1)NC(=O)C3CC3.CC(=O)ON=C(C)C |$;;V7;;;;;;;J;;;;T0;T0;;;;;;;;$,m:15:4.3.7.6.5,Sg:n:13:M:ht,Sg:n:4:z:ht|"
5606,5606,"C(CC(F)(F)F)C1=NC(=C(C(=O)N1)I)O |$;;Z7;;;Y9;;;;;;;;;$,Sg:n:1,0:g:ht|"
5607,5607,"C1CC(C1)(CN)C(=O)NC2=CC(=C(C=C2)F)C(=O)N.CN=C(NO)OC |$;;;;;;;;;;;;;;;;;;;;;;;;;$,m:19:0.3.2.1,Sg:n:0:I:ht|"
5608,5608,CC(CCC(=O)NCC(C)(CSC)O)N |$M0;;;K2;;K;;;;;;;;;$|
5609,5609,CC(C(=O)NCCC1=CC=CN1)C(=O)O |$;;;;;;;;;;;;;E;$|
5610,5610,CCCCCC(C(=O)NC)C(=O)O |$;;;;Y1;;U5;W9;;;;A;$|
5611,5611,"C/C=C/C(=O)NC1=C(C(=NS1)C)CN |$;U1;;;;;;;;;;;;$,Sg:n:0:S:ht|"
5612,5612,"CCC(C)(C)NC(=O)C(C)N1CCC(CC1)N.CC |$;;;;A;;;;;;;;;K;;;;;R$,m:17:10.15.14.13.12.11|"
5613,5613,"CNC(=O)C(N=NC1=CN=CC=C1)[N+]#[C-].CC |$;;;;;;;;;B;;T;;;;;X$,m:15:7.12.11.10.9.8|"
5614,5614,"C1=CC(=C(C=C1NC(=O)C(F)F)Br)I.CC |$;;;;;;;;;;;;;;;Q$,m:14:0.5.4.3.2.1|"
5615,5615,"CC(C(=O)NC1=CC(=C(N=C1)Cl)Br)OC |$;;;;;;;;;;;;;;$,Sg:n:1:S:ht|"
5616,5616,"C1CCN(CC1)C(=O)C2=CC(=CC=C2)NC(=O)C3=CN=CC=C3.CC.CON(C)C(C)=O |$;Q5;E0;;;U4;;;;;;;;;;;;;;;;;;;R40;;;;;;;$,m:23:9.10.11.12.13.8,m:25:18.19.20.21.22.17|"
5617,5617,"CCC(C)(CO)NC(=O)CCCOC |$;;;;;;;X0;;;;;;$,Sg:n:3:G:ht,Sg:n:9,10,11:t:ht|"
5618,5618,"CC1=C2C(=O)NC3=C(N2C(=N1)C4=CC=CC=C4Cl)C=C(C=C3)Cl.CC.CC.CC |$U7;;A8;;;;;;;;;;;;;;;;;;;;;;R;;R;;J73$,m:23:1.2.8.9.10,m:25:3.5.6.7.8.2,m:27:18.19.20.21.6.7|"
5619,5619,"CCC1(CC(=CC=C1)C(=O)NCC)C.CC |$;;;;;;;;;;;;;;;R$,m:14:2.7.6.5.4.3,Sg:n:7:R:ht|"
5620,5620,CCCC(C)NC(=O)CCNCC |$;;;;;J;D;;;;;;$|
5621,5621,"CCN1CCN(CC1)C2=CC(=O)NC=C2.CC |$;;;;;;;;;B;;D7;;;;;K7$,m:15:9.10.12.13.14.8|"
5622,5622,CCC(=O)N(C)CCC(=O)NCC |$;;;;;;;;V;;;;$|
5623,5623,"C1CCCC(CCC1)NC(=O)C2=C(C=CC(=C2)N)Br.CN=C(NO)N(C)C |$;;;;;;;;;;;;;;;;;;;;;;;;;;$,m:19:0.7.6.5.4.3.2.1|"
5624,5624,"C1CC1(CNC(=O)C2=C(C=C(C=C2)Cl)[N+](=O)[O-])CO |$;;T1;;;;;;;;;;;;;;;J0;$,Sg:n:11:a:ht|"
5625,5625,"CC(C)CN1C(=C(C(=O)NC1=O)NCC2=NC=NC=C2)N.CC |$;;;;;;;;;;G8;;;U8;;;;;;;;;A52$,m:21:4.10.9.7.6.5|"
5626,5626,"CCC1(CCCNC1)C(=O)NCC2CC2.CNC(C)=O |$;;;;;;;;;;;;;;;;;;;$,m:15:13.12.14,Sg:n:6:X:ht,Sg:n:9:h:ht|"
5627,5627,CC(C)N(C)C(=O)CNCC(=O)NC |$;A;;;;;;;Q3;;;;;$|
5628,5628,"CC(C)[S@@](=O)C[C@H]1C(=O)NC(=O)N1.CN(C)NC(N)=S |$M2;;;;;;T6;;;;;;;;;;;;;$,m:13:6.7.9.10.12,Sg:n:11:Y:ht|"
5629,5629,"CN(C)CCNC(=O)C1=NC=C(C=C1)[18F] |$;L1;;;K6;;;;;;T0;;;;$,Sg:n:3,4:X:ht|"
5630,5630,"C=C(C1=NC2=C(C(=O)N1)SC=C2)O.CC(=N)C#N |$;;;;;;;;;;;;;;;;;$,m:13:9.5.4.11.10|"
5631,5631,"C1[C@@H](CNC1=O)C2=CC(=CC=C2)O.COC(=O)O |$;;;U;;A;M3;;;;;;;;;;;$,m:13:7.8.9.10.11.6|"
5632,5632,"CNC(=O)CCNCC1=NC(=CC=C1)Br.CC=NNC(C)=O |$;;;;;;;;;L4;;;;;;;;;;;;$,m:15:8.13.12.11.10.9,Sg:n:4,5:R:ht|"
5633,5633,"CC(=O)CC1C(=O)NC2=CC=CC=C2N1.CC.C=NC(C)=N |$;;;;;;;;;;;;;;L;;R8;;;;;$,m:15:4.14.13.8.7.5,m:17:9.10.11.12.13.8|"
5634,5634,"CC(C)C(=O)NC1=CC2=CC=CC=C2C1.CC.CC |$Z1;;;;;;;;;;;;;;;;R4;;R8$,m:15:6.7.8.13.14,m:17:9.10.11.12.13.8|"
5635,5635,"C1CC1C(CN)NC(=O)CC2CCS(=O)(=O)C2.CC |$;;;;;;;;;;;;W;;;;;;R$,m:17:11.10.16.13.12,Sg:n:16:K:ht|"
5636,5636,"CNC(=O)C(CC1=CC=CS1)N=[N+]=[N-].CC |$;;;;;;;;;;;X6;;;;A32$,m:14:6.7.8.9.10|"
5637,5637,"CNC(=O)C[C@@H]1C(=O)NCCN1.CC |$;;;;;Y4;;;;;;D1;;G6$,m:12:5.11.10.9.8.6,Sg:n:8:b:ht,Sg:n:5:X:ht|"
5638,5638,CC(=O)NC(C)(C(=O)N=[N+]=[N-])I |$;;;;;;;M8;;;;$|
5639,5639,CC(CC(=O)NC)SCCN1C=CN=C1 |$;T7;;;;;J5;;;;;J;;;$|
5640,5640,"C1=CC(=CC=C1/C=C(\C#N)/C(=O)NCCN2C(=O)C=CC2=O)O.CNC=N |$M6;;;;;U;Q;;;;;;;;;;;;;;;;;;;;$,m:23:16.15.20.19.18,Sg:n:12:K:ht|"
5641,5641,CCNC1=C(C=NC=C1)C(=O)NC(C)C |$;;;;;;;;;;;;;E;$|
5642,5642,CCNS(=O)(=O)N1CCCCC1CNC(=O)CCN |$;;;;Y;;;;;B7;;;;;;;;;$|
5643,5643,"CC1=CC(=CC(=C1)NC(=O)C2=CC(=NC(=N2)C3=CC=CC=C3)NC4=NOC(=C4)C)C.CC.CC |$;;;U1;;;;;;;;D;D;;;;;G2;;;;;;;;;;;;;;G;;A2$,m:30:17.18.19.20.21.16,m:32:24.23.27.26.25|"
5644,5644,"C[C@@H]1CC1(C(=O)C(C)C)NC(=O)C(C)C.CC |$;;;;;;;;;;;;;;;;R$,m:15:1.2.3|"
5645,5645,"CNC1=C(C=C2C(=C1)OCNC2=O)F.CC.CC(=S)C(C)O |$;;;B9;;;M9;;;;;;V7;;;W64;;;;;;$,m:14:2.7.6.5.4.3,m:16:8.9.10.11.5.6|"
5646,5646,"CC(CNC(=O)C1=CC(=C(C=C1)F)S(=O)(=O)NCC=C)O.CC(=O)OO |$;;;;;;;;;;;;;;;;T;E3;;Q4;;;;;;$,m:21:6.11.10.9.8.7,Sg:n:7:Z:ht,Sg:n:10:A:ht|"
5647,5647,CC1=CC=C(O1)NC(=O)C(CN)C(C)C |$;;;;;;T8;D7;;;;;;;$|
5648,5648,"C1CCC(C1)CNC(=O)C2COC2.CC.CONC(=O)OC |$;;;;;A;;;;;;;;;G66;;;;;;;$,m:13:0.1.2.3.4,m:15:10.11.12.9|"
5649,5649,"CC(=O)NC1(CC1)C2=CC(=CC=C2)OC.CC.CC |$;V0;;;;;U;;;;;;;;;;R;;U59$,m:15:5.4.6,m:17:8.9.10.11.12.7|"
5650,5650,"CC(=O)NCC1CN=C(NO1)N.CN(C=O)S(C)(=O)=O |$;;;;U8;;;;;;;;;;;;;;;$,m:12:5.10.9.8.7.6|"
5651,5651,"C(CCNC(=O)CCl)CN |$;;;;;;;;;$,Sg:n:2:B:ht,Sg:n:2:C:ht,Sg:n:2,1,0,8:x:ht|"
5652,5652,CC1=NOC=C1CC(=O)NC(C)(C)CN |$Y0;;;;;;;;;;;Z;;;$|
5653,5653,COCNC(=O)C(=C)C(F)(F)F |$;;U3;;;;Z;;;;;$|
5654,5654,C1=CN=CC(=C1C(=O)NC2=NC=NN2)F |$;;;;;;;T;;;;;;;$|
5655,5655,"C1C2C1CC(C2)C(=O)NCC3=CC=CC=C3F.CN=C(OC)N(C)NC |$;L;;;;;;;;;;;;B1;;;;;;;;;;;;$,m:17:3.2.1.5.4,Sg:n:13:k:ht|"
5656,5656,CCC(CC)(CNC(=O)CC(C)C)O |$;;;;;;;;Z1;;;;;$|
5657,5657,"C1CS(=O)CCC1NC(=O)C2(CC2)N.CC |$;;;;;;;;;;;;;;;R$,m:14:11.10.12|"
5658,5658,CCNC(=O)C1=C(SC(=N1)C(=O)N)C |$;;;;;;;;;;;;;W$|
5659,5659,CC1=C(C=C(S1)C(=O)NCC(F)(F)F)N |$;;;;D;;;;K7;;;;;;$|
5660,5660,CC(C)C1=CC=C(C=C1)NC(=O)[C@H](C(C)C)N |$;;M;;;;;;;;;Z8;G;;;;$|
5661,5661,"CC1=NN(C(=C1)NC(=O)C(C(C)C)N)C.CC(=O)C(C)=O |$;;;;;;;;G;;;;;;;;;;;;$,m:15:1.2.3.4.5|"
5662,5662,C=CCC(C(=O)NC1=CN=CN=C1)N |$;;G;;;;;;;;;;;$|
5663,5663,CCC1CCC(CC1)C(=O)NCF |$;;;;;;;U;Y;;;;$|
5664,5664,"CC1(CC1)NC(=O)C2=C(C=CC=C2Cl)N.COC(=O)C(=O)OC |$;Q9;;;;;;;;;;;;;;;;;;;;;$,m:15:2.1.3|"
5665,5665,"CCNS(=O)(=O)C1=CC=CC(=C1)C(=O)NC2=CC=CC=C2N3CCCCC3.CNN(C)N.COC(C)(OC)OC |$;;;K5;;U;Y9;;G8;;U5;U9;;;;;;;;;;;;;;K;;;;;;;;;;;;;;$,m:27:16.17.18.19.20.15,m:32:22.23.24.25.26.21,Sg:n:25:t:ht,Sg:n:6:t:ht|"
5666,5666,C1=COC(=C1)C2=CSC3=C2C(=O)NC=N3 |$;;;G5;X;L5;;;;;;;;;$|
5667,5667,"CN(C)C(=O)CN(C)CCC(=O)NC(=O)N |$;;;;;;;;;Y;;;;;;$,Sg:n:8,9:X:ht|"
5668,5668,"CC(C)N(CCN)CC(=O)NCC1CC1 |$;;X6;;;;;;;;;;;;$,Sg:n:3:d:ht|"
5669,5669,CCNC(=O)C(C)OC1=CC(=CC=C1)Cl |$;;;;;;;Y;;;;;;;$|
5670,5670,CC(C1=CC=CC=C1OC(F)F)NCC(C)(C)C(=O)NC |$;;;;;;;;;;;;Q;;;;;;;;U8$|
5671,5671,"CC1=CC2=C(C=C1)NC(=O)[C@]23[C@@]4([C@@]3(C(N=C4N)(ON=C(C)C)ON=C(C)C)C#N)C#N.CC.CC(C)=NN(C)C(=S)N(C)C |$;;;;;;;V;;;;;;;G6;;;;;;;;;;;;;;;;;;M1;;;;;;;;;;;$,m:31:7.4.3.10.8,m:33:13.12.11.15.14,Sg:n:18:A:ht|"
5672,5672,C1=CC(=CC=C1CNC(=O)C(F)F)N |$;;;;;E;;;;;;;;U1$|
5673,5673,"CCNC(=O)CCC(C(C)C)C(=O)O |$;;;;;;;;;;;;;$,Sg:n:8:W:ht,Sg:n:5,6:s:ht|"
5674,5674,"CCC(C)(C)OCCC(=O)NC |$T4;;;E;;;;;;;;$,Sg:n:2:f:ht,Sg:n:6,7:n:ht|"
5675,5675,"C1C2=C(C=CC(=C2)C3(COC3)F)C(=O)N1.CC(N)N |$;;;;;;;;;;;;;;;;;;$,m:15:0.1.2.12.14|"
5676,5676,CC(C)CC(=O)NCC1=CN2C=CSC2=N1 |$;;;;;;;;;;;;;G3;;V3$|
5677,5677,"CCCCCCC1(C(=O)NCCN1)C.CC |$B;;W;;;;;;;;;;;;;V$,m:14:6.12.11.10.9.7,Sg:n:7:U:ht|"
5678,5678,"CC(C)C(C(=O)OC)NC(=O)C(C)NC |$L9;;;;;;;;;;;;Q;;$,Sg:n:1:a:ht|"
5679,5679,CC1=CC=CC=C1CS(=O)(=O)CC(=O)NC |$;;;U6;;;;;;;;;;;;$|
5680,5680,CC(C)(C)NC(=O)[C@@H](C1=CC=CC=N1)N(C2=CC(=C(C=C2)F)Cl)C(=O)C3=CSN=N3 |$;;;;;J;;;;;;;;;;;;;;;;;;;;;;;;$|
5681,5681,"C1CC[C@@H]2[C@@H](C1)[C@@H]([C@H]2NC(=O)[C@H]3CCCO3)C4=CC=CC=C4.CNS(N)(=O)=O.CN=S(C)(C)=O.CC |$;;;;;J;;;;;;;;;;;;;D3;;;;;;;;;;;;;;;;;R85$,m:22:0.5.4.3.2.1,m:28:17.18.19.20.21.16,m:34:3.7.6.4|"
5682,5682,"C1C[C@@H](O[C@@H]1CO)N2C=CC(=O)NC2O.CC |$;;;;;;;;;D;;;;;;;U$,m:15:0.1.2.3.4|"
5683,5683,"CC(CNC(=O)CC1CCCCN1C)N.CC |$T;;;;;T3;;;;;;;;;Q;;W$,m:15:7.12.11.10.9.8,Sg:n:7:a:ht|"
5684,5684,CC1=C(C(=CN1C)[N+](=O)[O-])NC(=O)C |$;;;;;;Y;;;;;;;$|
5685,5685,"C1CCC(C1)(CNC(=O)C2=NOC=C2)O |$;;;;;;;;;;;;;;$,Sg:n:2:e:ht|"
5686,5686,"CC(C)C1=NN=C2C(=C1)N=CNC2=O.CC |$;;;;;;X;;W8;;;;;;;R9$,m:14:9.10.11.12.6.7|"
5687,5687,C=CCNC(=O)C1=CC(=CC=C1)O |$;;V8;;;;;;;;;U;$|
5688,5688,"CC(C(=O)NC1=C(C=C(C=C1)Cl)C(F)(F)F)N2CCCC(C2)NC.CC.CC |$;;;;;;;;;;;;;;;;;;;;;;Z7;;;X38;;A$,m:24:6.7.8.9.10.5,m:26:17.18.19.20.21.16,Sg:n:21:D:ht|"
5689,5689,"C[C@@H](CN)NC(=O)C1=C(C=C(C=C1)Cl)Br.CC |$;;;K;;;;Z8;;;;;W;;;;R14$,m:15:7.12.11.10.9.8,Sg:n:14:k:ht|"
5690,5690,CCNC(=O)C1=C(C(=NC=C1)NC)F |$;;;;;;;;;T2;;;;$|
5691,5691,"CCC1=NC(=CC=C1)NC(=O)C(C)C.CC |$;L;E;;;;;;;;;Z0;;;;M06$,m:14:2.7.6.5.4.3|"
5692,5692,"C1=C(N=C(C(=N1)NC(=O)CCCl)Br)Br.CNN=COC |$;;;;;;;;;;;;;;;;;;;$,m:14:0.5.4.3.2.1,Sg:n:9,10:G:ht|"
5693,5693,"C1CC=C(NC1)NC(=O)C2=CC=CC=C2.CC.CC |$;;;;;;;;;;X2;;;;;;R;;Q0$,m:15:0.5.4.3.2.1,m:17:10.11.12.13.14.9|"
5694,5694,C[C@@H](C1=CC=CC=C1)NC(=O)CCCO |$;;;;;;;;Y;;;;;;$|
5695,5695,CC(CO)NC(=O)C(N)CC(=O)O |$;K;;;;;;;;;Z;;L$|
5696,5696,"CC1C(=O)NC2=NC(=CC(=O)N12)C.CC(C)(N)O |$;;;J1;;;;;;;;;;;;;;$,m:13:1.2.4.5.11|"
5697,5697,"CN(CC1CC1)C(=O)CNC(=O)C2CC2.CC.CNS(N)(=O)=O |$;;;;;;;;;;;J;;;Z;;W5;;;;;;$,m:15:4.3.5,m:17:13.12.14,Sg:n:0:v:ht|"
5698,5698,CCC(C#C)NC(=O)CC(C)(C)C(=O)O |$;;;Q7;;;;;;Z;;V1;;;$|
5699,5699,"CC(C)(CCl)NC(=O)CCC(F)(F)F |$;;;;;;;;;;;;;$,Sg:n:8,9:y:ht|"
5700,5700,"C[C@@H](CNC(=O)C1=C(N=CC=C1)Cl)O |$;;;;;;;;;;;;;D8$,Sg:n:0:G:ht|"
5701,5701,"C[C@@H](C[C@@H]1CCNC1=O)/C=C/C(=O)O |$;K;;;;;;;;;;;;$,Sg:n:1:z:ht|"
5702,5702,"CN(C)S(=O)(=O)N1CCCNC(=O)C1 |$;;;;;;;;;;;;;M2$,Sg:n:9:h:ht,Sg:n:10:V:ht|"
5703,5703,"CC(C)C(=O)NC1=NN(C=C1CN)C.CC=NC(C)=S |$E8;;;;Z;;;;;;;;;;;;;;;$,m:14:6.7.8.9.10|"
5704,5704,"CC1=C(C(=CC=C1)F)NC(=O)CCS.CC |$;;;;X9;;Q;;;;;;;G;;G$,m:14:1.6.5.4.3.2,Sg:n:5:l:ht,Sg:n:11,12:K:ht|"
5705,5705,"CCC1=NN(C(=C1C(=O)NCC2=C(N=C(S2)C)C)Cl)C.CN(C)OC(=O)O |$;;X7;;;;;;;W5;;;;;;;;;;;;;;;;;$,m:20:12.11.15.14.13|"
5706,5706,"CC(C)C(CO)NC(=O)C(C)S(=O)(=O)C |$;;;;;;;;;;;;;;$,Sg:n:5:c:ht|"
5707,5707,"CC(C)C(CNC(=O)C)(F)F |$;Z7;;;;;;;W;;$,Sg:n:9:v:ht|"
5708,5708,COCC1=CC=CC=C1NC(=O)C2=NC(=CC=C2)Br |$;;;;;;;;;B;;;;;;Z3;;;$|
5709,5709,"C1CC(OC1)CCNC(=O)C2=CSC=C2.CNC=NN |$;;V;;;;;;;Z;;;;;;;;;;$,m:15:0.1.2.3.4,Sg:n:8:E:ht,Sg:n:14:W:ht|"
5710,5710,"CC1=CC(=NN1CC2CCCN2CC(=O)NC3=CC=NN3C(C)C)C.COON(C)C.CN=CN(C)C=NC |$;;;;;J;;;;;;;;;;;V;;;K;;;;;;;;;;;;;;;;;;;$,m:25:1.2.3.4.5,m:31:8.7.11.10.9|"
5711,5711,"C(CBr)C(=O)NC1=NNN=N1 |$B;;;;;;;;;;$,Sg:n:5:J:ht,Sg:n:2:B:ht,Sg:n:1,0:O:ht|"
5712,5712,"C1/C(=N\CNC=O)/NC(=O)NC1=O |$;;;J1;;;A0;;;L5;;;$,Sg:n:2:z:ht|"
5713,5713,CC1=CC(=NC(=N1)C)C(=O)NCC(C)N |$;;;;;;Y2;;;;;;;;$|
5714,5714,"C1=CC=C(C=C1)[C@H]2C(=O)NC(=NC2=O)N.CC |$;;;;;;;;;;;;;;;;K$,m:15:0.5.4.3.2.1|"
5715,5715,"CCCC(=O)NC1=CC=C(CC1)O.CC#[N+][O-] |$;;;;A2;;;;;;;;;;;;$,m:13:6.11.10.9.8.7|"
5716,5716,CC(COS(=O)(=O)N)C(=O)NC |$;;;;;U;;K8;;;;$|
5717,5717,"CN1C=CC(=N1)C(=O)NCCBr.CC |$;;K1;;;;;;J;;;;;Z$,m:12:1.2.3.4.5,Sg:n:10:g:ht|"
5718,5718,"C1=CC(=C(C=C1Cl)C(F)(F)F)NC(=O)C2=CN=CNC2=O.CSNN(C)C |$;;;E6;;Y9;;;;;;;;;;;A;D;;;;;;;;;$,m:21:15.16.17.18.19.14|"
5719,5719,"C1CC(=O)N[C@@H]1C(=O)N2CC(C(C2)O)O.CC |$;;;;;X9;;;;;;;;;;;R$,m:15:9.8.12.11.10,Sg:n:12:M:ht|"
5720,5720,"CC(=O)CC(=O)NC1=CC(=C(C=C1)O)F.COC(=N)N |$;;;;;;;;;;;;;;;;;;;$,m:15:7.12.11.10.9.8,Sg:n:7:Z:ht|"
5721,5721,"CCC(=O)NC1=CC=CC(=C1)C#N.CC |$;;;J;;;;K6;;;;;;;R32$,m:13:5.10.9.8.7.6|"
5722,5722,"CNC(CNC(=O)C1=CC=CS1)C(=O)O.CC=O |$;;;;;;;;;;;;;;;;;$,m:15:7.8.9.10.11|"
5723,5723,"CC1=C(C2=C(C=C1)N=C(NC2=O)N)O.CC |$;;;;;;;;;;;;;;;R$,m:14:7.8.9.10.3.4|"
5724,5724,CCCNC(=O)CC(C)(C)C |$;;;;;;;;;Q1;$|
5725,5725,"CCC(C)[C@@H](C(=O)NCC1(CC1)SC)N.CC |$;;;;;;;;;;;;;V;L;;V64$,m:15:9.10.11|"
5726,5726,"CC1(CC1)NCC(=O)NC(C)(C)C.CC |$;;A0;V9;D;;;;;;;;E;;R$,m:13:1.2.3|"
5727,5727,"C/C=C/C1=CC=CC=C1NC(=O)C(F)(F)F |$;;;;;;;;;;;;;;;$,Sg:n:10:e:ht|"
5728,5728,"CCC[C@@H](C(=O)NC1(CCC1)C)N |$;;;;;;;;;;;L;$,Sg:n:1:u:ht,Sg:n:3:Z:ht,Sg:n:1,2:x:ht|"
5729,5729,"C1CCC(C1)NC(=O)C2=NN=C(S2)Cl.CC |$Q;;;;;;;;V;;;;;;;R7$,m:14:9.8.12.11.10|"
5730,5730,"C[C@]1(C2=CC=CC=C2C(=O)N1)C(=O)OC.CC |$;;;;;;;;;;;;;;;;R8$,m:15:1.2.7.8.10,Sg:n:11:l:ht|"
5731,5731,"C1CC1NC(=O)C2=NN3CCOC3=C2.CC(C)=[N+](C)C.C[NH2+]C |$A5;;;;;;;;;;;;L9;;;;;;;;;;$,m:14:0.1.2,m:20:7.6.13.12.8,Sg:n:7:a:ht|"
5732,5732,"C=CCC(C(=O)NC1CCS(=O)CC1)N.CN=C(NN=C(C)C)SC |$;;;;;;;E;;;;;Y0;;U;;;;;;;;;;$,m:15:7.13.12.10.9.8|"
5733,5733,"CCC(CC)(CN)NC(=O)C1=CC(=CC=C1)N2CCCNC2=O.CNN(C)C(=O)N(C)C.CC |$;;;;;;;;;;;;;;;;D;;T;;;;;;;;;;;;;;;Q$,m:23:10.15.14.13.12.11,m:32:17.18.19.20.21.16,Sg:n:5:I:ht,Sg:n:8:s:ht|"
5734,5734,"CCCCCNC(=O)C(=C)C |$;;;;;;;;B;;$,Sg:n:2,3:B:ht|"
5735,5735,CC(C)C(C)C(=O)NCCI |$;;;;;K;;;Y9;;$|
5736,5736,"CC1=C(C(=CC=C1)C(=O)NC2=CC(=C(C=C2F)Br)F)C.CN=C(C)ONC |$;;;;;;;;;;;;;;;;T5;J7;;;;;;;;;$,m:20:11.12.13.14.15.10|"
5737,5737,"C1CC(CNC1)C(=O)NCC2=CSC=N2.CNB(C)OC.CN=C(NC)NO |$;;;;;;;;;;;;;;;;;;;;;;;;;;;$,m:15:0.5.4.3.2.1,m:21:11.10.14.13.12,Sg:n:3:W:ht|"
5738,5738,"CC1CC1C(=O)NC2=C(C=C(C=C2)C(=O)O)OC.COS(=O)(=O)SC.CSC(=S)SC |$;;;;;;M5;;;;;;;M5;;;;A;;;;;;;;;;;;;$,m:18:1.2.3,m:25:8.9.10.11.12.7|"
5739,5739,"C1=CC(C=CC(=C1)F)C2C(=O)NC(=O)N2.CC(C)=NNC=O |$;;;;;;;;;;;;;K;;;;;;;;$,m:15:0.1.2.3.4.5.6|"
5740,5740,"CC(=O)NC1=C(C=CC(=C1Br)[N+](=O)[O-])F.CB=CC |$;;;;;;;;X0;;;;;;;;;;$,m:15:4.9.8.7.6.5|"
5741,5741,"CCC(CC)NC(=O)[C@H]1CCCN1.CO[N+](=O)[O-] |$;;;A;;;;;;;;;;;;;;$,m:13:8.9.10.11.12|"
5742,5742,C1C(C1N)C(=O)NCCO |$;;;Y1;;;;;;$|
5743,5743,"COC(=O)C1=NC=C2C=CC(=O)NC2=C1.COC(=O)ON=C(C)C.CN=NC(C)=N |$E;;;;;;;;;U;Q;;;;;;;;;;;;;;;;;;;$,m:15:4.14.13.7.6.5,m:24:8.9.10.12.13.7|"
5744,5744,"C1=C2C(=C(C(=C1F)F)F)C(C(=O)N2)N.CC |$;;V;G;;W;;;;;;;;;;Y00$,m:14:0.5.4.3.2.1|"
5745,5745,"C1CC1C2=C(C=C(C(=O)N2)Cl)C#N.CC.CN=C(C)SN |$;;;V;;;;;;;Z1;;;;T;;;;;;$,m:13:0.1.2,m:15:4.5.6.7.9.3|"
5746,5746,"C[C@H](CN(C)CC1=NC2=C(C=NN2C)C(=O)N1)C#N.CC |$;;;;;;;;;;;;;;;E6;;;;;T28$,m:19:6.16.14.9.8.7|"
5747,5747,"CCNC(=O)CSCCC(=O)O |$;T7;Y;;;;;;;;;$,Sg:n:0:c:ht|"
5748,5748,"CC1=CC(=CC2=C1NC(=O)C=C2O)OC.CC |$;;;;;;;;;;;;;;Z3;;R0$,m:15:1.6.5.4.3.2,Sg:n:1:h:ht|"
5749,5749,"CC1C(N=CN1)C(=O)NC=C.CC |$;;;Q;;K2;;;Q;;;;R9$,m:11:1.2.3.4.5,Sg:n:4:U:ht|"
5750,5750,"CCNC(=O)CN1C(=NC=C1C(=O)O)C.CC |$;;;;T;M;;;X0;;M7;;;;;;R$,m:15:6.7.8.9.10|"
5751,5751,"CC(CCNC(C)C(=O)NC1CC1)O.CC=NN=C(C)C |$;;;;;;;;;;;;;;;;;;;;$,m:14:10.11.12|"
5752,5752,"C1CC2CC1C3C2C3NC(=O)C(F)(F)F.CSC(C)=NN |$U;;;;;;;;;;;;;V;;;;;;;$,m:15:7.6.5|"
5753,5753,"C1CC(COC1)CNC(=O)C2=CC(=C(C=C2)Br)Cl.COC(=O)OO.CP(C)(C)=N |$;;E;;;;;;;;;;Q;;;;Q4;;;;;;;;;;;;$,m:18:0.5.4.3.2.1,m:24:11.12.13.14.15.10|"
5754,5754,"CC1=NOC(=C1)C(=O)NC2(CCNC2)C.CON(C)C(=O)N(C)C |$;;;;;;;;;;;;;;;;;;;;;;;$,m:15:1.2.3.4.5|"
5755,5755,CCC(=O)NCC1=C(C=C(C=C1)Cl)OCC |$;;;;;;;Y9;;;;;;W;;$|
5756,5756,"CN1C=C(C2=C1N=C(NC2=O)N)C[NH3+].CB=C(C)C |$;;;;;J5;;;;;;;;;;;;;$,m:14:6.7.8.9.4.5|"
5757,5757,"CCSC1=CC2=C(CCC(=O)N2)C=C1 |$;;;J2;K8;;;;;;;U2;;$,Sg:n:10:P:ht|"
5758,5758,"C1=CN=C(C=C1Cl)C(=O)NCCC(=O)O.CC |$;;;;;;;;;;;;;;;;R$,m:15:0.5.4.3.2.1|"
5759,5759,"CC(C#N)C(=O)NC1CCCCCCC1 |$;;;;Y2;;;;;;;;;;K1$,Sg:n:12:V:ht|"
5760,5760,"CC(=O)NCCNCC1CCCCO1 |$;;;;;M5;A2;;Q;;;;;D0$,Sg:n:4,5:D:ht|"
5761,5761,"CCC(=O)NC1CCC(CC1)C(=O)OC |$Y;;;;;;;;;;;;;;$,Sg:n:8:k:ht,Sg:n:12:V:ht|"
5762,5762,C[C@@H](C(=O)NC1=CC(=C(N=C1)Br)Br)N |$;;;;;;U1;;Q;;;;;$|
5763,5763,"CCOC1=CC=CC=C1NC(=O)CC2CCNC2.CC |$;;;;;;;;;;;;;;;;;;;R1$,m:18:14.13.17.16.15,Sg:n:11:O:ht|"
5764,5764,"CC(=O)NC(CC1=CC=CC=C1)N2C3=CC=CC=C3N=N2.CC.CNC(C)OC |$;;;;;G;;;;E0;;;;;Z;;;;;;;;A;;;;;;$,m:21:7.8.9.10.11.6,m:23:14.15.16.17.18.13,Sg:n:4:w:ht|"
5765,5765,CC(C)(CCN1C=C(C(=O)NC1=O)Br)O |$;;;;;;G4;;;;;L0;;Z0;G3$|
5766,5766,"CCC(C)(C#N)C(=O)NCCC(F)(F)F |$;;;;;U;;;;;;;;;$,Sg:n:11:w:ht,Sg:n:6:k:ht,Sg:n:9,10:f:ht|"
5767,5767,"CC(C(=O)NC1CC2CCC1O2)Br.CC.CC |$;;;;D;Y;;;;Y;;;;;X;;R$,m:13:5.6.7.11.10,m:15:8.7.11.10.9,Sg:n:10:G:ht|"
5768,5768,"CC(C(C)(C)NC(=O)CC1CCCO1)N |$;;;;;M;;;;;;;;;$,Sg:n:12:k:ht|"
5769,5769,"C1CCC(C1)CNC(=O)CCN |$;;;W0;;;;;;;;$,Sg:n:9,10:B:ht|"
5770,5770,"C1CC1N=C([C@H]2CC(=O)NC2)NO.CC |$;;;;;;;;;;;;;;R$,m:13:0.1.2|"
5771,5771,CC(=O)NC1(CCCCCCC1)C |$;;;;L;;J1;;;L;;;$|
5772,5772,"CCOC1=C(C=CC=N1)C(=O)NCC2CCCC(C2)O.CC |$;;;;;;;;;;;;;;;;;;;;;R$,m:20:14.15.16.17.18.13|"
5773,5773,"CCNC(=O)C(C)NCC1CCCN1 |$;;;;;;;;Z0;;;;;$,Sg:n:7:k:ht|"
5774,5774,CCOC1=CC=CC(=C1)NC(=O)C(C)N |$E7;;;Q;D;;;;L9;;;;D;Z;$|
5775,5775,CCC(C)C(C(=O)NC1=NN=C(O1)C)N |$;;;;;;;;;X6;;;;;$|
5776,5776,C1CCC(C1)NCC(=O)NCC(F)F |$;;;;;;;;;D5;;;;$|
5777,5777,"CC1=CSC=C1C(=O)NC2CCC2.CC |$V;;;;;;;;;;V;;;;R4$,m:13:1.2.3.4.5|"
5778,5778,"C[C@H]1CCCC[C@H]1NC(=O)C2CCC2.CC |$;;;;;;;;;;;;;;;U18$,m:14:11.12.13.10,Sg:n:7:D:ht|"
5779,5779,"C1CCN([C@H](C1)C2=NOC=N2)CC(=O)NC3=C(C=CC(=C3)Cl)N4C=NC=N4.CC=NN=NC |$;;;;;;;;;;A6;;;;;;;;;;;;;;L;T5;;;;;;;$,m:27:23.22.26.25.24,Sg:n:1:E:ht|"
5780,5780,"C1=CN=C(C(=O)N1)NCCCl |$A7;T1;;;;;;;;;$,Sg:n:10:Q:ht|"
5781,5781,"CC1=CN2C(=NC(=C2NC(=O)CC(C)C)C3=CC(=C(C=C3)OC)OC)C=C1.CC.CC.CC |$;;;;;;;;;V3;;;J;;;;;;;D;;;;D8;;B9;;;R0;;Y;;T$,m:27:1.26.25.4.3.2,m:29:5.4.3.7.6,m:31:16.17.18.19.20.15|"
5782,5782,"CC(CCNC(=O)C1=C(C=NN1C)N)O.CC |$;;;;;;;;;;;;;U;;;R36$,m:15:7.8.9.10.11,Sg:n:2,3:U:ht|"
5783,5783,CCC(C)C(=O)NC(C)CC#C |$;;;;;D0;;;;;;$|
5784,5784,"CNCC(=O)NCC1=CC=CC=CC1.CON(C)OC |$;;;;;J2;;;E;;;;;;;;;;;$,m:14:7.8.9.10.11.12.13|"
5785,5785,"CC(CNC(=O)C1CNC1)(CN(C)C)O.CC |$;;;K;;B2;;;;;;;;;;;R$,m:15:6.9.8.7|"
5786,5786,"CCCC1C(=O)N(C(CC(=O)N1)C)C2CCCCCC2.CN=C(C)N(C)N.CN=C(N)NN=C(C)C |$;;;;;;;;;;;;;;;;Y;;;D7;;;;;;;;;;;;;;;;$,m:20:3.4.6.7.8.9.11,m:27:14.13.19.18.17.16.15,Sg:n:8:j:ht,Sg:n:1,2:a:ht|"
5787,5787,"C1CCC2(C1)NC3=CC=CC=C3C(=O)N2.CC.CC |$;;;;;;;;;;;;;;;;R;;R62$,m:15:0.1.2.3.4,m:17:7.8.9.10.11.6,Sg:n:11:R:ht|"
5788,5788,"CCCN1C(=CC=N1)NC(=O)CN |$;;;;;;;L;;;;;$,Sg:n:1,2:h:ht|"
5789,5789,"CC(C)(C)CC(=O)NC1=NN=C(S1)SC.CC=NN(C)C=O |$Y;;;;;;;;;;;;;;E;;;;;;;$,m:15:8.9.10.11.12,Sg:n:10:L:ht|"
5790,5790,"C[C@@H](C(=O)NC1=C(N=CC=C1)OC)SC.CNSOC |$;;;;D9;K7;;;;;;;;;;;;;;$,m:15:5.10.9.8.7.6|"
5791,5791,"C1C[C@H](S[C@H]1CO)N2C=CC(=O)NC2=O.CC |$;;;Q;;;;J;;;B;;;;;;E7$,m:15:8.9.10.12.13.7|"
5792,5792,"CCC(C(=O)NC1=C(C=CC=C1C)C)Br.CC |$;;;;;;;;;;;E5;;;;;R$,m:15:6.11.10.9.8.7|"
5793,5793,"CCCC1=CC(=O)NC(=N1)SCC(C)CO |$;;;;;;;;;;X9;;;;;$,Sg:n:3:h:ht,Sg:n:1,2:P:ht|"
5794,5794,"CC1=NOC(=C1)C(=O)NC2CCCC2N.CC |$;;M;;;;T5;;;;;;;;;;J$,m:15:10.9.13.12.11,Sg:n:12:b:ht,Sg:n:12:c:ht|"
5795,5795,"CC(C)N1C=NN=C1C(C)NC(=O)C2=CNC=C2.CNSC(C)=S.CC |$;;;M8;;;;;;G;M;;;;;;;;;;;;;;;M6$,m:18:3.4.5.6.7,m:24:14.13.17.16.15|"
5796,5796,"CC(CNC)C(=O)NCCCCC(=O)O |$;;;;;;;W;D8;J3;;;;;$,Sg:n:9:x:ht,Sg:n:10,11:w:ht|"
5797,5797,"CC1=NN(C=C1C(=O)NC2CNC2)C.CC(=O)N(C)N=[N+]=[N-] |$;;;;;;;;;;;D4;;;;;;;;;;$,m:14:1.2.3.4.5|"
5798,5798,"C[C@H](CN)NC(=O)C1=C(C(=CC=C1)O)O.CC=NN(C)C(C)=S |$;;;;;;W6;;;;;;;;;;;;;;;;$,m:15:7.12.11.10.9.8|"
5799,5799,"CC1=NN(C=C1C(=O)N[C@H](C)CO)C.CC |$;;;;;;;;;V;;;;;;R$,m:14:1.2.3.4.5|"
5800,5800,CC(=O)NC1CC[N+](C(C1)(C)C)(C)C |$;;;G;;;U;;;;;;;$|
5801,5801,"CC(C(C)(C)C)NC(=O)CNC1CC1 |$;;;V1;;;;Y4;;;;;;$,Sg:n:12:N:ht|"
5802,5802,"CC(C)NC(=O)C(CC1=CC(=C(C=C1)F)C(F)(F)F)CN.CC |$;G1;;D;;;;Y6;;;Y;X5;;;;;;;;;;;R$,m:21:8.13.12.11.10.9|"
5803,5803,"CCC1(C=NC(=O)NC1=O)CC.CC |$;;;;;;;;;;;;;Q10$,m:12:2.8.7.5.4.3|"
5804,5804,"CC(=O)N[C@@H]1[C@H]([C@@H]([C@H](O[C@@H]1O[C@@H]2[C@H](O[C@@H]([C@@H]([C@H]2O)O)O)CO)CO)O)O.CC.CC |$;;;;;;;E;;Y5;W;;;;;;;;;;;B9;;;;;;E;;J28$,m:26:4.9.8.7.6.5,m:28:12.13.14.15.16.11|"
5805,5805,CNC(=O)C(C1=NN(N=C1)C)Cl |$;;Q;;;;;;;;;$|
5806,5806,"CC(COC)NC(=O)CCC1=CC=CO1 |$;;;;;;;;;;Q;;;;L$,Sg:n:13:U:ht,Sg:n:8,9:m:ht|"
5807,5807,"CCC(C(=O)O)NC(=O)CCCSC |$;;;;;;;;;;;;;$,Sg:n:6:O:ht,Sg:n:2:Q:ht,Sg:n:9,10,11:q:ht|"
5808,5808,C1=C(C(=O)NC(=O)[N-]1)/C=C/Br |$;;;;;Y;;;;;T0$|
5809,5809,CC(C)C(C(=O)N[C@@H](CO)C(=O)OC)N |$T8;K1;;;;;W5;A0;;;;;;;$|
5810,5810,CC1=C(OC(=N1)C)C(=O)NC(C)CC#N |$;;;;;E;;;;M9;;;;;$|
5811,5811,"C1=C(N=C(NC1=O)SC2=NC(=CS2)Br)N.CC.CC |$;;;;;;;;;;;;;;;;R9;;R4$,m:15:0.5.4.3.2.1,m:17:9.8.12.11.10|"
5812,5812,"CCCC(=O)NC1=NNC(S1)CO |$A;;;;;J1;;;;;;X4;$,Sg:n:1,2:z:ht|"
5813,5813,"CC(C)(C)CNCC1=CNC(=O)C=C1.CC |$;;W;;;;;;;W;W;;;;;M8$,m:14:7.13.12.10.9.8|"
5814,5814,"CC[N+]1=CC(=CC2=C1N=C(NC2=O)N)C |$;;;E;;;;;;;;;;;$,Sg:n:6:k:ht|"
5815,5815,"CC(=O)NC1=CC=C(S1)C(=O)NN.CC |$;;;;E4;;;;;;M2;;;;R1$,m:13:4.5.6.7.8|"
5816,5816,"CC(=O)NC1=CC=CC=C1O[C@H]2CC[C@@H]([C@@H]2O)N3CC[C@@H](C3)OC4=CC=C(C=C4)Cl.CC |$;G;;Q;;Z;;;;;T1;E7;;;;V1;A3;;;;;;Q;;;;;;;;;K$,m:30:24.25.26.27.28.23|"
5817,5817,"CC1=C(C=CC(=C1)I)NC(=O)[C@H](C(=C)C2=CC=CC=C2)N3C(=O)[C@H](NC3=O)C4=CC=C(C=C4)OCCOCCOC.CN=CNOC |$;;;;E4;;;M;;;;;;;;;;U5;;;;;;;;;;;;;;;;;;;;;;;;;;;;;$,m:41:1.6.5.4.3.2,Sg:n:23:h:ht,Sg:n:5:w:ht,Sg:n:37,38:x:ht|"
5818,5818,"CCC1=CC=CC=C1NC(=O)C(CC)SC2=NN=C(N2CC=C)CS(=O)(=O)C3=CC=C(C=C3)C.CNC(=S)N=[N+]=[N-].CSC(=O)SC.CSC(=O)C(C)O |$;;;;Y;;;;L9;;;;;L;;;;;;;;X;;;;;;;;D5;;;;;;;;;;;;;;;;;;;;;;;;$,m:34:2.7.6.5.4.3,m:41:16.15.19.18.17,m:47:28.29.30.31.32.27,Sg:n:12:x:ht,Sg:n:3:D:ht|"
5819,5819,"CC1=CC=CC=C1[C@H]2CN(C[C@@H]2C(=O)NCCOC)C(=O)C3=CC=CO3 |$;;;;;;;;;;;;;;;;K0;;;;;;;;;$,Sg:n:22:r:ht,Sg:n:15,16:J:ht|"
5820,5820,"CCCC(C)NC(=O)C(C1=CC=CC=C1C#C)N(C(C)CC)C(=O)CNC(=O)OC(C)(C)C |$;;;;;;;;;;;;;;;;;;;;;;;;;;;;M;;;;$,Sg:n:1,2:q:ht|"
5821,5821,"CC[C@H](C(=O)NC1CCCC1)N(CC2=CC(=CC=C2)OC)C(=O)CN(C3=C(C=CC(=C3)Cl)OC)S(=O)(=O)C4=CC=CC=C4.CN=CN.CC.CC |$;;;;;;;;;;;;;;;;;;;;;;;;;;;;;;;;;;W3;;G;;;;;;;;;;;;M3;;L$,m:43:7.6.10.9.8,m:47:14.15.16.17.18.13,m:49:38.39.40.41.42.37|"
5822,5822,"C1CCC(C1)N2CCO[C@H](C2)CCNC(=O)C3=CC(=O)C(=CO3)O.CC.C=NNC(C)=NC.CC(=O)C=S |$;;;B1;;;;;;;;B2;;;;;;J8;;;;;;;;M;;;;;;;;;;;;$,m:24:0.1.2.3.4,m:26:6.7.8.9.10.5,m:33:17.18.20.21.22.16,Sg:n:11,12:L:ht|"
5823,5823,"C[C@H](C[S@](=O)C)C(=O)N[C@@H]1C[C@H]1C2=CC(=C(C=C2)Cl)F.CC(O)C(=O)S |$;;;;;;;;;;;;;;D2;;;;;;;;;;;$,m:20:13.14.15.16.17.12|"
5824,5824,"CC1=C(C=CC(=C1)F)NC(=O)C2=C(NC3=NC=NN3[C@@H]2C4=CC=C(C=C4)Cl)C.CB=C(C)C.CC |$;;;;;;;;;;;;;A3;B6;;;;;;;L8;;;;;;X;;;;;;;R28$,m:28:12.13.14.18.19.11,m:33:21.22.23.24.25.20|"
5825,5825,"CC(C)OC1=CC=CC(=C1)C(CNC(=O)/C=C\2/CN3CCC2CC3)O.CC.CC |$G1;Z7;;U;;;;;;;;;;;;;;;;;;;;;;;R7;;K82$,m:25:4.9.8.7.6.5,m:27:17.18.23.22.21.16|"
5826,5826,"C1CC2=CC=CC=C2N(C1)S(=O)(=O)C3=CC=CC(=C3)C(=O)NC(CN)C4CC4.CP(C)N.CC.CC |$;;;L;;;;;;;;;;;;;;;;;;;;;;;;;;;;;;R4;;Z$,m:28:0.9.8.7.2.1,m:32:14.15.16.17.18.13,m:34:26.25.27|"
5827,5827,"CCNC(=O)CS(=O)(=O)C(C)CNCC(C)C |$;;;;;T7;Q9;;W;;;;K;;;;$,Sg:n:1:s:ht|"
5828,5828,"CCCCOC1=CC2=C(C=C1)C(=C(C(=O)N2)OCCCC)OC/C=C(\C)/CCC=C(C)C.CC(N)C(N)=S.CC |$;;;M;;;;;;;;;;J0;;;G;;Q;;;;;;;;B2;;;;;;;;;;;;;M0$,m:32:5.10.9.8.7.6,m:38:11.12.13.15.7.8,Sg:n:23:E:ht,Sg:n:10:i:ht,Sg:n:22:T:ht,Sg:n:18,19:B:ht|"
5829,5829,"CN(CC1=CC=CC=C1)C(=O)C2=CC(=CC=C2)NC(=O)CNC3=CC=C(C=C3)OCCC4=CC=CC=C4.COC(=O)NN.CC |$;;;;;;;;;;;;;;;;;;;;;;;A;;;;;U;;;;;;;;;;;;;;;;R$,m:37:23.24.25.26.27.22,m:43:32.33.34.35.36.31,Sg:n:29,30:H:ht|"
5830,5830,"CC1=C(C=C(C=C1)Cl)NC(=O)C2=CC(=CC=C2)S(=O)(=O)NC3=CC=C(C=C3)F.CC=NN=[N+]=[N-].CC |$;;D;;;M;;;;;;;;;;;;;;;D7;;;;;;;;;;;;;;;R0$,m:28:1.6.5.4.3.2,m:34:12.13.14.15.16.11|"
5831,5831,"CCCC(C(=O)NCCNS(=O)(=O)C1=CC=CC=C1)N |$V6;;;;;;;B;E;;;J;;;;;;;;$,Sg:n:7,8:R:ht|"
5832,5832,"CC1=CC=C(C=C1)CN2C(=C(C(=N2)C)/C=C(\C#N)/C3=NC4=C(C5=C(S4)CCCC5)C(=O)N3)C.COC(=N)N.COSS |$;E;;D0;;;;;;Q1;;;Q4;;Q;;;;;D5;;;;;;G;;;;;;;;;;;;;;;;$,m:33:9.8.12.11.10,m:38:19.20.21.29.31.18,Sg:n:13:l:ht,Sg:n:24:E:ht|"
5833,5833,"CCCC1=C(C(=NN1)C(=O)NC(CC)C2=CC=CS2)N.CN(C)C=NN(C)C.CC |$;;;;;;;;;;;;;;;;;;;;;;;;;;;;;R85$,m:20:3.4.5.6.7,m:28:15.14.18.17.16|"
5834,5834,"CC(C)CC1=CC(=CC=C1)OC/C=C/C(C(C)C(=O)NC(C(C)C)C(=O)NC(C)C(=O)N2CCCC(N2)C(=O)N)OC.CC.COB(C)N |$;;;;;;J;;;;;;;;;;;;;;;;;;;;;;;Z2;;;G;;T0;Y;Z2;;;;;;;R;;;;;$,m:42:4.9.8.7.6.5,m:44:32.33.34.35.36.31,Sg:n:35:g:ht|"
5835,5835,"COCC(=O)NC1CCN(C1)C2CCCCC2.CC.CC=NN(C)C(=S)NC |$;;;;;;;;;;;;;;;;;;R;;;;;;;;;$,m:17:6.7.8.9.10,m:19:12.13.14.15.16.11|"
5836,5836,"CCC1=NC(=NC(=N1)N2CCN(CC2)C3=CC=CC=C3)NC4=NC=C(S4)C(=O)NC5=C(CCC=C5C)C.C=NC=NC.CNN=C(C)N=C(C)C |$;;;;;J;;;;;;K6;;;;;;G;;;;;;;;;;;;K;;;;;;;;;;;;;;;;;;;;;$,m:37:2.7.6.5.4.3,m:42:15.16.17.18.19.14|"
5837,5837,"CC(C)C(C)(CNC(=O)CC1CN(CCO1)CC2=CC=CC=C2)O |$;;;;W;;;;;;;;;;;;;;;G9;;;;$,Sg:n:15:b:ht,Sg:n:1:O:ht|"
5838,5838,"CNC(=O)N1C=CC2=C1C=CC(=C2F)N(C)C3=CC(=NC=C3)NC(=O)C4=CC=C(C=C4)C5CCN(CC5)CCO.CC.CC |$;G;;;;;;;;;;;;;;;;;;;;;;;;;;;;;;;;;;;B;;;;;W;;V1$,m:40:9.10.11.12.7.8,m:42:17.18.19.20.21.16,Sg:n:37,38:z:ht|"
5839,5839,"C1=CC(=CC(=C1)OC2=C(C=C(C=C2)C#N)OCCN3C=CC(=O)NC3=O)/C=C/C#N.COP(=O)(N(C)C)N(C)C |$;;;;;;;;;;;;;;T;K3;;;;;B;;;;;;;;;;;;;;;;;;;$,m:30:19.20.21.23.24.18|"
5840,5840,"CCOC1=CC=CC=C1N2C(=O)/C(=C\C3=C(N(C(=C3)C)C4=CC=C(C=C4)C5=CC=CC=C5)C)/C(=O)NC2=O.CC.CC.CC |$;;;;;;;;;;;;;;;;B;;K7;A7;;;Q2;;;;;;K0;;;;;L0;;;;;;R8;;U5;;U$,m:38:3.8.7.6.5.4,m:40:10.12.33.35.36.9,m:42:15.14.18.17.16|"
5841,5841,"CC[C@@H](C1=CC=CS1)NC(=O)C2=CN(C=C(C2=O)C(=O)NCC(C)C)C3CCCCC3.CC.CC(C)=NNN.CC |$;;;;Q7;;;;;;;;;;E5;;;D;;;;;;;;E1;;;;;;;R9;;;;;;;;R08$,m:31:4.3.7.6.5,m:33:12.13.14.15.16.11,m:39:26.27.28.29.30.25,Sg:n:13:C:ht,Sg:n:17:E:ht|"
5842,5842,"CC1=CC=CC=C1NC(=O)C(C2=CC=CC=C2C#C)N(C)C(=O)C(CCSC)NC(=O)OC(C)(C)C |$;;;;;;;;;;;V;;M3;;;;M9;;;;;;;;;U1;;;;;;U;;Z5;$,Sg:n:24:t:ht,Sg:n:24,25:d:ht|"
5843,5843,"CC(C1=CN=CC=C1)NC2=CC(=CC(=N2)C3=CC=C(C=C3)C(F)(F)F)CNC(=O)[C@@H]4CCCN4S(=O)C5=CC=C(S5)Cl.CNN(C)SC.CC.COC(C)SC |$V;;;;;;;;;;;Y;;;;;;;;;;;T;;;;;;;;;;;;;;;;;;;;;;;;;;;L5;;;;;;$,m:42:3.4.5.6.7.2,m:48:10.11.12.13.14.9,m:50:37.36.40.39.38,Sg:n:5:m:ht|"
5844,5844,"CC1(C(C1(C)C)CNC(=O)NC2=CC=CC3=C2CCNC3=O)C.CC |$;G;;;;V;;;;;;;W8;;;J3;;;;;;;;;A$,m:23:17.18.19.20.15.16|"
5845,5845,"C[C@H](C1=CC=CC=C1)NC(=O)C2=CC=CC=C2NC(=O)COC3=C(C=C(C=C3)C(C)(C)C)Br.CC.CN=C(N(C)C)N(C)C.CC |$;;;;;;;;;;;;;;;V7;;;;;;;;;;;;;;;;;;;R8;;;;;;;;;;;R70$,m:33:3.4.5.6.7.2,m:35:12.13.14.15.16.11,m:44:23.24.25.26.27.22|"
5846,5846,"CCCCCNC(=O)C(C1=C(C=CC=C1C)C)N(C(=O)C(CC2=CC=C(C=C2)O)NC(=O)OC(C)(C)C)C(C)(C)C.CC |$;;;;;M7;;;D;;;;U;;;;;;;;;;;;;;;;;;;;;Y;;;V7;;;;;;R$,m:41:10.11.12.13.14.9,Sg:n:1,2,3,4:D:ht|"
5847,5847,"CC1=CC(=C(N1CC2=CC=CS2)C)C(=O)NC3=C(C=CC(=C3)C4=NN=C5N4CCCCC5)F.CC=NOC(N)=O.COC(C)(C)O |$;J2;;;;;;;;B8;;;;;;;;;;;;;;;;;;;;U7;Y;M1;;;;;;;;;;;;;;$,m:33:1.2.3.4.5,m:40:8.7.11.10.9,Sg:n:2:F:ht|"
5848,5848,"CC1=C(C=C(C=C1)C(=O)OC(C)C(=O)NC2=CC=C(C=C2)Cl)S(=O)(=O)N3CCOCC3.CSN=O.CC |$;;;;;;;;;;;;;;D7;;;;J8;;;;;;;;;D1;;;J;;;;;;Q$,m:31:16.17.18.19.20.15,m:35:26.27.28.29.30.25,Sg:n:24:J:ht|"
5849,5849,"C[C@@H](COC)NC(=O)CSC1=NN=C(N1C2CCCCC2)C3=CC=C(C=C3)C(C)(C)C.CSS(C)=O |$B;;;;;;;;M;;;;M;;A;;;;;;;;;;;;;;;;;;;;;$,m:31:16.17.18.19.20.15|"
5850,5850,"CC1=CC=CC=C1CN2C=C(C=N2)NC(=O)C3=C4N=C(C=C(N4N=C3)C(F)(F)F)C5CC5.CC=NNC(=O)OC.CN(C)N(C)C |$;;T;;;;;;;;;;;;;;;J;;;;;;;;;;;;E7;;;;;;;;;;;;;;;;$,m:32:1.6.5.4.3.2,m:40:30.29.31|"
5851,5851,"COC1=C(C=CC(=C1)NCC2=CC3=C(C(=C(C=C3)OCC(=O)N)Cl)NC2=O)C#N.COC(=O)N(C)N=C(C)C.CON=C(C)OC |$;;;;;;;;J0;;;;;;;;;;;;;;;;;;;Y1;;;;;;;;;;;;;;;;;;$,m:29:2.7.6.5.4.3,m:39:11.12.13.24.25.10|"
5852,5852,"CCCCC1=CC=C(C=C1)NC(=O)C2CCN(CC2)S(=O)(=O)C3=CC=CC(=C3)C(=O)C.CNN=[N+]=[N-] |$;;;Z6;;;;;;;;;;;;;;;;T9;;T2;;;;;;;;Z;;;;;;$,m:31:4.9.8.7.6.5,Sg:n:1,2,3:X:ht|"
5853,5853,"CC1=C(C=C(C=C1)[N+](=O)[O-])N(CCCC(=O)NC(C)C2=CC3=C(CCCC3)C=C2)S(=O)(=O)C.CNNC(N)=O |$;;;;K7;;;D;;;;U;;;M0;;;;;;;;;A0;;;Z;;;;;;;;;;;;$,m:33:23.24.25.26.21.22,Sg:n:0:i:ht,Sg:n:11,12,13:b:ht|"
5854,5854,"CC1=CC(=CC(=C1)S(=O)(=O)N2CCC[C@H]2C3=NN=C(S3)C(=O)NC4=CC=C(C=C4)F)C.COC=N.CC |$;;;;;;;;D9;;;;;;;G1;;;B;;;;;;;;;;;;;;;;;;R$,m:31:1.6.5.4.3.2,m:35:16.15.19.18.17|"
5855,5855,"CSC1=CC=C(C=C1)CC(=O)NC2=NNC(=C2)C3CCC3 |$;T5;;Y2;;;;;;;;;;;;;;;;;$,Sg:n:8:p:ht|"
5856,5856,"CC(C)(C)N1CC[C@H](C1)CNC(=O)CCC(=O)O.CC |$;;;;;;;;;;;;;;;;;;;R4$,m:18:4.5.6.7.8,Sg:n:13:F:ht,Sg:n:13,14:S:ht|"
5857,5857,"C1OC2=C(O1)C=C(C=C2)CNC(=O)C3=NC(=CC=C3)C(=O)O.CC.CC.CC |$;;;;;E;;;;;;;;;;;;;;;;;;R4;;R3;;W4$,m:22:0.1.2.3.4,m:24:5.6.7.8.2.3,m:26:14.15.16.17.18.13,Sg:n:9:R:ht|"
5858,5858,"CCN1C(=CC=N1)C(=O)NCC2=C3COC4(CCN(C4)CC5=CC=C(C=C5)Cl)CN3N=N2.CC.CC.CC |$;;;;;;;;;;A6;;;;L7;B3;;;;;B;;;;;;;;;B;;;;R;;R88;;M45$,m:32:2.3.4.5.6,m:34:16.15.19.18.17,m:36:22.23.24.25.26.21,Sg:n:12:h:ht,Sg:n:10:X:ht,Sg:n:12:n:ht|"
5859,5859,"CC1=CC(=NN1)NC(=O)C2=C(C=C(C=C2)[N+](=O)[O-])Cl.CC(C)=NC(C)=NN(C)C |$;;;;Q5;;;;;;;X;;T;;;;;;;;;;;;;;;$,m:19:10.11.12.13.14.9|"
5860,5860,"CC1=CC=C(C=C1)C=CC(=O)NC(=S)NC2=C(C(=C(S2)C)C)C(=O)N |$;;;;;K;;;;;;;;;;E2;;;;;;;;;$,Sg:n:4:l:ht|"
5861,5861,"C[C@@H]1CN(C[C@H](O1)C)C2=NC3=CC=CC=C3N=C2[C@@H](C#N)C(=O)NCCC4=CC=CC=C4.CSC(=O)N=[N+]=[N-] |$;;;;;;;;X;;;;;Y;;;;;;T8;;;;Y;;M4;;;;;A7;;;;;;;;$,m:32:9.10.15.16.17.8|"
5862,5862,"CCOC(=O)C1=CC=C(C=C1)NC(=O)[C@@H]2CC(=O)N(C2)[C@@H](C)C3=CC=CC=C3.CC=NN(C)NC |$;L;;;;;;;J;;;;;;;;;;;;;;;;;;;;;;;;;;$,m:28:15.14.19.18.16|"
5863,5863,"CC(C)C1C(=O)NCCN1C(=O)C2=CC(=CC=C2)OCC3=CN4C=CC=CC4=N3.CC.CC=NN(C)C=O.CC(=S)N(C)N(C)C |$;;;;W7;;;E;;;;;;;;;;;;;;;;;;;;G0;;;R8;;;;;;;;;;;;;;;$,m:29:3.9.8.7.6.4,m:31:13.14.15.16.17.12,m:38:21.20.28.27.22,Sg:n:14:r:ht|"
5864,5864,"CC(C)C(CCNC(=O)CC1CCC1)O |$;;;;;;;K;;;;;;;$,Sg:n:3:F:ht|"
5865,5865,"CC1=C(C=CC=C1NC(C)C2=CC(=CN=C2)F)C(=O)NC.CC |$;Z;;;;;;;;;;;;;;;;A;;;;;T19$,m:21:1.6.5.4.3.2|"
5866,5866,"CC(C(=O)NCC1=CC=C(C=C1)OC)N(CC2=CC=CC=C2)C(=O)CC3=CC(=C(C=C3)OC)OC.CC.CC.CS(C)(O)O |$;;W;;;;;;;;;;E4;;;;;;;;A;;;T;;E;;;;;;;;;;;G;;Y8;;;;;$,m:35:7.8.9.10.11.6,m:37:17.18.19.20.21.16,m:39:26.27.28.29.30.25|"
5867,5867,"CC(C)C[C@@H](C(=O)NCCCOC)O |$;;;;;;;;W;;;;U;$,Sg:n:5:Z:ht|"
5868,5868,COCCNC(=O)C1=CN=C(N=C1)NCCC2=CC=CC=C2 |$;;;;;;;;;;K5;;;;;;;;;;M;$|
5869,5869,"CC1=CC(=C(C=C1)C)N(CC(=O)NCCOC2=CC=CC(=C2)OC)S(=O)(=O)C.CN=CNC.CC |$;;;;;;;;;;;;;;;;;J;;;;;;;;;;;;;;;;;R52$,m:28:1.6.5.4.3.2,m:33:17.18.19.20.21.16,Sg:n:9:x:ht,Sg:n:12:c:ht|"
5870,5870,"C1=CC(=C(C(=C1NC(=O)C2=CC=C(S2)C(=O)O)F)F)F.CC(=N)C(C)=O |$;;;;;;;;W;;;;;;;;;;;;;;;;;$,m:20:10.9.13.12.11,Sg:n:5:j:ht|"
5871,5871,"C1=CC=C(C=C1)OC2=CC=C(C=C2)NC(=O)C(=O)NC3=CC=C(C=C3)C#N.CN=CNSC.CC |$;;;M6;;;;;J;G7;;J7;;E0;;;;;A4;;U8;;;;;W7;;;;;;;;;X$,m:27:0.5.4.3.2.1,m:33:20.21.22.23.24.19|"
5872,5872,"COC1=CC=CC=C1CCNC(=O)CN2CCC(=CC2)C3=CC=C(C=C3)O.CC |$;;;;K;;;;V7;;;;;;A6;;;;;;;;;;;;;;R45$,m:27:15.16.17.18.19.14,Sg:n:22:z:ht,Sg:n:8,9:U:ht|"
5873,5873,"CC1=CC=C(C=C1)N2C(=O)N(C3=CC=CC=C3S2(=O)=O)CC(=O)NC4=C(C=C(C=C4)OC)OC.CC.CC.CC |$;;;;;E;W8;;;;;;;;;Y;T9;;;;;;;;;;;;A;;D;;;;;V;;V;;Z8$,m:34:8.10.11.16.17.7,m:36:12.13.14.15.16.11,m:38:25.26.27.28.29.24|"
5874,5874,"CCC(CC)N1C(=NN=C1SC(C)C(=O)NC(=O)NC(C)(C)C)COC2=CC=CC=C2Cl.CC |$;;;;;;Q;M3;;;G3;;;;;;;;;;;;;;Y3;;;;;D;;;;R5$,m:32:26.27.28.29.30.25,Sg:n:27:k:ht|"
5875,5875,"C1=CC(=C(C=C1C=CC(=O)O)CNC(=O)C2=CSC=C2)F.CS(N)(=O)=O |$;;;;;;;;;;;;;;;;;;;;;;;;;$,m:21:0.5.4.3.2.1|"
5876,5876,"COC1=C(C=C(C=C1)CC(=O)NCC2=CC=C(C=C2)C3=CC=NC4=NC=NN34)F.CC.CC |$;;;;;;;;;;U;;;;;;;;;;;;K7;;;;;;M;;R0;;R32$,m:29:2.7.6.5.4.3,m:31:24.23.27.26.25|"
5877,5877,"CC1([C@@H](N2[C@H](S1)[C@@H](C2=O)NC(=O)CC3=CC=CC=C3)C(=O)N)C.CC.CC |$;;J;;;;;;;;;;;;;D4;;;;;;;;;R8;;R$,m:23:1.2.3.4.5,m:25:7.3.4.6|"
5878,5878,"C1=CC(=CC(=C1)NC(=O)C2=C(C(=NC=C2)N)F)C#N.CNN(C(C)=O)C(C)=O |$;B8;;;;;;;;;;;;;V1;;;;D6;;;;;;;;;$,m:19:10.11.12.13.14.9|"
5879,5879,"CCOC(=O)C1=C(N=C(S1)N2CC[C@H]([C@H](C2)OC)NC(=O)C3=C(C(=C(N3)C)Cl)Cl)/C=N/OC.CSC(C)SC |$;;E8;U7;;;;;;;;;L;;;;W;;;;;B;;;;;;;;;;Z;;;;;;;$,m:33:5.6.7.8.9,Sg:n:23:s:ht|"
5880,5880,"CC1=C([C@H](C2=C(N1)C[C@H](CC2=O)C3=CC=CC=C3)C4=CN=CC=C4)C(=O)NC5=CC=CC=C5F.CC.CNC(C)(C)S.CN=C(C)C(C)=O |$;;;;Z;;;Q6;B0;;;;;;;;;;;;;;;;;;;;;;;;;;;R;;;;;;;;;;;;;$,m:34:1.6.5.4.3.2,m:36:7.8.9.10.4.5,m:42:19.20.21.22.23.18|"
5881,5881,"CC1=CC2=C(C(=C1)Cl)NC(=O)C23C4C(C(N3)CCC(=O)N)C(=O)N(C4=O)C5CCCC5.CC.CC.CC |$;;;J;;;;;;;;;;;;;;;;;;;;;;;;W;;;;;R;;Y;;R$,m:31:1.6.5.4.3.2,m:33:8.4.3.11.9,m:35:21.13.12.24.23,Sg:n:16,17:v:ht|"
5882,5882,"CC1=CC=C(O1)C(CNC(=O)C2=C(C3=CC=CC=C3O2)CSC4=NC(=CS4)C)N5CCOCC5.CN(O)C(=O)O.CC |$;;;;;;;;;;;;;;;;;;;;;T;;;;;;;;;;;;;;;;;;;;R5$,m:34:14.15.16.17.18.13,m:40:19.18.13.12.11|"
5883,5883,"CC1=C(N=CC=C1)NC2=CC=CC(=N2)C3CCN(CC3)C(=O)C4CC(=O)NC5=CC=CC=C45.COP(=S)(S)OC.CC |$;;;;;;;;;;Q;Q;G2;;;T8;;;;L8;;;;;;;;;;;;;;;;;;;;;;R$,m:33:1.6.5.4.3.2,m:40:9.10.11.12.13.8,Sg:n:28:D:ht,Sg:n:26:W:ht|"
5884,5884,"CC1=CC(=C(C(=N1)SC)NC(=O)C(C2=CC(=CC=C2)OC3=CC=CC=C3)SCC4=CC=C(C=C4)Cl)SC.CC |$;;;;;;;;B;;;;;J2;;;;;;;;;;;;;;;;;;;;;;;;;V3$,m:37:29.30.31.32.33.28|"
5885,5885,"COC1=CC=CC=C1C(=O)NC2=CC3=C(C=C2)N=C(N3)CCC4=CC=CC=C4.CN=NC(=S)NC.CC |$;;;;;;;;;;;Z;;;;;Z3;;U;;;;;;;;;;;;;;;;;;L$,m:28:17.14.13.19.18,m:35:23.24.25.26.27.22,Sg:n:20,21:r:ht|"
5886,5886,"COC1=NNC(=N1)NC(=O)C2=CC=C(C=C2)NC(=O)N.CNS(C)(=O)=O.CC |$;;;;;;;;;;;;;;;;;;;;;;;;;;;G$,m:20:2.3.4.5.6,m:26:11.12.13.14.15.10|"
5887,5887,"CCCN1C=C(C=N1)C2=C(C=NC=C2/C=C/C(=O)NC3=CC=C(C=C3)CN4CC(C4)(F)F)F.CC |$;;;;;;;;;;;;L;;;;;;;;D0;;;;;;;;;;;;;;R$,m:33:20.21.22.23.24.19,Sg:n:23:d:ht,Sg:n:9:C:ht,Sg:n:12:N:ht,Sg:n:1,2:u:ht|"
5888,5888,"CC1=NC=C2CN(CCC2=C1CNC(=O)CN3CCCCC3)C(=O)C4=CC5=CC=CC=C5C=C4.CC.CC.CC |$;;K;;;;;;;;;;Y;;;T9;;;;;Y;;;;;;;;;;;;;;;A;;R1;;R$,m:34:5.6.7.8.9.4,m:36:17.18.19.20.21.16,m:38:27.28.29.30.31.26,Sg:n:26:J:ht,Sg:n:17:h:ht|"
5889,5889,"CC1=C(C=C(C=C1)N2C(=O)C(CNC2=O)C(=O)NC3=CC(=CC(=C3)C(F)(F)F)C(F)(F)F)C.CC |$;;;;;;;;;;;;;;;;M5;;;;;;Y6;W;;;;;;;;;;;R3$,m:33:8.10.11.12.13.7|"
5890,5890,"COC1=CC=CC=C1NC(=O)C2=CC(=CC=C2)NC(=O)C3=CC=CC=C3.CC(=O)ON=[N+]=[N-] |$;;;G6;;;;;;;;;Z;;;;;;;;;;;A0;;;;;;;;;$,m:26:21.22.23.24.25.20|"
5891,5891,"CC(C)OC(=O)COC(=O)CNC(=O)C1=CC=C(C=C1)OC2=CC=CC=C2.CC.CC#[N+][O-] |$;;;;;;;;U;;;;;;;;;;;;;;;;G;;;;R;;;;$,m:27:14.19.18.17.16.15,m:29:22.23.24.25.26.21,Sg:n:7:I:ht|"
5892,5892,"C[C@H](C(=O)NCC(C)C)N(CC1=CC(=C(C=C1)Cl)Cl)C(=O)CN(C2=C(C=C(C=C2)OC)OC)S(=O)(=O)C |$;;;W;;;;;;;;;;;;;;;;;;;;;;;;;;;;;;;;;A3$,Sg:n:25:x:ht|"
5893,5893,"CC1=C(C(=O)OC2=C(C3=C(C=C12)C(=CO3)C(C)(C)C)C)CC(=O)N[C@@H](C4=CC=CC=C4)C(=O)[O-].CC.COC(=O)S(C)(=O)=O.CC |$;;;;;;;;;;;;;;;;;;;J6;;;;;;;;;;;;;;X6;;R;;;;;;;;;;G$,m:34:1.11.6.5.3.2,m:36:7.8.9.10.11.6,m:44:12.9.8.14.13|"
5894,5894,CCOC(=O)C1=C(SC(=C1C)C(=O)NC2=CC=C(C=C2)Cl)NC(=O)C(C)C |$K3;;;;;;;;;;;;;;;;;;L7;;;;;;;G;$|
5895,5895,"CN(CC(=O)NC1=CC(=C(C=C1)Cl)Cl)S(=O)(=O)C2=CC=CC=C2C(=O)OC.CC.CC |$;;;;;;;Y;G;;;;;;;;;;L6;;;;Q2;;;;;;M4;;R1$,m:27:7.8.9.10.11.6,m:29:18.19.20.21.22.17,Sg:n:12:o:ht|"
5896,5896,"COC1=CC=C(C=C1)CN(C(C2=CC=CC=C2F)C(=O)NCC3CCCO3)C(=O)CN4C(=O)C5=CC=CC=C5S4(=O)=O.CC(C)=[NH2+].CC |$;;;;;;Z6;;;;;L0;;;;;;;;;;;;;;;;;;;;;;;;;;;;;;;;;;;;R6$,m:42:2.7.6.5.4.3,m:46:12.13.14.15.16.11,Sg:n:11:Z:ht,Sg:n:36:s:ht|"
5897,5897,"CN(CCCCC1=NN=C(C=C1)NC(=O)CC2=NC=CC(=C2)C3=CC(=CC=C3)OC(F)(F)F)C(=O)C4=NNN=C4.CP(C)S |$;;;;;;;;;;;K9;;;;;;;;;;;;;;;;;;;;;;;;;;;;;;;;$,m:40:23.24.25.26.27.22|"
5898,5898,"C1CCC(C1)NC(=O)CN2C(=O)C3=C(C4=CC=CC=C4O3)N(C2=O)CC(=O)N[C@H]5CCC6=CC=CC=C56.CN(S)C(N)=O.CN(N)O.CC |$;;;;;;;;L3;;;;;;;;;;;K;;;;;;;;;;;;;G7;;;;;;;;;;;;;;;;R$,m:37:10.12.13.21.22.9,m:43:15.16.17.18.19.14,m:47:20.19.14.13.12|"
5899,5899,"CCC1=CC(=CC=C1)CNC[C@H]([C@H](CC2=CC(=CC(=C2)F)F)NC(=O)CSC3=NC=CC=N3)O.CNP(=O)(NC)OC.CC |$;;;;;T;;;;U5;;;;;;;;;;A6;;K;;;;Y2;K4;;;;;;;;;;;;;;;;;R$,m:34:2.7.6.5.4.3,m:42:28.29.30.31.32.27,Sg:n:1:H:ht,Sg:n:3:h:ht|"
5900,5900,"CC(CSCC(=O)NCC#C)C(=O)O |$;;;;;;;;Y;;;;;G$,Sg:n:9:S:ht|"
5901,5901,"C1=CC(=CC(=C1)Cl)CCNC(=O)C2=CC(=NC=C2)C(=O)NCC3=CC=CO3.COC(C)=N |$;;;;;;;;;;;;V;V;;;;Z1;;;;;;;;;;;;;;$,m:27:23.22.26.25.24,Sg:n:7,8:P:ht|"
5902,5902,"CC1=CC=CC=C1NC(=O)C2CC2C(=O)N3CCC4=CC(=C(C=C4C3)OC)OC.CC=S(C)C.CC.C=NC(C)=NNC |$;;Q;;;;;;;;;;;;;;X;;;;;;;;;;;;;;;;;;;G;;;;;;;$,m:29:1.6.5.4.3.2,m:34:11.10.12,m:36:16.17.18.23.24.15,Sg:n:11:O:ht,Sg:n:11:D:ht|"
5903,5903,"CC(=O)CCC(=O)NCC(COC)OC |$;;;;;;;;;;;;;;$,Sg:n:3,4:m:ht|"
5904,5904,"C[C@H](CC[C@H]1CCCO1)NC(=O)C2=CC3=C(CCC(C3)(C)C)NC2=O |$;;;;;;;;M;;;;;;;;;;;;;;;;$,Sg:n:6:a:ht,Sg:n:4:X:ht,Sg:n:2,3:W:ht|"
5905,5905,"CC1=CC=CC=C1CN([C@H]([C@@H]2CCC=CC2)C(=O)NC3=CC4=C(C=C3)OCO4)C(=O)CN5C6=CC=CC=C6C(=O)C5=O |$;;;;;Q9;Y;;K9;V8;;;;W;;;;;Z3;;D7;;;;;;;;;;;;;;;;;;;;;$,Sg:n:3:d:ht|"
5906,5906,"C1=CSC(=C1)C2=NC(=NO2)C3=CNC(=O)C=C3.CN(C)C(=N)N |$;;;;;;;;;;;;;;;;;;;;;;$,m:17:6.5.9.8.7|"
5907,5907,"CC(=O)NCC1=NN=C2N1CCCN(C2)CC3=CSC=C3.CC.CC |$;;;;;L9;;;;;;;;;;;;;;;;;T03;;R$,m:21:5.6.7.8.9,m:23:17.16.20.19.18,Sg:n:19:l:ht|"
5908,5908,"C1=CC(=CC=C1C(=O)C2=CC=C(C=C2)OCCC(=O)NC(CC(=O)O)C(=O)O)N=C=O |$;;;;;;;;;;;;B0;;B;;;;;;;;;;V;;;;;;$,Sg:n:29:x:ht,Sg:n:15,16:O:ht|"
5909,5909,"CN(C)CCNC(=O)C1(CCOCC1)CC2=CC(=CC=C2)C3=CN=CC=C3.CN=CS(C)(=O)=O |$;;;;;;;;;;;;;;;Y3;;;;;;;;U;;;X2;;;;;;;$,m:27:16.17.18.19.20.15,Sg:n:3,4:G:ht|"
5910,5910,"C1CCN(C1)CCCNC(=O)C2=CC=C(O2)CN3C4=C(C=CC=N4)N5C=CC=C5C3=O.CC(=O)SN=[N+]=[N-].CC |$;;;;X8;;;W7;;;;;;;;G7;;;;;;;;K;;E1;;;D8;;;;;;;;;;;R$,m:31:12.11.15.14.13,m:38:25.24.28.27.26|"
5911,5911,"CCCCNC(=O)[C@H](CC1=CC=CC=C1)N(CC2=CC=CC(=C2)C)C(=O)CC3=CC=CC=C3F |$;;D9;;;;;;;;;;;Q8;;E0;;;;;;;;;;;V2;;;;;;G;$,Sg:n:13:I:ht,Sg:n:10:H:ht,Sg:n:1,2:V:ht|"
5912,5912,"CC(CCC(=O)NCCOCCOC)O |$;;;;;;;;;;;;;;$,Sg:n:1:b:ht,Sg:n:2:e:ht,Sg:n:11:W:ht,Sg:n:7,8:j:ht|"
5913,5913,C(COCCO)NC(=O)[C@H](CC(=O)N)N |$;;;;G;;;;Y;W;;;;V7;$|
5914,5914,"CC(=O)NC1=CC=C(C=C1)C2=NN=C(N2C3=CC=CC=C3)SCC(=O)NC4=CC=CC=C4Cl.CC |$;;;;;;;;;;;W;;;;;;;;;;;;L7;;;;;;;;Q4;;;T91$,m:33:16.17.18.19.20.15,Sg:n:11:S:ht|"
5915,5915,"CC1=C(NC(=O)C(=C1)C(=O)NC2C3=C(C=C(C=C3)Cl)OC4=C2C=CC(=C4)Cl)C(F)(F)F.CN=C(C)ON=C(C)C.CC |$;;;;;;;Y0;M8;;;Z4;;;;;;;;;;;;;;;;;;;;;;;;;;;;;;R1$,m:31:1.7.6.4.3.2,m:40:22.23.24.25.20.21|"
5916,5916,"C1CN(CCN1CC2=CC=CC=C2)CC(=O)NC3=C(C=C(C=C3)[N+](=O)[O-])Br.CC.CC |$;;;;;;;;;;;;;;;;;;;;;;;T8;;;;;R;;G5$,m:27:0.5.4.3.2.1,m:29:18.19.20.21.22.17|"
5917,5917,"CCCCCNC(=O)C1=CN=C(C2=CC=CC=C21)NC.CNC(=O)N(C)SC.CNC(=O)C=O |$;;;;;;;;;;;;;;;;;;;Q3;;;;;;;;;;;;;;$,m:20:8.17.12.11.10.9,m:28:13.14.15.16.17.12,Sg:n:16:n:ht,Sg:n:2,3,4:G:ht|"
5918,5918,"COC1=CC2=C(C[C@@H]([C@H]3N2CCN(C3)C4=CC=CC=C4OC)C(=O)NCCN5CCOCC5)C=C1.CNN(C)S(C)(=O)=O.CC(C)=NNS(C)(=O)=O.CC |$W9;;;;;;;;;;;;;;;;;;;;;;;;;;;;;;;;;;;;;;;;;;;;;;;;;;;;;X1$,m:35:2.34.33.5.4.3,m:43:10.11.12.13.8.9,m:52:15.16.17.18.19.14,Sg:n:21:M:ht|"
5919,5919,"CC[C@@H](C)NC(=O)[C@@H](C)N(CC1=CC=C(C=C1)Br)C(=O)CN(C2=CC=CC=C2)S(=O)(=O)C3=CC=C(C=C3)OCC.CC.CC |$;X;;;T9;;;K1;;;;;;;;;;;;;;;;;;;;;;;;;;;;;;;;;;R0;;M6$,m:40:23.24.25.26.27.22,m:42:32.33.34.35.36.31|"
5920,5920,C/C=C\C(=C/C=C/C(C)(C)C)\C(=O)OC1=CC=CC=C1NC(=O)C(C)/C=C\C(=C/C)\OC |$;;;;;;;;;;;;;;;;W8;;;;;;;;;;;;;;D;$|
5921,5921,CC[C@H](C1=CC=C(C=C1)S(=O)(=O)C)NC(=O)C2=C(C(=CC=C2)N(C)S(=O)(=O)C)C |$;;;;;;;Y;;;;;;;;;;;;;;;;;;;;;$|
5922,5922,"CC1=C2C(=CC=C1)C(=C3C=CC=C(C3=N2)C(=O)NC(C)[N+](C)(C)CC4=CC=C(S4)[N+](=O)[O-])N.CC |$;X5;;;Y5;;;;;;;;;;;;;;;;A2;;;;;;;;;;;;;;U94$,m:33:9.10.11.12.13.8|"
5923,5923,"CC1=CC(=CN=C1)NC(=O)CC2=CC(=C(C=C2F)C3=CN=C(N=C3)CC4=CN(C=N4)C)F |$;;;;;;;;;;;;;;;;;;;;;;;;;;;;;;;$,Sg:n:13:p:ht|"
5924,5924,"CN=C(NCCCC(=O)NC1=CC=C(C=C1)Cl)N2CCC(C2)COCC3=CC=CC=C3.CC.CC(C)(N)O |$;;;;;;;;;Z;;;;Q;;;T7;;;;;;;;;;;V6;;;;;R2;;;;;$,m:31:11.12.13.14.15.10,m:33:26.27.28.29.30.25,Sg:n:29:b:ht,Sg:n:5,6:L:ht|"
5925,5925,"CC1=CC2=C(N=C1)N(C(=N2)CCl)CC(=O)NCCOC.CC.COP(C)(=O)O |$;;;;;;;;;;;B2;T1;;;;Z;;;;;J1;;;;;;$,m:20:1.6.5.4.3.2,m:22:7.4.3.9.8,Sg:n:16,17:K:ht|"
5926,5926,"CC(=O)NC1=CC(=CC=C1)NC(=O)C2=NN(C(=O)C=C2)C3=CC=CC=C3.CC=NC(=O)OC |$;;;;;E7;;;V8;;;;;;;;;;;;;D;;;M;;;;;;;;$,m:26:4.9.8.7.6.5|"
5927,5927,CNC(=O)C1=NC=CC(=C1)OC2=CC3=C(CCC(C3)NC(=O)C4=CC(=C(C=C4)OC)Cl)C=C2 |$T8;;;;M0;;;;;W1;;;;;;;;;;;;;;;;;;;;;;;$|
5928,5928,"C[C@@H](C(=O)N(C)C1CCN(CC1)CCC2=CC=NC=C2)NC(=O)C.CC |$;;B4;;;;;;;;;;;B0;;;;;;;;;;;;R$,m:24:6.11.10.9.8.7,Sg:n:12,13:I:ht|"
5929,5929,"CCNC(=O)C1=CC=C(C=C1)C#CC2=CC(=C(C=C2)OC(OC)OCC)C34CC5CC(C3)CC(C5)C4.CC(=O)O.CC.CC(=O)OC=O |$;;;;;;;;;;;;;;;;;;;;;;;;;;;;;;;;;;;;;;;;;L38;;;;;;$,m:36:27.28.29.30.31.26,m:40:29.30.32.33.34.28,m:42:31.26.35.33.32.30,Sg:n:22:s:ht,Sg:n:17:n:ht|"
5930,5930,"CCC1C(=O)NC(C(=O)N1)CCCCNC(=O)C.CNC(=O)OC |$X;;;;;;;;;;;;;;;;;;;;;;;$,m:18:2.9.7.6.5.3,Sg:n:6:y:ht,Sg:n:11,12,13:A:ht|"
5931,5931,"CCCCOC(=O)N1CCN(CC1)C(=O)C(CCC(=O)OC(C)(C)C)NC(=O)C2=NN(C(=C2)OCC(=O)O)C3=CC=CC=C3 |$;;;;T;;;;U9;;;;;;;;;;;;;;;;;;;;;;;;;;;;;;;;;;;$,Sg:n:40:q:ht,Sg:n:38:z:ht|"
5932,5932,"CC(CNC(=NC)NCC1=CC=C(C=C1)C(=O)NCC(=O)N)OC2=CC(=CC=C2)F.CNC(C)=NN=C(C)C.CC(C)=C=O |$;;;;;;;;;;;;;;L5;;;;K;;;;;;;;;;;;;;;;;;;;;;;;;$,m:30:10.11.12.13.14.9,m:39:24.25.26.27.28.23|"
5933,5933,"C1CSCC1NC(=O)C2=C(C=CC(=C2)/C=C/C(=O)O)F.CC.COC=NOC |$;;;;;;;U0;;;;;;;;;;;;;;W2;;;;;;$,m:20:0.1.2.3.4,m:22:9.10.11.12.13.8|"
5934,5934,"CC1=CC(=C(N1C2=CC(=C(C=C2)N3CCCCC3)[N+](=O)[O-])C)/C=C/4\C5=C(C=C(C=C5)Cl)NC4=O.COC(=N)SC.CC.CC(N)=NO.COP(O)(=S)OC.COC(C)(C)S |$;;;;;E9;;;;;;;;;;;;;;;;;;;;;;;;;;;;;;;;;;;;J;;;;;;;;;;;;;;;;;;$,m:34:1.2.3.4.5,m:40:7.8.9.10.11.6,m:42:13.14.15.16.17.12,m:47:26.27.28.29.24.25,m:54:31.25.24.23.32|"
5935,5935,"CCC1=C(C(=CC=C1)CC)N2C(=NN=C2SC3C4CCC(C3=O)(C4(C)C)C)CNC(=O)C5=CC=C(C=C5)OC.CC=O.CN=C(SC)N(C)N |$;;;J;;;;;;A;;;;K2;;;;;;;;;;;;;;;E;;;;T;;;;;;;;;;;;;;;;;$,m:39:21.20.23.17.16,m:42:2.7.6.5.4.3,Sg:n:10:W:ht|"
5936,5936,"C(CO)C(=O)NC(CC(=O)NN=[N+]=[N-])O |$;;;;;;;;;;;;;;$,Sg:n:13:j:ht,Sg:n:1,0:b:ht|"
5937,5937,"CCOC1=CC=CN2C1=NC(=C2C(=O)NC3=NN=C(S3)C)C.CNS(C)=O.CC |$;;;;;V;;;;;;T2;;;;;;;;;;;;;;;;;R1$,m:22:3.8.7.6.5.4,m:27:9.8.7.11.10|"
5938,5938,"CC1=C(OC(=N1)C)C(=O)NC2=CC(=C(C=C2)F)C3=CN4C=C(C=NC4=N3)NC(=O)C5CCOC(C5)(C)C.CC.CC |$;;;K2;V9;;;;;;;;;;;;;;;;;;;;;;;;;;;;;;;D;T2;;V;;T08$,m:37:1.2.3.4.5,m:39:20.21.22.23.24.19,Sg:n:2:n:ht|"
5939,5939,"CC(C)C[C@H](C(=O)N/N=C\C1=CC(=C(C=C1)OC)[N+](=O)[O-])NC(=O)COC2=CC=C(C=C2)Cl.CN=C(N=C(C)C)SC |$;;;;;;;A;;;;X;;;;;X;Y;;;;;;;;;;;;;;;;;;;;;;;;$,m:33:11.12.13.14.15.10,Sg:n:14:r:ht,Sg:n:0:h:ht|"
5940,5940,"CC1=CC=C(C=C1)C2=NNC(=S)N2CC(=O)NCC3=CC=C(C=C3)C(=O)NCC(=O)N.CC.CC |$;;;;;;;;;;;W4;;;;V;;;;;;;;;;;;;;;;;M8;;A58$,m:31:1.6.5.4.3.2,m:33:19.20.21.22.23.18,Sg:n:13:L:ht,Sg:n:6:p:ht|"
5941,5941,"CC1=C(C=C(C=C1)OCCNC(=O)C2=C(C=C(C=C2)Cl)Cl)Cl.CC(=NN)N(C)C.CNN(C)[N+](=O)[O-] |$;;;;L5;;V;;;;;;;;U;;;;;;;;;;;;;;;;;;;;;$,m:22:1.6.5.4.3.2,m:29:14.15.16.17.18.13,Sg:n:8,9:X:ht|"
5942,5942,"C1[C@@H](C=C(O[C@@H]1OCC2=CC=C(C=C2)CO)C(=O)NCC3=CC=C(C=C3)F)C4=CC5=C(C=C4)OCO5.CC(C)=NC(=O)O.CC.CC |$;;;;;;;;;;;;;J;;;;;;;D;;;M;;;;;;;;;;;;;;;;;;;;;R6;;R4$,m:36:0.5.4.3.2.1,m:43:9.10.11.12.13.8,m:45:28.29.30.31.32.27,Sg:n:10:V:ht,Sg:n:17:q:ht|"
5943,5943,"CC1(C(CC1O)NC(=O)CC2=CN3C=CSC3=N2)C.CC.CB(N)O.CBOC |$;;;;;;;;;;;;T;;Y3;;;;;;R;;;;;;;;$,m:19:1.4.3.2,m:21:11.10.17.16.12,m:25:13.12.16.15.14|"
5944,5944,"CC1=CC(=C(C(=C1)Br)OCC(=O)NC2=CC3=C(C=C2)OC(=N3)C4=CC(=C(C=C4)Cl)Cl)C.CC(C)=NC(N)=O.CC |$;K2;;;E;;;;;;;;;;;;;Q7;L4;M4;;;;;;;;;;;;;;;;;;;;A$,m:31:1.6.5.4.3.2,m:38:14.15.16.17.18.13|"
5945,5945,"C1=CN=CC(=C1Cl)C(=O)NCCN2C=C(N=N2)C(=O)O.CC |$;;;;;;V;;;;;Z;;;;;;;;;;M$,m:20:13.12.16.15.14|"
5946,5946,"CCC1=NC=CN1C2CCCN(C2)C(C)C3=NC4=CC=CC=C4C(=O)N3.CC.CN=C(NC)N(C)C.CNNC(=S)N(C)C |$;;;;;;;;Q;;;;;;;;;;;;;;;;;J;;G51;;;;;;;;;;;;;;;;$,m:26:2.3.4.5.6,m:28:8.9.10.11.12.7,m:36:16.17.22.23.25.15|"
5947,5947,"CCCCN(CC(=O)NC1=CC(=NN1C2=CC=CC=C2Cl)C(C)(C)C)C(=O)NC3=CC=CC(=C3C)C.CN=C(OC)SC |$;;;;;;;;;X;;Q;E;;;;;;;;;;;;;;;;;;;E0;;;;;;;;;;;$,m:36:10.9.13.12.11,Sg:n:1,2,3:F:ht|"
5948,5948,"CC1=C(SC(=C1C(=O)OC(C)C)NC(=O)CSC2=NN=C(N2C)COC3=C(C=C(C=C3)F)Cl)C(=O)N.COC(C)(C)SC.CC |$;;;Y;;;;V5;;;;;;;;;;;;;;;;;;;;;;;;;;;;;;;;;;;;;Y$,m:36:1.2.3.4.5,m:43:26.27.28.29.30.25,Sg:n:3:X:ht|"
5949,5949,"CCN1C(=O)C2=CC=CC=C2N(C1=O)CC(=O)NC(C)CC3=C(C=CC=C3F)F.CC(=NN)N(C)C.CN(C)N(C)S(C)(=O)=O |$;K;;;;;;;;;;;;;;;;;;;;;;;;;B;;;;;;;;;;;;;;;;;;$,m:29:2.12.11.10.5.3,m:36:22.23.24.25.26.21|"
5950,5950,"CC(C)C(C(=O)N1CCC(CC1)C(=O)NC(C)C)NS(=O)(=O)C2=CC3=C(C=C2)OCCCO3.CNN=S |$;;;;;Z9;;;;;;;;;;;;;;;;;L6;;;;;;;;;;;;;;$,m:33:7.8.9.10.11.6|"
5951,5951,"C[C@H](C(=O)NC1=C(C(=CC=C1)Cl)Cl)OC(=O)CCC(=O)C2=CC3=C(CCC3)C=C2.CP(C)O.CN=C(N)N(C)S(C)(=O)=O.CC |$;;;;;;;;;;;;;;;;;X9;;;;;;;;;;;;;;;;;;;;;;;;;;;R0$,m:29:6.7.8.9.10.5,m:33:21.22.23.27.28.20,m:43:24.23.22.26.25,Sg:n:16,17:l:ht|"
5952,5952,"CCC(=O)C(=O)N(CC1=CC=C(C=C1)F)[C@@H]2C=C([C@H]3[C@@H]([C@H]2O)OC4=CC=CC=C34)C(=O)NCCO.CNN(C)C(=O)N(C)C.CN(C)S(C)=S.CC |$;;;;;;;;;;;;;;;;;;;;;;;;;;;;;E;;;;;;;;;;;;;;;;;;;;;;Y$,m:35:9.10.11.12.13.8,m:44:22.19.18.28.23,m:50:24.25.26.27.28.23,Sg:n:32,33:E:ht|"
5953,5953,"CC1=NC(=C(C=C1)C(=O)NCC2CCCCC2)C3CCN(CC3)CC4=CC(=CC=C4)[N+](=O)[O-].CC.CC(=O)S |$E9;;;;;;;;;;;;;;;D7;;;;;;;;;;A;;;;;;;M6;;R;;;;$,m:33:1.6.5.4.3.2,m:35:25.26.27.28.29.24,Sg:n:13:t:ht|"
5954,5954,"CC(C)CC(CC(=O)N1C[C@@H](C[C@H]1C(=O)O)OC2=CC(=NC3=C2C=CC(=C3)OC)C4=CSC(=N4)NC(C)C)NC(=O)C.CC |$;;;;;;;;;;;;;;;;;;;;;;;;;G3;;;;;Z;;;;;;;;;;;;;Y$,m:42:8.9.10.11.12|"
5955,5955,"CC1=CC=C(C=C1)NC(=O)CN(C)[C@H](C)C(=O)NC2=CC=C(C=C2)C(F)(F)F.COC(=O)N(C)N=C(C)C |$;;;Y9;;;;E7;;;;L4;A4;;;;;;;;;;;;;;;;;;;;;;;;;$,m:28:19.20.21.22.23.18|"
5956,5956,"CC1=C(C=C(C=C1)NC(=O)CSC2=NC3=C(S2)C=C(C=C3)N4C(=O)C5=CC=CC=C5C4=O)C.CC.CC=NOS(C)(=O)=O.CN=C(N)NN |$;;;;;;;;;L;;;;;;;;;;;;;;;;Z2;;;;U7;;;;;U;;;;;;;;;;;;;;$,m:33:13.12.16.15.14,m:35:17.18.19.20.14.15,m:43:22.21.30.29.24|"
5957,5957,"CC1=CC=C(C=C1)[C@H](C[C@@H](C2=CC=C(C=C2)C)O)NC(=O)C3=CC=C(C=C3)C.CC.CC=NC=N |$;;;;;;;;;K0;;;;;;B;;;;;;;;;;;;E;;R41;;;;;$,m:28:1.6.5.4.3.2,m:30:22.23.24.25.26.21|"
5958,5958,"CC(C)(C)C1=CC=C(C=C1)C(=O)NC2=C(C=C(C=C2)NC(=O)CC3=CC=C(C=C3)OC)O.CC.CC.CC |$;;;;;;;M;;;;;;;;;;;;;;;Y;;;;J0;;;;;;;L;;R50;;E0$,m:32:4.9.8.7.6.5,m:34:14.15.16.17.18.13,m:36:24.25.26.27.28.23|"
5959,5959,"CCNC(=O)[C@H](C)N(CC1=CC(=CC=C1)OC)C(=O)CN(C)S(=O)(=O)C2=CC=C(C=C2)C.COP(N)OC |$;;;;;;;;;;;;;;;;;;;;;;X3;;;;;;;;;;;;;;;$,m:32:10.11.12.13.14.9,Sg:n:16:R:ht|"
5960,5960,"CC(=O)NC1=CC=C(C=C1)N=NC2=C(C=CC3=C2C=CC(=C3)S(=O)(=O)[O-])N=NC4=CC=CC=C4.CC.CC.CC |$;;;;;L;;;;Z1;;;;W2;;;;;;;;;;;;;;;;;;;U;;;Z;;R52;;X$,m:34:4.9.8.7.6.5,m:36:18.19.20.21.16.17,m:38:29.30.31.32.33.28|"
5961,5961,"CNC(=O)C1=CC=C(C=C1)NC(=O)N2CCNCC2COC3=CN=CC=C3.CC.CN=C(N)NC.CC(=O)SC(C)=S |$;G8;;;;;T9;;;;;;;;;;;K1;;;;;G7;;;;W;;E;;;;;;;;;;;;;$,m:27:4.9.8.7.6.5,m:29:14.15.16.17.18.13,m:35:22.23.24.25.26.21,Sg:n:10:u:ht|"
5962,5962,"C1C2=CC=CC=C2CN1C(=O)NC3=CC=C(C=C3)C(=O)NCCC4=CC(=CC=C4)C(F)(F)F.CC |$;;;Q0;U;K6;;;;;;;;;;;;;;;;;;;;;;;;;;;;;R$,m:33:0.1.6.7.8,Sg:n:28:Z:ht,Sg:n:17:n:ht|"
5963,5963,"C1=CC=C2C(=C1)C(=CN2)CCNC(=O)C(=CC3=C(C=CC=C3Cl)Cl)C#N |$;;;;;;;;;;;;;;;;;E6;;;;;;;;$,Sg:n:9,10:U:ht|"
5964,5964,"CC[C@H](C1=CC(=CN=C1)O)N.CC(=O)OC(C)=S |$K9;;W2;;;;;;;;;;;;;;;$,m:11:3.8.7.6.5.4|"
5965,5965,"C(=O)C1C(C2C(O1)C(=O)OC2=O)C(=O)O.COP(C)(=O)N(C)C |$;;;;;;;;;;;;;;;;;;;;;;$,m:15:2.3.4.5.6,Sg:n:8:F:ht|"
5966,5966,"C1CC([C@@]12CNC[C@H]([C@@H]2O)O)(F)F.CN(C)OC(=O)N(C)C |$;;;;;;;A;;;;;;;;;;;;;;$,m:13:0.3.2.1,Sg:n:8:n:ht|"
5967,5967,"C1CC2C(=CO)C(=O)CC1N2.CC |$;;;;;;K7;;;;;;R1$,m:11:0.1.2.10.9,Sg:n:10:T:ht|"
5968,5968,"CC1=C(C(=CC=C1)C(=S)SC)O.CC |$W6;;;;;;;;;;;J6;;R$,m:12:1.6.5.4.3.2|"
5969,5969,"C1CC2C3=C(C=CC(=C3C1C24CC4)O)O.CNP(=O)(O)O.COOC |$;;A;;;;;;;;X5;T9;;;W8;;;;;;;;;;$,m:15:11.10.12,m:21:2.3.8.9.10|"
5970,5970,"C1=CC=C2C(=C1)C=C(C(=N2)[O-])O.CC |$;;;;;;;;;;;B1;;V$,m:12:6.7.8.9.3.4|"
5971,5971,"CC[C@H]1C(C(OC(O1)CO)C)O.CNC=N |$;;;;;;;W5;;;;;;;;$,m:12:2.7.6.5.4.3,Sg:n:7:S:ht|"
5972,5972,CC=C(C)CC(C)(C)O |$K;Q2;;;;;;;$|
5973,5973,"C1[C@@H]2CC(=O)[C@H]1C3=C(NC(=C23)O)O.CC=NN=CC.CSC(=S)N(C)N(C)C |$;;;L0;;;;;;;;;;;;;;;;;;;;;;;;$,m:13:0.1.2.3.5,m:19:0.1.10.6.5|"
5974,5974,COC1=C(C=CC(=C1O)Br)CN |$;;;;;;;;T;W;;$|
5975,5975,CC1(C(C1CN)CC(C)(C)O)C |$X;;M7;;;J1;;;;;J;$|
5976,5976,"C1C=C=CC(C1O)O.CC |$W;;;;;;Z8;W9;;M$,m:8:0.5.4.3.2.1,Sg:n:0:f:ht|"
5977,5977,"CC(C1CCNC1)O.CP(N)(=O)O |$;;;;;;;;;;;;$,m:8:2.3.4.5.6|"
5978,5978,CC(C(C1CC1)O)[NH-] |$;;J3;;;;;$|
5979,5979,"CC(C)(C)N[C@H]1CCCC[C@@H]1CO |$;;;U8;;;;;;;;;$,Sg:n:0:j:ht|"
5980,5980,C(C(C(C(=O)N)I)I)O |$;;;;;;;;B$|
5981,5981,"CC1CC2=CSC=C2C1C(=O)O.CC |$;;;;;;Y0;D7;;;;;;W$,m:12:4.3.7.6.5|"
5982,5982,"C1=CC(=C(C(=C1)Cl)Cl)O.CC |$;;;;;V6;;;;;R73$,m:9:0.5.4.3.2.1|"
5983,5983,C[C@@](C=C)(C(=O)O)N |$E6;;;;;;;$|
5984,5984,"CC1(CC[C@H]([C@H](C1=O)Cl)O)C.C[Bi] |$;;;;;;;;;;;;$,m:11:1.6.5.4.3.2,Sg:n:4:V:ht|"
5985,5985,"C1C(C2C(C(C(C1(N2)O)O)O)O)O.CC |$;;W3;;;;;A3;;Y;;;;;G84$,m:13:3.4.5.6.7.2|"
5986,5986,"C[C@@H]([C@@H](C1=CC=CS1)O)C(=O)OC.CN=C(C)C(=O)OC |$;;;;Y0;;;;;;;;;;;;;;;;$,m:13:3.4.5.6.7|"
5987,5987,C1C(OC([C@@H](C1O)O)O)CO |$;;;K3;;;;;;;$|
5988,5988,CC(C)C(C(=O)O)NNO |$;;;;;;;;;J1$|
5989,5989,C[C@@H]([C@H](C1=CC=CC=C1)O)[N-]C |$;;;;A;;;;;;;$|
5990,5990,"C1CC2CC(CC1N2C3=CC=CC=C3)C(=O)O.CNN(C)SC |$;;G;M5;;;;;;;;;;;;;;;;;;;$,m:17:3.4.5.6.7.2|"
5991,5991,"C1=CC(=C(C(=C1CCl)O)F)F.CC(C)=NN(C)N |$;;;V4;;;;;;;;;;;;;;$,m:11:0.5.4.3.2.1|"
5992,5992,"C1[C@H]([C@@H](C2=C1C(=CC=C2)F)O)N.COC(=O)ON(C)C |$;;;;;;;;;;;V4;;;;;;;;$,m:12:0.1.2.3.4|"
5993,5993,C(C(F)F)([N+](=O)[O-])O |$;;;Z;;;;$|
5994,5994,"C([C@@H]1[C@H]([C@H]([C@@H]([C@@H](O1)O)F)F)F)O.CC |$;;;;;G;;;;;;;;A$,m:12:1.6.5.4.3.2|"
5995,5995,"C1C(CC2=CNC3=CC=CC1=C23)O.CC |$;;;;;;;;;;;;;;Y22$,m:13:0.10.11.3.2.1|"
5996,5996,"CC1(COC2=CC=CC(=C21)C(=O)O)C |$;;;;;W5;;;;;;;;$,Sg:n:2:D:ht|"
5997,5997,"CC1=COC(N1CCO)(C)C |$;;;;;D5;;;;;B$,Sg:n:6,7:Z:ht|"
5998,5998,"C1COC2=C(C1=O)C(=C(C=C2)O)O.CC |$;;;;;;;;;;;;;;V75$,m:13:0.5.4.3.2.1|"
5999,5999,C(C(CO)O)O |$;M;;E;;$|
6000,6000,"C1CN(CCN1)C2(CNC2)C(=O)O.CNSS |$;;;;;;;;;;;;;;;;$,m:13:7.8.9.6,Sg:n:12:s:ht|"
6001,6001,"CCC(C)(C(C)O)N1CCCC(C1)O |$W2;;;;;;E5;;;T;;;L6;$,Sg:n:12:i:ht|"
6002,6002,"[CH2-]N1CC[C@@H](C1)CO |$;;;;;;;$,Sg:n:7:B:ht|"
6003,6003,"C1C(C=CC(C1C=O)O)O.COP(C)(=S)SC |$;;;Y8;;;;;;;;;;;;;$,m:10:0.5.4.3.2.1|"
6004,6004,"C[C@H](C1=CN(N=N1)C)O.CC |$;;;;Y9;;;;;;R$,m:9:2.3.4.5.6|"
6005,6005,C1=C[C@H]2[C@@H]([C@@H]([C@@H]1O2)CN)CO |$;;;;;;;;;E0;$|
6006,6006,"CN1C2CC(C1C(=O)O)C=C2.C=[NH+]C |$;;;L3;T;;;;;;L;;;$,m:11:3.2.10.9.4|"
6007,6007,"C1CC1C(=O)C2=C(C=CC(=C2)F)O.CC(=N)N(C)C=O |$;;;;;;;;;;;;;;;;;;;$,m:13:0.1.2|"
6008,6008,"CN1CC(CC1C(=O)O)N.CC |$;;;;;;;;;;;R$,m:10:1.2.3.4.5|"
6009,6009,"C1CNCC2=C1C=CC(=C2)O.CC.CC |$K6;;;;;;L;;;;;;R;;Z9$,m:11:0.5.4.3.2.1,m:13:6.7.8.9.4.5|"
6010,6010,CC1C2CC(CC1CNC2)O |$;;;;;;;;;;G$|
6011,6011,"C[N+]1=C(C=NC=C1)C(=O)O.COC(=O)C(C)=S |$;;;;;;;;;;;;;;;;$,m:10:1.6.5.4.3.2|"
6012,6012,"C1CCC(=CC1)O.CC(=N)N(C)C=O |$;;;;;;;;;;;;;$,m:7:0.5.4.3.2.1|"
6013,6013,"C1C[C@H](NC1)[C@H]2COCC[C@H]2O.CC.CC(N)C(=O)N(C)C |$;;;;;;;;;V;;;;Q1;;;;;;;;$,m:12:0.1.2.3.4,m:14:6.7.8.9.10.5|"
6014,6014,CCC(C)(C)C(C)(O)O |$;E2;;;;;;;$|
6015,6015,"COCCO |$G;Z2;;;$,Sg:n:0:l:ht|"
6016,6016,"CC(=C1C(=N)C(OC1=O)(C)C)O.CNOC(C)=S |$;D6;;;;G5;;Y7;;;;;;;;;;$,m:12:2.3.5.6.7|"
6017,6017,"C1COSC1C2=COC=C2CO.CC.CC |$;;;;;;;;B;;;;;R93;;R$,m:12:0.1.2.3.4,m:14:6.5.9.8.7|"
6018,6018,C1=C(C(=CC(=C1Cl)F)O)C(=O)N |$;;;;;;;;D;;;$|
6019,6019,"CC(C)C1=C(C(=NO1)Cl)C(=O)O.CNN(C)C(N)=O |$;;;;;;Q3;;;;;;;;;;;;$,m:12:3.4.5.6.7|"
6020,6020,"C1=CC(=C(C(=C1I)O)I)I.CSN(C)SC |$;;;;;;;;;;;;;;;$,m:10:0.5.4.3.2.1|"
6021,6021,"CCC(CP=O)C(=O)O |$;;;;;;V;;$,Sg:n:2:w:ht|"
6022,6022,"C1CNCCC12CCOC2O.CSC(=O)NN(C)C |$;;;;;;;;;;;;;;;;;;$,m:11:0.5.4.3.2.1,Sg:n:10:G:ht|"
6023,6023,"CC(C1CCCC2C1CCCC2)C(=O)O |$;;;;;;;;;;;;;;$,Sg:n:5:r:ht,Sg:n:2:q:ht|"
6024,6024,"CCC1CC(CCO1)(C2=CCCCC2)O.CC.CC=NC=N |$;;;;;;;;;;;;;;;;R1;;;;;$,m:15:2.7.6.5.4.3,m:17:9.10.11.12.13.8,Sg:n:7:B:ht|"
6025,6025,"CC1=C(C=C(C=C1)F)[C@@H](C#C)O.CC |$;A6;;G;M3;;E0;M0;;Z9;;;;V82$,m:12:1.6.5.4.3.2|"
6026,6026,"CCC1CC2CCC1C2CCO.CN=C(N)N(C)NC |$;;;;;;;;;;Y1;;;;;;;;;$,m:12:5.4.8.7.6,Sg:n:11:U:ht,Sg:n:0:v:ht,Sg:n:9,10:T:ht|"
6027,6027,C1=C(C=C(C(=C1C(=O)O)C#N)Cl)F |$;;;;;;Q;;;Z3;;;$|
6028,6028,C1=NN(C(=C1Cl)[C@@H](C(=O)O)N)O |$;E;;;;;;;;;;$|
6029,6029,C(C(Cl)(Cl)Cl)(O)P(O)O |$;;;;;;;;L1$|
6030,6030,C(C(CO)Br)N |$L4;;;;;$|
6031,6031,"CC1=C(C=C(C=C1)O)[O-].CN(C)C(=O)NS(C)(=O)=O |$;;;;;;;;A2;;;;;;;;;;$,m:9:1.6.5.4.3.2|"
6032,6032,"C1CCC(C1)(C[NH3+])O.COP(O)O |$;;;;;;;;;;;;$,m:8:0.1.2.3.4|"
6033,6033,"CC1=C(C(=O)C=CO1)O.COC(C)O |$;;;;;;;;;;;;;$,m:9:1.7.6.5.3.2|"
6034,6034,"C1=C(SC(=C1OC(=O)O)Cl)Cl.CC |$;;;J;;;;L9;;;;;R$,m:11:0.1.2.3.4|"
6035,6035,CC(C)C1=C(C=CC(=C1)CBr)O |$;;E3;;;;;;;;;$|
6036,6036,"C1=CSC2=CC(=C(C(=C21)Br)CO)I.CON=C(C)N |$;;;;;;;;;;;;;;;;;;$,m:13:4.5.6.7.8.3|"
6037,6037,"C1CCC(C1)(CO)N=C(N)[O-].CC |$;;;;U0;;;;;;;;R$,m:11:0.1.2.3.4,Sg:n:2:z:ht|"
6038,6038,CC(C1=C(C(=C(C(=C1Cl)F)Br)F)F)O |$;;T;;;;Y9;;;;;;;$|
6039,6039,"CNC1=C(C=C(C=C1)Cl)CC(=O)O.CN=NC(C)=NC |$;;;;;J;;;;Y0;;;;;;;;;;$,m:13:2.7.6.5.4.3,Sg:n:8:x:ht|"
6040,6040,"CC(=O)C1=C(C(=O)C=CO1)O.CC |$;;;;;;;K3;;;;;M$,m:11:3.9.8.7.5.4|"
6041,6041,CC(C(C)OC1(CCSCC1)C#N)O |$;;;U;;;;;;;;;;$|
6042,6042,C/C(=C/CCl)/CO |$Z7;;;;;;$|
6043,6043,"CC1=CC=C(C=C1)O.CSC(=N)N(C)C |$;;;E;;;;;;;;;;;$,m:8:1.6.5.4.3.2|"
6044,6044,"CC(C)CC(C)(C1=C(N=CS1)Br)O.CN=S(C)(=O)N(C)C |$;;;;;A;;;;;;;;;;;;;;;$,m:13:6.7.8.9.10|"
6045,6045,C[C@@](CC(=O)O)(C(C)(C)C)N |$J;;;;;;;;;;$|
6046,6046,"C1=CC=C2C=C(C(=CC2=C1)O)I.CC.CC |$;;;;;;;;;;;;;R3;;R56$,m:12:0.9.8.3.2.1,m:14:4.5.6.7.8.3|"
6047,6047,"C1C=C[C@H]([C@@H]2C[C@H]1C=CC=C2)O.COP.CP(C)(N)=O |$;;;;;;;;;;;;;;;;;;;$,m:12:0.1.2.3.4.5.6,m:15:5.4.10.9.8.7.6|"
6048,6048,CN(C)CC(O)Cl |$;;;W9;A;;$|
6049,6049,"C1=CC=C([C-]=C1)CC(O)O.COC(=O)C(=O)O |$;;;;;;;;;;;;;;;;$,m:10:0.5.4.3.2.1|"
6050,6050,"CC1CCCCC1C(=O)O.CC |$;;;;Q;;;;;;;A$,m:10:1.6.5.4.3.2,Sg:n:5:f:ht|"
6051,6051,CC1=CN=C(C=C1SC(C)(C)CO)Cl |$;;;;;;;;;;L8;;;$|
6052,6052,"C[C@]1([C@@H](CC[C@H]([C@@H]1O)O)[N+](=O)[O-])O.CC |$G;;;Y1;;;;;;;;;;;E31$,m:13:1.6.5.4.3.2,Sg:n:0:Z:ht|"
6053,6053,"C[C@]12CC[C@@H]([C@]1(CC(C2=O)(C)C)O)C=O.CC.CNNC(=O)N(C)C |$;G1;;;;;;;;;;;M;;;;R69;;;;;;;;$,m:15:2.1.5.4.3,m:17:6.5.1.8.7|"
6054,6054,"C1C(S1)CO.CC |$;;;;;;Y3$,m:5:0.1.2|"
6055,6055,"CC1=C2CCCCC2=C(CC1)O.CS[N+](=O)[O-] |$;;;;;;;;;;X;W;;;;;$,m:12:3.4.5.6.7.2|"
6056,6056,"CC(=O)[C@@H](CO)C1=CC=CC=C1.COSN |$;;;;;;;;;;;;;;;$,m:12:6.11.10.9.8.7|"
6057,6057,"CC1(CCCN1CCO)C.CC |$;D3;;;;;;;;J1;;R$,m:10:1.2.3.4.5|"
6058,6058,"C[C@@H](O)S(=O)(=O)C1=CC(=CC(=C1)Cl)Cl.CC |$;M;;;;;;;;;;L;;;;T$,m:14:6.11.10.9.8.7|"
6059,6059,"COCC(O)(OC)OC |$;;;;;;;;$,Sg:n:5:m:ht|"
6060,6060,C(C(C(=O)O)N)S |$;;;;;;M1$|
6061,6061,"C1CCC(C(CC1)F)C(=O)O.CNC(=N)NC |$;;;L;;;;;;;;;;;;;$,m:11:0.1.2.3.4.5.6|"
6062,6062,C1=CC(=C(C(=C1)Cl)C(CO)N)N |$;;U;K;Q4;;;;;;;$|
6063,6063,"CC(C)[C@@H]1C[C@H](CCO1)O.CC |$;;;;;;;;X8;;;U37$,m:10:3.8.7.6.5.4,Sg:n:8:M:ht|"
6064,6064,C1C=CC(=C(C1Cl)O)F |$;;Z;;;;;T;U8$|
6065,6065,C1=CC(=C(C(=C1)O)S(=O)(=O)N)CN |$G0;;;K1;;;;;;J5;;;A8$|
6066,6066,CC(C)(C)N1C2CCC1(COC2)C(=O)O |$;;;;;;;;;;Z8;;;;$|
6067,6067,"C1=CSC2=CC(=C(C(=C21)CCl)O)I.CC=NC(=S)NC |$;V9;;M8;;;;;;;U;;;;;;;;;$,m:13:4.5.6.7.8.3|"
6068,6068,C[C@]12CC[C@H]3[C@]1(C[S@](=O)[C@]2(C3)C(=O)O)C |$;;;;;M;Q;;;;B2;Z5;;;$|
6069,6069,"CC(C)(C)C(C1=CN=CN=C1)O.CC(C)=N |$;;;;;;;;;;;;;;;$,m:12:5.10.9.8.7.6|"
6070,6070,"C1=C2C(=N1)C(=N2)C(=O)O.CC.CN=C(N)NS(C)(=O)=O |$;E;;;;;;;;;E7;;;;;;;;;$,m:9:0.3.2.1,m:11:4.5.1.2|"
6071,6071,CC(C)(C(N)O)NC(C)(C)O |$;Y8;;;;;;;;;$|
6072,6072,CC(C(C)(C)N1C(=O)CNC1=O)O |$;;;;;X;;;Y4;;;;$|
6073,6073,"C(#N)C1=C(C(=C(C(=C1Cl)Cl)Cl)Cl)C(=O)O.CC(=O)N(C(C)=O)N(C)C |$;;J;;;;;;;;;;;;;;;;;;;;;;$,m:15:2.7.6.5.4.3|"
6074,6074,"CN1CCC(C1)(C(F)(F)F)O.CC |$;;;;;T;;;;;;;J87$,m:11:1.2.3.4.5|"
6075,6075,CN[C@@H]1CC[C@H](C1)C(=O)O |$;;;;;;X0;;;$|
6076,6076,"NCCC(O)c1cccc(Br)c1.CC(=N)C=N |$;;;;;;;;J;;;;;;;;$,m:12:5.11.9.8.7.6,Sg:n:1,2:G:ht|"
6077,6077,"C1COC[C@@H](N1)CO |$;;;;;;;$,Sg:n:2:v:ht|"
6078,6078,"C1C=CC(=CC1(O)Cl)N.CNP(=O)(NC)OC |$;;;E;;;;;;;;;;;;;$,m:9:0.5.4.3.2.1|"
6079,6079,"CC(NC1(CCNC1)C)O.CC |$;;;;;;Z;;;;;R$,m:10:3.4.5.6.7|"
6080,6080,"CC1CCC(C(C1)OC(C)(O)O)C(C)C.CC |$;;;;;;;;;M4;;;;;;;R19$,m:15:1.6.5.4.3.2|"
6081,6081,"COC1CCCC(C1Cl)O.CC(=O)OC=O |$;;;;;;;;;;;;;;;$,m:10:2.7.6.5.4.3|"
6082,6082,"C1(C(C(=O)C(=O)C1=O)O)O.CC |$D4;;;;;;V;;;;;Y$,m:10:0.1.2.4.6|"
6083,6083,"CC1=CC(=C(C(=I1)C)O)C.COC(O)O |$;;;;;;;;;;;;;;$,m:10:1.6.5.4.3.2|"
6084,6084,"C1CCC2=C(C1)C[C@@H]([C@H](C2)O)O.CC |$A5;;;;;;;;;;;;;M47$,m:12:0.5.4.3.2.1,Sg:n:6:D:ht,Sg:n:10:b:ht|"
6085,6085,"C=CCC1(SCCCS1)C(=O)O |$B;;;;;;Z4;;;;;$,Sg:n:11:d:ht|"
6086,6086,"COC1CC2CCCC2CC1O.CC |$Q9;;;;;;L0;;;;;;;Y96$,m:12:5.4.8.7.6|"
6087,6087,"C1CCC([C@H](C1)C(=O)N)O |$;;;;;;;;;$,Sg:n:1:E:ht,Sg:n:8:Y:ht|"
6088,6088,"CC(=O)C1CSCC1O.CSOO |$;;;;;;;;Q;;;;$,m:9:3.4.5.6.7|"
6089,6089,"CC1CC2=C(C1CC(=O)O)C=CO2.CC.CN=C(N)NNC |$;J;;;;;;;;;;;;;W;;;;;;;$,m:13:1.2.3.4.5,m:15:10.4.3.12.11|"
6090,6090,"CC1(C2C1C(NC(=O)C2C(C)(C)C)O)C.CC(C)=NC(C)=NN(C)C.CC |$;Q1;;;;;;M;;;;;;;G7;;;;;;;;;;;;R$,m:15:1.2.3,m:25:4.5.6.8.2.3|"
6091,6091,CC1=C(C(=CC=C1)CO)C(CO)N |$;;;;;;;A;;;B8;;$|
6092,6092,CC1=C(C(=CC(=C1F)F)OC)C(=O)O |$;;;;;T;;;;;;;;$|
6093,6093,CN1C2C[C@@H](C1CC(=O)C2)O |$;;;J1;;;D;;;;$|
6094,6094,"C1C(CN1N)O.CC=S=O |$X;;;;;;;;;$,m:6:0.3.2.1|"
6095,6095,"CS(=O)(=O)N1CC2CCC(C1)(N2)C(=O)O.CC |$;;;;;;;;;;T6;;;;;;R$,m:15:7.6.11.9.8,Sg:n:7:m:ht,Sg:n:2:w:ht|"
6096,6096,"CCC(CC(=O)O)C12CCC(C1)C=C2.CC=NN(C)NC.CC |$;;;;;;;;;;;;;Y8;;;;;;;;;R35$,m:14:8.7.11.10.9,m:21:11.10.12.13.7|"
6097,6097,CCC(C)(CC)NCO |$;;W4;;;;;;J6$|
6098,6098,"C1=CC(=C(C(=C1)Cl)C(CO)(O)O)Cl.CC |$;;M;;;;;;;;W9;;V;;V$,m:13:0.5.4.3.2.1|"
6099,6099,CC1=NC=C(C(=C1O)CO)CBr |$;;;G8;;;;;;;;$|
6100,6100,"C[C@]1(C(OC(=O)N1C2CC2)(C)C)O.CNC(=S)N(C)NC |$;;;A9;;;;;;;;;;;;;;;;;$,m:13:8.7.9|"
6101,6101,C(=C/C(=O)O)\C(=O)O |$;;;;;;G;$|
6102,6102,"C1C[C@H]2CC[C@@H](C1)C(C2)C(=O)O.CN=NC(=NC)N(C)C.CC(=N)N(C)O |$;;;W;;;;U5;;;;;;;;;;;;;;;;;;;$,m:12:3.4.5.7.8.2,m:21:0.1.2.3.4.5.6|"
6103,6103,"C1C[C@](OC1)(C[C@@H](C(=O)O)N)C(=O)O |$;;;Y5;T2;;;;;;;;;$,Sg:n:12:X:ht|"
6104,6104,CC(=C)C(CO)N |$;;;K2;U;;$|
6105,6105,CC#C/C(=C/O)/CO |$;;;;V3;;;E$|
6106,6106,"C1CC(C(N(C1)C(=O)[O-])N)CO.CC=NOC(C)=O |$;;G;Y4;;;;;;A1;;;;;;;;;$,m:12:0.5.4.3.2.1|"
6107,6107,"C[C@H]1[C@@H](C(C[C@@H](O1)O)(C)C)O.CC |$;;;;;;;;;;;;U$,m:11:1.6.5.4.3.2|"
6108,6108,CC1=CC(=C(C(=C1C(C)(C)O)O)OC)F |$;;D;;;;;;;T8;;;;;$|
6109,6109,CCC(/C(=C\C)/C(=O)OC)O |$;;;;;A0;;;;;$|
6110,6110,"CCOC(=O)C[C@@H]1CCC[C@H]1O.CC |$;;;W;X;;;;;;;;;R$,m:12:6.7.8.9.10|"
6111,6111,"CC1=C(C(=C(C=C1)O)C)C.CC |$L3;;;;;;;;E3;;;K7$,m:10:1.6.5.4.3.2|"
6112,6112,C=CC1=C(NC(=S)S1)O |$;;M;;;;;;K1$|
6113,6113,CC1=CC(=C(C=C1Cl)OC)CO |$;;;;;;;Q0;;;;$|
6114,6114,CC(=C[C@@H](C(C)(C)C=C)O)C |$;;;;;;;;;;G$|
6115,6115,"CC[C@H]1[C@H](C[C@@H]2[C@H]1C2(C)C)O.CC.CB=O |$;;;;;;;;;;;;R13;;;$,m:11:2.3.4.5.6,m:13:7.6.5|"
6116,6116,"C1C(=O)NCC1(C2=CC=CC=C2)O |$Q;;;;;;;;;;M;;$,Sg:n:11:q:ht|"
6117,6117,"CC1([C@H]2C[C@@H]1C(C(C2)O)(C)O)C.CC |$;T;;;;B3;;;;;;;;R$,m:12:1.4.5.6.7.2,Sg:n:9:Q:ht|"
6118,6118,"C1(N=C(NO1)I)O.CSC(N)=O |$;;;;;;;;;;;$,m:7:0.1.2.3.4|"
6119,6119,"CCC1C(CCC2=C1OC=C2)O.CC(C)=NC(C)=NN(C)C |$;;;;Y8;;D1;;;;;A;;;;;;;;;;$,m:12:8.7.6.10.9,Sg:n:1:n:ht|"
6120,6120,"C1(=C(C(=O)C(=O)C1=O)O)C(F)(F)F.CC |$;;;;;;;;;;;;;;A8$,m:13:0.1.2.4.6|"
6121,6121,"C1CC=C(C=C1)C(=O)O.CC |$;M;;;W;;;;M2;;R$,m:9:0.5.4.3.2.1,Sg:n:8:X:ht|"
6122,6122,"C[C@@]1(C[C@@H]1C(=O)O)C2CCOC2.CC(C)=NC=O |$;;;;;;;;;;;;;;;;;$,m:12:8.7.11.10.9,Sg:n:1:M:ht|"
6123,6123,"C1C(=C(C(=O)N1)O)C(=O)N.CC |$Z2;D;;;;;;;;Y9;;L$,m:10:0.1.2.3.5,Sg:n:6:F:ht|"
6124,6124,"CC1CC1(C2=NC=CN=C2)O.CC |$Y1;;;;;;;Y5;;;;;R5$,m:11:5.6.7.8.9.4,Sg:n:4:t:ht|"
6125,6125,"C1=C(C(=C(NC1=O)C(=O)O)Cl)F.CNC(=S)N(C)C |$;;;;;;;;;;;;;;;;;;$,m:12:0.5.4.3.2.1|"
6126,6126,"C(N=[N+]=[N-])P(=O)(O)OCO |$;;;;;;K;;;$,Sg:n:5:D:ht|"
6127,6127,"C1CC2=CC=CC=C2[C@@H]([C@H]1O)Br.CN=NC(=O)N(C)C.CN(C)NN(C)C |$;;;;;;;;;;;;;;;;;;;;;;;;;;$,m:12:0.9.8.7.2.1,m:20:3.4.5.6.7.2|"
6128,6128,"CC12CC3CC1C(C3)(OC2=O)O.CN=C(C)C(C)N |$;;;;;;;;;D9;;;;;;;;;$,m:12:2.1.5.4.3|"
6129,6129,"COC1=C(C(=NC=C1)C(=O)O)N.CN=C(C)N(C)NC |$;M2;Z;;;;;;;;;V3;;;;;;;;$,m:12:2.7.6.5.4.3|"
6130,6130,CC(=O)CC1=C(C=CC=C1O)CO |$;;;;;;;;;;;D;$|
6131,6131,"C1CC([C@@H](OC1)CO)O |$;;;;;;;;$,Sg:n:5:M:ht|"
6132,6132,C(=O)(C(F)(F)F)O |$;;;;;D4;$|
6133,6133,"CN1C(=O)C2=CC=CC=C2[C@H](N1)C(=O)O.CC |$;;;;;;;;;;;;;;;;R$,m:15:1.11.10.9.4.2|"
6134,6134,"C[C@H](CCF)[C@H](C(=O)O)N |$;K;;;;;;;;$,Sg:n:2,3:C:ht|"
6135,6135,C(=O)(O)[O-] |$;Z;;W$|
6136,6136,CC(C)N(CC(=O)O)C(C)C |$;;;;;;;;L;;$|
6137,6137,"C1CSC2=C1NC(=O)C=C2O.CN=C(SC)N(C)N(C)C.CC |$;;;;U7;G9;;;;;;;;;;;;;;;;;R$,m:11:0.1.2.3.4,m:21:5.6.8.9.3.4|"
6138,6138,"CC(C[Si](C)(C)C)(C#N)O |$;;;;;;;;;$,Sg:n:9:r:ht|"
6139,6139,"C1=CC(=C(C(=C1)C(=O)O)N)C=O.CC |$;;;;;;;;;;;;;R$,m:12:0.5.4.3.2.1|"
6140,6140,"C1CCN2[C@@H](SCN2C1)O.CN=C(NC)N(C)N |$;;;;;;;T4;;;;;;;;;;$,m:10:0.8.7.3.2.1|"
6141,6141,"CN(C)C1(CCCC2=CC=CC=C21)O.CC.CC |$;;;;;;;;;J3;;;;;;M27;;W$,m:14:3.12.7.6.5.4,m:16:8.9.10.11.12.7|"
6142,6142,"CCC(C1=CC[C@H]2N1C(=O)C2)O.CN=C(NC)N(C)N=C(C)C |$;;;;;;;;;;;;;;;;;;;;;;$,m:12:3.4.5.6.7,Sg:n:11:a:ht|"
6143,6143,"CC1(CCCC(O1)CO)CC2CCC2 |$;;;L3;;;;;;;;;;$,Sg:n:10:p:ht|"
6144,6144,CC1=CC(CC(C1)(C)C)CO |$;;;K;;;;;;;$|
6145,6145,"CN1C(=CC(=CC1=O)O)N.CC |$;;;;;;;;;K9;;W$,m:10:1.6.5.4.3.2|"
6146,6146,"C1CC2CCN2S(=C1)OC(=O)O.CC |$;;;;;;;;;Z;;;;R$,m:12:0.7.6.5.2.1,Sg:n:8:z:ht|"
6147,6147,"C1C2=C(C(=C(C1(Br)Br)S2)O)O.CC |$;;;;;G;;;;;;;Z$,m:11:2.1.8.4.3|"
6148,6148,C1=CC(=C(C(=C1)C(=O)O)[O-])C=O |$;G4;;;;;;;;;;$|
6149,6149,"CC(C(=O)OC)NC(C)(C)CCO |$;;;;;;;;;;W0;;$,Sg:n:2:U:ht,Sg:n:10,11:Q:ht|"
6150,6150,CN(CC(F)(F)F)CO |$;;;;;M5;T;;$|
6151,6151,"CC1=NN(C=C1C(C)(CNC)O)C |$;;;;;;M;B4;;;;;$,Sg:n:4:E:ht|"
6152,6152,"C1[C@@H]2[C@H]3C=C[C@@H]([C@@H]2C(O1)O)O3.CN=C(C)N=[N+]=[N-] |$;;;Q1;;;;;;;;;;;;;;$,m:11:0.1.6.7.8|"
6153,6153,C[C@@H]1[C@@H](CCCO1)O |$;;;;;;;G4$|
6154,6154,"CC1CCCCC1(CC(=O)O)C(=O)O.CN(C)[N+](=O)[O-] |$;;;A9;J0;;;;X;Z1;;;Y;;;;;;;$,m:14:1.6.5.4.3.2|"
6155,6155,"C1COC2=C(C=C(C=C2O1)Cl)O.CS(C)(=O)=O |$;;;;V2;;;;M;;;;;;;;$,m:12:4.5.6.7.8.3|"
6156,6156,"CC(C)C[C@@H](C(=O)O)NP |$;;;G;;;;;;$,Sg:n:6:B:ht|"
6157,6157,C=C(CC(=O)C=O)C(=O)O |$;;;;K;;;;;$|
6158,6158,"C=C1C=C2CCC[N+]3=C2C(=C1O)CCC3.COS(=O)N(C)C.CC |$;;Q6;;;;;;;U6;;;;;;;;;;;;;;M9$,m:15:1.10.9.8.3.2,m:22:4.5.6.7.8.3,Sg:n:0:I:ht|"
6159,6159,CCC1=NC=CN1C(C)(COC)C(=O)O |$;;;;;;;;;T1;J;;;;$|
6160,6160,"CC(C1CC1)C(C2=COC=C2)O |$;;;;;;;E3;M8;;;D$,Sg:n:2:v:ht|"
6161,6161,"CC1(CC2CC(=O)CN1N2C(=O)O)C.CC |$;;;;;;;;;;;K;;;;R6$,m:14:4.5.7.8.9.3|"
6162,6162,CC(C1=NO[N+](=C1C(C)O)[O-])O |$;Z1;K3;;;;;;;;;$|
6163,6163,CCC(C(C(=O)C)C(=O)C)C(=O)O |$;A;;J3;;D4;;;;;;;$|
6164,6164,C1[C@@H]2C=C[C@@H](O2)C(C1=O)O |$;K;;;;;;;;$|
6165,6165,CN1C=C(C=CC1=O)C(=O)O |$;;;K;;;;;;;$|
6166,6166,"CC1(CCCC(C1)(C2CC2)O)C.CC.CC(C)(S)S |$K2;;;;;;;;A6;Y;;;;R12;;;;;$,m:12:1.6.5.4.3.2,m:14:8.7.9|"
6167,6167,CC(CC1=NC=CS1)(C=O)O |$K;Q;;;;;;;;;$|
6168,6168,"CCN1C(=C(C(=O)NC1=O)C)O.CC |$;Y;;;;;;;K;;;;;G$,m:12:2.8.7.5.4.3|"
6169,6169,CC1=CC=CC=C1C(C(=O)OC)O |$;;;;;;;;;;;E6;$|
6170,6170,C(C(CO)OS(=O)(=O)[O-])O |$;;;;;;;;U6;$|
6171,6171,"CN(C(C#N)C1=CSC=C1)C(=O)O.CC |$;;;;;;;;W5;;;;;;E0$,m:13:5.6.7.8.9|"
6172,6172,"C1CN(CCN1)CCO.CC=NC(C)=O |$;;;;D7;;;;E9;;;;;;$,m:9:0.5.4.3.2.1,Sg:n:6,7:O:ht|"
6173,6173,C1=C(C(=C(C(=C1F)F)Br)O)C=O |$;;;;Z;;;;;;;$|
6174,6174,CC1=C(C=NO1)C(C)C(=O)O |$;;Y7;;E3;;;;E;;$|
6175,6175,"CC1C(C(C(C(O1)CO)O)O)I.CC(C)(N)N |$;;;;;;;;;Q9;;;;;;;$,m:12:1.6.5.4.3.2|"
6176,6176,"C1C[C@H](NC1)C(=O)O.CNNOC |$;;;;;;;;;;;;$,m:8:0.1.2.3.4|"
6177,6177,CNN(C)C[C@@H](CO)O |$M3;;;;;;;;$|
6178,6178,C[Si](C)(C)C(CO)CO |$;;;V;;;;;$|
6179,6179,C(=N)(C(C(F)(F)F)(C(F)(F)F)O)N |$;;;;;;;G9;;;;;$|
6180,6180,CS(=O)(=O)C1=C(C(=CC(=C1)I)I)O |$;;;;;;;X;;;W;;$|
6181,6181,"C[C@@]12CCCC[C@@]1(C(CC2)O)O.CC |$;;K2;;;V5;;;;;;;;R59$,m:12:2.3.4.5.6.1|"
6182,6182,C1=C(C(=C(C(=C1F)Cl)Cl)Cl)O |$;A1;;;;;;;;;$|
6183,6183,"CC1=C(C(=CC=C1)O)C(=O)NO.CNSC |$;;;;;;;;;;;;;;;$,m:12:1.6.5.4.3.2|"
6184,6184,"CC(C)C1=CCC[C@@H]1O.CC |$;;;;;;;;;;R$,m:9:3.4.5.6.7,Sg:n:6:a:ht|"
6185,6185,"CC(C)C(=O)CC(=O)O |$;;;;X;;;;$,Sg:n:8:Q:ht|"
6186,6186,CC1CCCCC1C(C)C(=O)O |$Q;;;;;;;;;;;$|
6187,6187,C(=O)(C(=O)O)O |$;;;;Y;E2$|
6188,6188,"CCCC(CC)C(O)O |$;;A;;;;;L6;Z$,Sg:n:1:L:ht,Sg:n:1,2:e:ht|"
6189,6189,"CC1=CC(=CC(=C1)C(C)(C)O)C.CN=C(N=C(C)C)SC |$;;;;;;;;;;;W;;;;;;;;;$,m:12:1.6.5.4.3.2|"
6190,6190,"C=C(C1=CC=C(C=C1)[ClH+])O.CC=NC(N)=NC |$;;;;;;;;;;;;;;;;$,m:10:2.7.6.5.4.3|"
6191,6191,"C[C@@H](C1=C(C(=CC(=C1)F)F)O)N.CNS |$;;;;;;;;;;;;;;$,m:12:2.7.6.5.4.3|"
6192,6192,"CN1[C@H]2CC[C@@]1(C(=C(C2)[N+](=O)[O-])Cl)O |$;;;;A;;;;B;;M6;;;$,Sg:n:7:o:ht|"
6193,6193,"C1C(=O)NC2=C(O1)C=CC3=C2C(=NN3)C(=O)O.CN(C)O |$;;;;;;;;;;;;;J7;;L;;;;;$,m:17:11.10.9.13.12|"
6194,6194,CCC(C)(CNC(=O)[O-])O |$;;;;;;;;Q0;$|
6195,6195,C1C[C@H]2[C@@H]([C@H](C(=O)N2C1)O)O |$;;Z;;;;;;;;$|
6196,6196,"CSC1=C(C(=CC=C1)Cl)O.CC |$;;;;;Y4;W;;;;;R24$,m:10:2.7.6.5.4.3|"
6197,6197,"CCN1C=C(C(=C1)O)N |$;;;;;;;;$,Sg:n:8:D:ht|"
6198,6198,"CN(C)C1=C(C(=C(C(=C1Cl)Cl)Cl)Cl)O.CC |$Q;;;;;;;;;G;;;;;;R$,m:14:3.8.7.6.5.4|"
6199,6199,"CC1=COC=C1C2(CCC2(C)C)O.CC |$;;;;;;;;;W6;;;A5;;E64$,m:13:7.8.9.6|"
6200,6200,"C1CSP(=O)(SC1)C(C(Cl)(Cl)Cl)O.CC |$;;;;;;;Y;;;;;;;R35$,m:13:0.6.5.3.2.1|"
6201,6201,"CCC(CN)(C1=CC=CC=C1F)C(=O)O |$;;;;;;;;;;;;;;$,Sg:n:7:k:ht|"
6202,6202,"CC(=O)C1=CC(=C(C(=C1)Br)O)Br.CB(N(C)C)N(C)C |$;;M0;Y;;;;;;;;;;;;;;;;$,m:12:3.8.7.6.5.4|"
6203,6203,"CC(CC1COCO1)CO.CC(C)=NC=O |$;;;;;;T;;;;;;;;;$,m:10:3.4.5.6.7,Sg:n:0:f:ht|"
6204,6204,C[C@@H]1[C@H](C2=CC=CC=C2O1)O |$W;;;;;;E1;;;;$|
6205,6205,"C1C[C@@H]([C@@H](C[C@@H]1N)N)O.CC |$;;;;;;;;;;T06$,m:9:0.5.4.3.2.1,Sg:n:0:y:ht|"
6206,6206,CC1CCCC(C1)(C(=O)O)Br |$;;;;;;;;;;U6$|
6207,6207,CCC(C)C(CO)C(=O)OC |$;;;X;;;;M6;T4;;$|
6208,6208,"CC(=C)C1(CCC(CC1)(F)F)O.CS(C)(C)O |$;;T7;;V;;;;;;;;;;;;$,m:12:3.8.7.6.5.4|"
6209,6209,"CC[C@@](CC=C)(C1=CC=CC=C1)O.CC |$;;;;;;V8;;;;;;Z;;E3$,m:13:6.11.10.9.8.7|"
6210,6210,"CC1CCCCC1(C(C)C)C(=O)O.CC |$;;;;;;;;;;;;;;R4$,m:13:1.6.5.4.3.2,Sg:n:11:P:ht,Sg:n:2:Q:ht|"
6211,6211,"C1=CC(=CC(C1C(=O)O)(O)Cl)Cl.CC |$M;;;;;;;;;;;;;R7$,m:12:0.5.4.3.2.1|"
6212,6212,C1CS(=N)(=O)CCC1O |$;;;;;;W;;$|
6213,6213,"CC(C1CCCO1)O.CC |$;;;;;;;;;R$,m:8:2.3.4.5.6|"
6214,6214,"CC1=C(C=CS1)C2(CCNCC2)O.CC |$;;;;;;;;;;;;;;R$,m:13:7.8.9.10.11.6|"
6215,6215,"C=C[C@H]1CNCCC1CC(=O)O |$;Q4;;;;;;;;;;$,Sg:n:9:r:ht|"
6216,6216,"CC1(C2=CCCCC2CCC1(C)O)C.CC |$;A;;;;;;;;;A7;;;;;X5$,m:14:3.4.5.6.7.2,Sg:n:5:p:ht|"
6217,6217,C(CC(=O)O)CN |$;Z5;A;;;;$|
6218,6218,"CC1=C(C(=CC=C1)N(C)C(=O)O)CO.CC |$;;;;;Y2;;;;;;;;;;U00$,m:14:1.6.5.4.3.2|"
6219,6219,"C1CC2C3CC1C(C3)C2(CN)O.CC.CC=NC(=NC)OC.CON=C(C)C |$;;;;;;;;;;;;;A;;;;;;;;;;;;;;$,m:12:4.3.7.6.5,m:14:0.5.4.3.2.1,m:22:0.5.6.8.2.1|"
6220,6220,"COC1=C(C=C2C=CC=C(C2=C1)O)N.CSNC(N)=O.COP(C)(C)=O |$Q3;;;;;;;E3;;;;;;;;;;;;;;;;;;$,m:14:2.11.10.5.4.3,m:20:6.7.8.9.10.5|"
6221,6221,"C1CCC2(C1)CCCCC2(C3CC3)O.COC(=S)N(C)C |$;;;;T;;;;J6;;;;;;;;;;;;$,m:14:11.10.12,Sg:n:13:E:ht|"
6222,6222,"C[C@H]1C(NCCO1)C(=O)O.CC |$;;;;;B7;;;Q;Z;;R$,m:10:1.6.5.4.3.2,Sg:n:5:a:ht|"
6223,6223,"C/C(=C\CO)/CSC |$;;;;;G;;$,Sg:n:7:C:ht|"
6224,6224,"C1COC2=C(C1(CO)N)C=CC=C2Br.CC(C)=O.CC |$;;;;;;;;;;;;;;;;;;;T1$,m:14:0.5.4.3.2.1,m:18:9.10.11.12.3.4|"
6225,6225,"CC(C1=C(C=CC(=C1)Br)OC)(C(=O)O)O.CC |$;;K;;;;;;;;;;;;;;R$,m:15:2.7.6.5.4.3|"
6226,6226,"CC(C1CC=C(C=C1)Cl)O |$;;;;;;;;;Y4$,Sg:n:8:c:ht|"
6227,6227,"C([C@@H]1[C@H]([C@@H]([C@H]([13C@@H](O1)O)O)O)O)O.COC(O)O |$;;;;;;;;;;;;;;;;$,m:12:1.6.5.4.3.2|"
6228,6228,"C[C@H]1[C@@H]([C@H]([C@@H](C(O1)CO)F)O)O.CC |$;;;;;;;;;;L9;;;R71$,m:12:1.6.5.4.3.2|"
6229,6229,"C1C[C@@H]2CCC(=O)N2[C@H](C1)C(=O)O.CSP(=S)(SC)SC |$;;;;;E;;;;;;;U5;;;;;;;;$,m:13:0.9.8.7.2.1,Sg:n:0:m:ht|"
6230,6230,C1=CC(=C(C(=C1O)F)C(=O)N)Br |$;;;;E;;;U4;;;;$|
6231,6231,C1=C(N(C(=O)N1)C(=O)Cl)O |$;;;;;;;X;;$|
6232,6232,"C1=CC=C2C(=C1)C=CC=C2[C@@H](O)P(=O)(O)O.CC |$;;;;;B;;;;;;;;W1;;;;R$,m:16:0.5.4.3.2.1|"
6233,6233,"CC(C)C(CCCl)(C1=CC=CC=C1)O.CNC(=O)N(C)NC |$;;;;;;;;D;;;;;;;;;;;;;$,m:14:7.12.11.10.9.8,Sg:n:4,5:U:ht|"
6234,6234,"C1C[C@@H]2CC[C@H](C[C@@H]2[C@@H](C1)O)O.CC |$;;;;Z;;;;;;;A6;;R12$,m:12:0.9.8.7.2.1|"
6235,6235,CC(C(C)(C)C)NC(=O)C(=O)O |$;;;T;T6;V;;;;;;$|
6236,6236,"CC1(C(CC2=C(O1)C(=CC=C2)I)(N)O)C.CC |$B8;;;;G1;;;;;;;X;L7;;;;R$,m:15:1.6.5.4.3.2|"
6237,6237,"CCC[C@H]1[C@H](CO[C@H]1OC)O |$;;V9;;;;;;E2;;$,Sg:n:1,2:P:ht|"
6238,6238,CC/C=C/[C@@H](C)C(C)(C)O |$;;;;;;;;;V$|
6239,6239,"C1CC2=CC=CC=C2[C@H]([C@@H]1N)O.CC |$;;;;;;Q0;;;;;;;R$,m:12:0.9.8.7.2.1|"
6240,6240,"C[C@@H]1[C@H]([C@H](C[C@@H](O1)OC)OC)O.COSS |$;;;;;;Y9;;;M;;;;;;$,m:12:1.6.5.4.3.2|"
6241,6241,"CC(N1C=C(C=N1)OC)O.CC |$;;;;;;;;;;;R9$,m:10:2.3.4.5.6|"
6242,6242,"C1CC2CN(C(C2C1)C(=O)O)C=O.CC |$;;;;;;;V;;;;;;;R68$,m:13:0.1.2.6.7|"
6243,6243,"C[C@@H]1CC(C[C@@H](C1C(=O)O)C)C.CC(=O)NS(C)(=O)=O |$;;;T2;G;;;;;;E;;;;;;;;;$,m:12:1.6.5.4.3.2|"
6244,6244,"CC(CCCO)NCC(C)(CO)CO |$;;;;;;;;;G;;;;M9$,Sg:n:3,4:Z:ht|"
6245,6245,C1CC2=C(C1)OC(=N2)C(=O)O |$;;;;;;;;G3;;$|
6246,6246,C1C=CC(=CC1(C(=O)O)N)Br |$;G6;;;E2;;;;;;$|
6247,6247,"CC/C(=C/C1(CCCS1)C)/CO |$;;;;;;;;;;;$,Sg:n:11:U:ht|"
6248,6248,C[C@@H](CO)NC(=O)C(C)C |$;;;;;;B;;;$|
6249,6249,"C1C(C(C2CC1(C(=O)O2)O)[O-])O.CC |$;;;J8;;;Y4;;;;;A;;Q28$,m:12:4.3.8.6.5|"
6250,6250,"C[C@]1([C@@H](CC2CC1C2(C)C)O)O.COP(N)(=O)OC |$;;;;;;;;;T;V;;;;;;;;$,m:12:5.6.7.4|"
6251,6251,"C1CN[C@]2([C@@H]1O)CCSC2.CC |$;A9;;;;;L8;;D;;;U$,m:10:6.3.9.8.7|"
6252,6252,"CC(N1C=CC=C1C=O)O.CC |$;;;;;;;;;M2;;R9$,m:10:2.3.4.5.6|"
6253,6253,CC(C1CCC(=O)N1C)O |$G3;;;;;;;;;$|
6254,6254,CC(C1=CC=CC=C1/C=C(\N)/F)C(=O)O |$;;G;;;;;;;;;;;;$|
6255,6255,"CC(=O)C1=CC=CC=C1NC(=O)O.COSN |$;;;;;;;;;X5;;;;;;;$,m:13:3.8.7.6.5.4,Sg:n:9:N:ht|"
6256,6256,"C[C@H]1C[NH+](C[C@@H](C1(C(=O)C)O)C)C.CC(=O)N(N)C(C)=O |$;;;;;;;;;;;;;;;;;;;;$,m:13:1.6.5.4.3.2|"
6257,6257,"CC1[C@@](O1)(CC=C)CO.C=[NH+]C |$K0;;;E;;;;;;;;$,m:9:1.2.3|"
6258,6258,"C1C(C(=O)NC1=O)O.CC |$;;;;;;;;;R$,m:8:0.1.2.4.5|"
6259,6259,"C1CC12CCNC(C2)CO |$;;;W;;;;;;$,Sg:n:9:I:ht,Sg:n:0:f:ht|"
6260,6260,"CC1=CC=NN1[C@@H](C)C(=O)O.CC |$;;;;;;;V6;;;;;R$,m:11:1.2.3.4.5|"
6261,6261,"C1CSCCC12CC(=O)NC2C(=O)O.CN(N)S(C)(=O)=O.CC |$;;;;;;;;K3;;;;;;;;;;;;;;V89$,m:14:0.5.4.3.2.1,m:21:6.5.10.9.7,Sg:n:1:Q:ht|"
6262,6262,"CC(C1(CC1)C2=CC=CC=C2C(=O)O)F.CC.CN(C)S(=O)N(C)C |$;;;;;;;;;;;;;;;;K90;;;;;;;;$,m:15:3.2.4,m:17:6.7.8.9.10.5|"
6263,6263,"C1CC[N-]C(C1)O.CC |$;;A;;;;;;R$,m:7:0.5.4.3.2.1|"
6264,6264,"C1=C(C=C(C(=C1I)O)I)[Bi](Br)Br.COS |$;;E8;;;;U;;L;;;;;;$,m:12:0.5.4.3.2.1|"
6265,6265,C[C@]1(C(=O)C(=C(C1=O)Br)O)Br |$;;;;;U;;;;;$|
6266,6266,"C1=CC(=O)N(C1=O)[AlH]C(=O)O.CC |$;;;;;;L6;;A;;;;R$,m:11:0.1.2.4.5|"
6267,6267,"CCCC1(CNC1)CO |$;;;;;;;;A$,Sg:n:1,2:n:ht|"
6268,6268,"C1CC1([C@@H]2CNCCN2)O.CNC(=S)N=[N+]=[N-].CC |$G;;;;;;;;T2;;;;;;;;;;G4$,m:10:0.1.2,m:17:4.5.6.7.8.3,Sg:n:5:Q:ht|"
6269,6269,"CC1(CN([C@@H](C1(C)C)C(=O)O)P)C.CN=C(C)C |$;Z;;;;;;;;;;;;;;;;$,m:13:1.2.3.4.5|"
6270,6270,CC1(CC=C(C=C1)O)F |$G;;;;;V;L0;;$|
6271,6271,"C1=C(OC(=C1C#N)C(=O)O)N.CC=NN(C)C(C)=NC |$;;;;;;;;;;;;;;;;;;;$,m:11:0.1.2.3.4|"
6272,6272,C1=CC=C(C(=C1)C(=O)O)O |$;;;;A1;;;;;$|
6273,6273,"C1=CC(=C(C=C1O)C(=[Se])Cl)Cl.CC |$;B;;;;;;;;;J;;R8$,m:11:0.5.4.3.2.1|"
6274,6274,CC(C1CCCN1)(C(=O)O)S |$;;;;;;;T;;;$|
6275,6275,C(O)(O)(S(=O)(=O)[O-])S(=O)(=O)[O-] |$;;U;;;;;;;;$|
6276,6276,"CC1=CC(=CO1)C(=O)O.CC |$;;;;;;;;;;L1$,m:9:1.2.3.4.5|"
6277,6277,"COC1[C@H](CCCO1)O.CNC(=O)NSC |$;;;Y4;;J7;;L;;;;;;;;$,m:9:2.7.6.5.4.3|"
6278,6278,C1=CC=C(C=C1)O |$;;;;;;E7$|
6279,6279,"CCC1CC(CCC1O)C |$;;U7;A;;;J;;;$,Sg:n:4:X:ht|"
6280,6280,C[C@]12CCC[C@]1(C(=C)C2)O |$;;T9;;;;X;;;$|
6281,6281,"CCCC(C)(/C(=C\I)/C(=O)O)O |$;T;;;;;;;;;;A6$,Sg:n:1,2:D:ht|"
6282,6282,"CCC(=O)[C@H]1[C@@H](CCN1)O.CC |$;;;;;;;;W4;;;Y$,m:10:4.5.6.7.8|"
6283,6283,"CC(C)CCC(=O)O |$;;;;;;;$,Sg:n:3,4:T:ht|"
6284,6284,OCC(O)c1ccccc1 |$;;;;Q5;;;;;$|
6285,6285,"CCN1CCNC(C1)O.CC |$;;;B;;;;;;;R9$,m:9:2.7.6.5.4.3|"
6286,6286,"CC(C)(C1CSC2=C1C=C(C=C2)Br)O.CC |$;;;;;;;;;;;;;;;K56$,m:14:3.4.5.6.7|"
6287,6287,"CC1=CC(=CC(=C1C)C)C(=O)O.CC |$;;;;;;;;;;;;;Y0$,m:12:1.6.5.4.3.2|"
6288,6288,CC1CC(=CC(C1C)O)CN |$;;;;;;;;;;X$|
6289,6289,CC(C)(C)C(=O)[C@@H]1CCC[C@H]1O |$;;;;;;;;;Z3;;$|
6290,6290,"CC(C)(C)CC1CCNC1CCO.CC |$;;;;;;;;;;;;;;R$,m:13:5.6.7.8.9|"
6291,6291,"C1C2C(C3C1(C3[C@@]2(C(=O)O)N)C(=O)O)Cl.CC.CC |$;;;;;;;;;;;;;;;;R;;V51$,m:15:3.4.5,m:17:0.1.6.5.4|"
6292,6292,"C1=CC2=C(C=C1O)C(=O)N=C2.CN=C(C)N(C)N(C)C |$;;;;;;;;;;;;;;;;;;;$,m:11:0.5.4.3.2.1|"
6293,6293,C/C(=C(/C)\CO)/CC1=CC=CC=C1O |$;;;;T;;;;;;;;;$|
6294,6294,C=C1[C@H]2CCC(=O)[C@]3(C2)[C@@H]1[C@H](CC3)O |$;;;;Y4;T;;;;;;;;$|
6295,6295,C1CC1(C2=C(C=CC3=CC=CC=C32)O)N |$;;W3;;;;;;;;G;;;;$|
6296,6296,C[C@H](CO)NC1=C(C(=NC=N1)Cl)N |$;;;;;;;;;;;Q4;$|
6297,6297,"C1C=CC=C2C1CNC2C(=O)O.CN=C(N)N(C)NC.C[I+]C |$;;;;;B1;;;;;;A3;;;;;;;;;;;$,m:12:0.5.4.3.2.1,m:20:6.5.4.8.7|"
6298,6298,"C1COC2=C([C@H]1N)C=CC(=C2O)I.CC |$;;;;;;;;Z6;V;;;Z7;;R$,m:13:7.8.9.10.3.4|"
6299,6299,"C[C@H]([C@]1(CCOC1=O)[Si](C)(C)C)O.CC |$;;;;M;;;;;;;;;;X$,m:13:2.3.4.5.6|"
6300,6300,CC1(CC(=CCC1O)C=C)C |$;;;;Z0;;;;;;Q$|
6301,6301,C1=CC=C(C=C1)C(CN)(CN)O |$A7;;;;;X6;;;T;;A;$|
6302,6302,CC1=CC(=C(C=C1OC)C(=O)O)OC |$;;;;;;X;;;G8;;;;$|
6303,6303,"C1C=CC2C1C2C(=O)O.CC |$;;;;;;G;;;;R$,m:9:5.4.3|"
6304,6304,"CC1(CC(C(O1)(C)C)C(C)(C=O)O)C.CC |$;;;;;;;;;;;;;;;R49$,m:14:1.2.3.4.5,Sg:n:12:b:ht|"
6305,6305,CC1([C@@H](CC[C@@H]1O)C(=O)O)C |$;B8;;;;U;;;;;D8$|
6306,6306,"CCC1(C(C1(Cl)Cl)(C(=O)O)Cl)CC.CNN(C)S(C)(=O)=O |$;;;;;Y;;Q7;;Q;;;;;;;;;;;$,m:13:2.3.4|"
6307,6307,"COC1=CC=C(C2=COC=C12)O.CN=S(C)(C)=O |$;;;;;;;;;;;;;;;;;$,m:12:7.6.10.9.8|"
6308,6308,"CC1CCCC1C2(CC2)O.CC.C=NN=C(C)SC |$;;;;;;;;;;;R24;;;;;;;$,m:10:1.2.3.4.5,m:12:7.6.8,Sg:n:4:I:ht|"
6309,6309,CC(C)C(=CCO)C(=O)O |$;;;;;W9;V7;;;$|
6310,6310,"CC1=C(N=CN1)C(C(F)(F)F)O.CNS(C)(=O)=S |$;;;;;X0;;D6;;;;;;;;;;$,m:12:1.2.3.4.5|"
6311,6311,CC(C)NC(C)O |$;A;;;;;$|
6312,6312,"C1=CC(=C(C(=C1O)CO)Cl)O.CN=NC(=O)NC |$;;;;;;;;;;T2;;;;;;;$,m:11:0.5.4.3.2.1|"
6313,6313,CC(CC1=CSC=C1)(C=O)O |$;;;;;;;D4;;;$|
6314,6314,"COC1[C@@H]([C@H]([C@H](CO1)O)O)O.CC |$;;;X7;;;Z9;X2;K1;;;;R0$,m:11:2.7.6.5.4.3|"
6315,6315,"CC1(CC(=O)OC2=CC=CC=C21)O.CC.CP(C)(C)=O |$;;;;;G9;A;;;A;;;;;V02;;;;;$,m:13:1.11.6.5.3.2,m:15:7.8.9.10.11.6|"
6316,6316,"C1=CC(C(C=C1)(O)Cl)C(=O)O.CNC(=O)NN=C(C)C |$;;V;;;;;B2;;;;;;;;;;;;$,m:11:0.5.4.3.2.1|"
6317,6317,CC(C)[C@@](C)(C(=O)N)C(=O)O |$;;;;;;T7;;;;$|
6318,6318,CC[C@@H]([C@@H](C(=O)[O-])[NH3+])O |$;;E9;;;;;;$|
6319,6319,CC/C(=C\C(F)(F)F)/C(=O)O |$;;;;;;;;Y7;;$|
6320,6320,"C1=CC2=C(C=C1CO)ON=C2 |$;;K;;;;;;T1;;$,Sg:n:3:C:ht|"
6321,6321,"C1=CC(=NC(=O)C1F)C(=O)O.CC |$Q1;;;K;;;;;;;;;J$,m:11:0.6.4.3.2.1|"
6322,6322,C1=CC(=C(C=C1Br)I)C(=O)O |$;;;L8;;;;;Z;;$|
6323,6323,"C[C@@H]1CC[C@H]([C@@H](C1)C(C)(C)C)O |$;;;D1;;;;;;;;$,Sg:n:0:H:ht|"
6324,6324,"C(C(=O)O)N1C(=S)N=NN1 |$;;;;;;;A;;$,Sg:n:5:k:ht|"
6325,6325,C1=CC=C2C(=C1)C=CC(=C2O)I |$;;;L9;;Y2;;;;;;$|
6326,6326,"CC[C@@](/C=C/Cl)(C#C)O |$;;;;;;;;$,Sg:n:4:u:ht|"
6327,6327,C[C@H]1[C@@]2(C(=C([C@@]2([C@@](O1)(C)O)C)C)C)C |$;;;;;;;;;;;Y1;;$|
6328,6328,"C1C(C2C(O1)C(C(O2)O)O)O.CC.CC=O |$;;;;J;;;;;;;;R01;;;$,m:11:0.1.2.3.4,m:13:5.3.2.7.6|"
6329,6329,CC1=C([C@@]([C@@]1(C)N)(C)O)C |$;;;;G6;;;;;$|
6330,6330,"C1CCC(C1)(CCI)C(=O)O |$;;;;;Q;;;;;$,Sg:n:7:U:ht|"
6331,6331,"C1CN2C=C(C(=C2C1O)CO)[N+](=O)[O-].CC |$;;;;;;;;;;A;;;A;;Y$,m:14:3.2.6.5.4|"
6332,6332,C1=CC(=C(C(=C1)Cl)[N+](=O)[O-])CO |$;;;T;;;;;;;;$|
6333,6333,CC(C(=O)O)C1(CCCCC1)N |$;;;;;J;;;;;;$|
6334,6334,"CC(C)C1=COC=C(C1=O)O.CC(=S)NO |$;;;J;;;;;;;T8;;;;;$,m:11:3.8.7.6.5.4|"
6335,6335,"C1CCN2C(=C(N=N2)CO)C1.CC |$;;;;L;;;;;D9;;;R99$,m:11:0.10.4.3.2.1|"
6336,6336,"C1C(=O)N(C(=S)S1)CO |$;;;;W;;;;$,Sg:n:0:G:ht|"
6337,6337,CC(C(=C)O)(N)N |$;;;E;;D3;$|
6338,6338,"CC1=CCCC1CC(=O)O.CC |$;;;V;M;;;;;;;J$,m:10:1.2.3.4.5|"
6339,6339,"CSN1CCCC12CCNC2O.CC |$;;;;;;;;A;;;;;R00$,m:12:7.6.10.9.8|"
6340,6340,"C1CC(OC1)CO |$;;;;;;$,Sg:n:5:I:ht|"
6341,6341,CC1=C(C(=C(C(=C1C)[PH2+]C)C)O)C |$;;;;;;;;;T;;;$|
6342,6342,"C1=CC(=C(C(=C1)Cl)C(=O)O)S(=O)(=O)O.CC |$;;;;;;U3;;;;;;;;;R$,m:14:0.5.4.3.2.1|"
6343,6343,"C1C(C[Se]C1CO)O.CN=C=N |$;;;U;;;;;;;;$,m:8:0.1.2.3.4|"
6344,6344,"CC1CCCC(C1C(=O)O)C(=O)C.CN=C(C)C#N |$;;;;;;;;;W4;;;;;;;;;$,m:13:1.6.5.4.3.2,Sg:n:8:w:ht|"
6345,6345,C1C[C@@](NC1=O)(C(=O)O)C(F)(F)F |$;;;;;;;;;;W;;J6$|
6346,6346,"C1C2CC3C1C(C2OS3(=O)=O)O.CS(=O)(=O)C(=O)O |$;;;;;;;;;;;;;;;;;;$,m:12:7.8.3.4.5.6|"
6347,6347,CC(CO)NC1=C(C(=O)NC=N1)N |$;;;;;;G;;;;;;$|
6348,6348,"CC1(C(C1(C(=O)OC)O)O)C.CC |$;;;;;;;V;;;;;U$,m:11:1.2.3|"
6349,6349,"C1CC2(CC2CNC1)CO.CC |$;;;B;;;;;D;;;L$,m:10:3.2.4|"
6350,6350,"C1=CC(=CC=C1C(=O)O)N.CONC(C)=O |$;;;;;;;;;;;;;;;$,m:10:0.5.4.3.2.1|"
6351,6351,"CC(C1=CC=CC=C1N2C(=O)CCO2)O.CC(C)=[N+](C)C |$E;;;;;;;;;;;U;;;;;;;;;$,m:15:9.8.13.12.11,Sg:n:11:g:ht|"
6352,6352,CC(=O)OC(C)(C(=O)O)O |$;;U4;;;;K;;;$|
6353,6353,"C1CCC2(C1)[C@@H]([C@@H]3[C@H]2OCCC3)CO.CC=NN=C(C)OC.CC.COC(=S)C(C)N |$;;;J;;;;;;;;;;;;;;;;;;;;R07;;;;;;;$,m:14:0.1.2.3.4,m:22:5.6.7.3,m:24:8.9.10.11.6.7,Sg:n:9:t:ht,Sg:n:3:C:ht,Sg:n:7:c:ht|"
6354,6354,CC(C(OC)OC(=O)C)O |$;;Q1;;;;;;;$|
6355,6355,"C1=CC(=C(C(=C1N=O)N=O)N=O)O.CC |$;;;;;;;;;;;;G1;;R4$,m:13:0.5.4.3.2.1|"
6356,6356,"C1CCC(C1)(C2=CC=CO2)O.CC |$;;;;;;;;Q7;;;;X$,m:11:6.5.9.8.7|"
6357,6357,"CCN1C(=C(C=N1)Br)[C@@H](C(F)(F)F)O.CN(C)N[N+](=O)[O-] |$;;;;D;;L;;;;;;;;;;;;;;$,m:14:2.3.4.5.6|"
6358,6358,C[C@@H](C(=O)N(C)OC)N(C)C(=O)O |$;;;;;;;;V;;;;$|
6359,6359,C[N+]1(CC=CC=C1CO)C |$;;;;;;;M;;$|
6360,6360,CC(C(=O)O)NC(=CC(=O)C)C |$;;;;T8;;;X;;;;$|
6361,6361,C[C@@H]1[C@H]([C@](C[C@@H](O1)OC)(C)O)O |$;;;;;;;;;;G7;$|
6362,6362,"C1CCC2=C(C(=C(C=C2C1)Cl)O)C#N.CC(=S)N(C)N |$;;;;;Z6;;;;;;;;;;;;;;$,m:14:4.5.6.7.8.3|"
6363,6363,CC1=NC(=O)C(C(=O)N1)O |$;;;;;;E5;;;$|
6364,6364,"CC(C)(C1=CC=CC2=CN=NN21)O.CC(=N)N(C)C(C)=N.CNC(=O)N(C)C |$;;;;;;K3;;;;;;;;;;;;;;;;;;;;;$,m:13:3.11.7.6.5.4,m:21:8.7.11.10.9|"
6365,6365,"C1C[C@@H]([C@](C1)(C(=O)O)N)O |$;;;;;;;;;$,Sg:n:2:j:ht|"
6366,6366,"C1CC12C(C23CC3)C(=O)O.CC |$E;;;;;;;Y0;;;;V$,m:10:3.2.4,Sg:n:2:T:ht|"
6367,6367,CC(CC1=C(C=CC=N1)OC)O |$;;;;;E;;;;Z4;;$|
6368,6368,"CC1=CCCC(=C1O)OC.CC |$;;;;M;;;;;Z5;;R8$,m:10:1.6.5.4.3.2|"
6369,6369,CC(C)C(O)OC |$;;;;;V9;U$|
6370,6370,"C1CC(C(CCC=C1)N)C(=O)O.CC |$;;;;;;B;;;;;;;K0$,m:12:0.7.6.5.4.3.2.1,Sg:n:7:W:ht|"
6371,6371,"C1C=CC=C2C1C(C(=O)N2)O.CNNN(C)C |$;;;;;;W6;Z7;;;;;;;;;$,m:11:6.5.4.9.7|"
6372,6372,"C1C2C=CC(C1C(=O)O)OC2=O.CS(=N)(=O)O.COP(=O)(OC)OC |$;;;;;;;;;;;;;;;;;;;;;;;;$,m:12:0.5.4.3.2.1,m:17:2.3.4.9.10.1|"
6373,6373,"C[C@H]1C(=O)C[C@H]([C@H](O1)O)O.CN=C(C)N(C)C(C)=N |$L9;;E;;;;;;;;;;;;;;;;$,m:10:1.7.6.5.4.2|"
6374,6374,"CC1(CCCC1(CCO)CN)C |$;;;;G;;;;;;;W$,Sg:n:1:t:ht,Sg:n:6,7:U:ht|"
6375,6375,"C1CCCC(CCC1)(CN)C2(CNC2)O.CC=C=S |$;;;D8;;G6;;;;;;;;;;;;;$,m:15:11.12.13.10,Sg:n:7:r:ht|"
6376,6376,C1CN(C(=O)C1N)C2(CC2)CO |$J1;;;;;D;;D;;;X9;$|
6377,6377,"CCC(C1=CC=CC=C1O)C(=O)[O-].CC |$;;;;;;;;;;;;;;G$,m:13:3.8.7.6.5.4|"
6378,6378,"C1CC(C(NC1CN)CN)O.CS(=O)(=O)NC=O |$;;;V;;;;;;;;;;;;;;$,m:11:0.5.4.3.2.1,Sg:n:9:D:ht|"
6379,6379,"C[C@@H]([C@@H]1CCCNC1)C(=O)O |$;;;;;;;;;;$,Sg:n:3:X:ht|"
6380,6380,"C(CO)CO |$;;;;$,Sg:n:0,3:W:ht|"
6381,6381,"CC(C)C1(CCNC1)CO |$;;;;;;;;;$,Sg:n:2:n:ht|"
6382,6382,C1[C@H](N(CC1O)C=O)C(=O)O |$;;;V;;;;;;;$|
6383,6383,"CC(CO)C1=NC=CN=C1.CC |$;V7;;;;;;;;;;R53$,m:10:4.9.8.7.6.5|"
6384,6384,"CC1CN(S(=O)(=O)C1)CC(CO)(F)F.CC |$;;;;;Y;;;;J;Y9;Y2;;;;R$,m:14:1.2.3.4.7,Sg:n:7:T:ht|"
6385,6385,CC(=O)[C@](C)(CO)N |$;;;;;Z0;;$|
6386,6386,"C1=CC=NC(=C1)C(=S(=O)=O)C(=S(=O)=O)O.CC |$;;;;;;;;;;;;;;;;L6$,m:15:0.5.4.3.2.1|"
6387,6387,C1COCC2=C1N=C(C=C2C(=O)O)Br |$;;;;;;;;;Q;;;;$|
6388,6388,"C1=CC(=C(C(=C1)N)[Hg])C(=O)O.COP(N)(=O)N(C)C |$;;;;;;B;;;;W6;;;;;;;;$,m:11:0.5.4.3.2.1|"
6389,6389,C([C@@H]1[C@@H]([C@@H]([C@H]([13CH](O1)O)O)O)O)O |$;;;W;;;;;;;;$|
6390,6390,"CN(C)C/C(=C/C(=O)O)/CC(F)(F)F |$;;;;;;J9;;;;E;;;$,Sg:n:13:z:ht|"
6391,6391,"CCCS(=O)(=O)C(=O)O |$;;;;;;;;$,Sg:n:1,2:F:ht|"
6392,6392,"C1CC2C1CC3=CC=CC=C3N2C(=O)O.CSC(=O)S.CC.CC(=O)N(N=C(C)C)C(C)=O |$;;;;;;;;;;;;;;;;;;;;;R;;;;;;;;;;;$,m:15:0.3.2.1,m:20:4.5.10.11.2.3,m:22:6.7.8.9.10.5|"
6393,6393,"CC(C)(C(C1=CC=CC=C1F)O)N.CSC(=N)N |$;;;B;;;;V;W1;W;;;;;;;;$,m:13:4.9.8.7.6.5|"
6394,6394,"CC(C)(C)[C@@]1(CCCN1C(=O)O)CN.CC |$;;Y;;;;;U;;;;;;;;R$,m:14:4.5.6.7.8|"
6395,6395,"CC(O)CCO |$;;;;;$,Sg:n:5:B:ht,Sg:n:5:c:ht|"
6396,6396,"C1=CC(=C(N=C1)C(=O)O)S.CON(C)C(C)=N |$;;;;;;;;;;;;;;;;$,m:10:0.5.4.3.2.1|"
6397,6397,"CC(=O)C(C)(C1=C(C=CC(=C1)Cl)Cl)O.CN(C)C(=N)N(C)C |$;;;;;;;;;;;;;;;;;;;;;$,m:14:5.10.9.8.7.6|"
6398,6398,"C1CC(=C2C=CC=CC2=C1)CO.CC |$;G2;;;;;W3;;;;;;;R$,m:12:4.5.6.7.8.3|"
6399,6399,C#CC1(CCCNC1=O)O |$;;;;M;;A;;L2;$|
6400,6400,"CC(C)C1=NC=C(C(=C1)CN)O |$;V;;;;;M1;;;;;$,Sg:n:1:F:ht|"
6401,6401,"CCCC(O)(O)OC(=O)N |$;;;;;;;;;B$,Sg:n:9:k:ht|"
6402,6402,"[C@@H]1([C@@H]([C@H]([C@H]2[C@@H]([C@@H]1O)O2)O)O)O.CNC(=S)N(C)N(C)C |$;;;;;;;;;;;;;;;;;;;$,m:11:0.5.4.3.2.1|"
6403,6403,CC1CCN([C@H](C1)C=O)C(=O)O |$;;;;;;;;;;;J0$|
6404,6404,"CC1=CC(=C(C=C1)C)[C@@H](C)C(=O)O.COOC |$;;;;;;;;;;;;;;;;$,m:13:1.6.5.4.3.2|"
6405,6405,"C1=CC=C(C=C1)C(=O)O.CC |$;;;;;;;;;;L$,m:9:0.5.4.3.2.1|"
6406,6406,CC(=CCOC)C(=O)O |$;;Z8;;;;;;$|
6407,6407,"CCN(CC)C1CCCC1O.CC |$;;;;;;;;K5;;;;R$,m:11:5.6.7.8.9|"
6408,6408,CC1=C(N(C=C1)O)O |$;;Y4;;;;;$|
6409,6409,C(=O)(O)[O-] |$;;Q8;L8$|
6410,6410,CN(CC(=O)O)/C(=N\P)/N |$;;;;;M1;;;;$|
6411,6411,CC(=C)/C(=C(/C)\N)/C(=O)O |$;;;;;;A;;;$|
6412,6412,C1=C(SN=[C-]1)O |$;;;Y4;K0;$|
6413,6413,"C1CC(CCNC1)C(=O)O.CC |$;;;;;;;;;;;R39$,m:10:0.1.2.3.4.5.6|"
6414,6414,"CC(C)[C@@H](C1=CC=CC=C1)C(=O)O.CS(C)(=O)=O |$;;;;;;;;;;;;;;;;;$,m:13:4.9.8.7.6.5|"
6415,6415,"CC(C)CC1=CC(=O)CCC1C(=O)O.CC |$V8;L8;;;A;;;;;;;U1;;;;R$,m:14:4.10.9.8.6.5|"
6416,6416,CC(C)N(CC#N)CC(C)O |$;;;Q9;;;;B;;;A$|
6417,6417,"CCC(C)(C(C(C)C)N)O |$;K2;;;;;;;;$,Sg:n:3:I:ht|"
6418,6418,"C=C(CCCN)C(=O)O |$;;;;;;;B7;$,Sg:n:2,3:P:ht|"
6419,6419,"CCCC(C)(C1=CC=CC=C1N)O |$;;;;;;W;;;;;;$,Sg:n:12:i:ht|"
6420,6420,"C1C(CO1)(C2=CNC=C2)C(CO)N |$X0;;;;;;;;;;;;$,Sg:n:12:S:ht|"
6421,6421,C(C(CO)O)O |$;;;;X5;$|
6422,6422,"C(C(=O)OCO)O |$;;;;;;$,Sg:n:2:U:ht|"
6423,6423,"C1=C(N=CC(=C1F)O)CO |$;;;;;;;;X4;$,Sg:n:0:l:ht|"
6424,6424,"CC1=NC(=CS1)/C=C(\C)/CO.CC=NC |$;;;;;;;;;;;;;;$,m:11:1.2.3.4.5|"
6425,6425,CC(C)([C@@H]1CCCP1(=O)C2=CC=CC=C2)O |$;T6;;K6;;;;;;;;;;;;$|
6426,6426,"C1=CC2C(O2)(C=C1)CO.CC.CC |$;;;;;;;;;;Z39;;E$,m:9:0.6.5.3.2.1,m:11:4.3.2,Sg:n:2:e:ht|"
6427,6427,"CC1=C(C2CC1C=C2SC)CO.CC(N)C(=O)N(C)C |$;;;;;;;;Y;Y6;;Z8;;;;;;;;$,m:12:1.2.3.4.5,Sg:n:2:K:ht|"
6428,6428,CC[C@@]1(CC=CC=C1)O |$;;Y5;;;;;;$|
6429,6429,"CNC1=C(CCC=C1)SCO.CC(=O)C(C)=O |$B;V3;;;L;;;;;;;;;;;;$,m:11:2.7.6.5.4.3|"
6430,6430,C1=CC(=C(C=C1Cl)Cl)O |$;;;;;;J;;$|
6431,6431,"CCC(C)(C1(CC1)Cl)O.CN=CN(C)C(C)=N |$;;;A;;;B;;;;;;;;;;$,m:9:4.5.6,Sg:n:0:T:ht|"
6432,6432,"CC[C@@]1(CCCCC1=O)CC(=O)O.CNS(=O)N(C)C |$L;;;;;;;;;;;;;;;;;;;$,m:13:2.7.6.5.4.3,Sg:n:8:j:ht|"
6433,6433,C=CC[C@@]1(CCCC=C1)O |$;;;;;;Q5;;;$|
6434,6434,"CCC(C(=O)O)N1CCCCC1=O.CN=C(OC)N(C)N |$;A7;;;;;;;;;X;;;;;;;;;;$,m:13:6.11.10.9.8.7|"
6435,6435,"CC(=O)C1=C(SCCS1)C(=O)O.CC |$;;;;;;;;;;;;;U$,m:12:3.8.7.6.5.4|"
6436,6436,"CC1(CCCN1C(CN)C(=O)O)C.CC(C)=N |$;;;;;;;;;;;;;;;;$,m:13:1.2.3.4.5|"
6437,6437,"C[C@H]1CN1CO |$;;;;J0;$,Sg:n:2:y:ht|"
6438,6438,"CN1C=C(C2=C1C(=CO2)O)O.CC.CNC(=O)N(C)C |$;E8;;;;;;;;;;;R76;;;;;;;$,m:11:1.2.3.4.5,m:13:6.5.4.8.7|"
6439,6439,CC1=CC(=CC(=N1)C(=O)O)NC |$;;;;E5;;;M;;;;X7$|
6440,6440,"C1[C@H]2C[C@@H]([C@H]1[C@H]3[C@@H]2C(=O)NC3=O)O.CPN(C)C |$;;D0;;;;;;;;;;;;;;;$,m:13:0.1.2.3.4,Sg:n:2:R:ht|"
6441,6441,"CC(=O)CC1=C(C=CNC1=O)O.CN=NC(=NC)N(C)C |$Y2;;;A2;;;M6;;;;Q8;;;;;;;;;;$,m:12:4.9.8.7.6.5|"
6442,6442,C(C(=O)O)F |$T;;;E1;$|
6443,6443,CC(C)CC(=O)O |$;;;;;T;$|
6444,6444,CC([C@@H]1CCCN1)(O)I |$;Z2;;;;Y;;;$|
6445,6445,"CN(C1C=CON1O)C(=O)O.CN=C(N=C(C)C)OC |$;;;;;;;;;;;;;;;;;;;$,m:11:2.3.4.5.6|"
6446,6446,CC1=NC(=CC=C1)C(O)O |$;;X;;;;;;;$|
6447,6447,CC(C)[C@H](C(=O)O)N1C=NC=N1 |$;;;K0;;;;;;;J;$|
6448,6448,C([C@H]1[C@@H]2[C@@H](O2)C(O1)O)O |$;;;B8;;;;;$|
6449,6449,"CC1CCC(C2=C1C=C(C=C2O)C)C.CC.CSC(C)S |$;;;;;;Y;;;X;;;;;;E00;;;;;$,m:14:1.6.5.4.3.2,m:16:7.8.9.10.5.6|"
6450,6450,"CC1=CN=CC2=C1C=CC(=C2)O.CC |$;;;;;;;J;;;;M;;R$,m:12:1.6.5.4.3.2|"
6451,6451,CC(O)(P(=O)([O-])[O-])P(=O)([O-])[O-] |$;;;;;;;G;;Z;$|
6452,6452,"CC1CNC(=O)C(N1C2CC2)CCO.CC |$A2;;;;;;;K3;;;;;;;;R$,m:14:1.7.6.4.3.2,Sg:n:11,12:U:ht|"
6453,6453,CS[C@@H]1CNC[C@H]1O |$Q7;;;;;;;$|
6454,6454,CCC(C(C)(CC=C)C=C)O |$;;;B;J;;;;G;;$|
6455,6455,"C[C@@H]([C@@H]1CCCC1=O)O |$;;;;;M1;;;D$,Sg:n:5:V:ht|"
6456,6456,"C1[C@H](CN[C@@]1(C(=O)O)C(F)(F)F)O.CC(C)=NN |$;;;M;K3;;;;;;;;;;;;;$,m:13:0.1.2.3.4|"
6457,6457,"CCC(CC)(C1=CC(=CC(=C1)F)O)O.CON(C)N(C)C |$;;;V1;;;;;;D;D6;;;;;;;;;;$,m:14:5.10.9.8.7.6|"
6458,6458,CCS(CC)(CC)CC(=O)O |$;;;;;;X;;;;$|
6459,6459,C1C=CNC(=C1)O |$;;;;J;;$|
6460,6460,"CC1=C(C(=C(C=C1)N)O)C#N.CONS |$;;;;;;;;;;;;;;$,m:11:1.6.5.4.3.2|"
6461,6461,"C[N+](C)(C)CC(CCl)O |$;;;;;;;E;$,Sg:n:1:d:ht|"
6462,6462,CCC(C)[C@H](CO)SC(C)(C)C |$;;B;;;;;;;;;$|
6463,6463,"CC(C1CCC2CC1C2(C)C)O.CNN=[N+]=[N-].CC.COC(C)(SC)SC |$;;;;X;;;;;;J5;;;;;;;;V;;;;;;;;$,m:12:6.7.8.5,m:17:2.7.6.5.4.3,m:19:2.7.8.5.4.3|"
6464,6464,CC(C)(CO)COC=C |$Y;;;;;;;;$|
6465,6465,"CC[C@]12C[C@@H]([C@@H]([C@@H]1O)[CH-]O2)C.CC(=O)NS(C)(=O)=O.CC |$;;;;;;;;;;;;;;;;;;;;R7$,m:11:3.2.6.5.4,m:19:6.5.8.9.2|"
6466,6466,C[C@H]1C[C@@H](CCC1=O)C(=O)O |$;M9;;;;U1;;;;T9;$|
6467,6467,"C1CC2([C@H]([C@@H](CC1N2)O)O)O.CC.CC |$;A3;;;;;;;;B2;;;M67;;W58$,m:11:0.1.2.7.6,m:13:3.4.5.6.7.2|"
6468,6468,"CC(CN(C)CC1(CC1)CC(=N)N)O.CNN=C(C)N(C)C |$W;G;;;M6;;;;;;;;;;;;;;;;;$,m:14:6.7.8|"
6469,6469,"CC[C@H]1CCCC[C@@]1(C(=O)C(=O)O)O.C[Te] |$;;;;;;;;;;;;M;D;;$,m:14:2.7.6.5.4.3|"
6470,6470,CCC1CC([C@H](C1O)C)O |$X;;;;U4;;;;;$|
6471,6471,CC(C1=C(C=CC(=C1)Br)N(C)C)O |$;;;;;;D0;;;;;;$|
6472,6472,"CC1=C(CC([C@H](CC1)O)(C)C)C |$;;;;;;;;;;;$,Sg:n:0:g:ht|"
6473,6473,"C1CS(=O)(=O)C(N1)C(=O)O.CC |$;;;;;;;W;;;;R4$,m:10:0.1.2.5.6,Sg:n:9:T:ht|"
6474,6474,C[C@@H]1C/C(=C\O)/C(=C(C)C)C(=O)C1 |$;;;Q0;;T;;;;;;;$|
6475,6475,"CC(C1=CN=CC=C1)(C(=O)O)P(=O)(O)O.CC |$;;;;;;;U;T8;;;;;;;;T5$,m:15:2.7.6.5.4.3|"
6476,6476,"C1COCC1C2CC2CO.CC.CSN(C)N(C)C |$;;;G1;;;;;;;;R;;;;;;;$,m:10:0.1.2.3.4,m:12:6.5.7|"
6477,6477,"CS(=O)(=O)OC1CCC(C1)O.CNNS(C)(=O)=O |$;;;;;;;;;;;;;;;;;$,m:11:5.6.7.8.9,Sg:n:2:S:ht|"
6478,6478,C1CC(=O)NC(=O)C1O |$;;V0;;K0;A;;;$|
6479,6479,C1[C@H]([C@H](C[C@@H]([C@@H]1O)O)C(=O)O)CN |$;;;;G2;;;;;;;;$|
6480,6480,"CCCC1=C(C(=CC=C1)O)C(=O)O |$;L;;;;;;;;;;;G$,Sg:n:1,2:H:ht|"
6481,6481,"CC(C1=CC(=CN=C1)O)N.CC |$G1;;;;;;;;;D6;;R2$,m:10:2.7.6.5.4.3|"
6482,6482,"CC(C1CCCC2=C1N=CC=C2)C(=O)O.CC(C)=NN(C)N=C(C)C |$;;;;;;;;;X0;;;M;;;;;;;;;;;;$,m:15:8.9.10.11.6.7,Sg:n:14:n:ht|"
6483,6483,"C[C@H](C1=NC(=NC=C1)Cl)O.CC |$;;;;;;U3;;M;;;Q$,m:10:2.7.6.5.4.3|"
6484,6484,"CC1=COC(C=C1)C(=O)O.CC |$;;;;;;L;;;;;R7$,m:10:1.6.5.4.3.2|"
6485,6485,"C1CN2CCC1[C@@](C2)(CN)O.C[NH+](C)[O-] |$;;;;;;;;;;;;;;$,m:11:0.5.4.3.2.1|"
6486,6486,C=C(C1=CC=C(CC1)N)O |$;;;;;A;;;Y;$|
6487,6487,C[C@@H]1CC(C(N1C)C)CO |$;;;;;W2;;;;$|
6488,6488,"C1C2C=CC1[C@H]([C@H]2C(=O)N)C(=O)O.COP(O)O |$;;;;;;;;;;;;;;;;;$,m:13:0.1.6.5.4|"
6489,6489,"C=CCC1(CCCCO1)O.CC |$;;;;;;;;;;;R$,m:10:3.8.7.6.5.4,Sg:n:0:o:ht|"
6490,6490,"C1=C(NC=[NH+]1)[C@H](CO)N.CC=NN(C)C(N)=NC |$;;;;;;;;;;;;;;;;;$,m:9:0.1.2.3.4,Sg:n:3:f:ht|"
6491,6491,"CC(=O)N1C=CCC1C(=O)O.CN=C(C)C(=O)O |$;;;;;;;;;;;;;;;;;$,m:11:3.4.5.6.7|"
6492,6492,"CC(=O)C1=CN=NN1C2CCCC2O.CN(C)N=[N+]=[N-] |$;;;;;;;;;Q;;X8;;;;;;;;$,m:14:9.8.12.11.10|"
6493,6493,C(=C/C(=O)O)\C(=O)O |$;;;;;;;Z0$|
6494,6494,"C[C@@H](C[C@@H]1CCOC1)O.CN=C(N)S(C)(=O)=O |$;;B;Z;E;T4;;;;;;;;;;;$,m:9:3.4.5.6.7|"
6495,6495,"C1CCC(CC1)O.CNC=N |$;;;G5;;;;;;;$,m:7:0.5.4.3.2.1,Sg:n:5:G:ht|"
6496,6496,"C1CN[C@@H](C[C@H]1O)C(=O)O |$L8;;;;;;;;;$,Sg:n:5:r:ht|"
6497,6497,"CC1([C@H]2CC[C@@](C2)([C@H]1O)C(=O)OC)C.CC.COC(=O)S(C)(=O)=O |$;;;;D;;L1;;;;;;;;;G;;;;;;;;$,m:14:1.2.6.5.7,m:16:3.2.6.5.4|"
6498,6498,"C=C1C[C@@]12CCCCC[C@H]2O.CC.CNC(=O)NN |$;;;;;;;;;;;;R48;;;;;;$,m:11:1.2.3,m:13:4.3.9.8.7.6.5,Sg:n:5:L:ht|"
6499,6499,"C1CC2CC1CC2(C(=O)O)N.CC |$;;;G;;;;;;;;;E$,m:11:0.1.2.3.4|"
6500,6500,"CC1C[C@@H]2CC(C1)(C2C)O.CC.CC |$;;;;;;;;;;;R4;;R$,m:10:1.6.5.4.3.2,m:12:1.6.5.7.3.2|"
6501,6501,"CCC[C@H](C(=O)O)OO |$;;;;;B2;;;$,Sg:n:1,2:h:ht|"
6502,6502,"C1CC2(C1)C(CC2=O)C(=O)O.CN=C(C)N(C)N(C)C |$;;;;;;;;;;;;;;;;;;;$,m:11:4.5.6.2|"
6503,6503,C[Si](C)(C)C(=C)C(CO)O |$;;;;;;;;M6;$|
6504,6504,"CC(COC)N(C)CC1CCCC1O |$;;;;;;;;;;;;;$,Sg:n:11:q:ht|"
6505,6505,"CN1C(=O)CC(CN1)CO.CC |$;;;A5;;;;;;;;R72$,m:10:1.7.6.5.4.2|"
6506,6506,"CC1C(=O)CCC(C1(C)CBr)C(=O)O.CSN(C)C(C)=O |$;;T;;;;Z;;;;;;;;;;;;;;$,m:14:1.7.6.5.4.2|"
6507,6507,"C1=CC=NC(=C1)CC(O)O.C=NN(C)C=NC |$;;Y5;;;;;;;;;;;;;;$,m:10:0.5.4.3.2.1|"
6508,6508,C1=C(C=C(C2=C1C(=CS2)I)S)CO |$;;;;G;;;;;;;;$|
6509,6509,"CC1(C(=O)C=[13C](C(C1=O)(C)C)C(=O)O)C.CS(C)=O |$;;;;;;;;U9;;;;;;;;;;$,m:15:1.7.6.5.4.2|"
6510,6510,"C1C2=C(CO1)C(=C(C=C2)O)C(=O)N.CSN(C)C(C)=O |$;K1;J;;;;;;K;;;;;;;;;;;$,m:13:0.1.2.3.4|"
6511,6511,C[C@@H]1CCC(=C(C)C)C(C1)CC(=O)O |$;;K;;;U3;Q;;;;;;;$|
6512,6512,C(=O)C(C#N)(N=[N+]=[N-])O |$;;;;W;;;;$|
6513,6513,"CC1C(C(C(C(C1(O)O)O)O)O)CO |$;E4;Y;J0;;;;;;;;;;$,Sg:n:13:A:ht|"
6514,6514,"C1=C(C(=CC(=C1O)Br)Br)NN |$;;;;;;;;;;$,Sg:n:2:m:ht|"
6515,6515,"C1C[C@H]2[C@H]3CC[C@@H]3[C@H]1C[C@H]2C(=O)O.CC.CC(=N)NC=O |$;;Y6;;;;W5;;;;;;;;V;;;;;;$,m:13:0.7.6.3.2.1,m:15:8.9.2.3.6.7,Sg:n:9:g:ht|"
6516,6516,COC(=O)N[C@@H]1CCNC[C@H]1O |$;;;;;;;;;;;Y4$|
6517,6517,"C1C[C@@H]2C3=C(C=CN=C3)[C@@H]([C@H]1N2)O.CON(C)N(C)C.CC.CC |$;;;L;;;;;;;;;;;;;;;;;;R71;;X$,m:13:0.1.2.11.10,m:20:5.6.7.8.3.4,m:22:9.10.11.2.3.4|"
6518,6518,"CC(C)C1=C(C(=CN1)F)C(=O)O.CC(=S)N(C)N |$;;;;;;;;;;;;;;;;;$,m:12:3.4.5.6.7|"
6519,6519,"C1C(CO1)(CO)I.CN=C(C)C(=O)OC |$G0;;;;;;;;;;;;;;$,m:7:0.3.2.1,Sg:n:1:n:ht|"
6520,6520,CC(C)(C)C1(CCCC2=C1C=CO2)O |$;;;;;;;;;;;;;V4$|
6521,6521,"CC(COC1(CCCC1)C)O.CSNC=O |$;;;;;;;;;;;;;;;$,m:11:4.5.6.7.8,Sg:n:1:V:ht,Sg:n:4:R:ht|"
6522,6522,"C1=CN2C(=C(OC2=N1)O)N.CP=C(C)C.CC |$;;;L6;;;;;;;;;;;;;J42$,m:10:0.1.2.6.7,m:15:3.2.6.5.4|"
6523,6523,"CC(=C)CC(C(=O)O)(C(=O)O)NC(=O)C |$;;;;;;;;;;;;;;$,Sg:n:1:f:ht|"
6524,6524,C[C@H](CO)ON=C(C)C |$;;;;;;;V7;$|
6525,6525,"C1C(C2=C(O1)C=NC=C2)CO.CC.CC |$;;;L;;;;;;;;;R;;R$,m:11:0.1.2.3.4,m:13:5.6.7.8.2.3,Sg:n:10:h:ht|"
6526,6526,"C1=C(NO[N+]1=O)C(=O)O.CC |$;;;;;;;;A;;Y$,m:9:0.1.2.3.4|"
6527,6527,C/C(=C\CO)/CC=C |$;;;L;Q1;;;$|
6528,6528,"CC1=C(C(=C(C=C1)[N+](=O)[O-])C(=O)O)F.CC |$;;;;;;;;;;;;;;;R72$,m:14:1.6.5.4.3.2|"
6529,6529,"CC1=NC(=CS1)/C=C(\C)/[C@H](C=C)O.CC |$;;;;;;;;;;;;;;R$,m:13:1.2.3.4.5|"
6530,6530,CC1=CC2=C(C(=C1N)C)C(=CC=C2)O |$;;;;;;;;;;;;L2;$|
6531,6531,"C1C([N+]12C=CC=CC2=O)C(=O)O.CN=C(NSC)SC |$;;;;;;;;;;;;;;;;;;;$,m:12:3.4.5.6.7.2|"
6532,6532,CC1=C(C=C(C=C1)I)[C@@](C)(CO)N |$;;;;;;;;;;A5;;$|
6533,6533,CC(C)C1CC(CC=C1C(C)C)O |$;G5;;;;;;;;;;;$|
6534,6534,"C1CCC(C1)(CO)C2(CCCC2)CO.CC |$;;;;;;;Q;;;;;;;;A42$,m:14:8.7.11.10.9,Sg:n:6:q:ht,Sg:n:6:B:ht,Sg:n:2:z:ht,Sg:n:6:K:ht,Sg:n:11:t:ht|"
6535,6535,CC1=CCO[C@@H]1O |$U;;;G5;;;$|
6536,6536,"C1=CSC(=C1[C@H](CO)N)N.COOS |$;;;;;;;;;G;;;;$,m:10:0.1.2.3.4|"
6537,6537,"C[C@@H]1C(C([C@H](C(O1)C(=O)O)O)OC)O.CC |$;;;;;;;;;;;;;;;R8$,m:14:1.6.5.4.3.2|"
6538,6538,"C1=CC(=C(C(=C1)O)C2=CNC=C2)N.CN=C(NC)NNC |$;;;;J7;;;;;;;;E4;;;;;;;;$,m:13:0.5.4.3.2.1|"
6539,6539,"C1COC23CC(C2CN1C3)O.CP(N)(=O)O.CC |$;;;;;;;Q;;;;;;;;;;M$,m:11:4.5.6.3,m:16:7.6.3.9.8|"
6540,6540,"CC(NC(C)(C)C)C(O)c1cccc(Cl)c1.CP(C)(C)=O |$;;;;;;;;;;;;;;;;;;;;$,m:16:9.15.13.12.11.10|"
6541,6541,"CC1([C@@H](C(=O)O1)C(=O)O)C.CC |$;G9;;;;;;;;;;T3$,m:10:1.5.3.2|"
6542,6542,"C1=C(C=C(C(=C1CN)O)Br)Cl.CC |$;;;;;;;;M;;;;J$,m:11:0.5.4.3.2.1|"
6543,6543,"CC(C)C(CCO)([N+](=O)[O-])O |$;;;;;;;V8;;;$,Sg:n:4,5:t:ht|"
6544,6544,"CN1C(=CN=N1)C2=C(C=CN=C2)C(=O)O.CC |$M4;;Q;;;;;;U9;;;;T8;W;X6;;E$,m:15:7.8.9.10.11.6|"
6545,6545,CC(=C)[13C](=O)O |$;;;U9;;$|
6546,6546,"CC(C1(CCC1)CC=C(C)C)O |$;;;;;;;;;;;$,Sg:n:7:Z:ht|"
6547,6547,"CC1=CSC2=NC(=C(N12)CC(C)C(=O)O)C.COC=S |$;;;;;;;;;;;;;;;;;;;$,m:16:1.2.3.4.8|"
6548,6548,CC1=CC(=CC(=C1N)[C@@](C)(CO)N)Cl |$;;;;;Q6;;G3;;;;;;$|
6549,6549,"C[N+](C)(C)C(CC=C)(C(=O)O)F |$;L1;;;;;;;;;;X3$,Sg:n:7:o:ht|"
6550,6550,"C1C(CO1)(CO)C2=CC=CC=C2.CN=C(SC)N(C)N=C(C)C.CNB(C)N(C)C |$;;;;T6;;;B6;Z0;;;;;;;;;;;;;;;;;;;;;$,m:12:0.3.2.1,m:23:7.8.9.10.11.6,Sg:n:2:s:ht,Sg:n:5:o:ht|"
6551,6551,C1=C(C(=O)NC(=C1Br)C(=O)O)N |$Q0;;;;;;;;;;;$|
6552,6552,"COC1=C(C(=CC=C1)Cl)CCO.CC |$;;;;;;;;;;;D0;;Y5$,m:12:2.7.6.5.4.3,Sg:n:9,10:J:ht|"
6553,6553,"CC1=CN=C(N=C1NC(C)(C)CO)NN.CN(C)N=S |$X;;;;W;;;;;;;;;;;;;;;$,m:15:1.6.5.4.3.2|"
6554,6554,"CC(C1CCCCN1CC(=O)O)O.CC |$;;;;;;;;;;;;;;R77$,m:13:2.7.6.5.4.3,Sg:n:0:T:ht|"
6555,6555,C[C@@H](C[C@@]1(CCC[S@]1=O)SC(C)C)O |$;;;;;;;;;;;;A3;Y6$|
6556,6556,"C[C@@H]1[C@@H]([C@H]([C@@H](N1)CO)O)O.CC |$;;;;;;;;;;;R$,m:10:1.2.3.4.5|"
6557,6557,"C1C=CC=CC1C(C(=O)O)N.CC |$;;;;;;;;L3;;;;R13$,m:11:0.5.4.3.2.1|"
6558,6558,"CC(=C)[C@@H]1CCCC[C@H]1CO.CC |$;;V;;;;;;K0;;;;R1$,m:11:3.8.7.6.5.4|"
6559,6559,"CC1CCCC(N1CCO)C |$;;;;;;;;;;$,Sg:n:5:X:ht,Sg:n:6:H:ht,Sg:n:7,8:X:ht|"
6560,6560,"C1CCC(C(C1)C(=O)O)N2C=CC=C2.CC=NS(C)=O |$U;;;;;;;;;;;;;;;;;;;$,m:14:0.5.4.3.2.1,Sg:n:4:o:ht|"
6561,6561,"C1=CC(=CC=C1C(=CCO)F)Cl.CC(O)C(N)=O |$;;;;;;;;Q;;;;;;;;;$,m:12:0.5.4.3.2.1|"
6562,6562,"C=CCN(CCC(=O)O)CC=C |$;;;;;;;V;;;T;$,Sg:n:4,5:A:ht|"
6563,6563,"CCC(CCO)C1=CC(=C(C=C1)N)O.CC |$;;;;;;;X6;;;;M5;M4;;;W$,m:14:6.11.10.9.8.7,Sg:n:3,4:V:ht|"
6564,6564,"CCC(CC)(C(=O)O)C(=O)ON1C2=C(C=C1C(=O)C3=CC=CC=C3)C(=C(C=C2)Cl)Cl.CC |$;;G;;;;;;;;;;;;;;;Z1;;;;;;;;;;;;;;R$,m:30:11.12.13.14.15|"
6565,6565,"CC1=CC=C(O1)C(=O)N[C@@H](C)CO.CNN(C)C=O |$;Y8;;;V;;;;;;;;;;;;;;$,m:13:1.2.3.4.5|"
6566,6566,"CC1=C(SC(=N1)SC(C)CCOC)C(=O)O |$;;Y6;;;;;;;D;;;;;;$,Sg:n:12:q:ht,Sg:n:9,10:k:ht|"
6567,6567,CCC(=C(C)C#CC(C)(C)O)CC |$;;;;T;;;;;;T9;;$|
6568,6568,"CC(C)(C)N1C(=NN=N1)SCCCCO |$;;;;;;;;;;;;;;$,Sg:n:10,11,12,13:Z:ht|"
6569,6569,"CC(=O)NC1=CC(=C(C=C1F)Cl)SCC(=O)O |$;;V2;;;;;;Y3;;;;;;;;$,Sg:n:2:N:ht,Sg:n:4:w:ht|"
6570,6570,"C[C@@]12CC[C@@H](C1(C)C)C(C2O)NNC3=CC=CC=C3.CC.CC |$;;;;;;;;;;;Z;;;;;;;;;R;;R$,m:19:2.1.5.4.3,m:21:14.15.16.17.18.13,Sg:n:17:M:ht|"
6571,6571,"COC1=C(C(=C(C=C1)C(=O)CCl)O)O.CC |$;;Z;;;;;U6;;;;Y;;;;R03$,m:14:2.7.6.5.4.3|"
6572,6572,"CC(=IC)CNC1=CC=CC(=C)C(=O)C1=[O+]C2CCC(C2)O.CNN(C)C(=S)S |$;;;;;;;;;;K;;;;;;;;W5;;;;;;;;;;$,m:22:17.16.20.19.18|"
6573,6573,CC(=O)C(N)C(O)c1ccc(O)c(O)c1 |$;;;Z1;;;;;;;;;;;$|
6574,6574,"CN(CC1CCCC1O)C(=O)NC2=CC=CC3=CC=CC=C32.COP(N(C)C)N(C)C.CS(=O)(=O)OS(C)(=O)=O |$V;;Z;;;;;;;;;;A;A0;;;;;Z;;;;;;;;;;;;;;;;;;;;;$,m:22:13.14.15.16.21.12,m:31:17.18.19.20.21.16|"
6575,6575,"CC[Si](CC)(CC)[SiH2]CCC(=O)O |$;;;;;;Y;;;;;;$,Sg:n:12:a:ht,Sg:n:8,9:K:ht|"
6576,6576,"C1C(OC2=C(N1S(=O)(=O)C3=CC=CC=C3)C=C(C=C2)Cl)C(=O)O.CC |$;;;;;;;E5;;;;;;;;;;;;;;D3;;;R6$,m:23:0.5.4.3.2.1|"
6577,6577,CCN1C=C(C=N1)C(CC2=C(C=CC=C2Cl)Cl)O |$;;;E;;;;;;G8;;;;;G;;;$|
6578,6578,"CC(C)CNC(=O)C(C)OC1=CC=C(C=C1)C(=O)O.CN(C)P(C)(C)=O |$;;;;;;;;;;;;;;;A;;K;;;;;;;;$,m:19:10.15.14.13.12.11,Sg:n:2:Y:ht|"
6579,6579,"CCC1=C(SC(=N1)CSC2CCCCC2)CC(=O)O.CC.CC |$;;;;W;;;;;;A;;;E;;;;;;;R;;Y$,m:19:2.3.4.5.6,m:21:10.11.12.13.14.9,Sg:n:0:L:ht|"
6580,6580,"CC1=CC(=C(C(=C1)C2OCCO2)O)C3OCCO3.CC.CN=C(N)NN.COOC(=O)O |$;;;;Y;U;;;;;;;;;;;;;;R3;;;;;;;;;;;;$,m:18:1.6.5.4.3.2,m:20:8.7.11.10.9,m:26:14.13.17.16.15|"
6581,6581,"C=C(C1CCCCC(CC1)O)Cl |$A1;Q;;;;T2;;J1;;;;$,Sg:n:9:y:ht,Sg:n:1:r:ht|"
6582,6582,CCCCC1=C(C=CC(=C1)O)C=C |$;;;;;J2;;B;;;;;$|
6583,6583,CC/C=C\[C@H](CCPC)OC(C)O |$;;;;;;;;;V;M9;;$|
6584,6584,"CC(C)(C)OC(=O)NCC(CO)C1=CN=CC=C1.CC |$D;G8;;;;;;;;;;K;;;;;;;;R27$,m:18:12.17.16.15.14.13|"
6585,6585,"C1CC2=C(C(C3=CC=CC=C3C1)(C4CCNCC4)O)N=CC=C2.CC(S)C=O.CNPC.CN=O.CC |$;;;;W;;;;;;;;;;;;;;;;;;;;;;;;;;;;;;;;Z4$,m:23:0.11.10.5.4.3.2.1,m:28:6.7.8.9.10.5,m:32:13.14.15.16.17.12,m:35:19.20.21.22.2.3,Sg:n:5:i:ht|"
6586,6586,"C1=CC(=C(C(=C1)Cl)[N+](=O)[O-])N(CC(=O)O)CC(=O)O.CS(C)(C)N |$;;;J;;;;;;;;;;;;;;;;;;;;$,m:19:0.5.4.3.2.1|"
6587,6587,"CCC(C(C)N1CCCC2=CC=CC=C21)O.CN=C(C)SN |$;;;;;;;;;;;;;;;;;;;;;$,m:16:10.11.12.13.14.9,Sg:n:11:x:ht|"
6588,6588,"CN1C=C2C(=N1)C=CC(=C2N(C)CCO)[N+](=O)[O-].CC.CC |$;;;;;;;;;W;;;;;;;Q3;;;R20;;V0$,m:18:1.2.3.4.5,m:20:6.7.8.9.3.4,Sg:n:12,13:C:ht|"
6589,6589,"CC1=C(C=CC=C1S(=O)(=O)NC2(CCC2)CO)C(F)(F)F.CC(=O)S(C)=O |$;;;K;;;;;D;;;;;;;;;;;U6;;;;;;;$,m:21:12.13.14.11|"
6590,6590,"CC1=CC(=C2C=C(C=C(C2=N1)Cl)Cl)C(C3=CC=CC=N3)O.COP(C)(C)=O.CSC(=S)N(C)N(C)C |$;;E7;;;;;;G0;;D9;;;;;X;;Q;;;;;;;;;;;;;;;;;;$,m:21:1.10.9.4.3.2,m:27:5.6.7.8.9.4|"
6591,6591,"C1[C@H]([C@@H]1[C@H](C(=O)O)N)C2=CC=CC=C2.CC.CC |$;;;;;;;;;;;;;;;R93;;R$,m:14:0.1.2,m:16:9.10.11.12.13.8|"
6592,6592,"CC1CC(C1)N2C(=NC3=C(C=CC=C32)C(=O)O)C.CC=C=S |$;;;;;;;;;;;D2;Y;;;;;;;;;$,m:18:6.5.13.8.7|"
6593,6593,"CCCCCC(CC)N(CC)C(C)O |$;;;;;;;;;;;;X1;$,Sg:n:2,3:Y:ht|"
6594,6594,"C1=CN2C=NC=C2N=C1CO.CC(=O)C(=O)S |$D;;;G9;B;;;;Z;;;;;;;;$,m:11:0.8.7.6.2.1|"
6595,6595,"C[C@]12CC[C@H]3[C@H]([C@@H]1CC=C2O)CCC4[C@@]3(C=C[C@@H](C4)N)C.CN=CN(C)OC.CN=C(N)SC.CC |$;;;;;;;;;;;;;Y;Q8;;;;;;;;;;;;;;;;;;;;;R$,m:21:7.6.1.9.8,m:28:11.12.13.14.4.5,m:34:15.16.17.18.13.14|"
6596,6596,"C1=C(C=C(C=C1N=O)O)C=NN=C(N)N.CC |$;;;;D;;;;;;;Y2;;;;;R95$,m:15:0.5.4.3.2.1|"
6597,6597,CCOC(=O)CSCC(C(=O)O)NC=O |$;T4;L4;;;G8;Q6;;;;;;;;$|
6598,6598,"CC1C(CCO1)(CNC(=O)C2=C(C=CC(=C2)F)[N+](=O)[O-])O.COP(C)OC |$G6;;;;;;;;A;;;;;;;;;;;;;;;;;;$,m:21:11.12.13.14.15.10,Sg:n:2:U:ht|"
6599,6599,"CCN(CC(=O)OC)CC(C)(C)O |$;;;;;;;;;;;K;$,Sg:n:11:f:ht|"
6600,6600,"CCOC1=C(C=C2C(=C1)N=CNC2=O)O.CC.CN=C(N)NS(C)(=O)=O |$;;;Q;M;;;;L;;;;;;;;R;;;;;;;;;$,m:15:3.8.7.6.5.4,m:17:9.10.11.12.6.7|"
6601,6601,"C1C(NC(S1)(CC(=O)O)C(=O)O)C(=O)O.CC |$;;;;;;;;E9;;;;;;;;A02$,m:15:0.1.2.3.4,Sg:n:14:M:ht|"
6602,6602,"C1CC(C1)(CC(=O)O)OC2=CN=CC=C2.CC |$;;;;;;;;;;;;;;;;R$,m:15:0.3.2.1,Sg:n:3:D:ht|"
6603,6603,"C1C=C(C=CC1(N)O)C2=CC=C(C=C2)N.CC.CC(O)S |$K;;;;;;A;;;;Z;;;;;;R;;;;$,m:15:0.5.4.3.2.1,m:17:9.10.11.12.13.8,Sg:n:6:w:ht|"
6604,6604,CCC=CCCC(O)O |$B0;U0;;U2;;;;;$|
6605,6605,"C1=CC=C(C=C1)CC(CO)OS(=O)[O-].CC(=S)C(=O)O |$;;;Y9;;;;;;;;;;;;;;;;$,m:14:0.5.4.3.2.1|"
6606,6606,"CCC1CCC(C1C)NC(=O)N2CCSCC2C(=O)O.C=NN=C(C)SC.CN=C(C)C(=O)OC |$;;;;;;;;;;;;;;;;V5;;;;;;;;;;;;;;;;;;$,m:20:2.3.4.5.6,m:27:12.13.14.15.16.11,Sg:n:19:h:ht|"
6607,6607,"C1=CC(=C(C(=C1)Cl)C(=O)O)OCCC2=CSC=C2.CC |$;;;;A5;;;Y;;;;;;;;;;G;;R6$,m:18:0.5.4.3.2.1,Sg:n:4:Y:ht|"
6608,6608,"CC1=NC(=C(C=C1)C(=O)N2CCOC[C@@H]2CO)C.CC(O)C(=O)N(C)C |$;;;;;;;;;;;U;;;;;;;;;;;;;;$,m:18:1.6.5.4.3.2,Sg:n:2:E:ht,Sg:n:14:E:ht|"
6609,6609,"COC1=C(C=C(C=C1)C(=O)NCCO)Cl.CC |$L1;J3;;;;;;;;;L6;;;Z;;;R$,m:15:2.7.6.5.4.3,Sg:n:11,12:o:ht|"
6610,6610,"CC(C(CCC1=CC=C(C=C1)O)O)O |$;;;;;;;;;;;;;$,Sg:n:6:w:ht,Sg:n:3,4:c:ht|"
6611,6611,"CC1CCC2C(CCCC2(C13C=C4C=C(C(=O)C(=C4O3)C=O)O)C)(C)C.CC |$;;;;;;;;K8;;;;;;;;;;G;B;;;;;;;;R$,m:26:11.10.19.18.12,Sg:n:4:C:ht,Sg:n:12:K:ht|"
6612,6612,CC(C)OC(=O)C1=CC(=CC(=C1)O)O |$;;;;;;B6;;;;;;;$|
6613,6613,"CC(C(=O)O)N(C1CC1)C(=O)C2=CC=C(O2)Br.CC |$;;;;;;Z;U;;;;;;;;;;;R$,m:17:7.6.8,Sg:n:2:J:ht|"
6614,6614,"CSCCN1CCCC1CCCO.CSP(C)(O)=S |$;;;;;;;;;;;;;;;;;;$,m:13:4.5.6.7.8,Sg:n:10:R:ht,Sg:n:12:P:ht,Sg:n:9,10,11:M:ht|"
6615,6615,"C1CC(=O)N(C1)C(=O)CN2CC(C(C2)O)O.CC |$;;;;;;;;;;;;;;E9;;;U$,m:16:10.9.13.12.11,Sg:n:12:D:ht|"
6616,6616,"CCCNC1CCC(CC1)(C(F)F)O.CC |$;;;;;;;;X8;;;;;;;Z$,m:14:4.9.8.7.6.5,Sg:n:1:K:ht,Sg:n:1,2:j:ht|"
6617,6617,COC(C(CCC#N)CCC#N)O |$J;;;T;;;;W;;;;;$|
6618,6618,"CCCN(C(CC(NCC)(N(C)C)N(CC)CC)O)N=[N+]=[N-] |$;;;;;;;;;;;;;;;;;;;;;$,Sg:n:1,2:D:ht|"
6619,6619,"CC1=C(SCN1CC(=O)O)C.CS |$;;;;;;;;;;;;$,m:11:1.2.3.4.5,Sg:n:0:l:ht|"
6620,6620,CC1=C(SC(=N1)COC)C(C)O |$;;;;;;M4;;E1;;;$|
6621,6621,"C1=CN=C(N1)[S@](=O)C(C(=O)O)(F)F.CN=C(N)N(C)N |$;;;;;;;;;J;W6;;Y;;;;;;;$,m:13:0.1.2.3.4|"
6622,6622,"C1C(CC1O)N2C(=O)C=CC2=O.CC |$;;;;;;;;;;J;;;J$,m:12:0.3.2.1|"
6623,6623,"C1=C(ON=C1Br)C(=O)C(CCC(=O)O)N |$;;;;;;;;;;;V;;;$,Sg:n:9,10:l:ht|"
6624,6624,"C1C2[C@@H]([C@H](C([C@@H](O1)O2)N=[N+]=[N-])O)O.CC |$;K;;;;;;;;;;;;;W3$,m:13:2.3.4.5.7.1|"
6625,6625,"CC1=C(N2C(=C(SC2=N1)C)C)C(C)(C)O.COB(C)N(C)C |$;;;E9;;;;;;;;;;;;;;;;;;$,m:15:4.3.7.6.5|"
6626,6626,"C1CCN(CC1)C2=NC3=CC=CC=C3C(=N2)NCCO.CC=NN(C)N |$;;;;;;;;;;;;;;;;G6;;;T;;;;;;$,m:20:9.10.11.12.13.8,Sg:n:17,18:L:ht|"
6627,6627,"C1=CC(=C(C2=C1S(=O)(=O)N=C(N2)Br)O)Br.CC.CC(O)C(N)=O |$;;;G;;;;;;;;;;;;;Q05;;;;;;$,m:15:0.5.4.3.2.1,m:17:6.9.10.11.4.5|"
6628,6628,"CCN1C(=CC(=C1C)C=CCO)C.CC |$;;;;;;;;;;;;;;U$,m:13:2.3.4.5.6|"
6629,6629,"C1C[C@H]2CC(C[C@@H]1N2CCOC3=CC=C(C=C3)O)NC(=O)N.CS(=N)N |$;;;;;M;;;;;;;;;;;;K;;;;;;;;$,m:22:12.13.14.15.16.11,Sg:n:8,9:a:ht|"
6630,6630,"C=CCN(C[C@@H]1CC(=NO1)C2=CC=CC=C2)C[C@@H](COC3=CC=CC=C3)O.CC(C)=[N+]=[N-].CC |$M;V;;;;;;;;;;;;X;;G;D;;;;;;;;;;;;;;;;;Y$,m:27:6.5.9.8.7,m:32:21.22.23.24.25.20,Sg:n:5:I:ht|"
6631,6631,"C1CN(CC2=C1SC=C2)CCC(=O)O.CC.CC |$;;;;;;;;;;;;;;;R2;;R1$,m:14:0.5.4.3.2.1,m:16:6.5.4.8.7|"
6632,6632,"C1C2=C(C=CC=C2NC1=O)C(CN)O.CC.CC(C)=NN |$;;;;;;;;;;;;;;;A4;;;;;$,m:14:0.1.6.7.8,m:16:2.3.4.5.6.1|"
6633,6633,CC(=O)OC1CCCC(C2C1C2)O |$;;;;;;;E;;;;;$|
6634,6634,"CC(C)(C(=O)O)SCC1=CC(=CS1)Br.CC |$K;J;;;;;;;;;;;;;;R$,m:14:8.9.10.11.12|"
6635,6635,"C1C(CC1(C(=O)O)N)CP(=O)(O)O.CN=C(C)N(C)S(C)(=O)=O |$Y2;W;;;;L3;;;;;;X6;;;;;;;;;;;$,m:13:0.3.2.1|"
6636,6636,"C1=CC2=C(C=CN2N=[N+]=[N-])C=C1CO.CO.CC |$;J4;;J8;;;X2;;;;;G6;;;;;;K35$,m:14:0.11.10.3.2.1,m:16:4.3.2.6.5|"
6637,6637,"C1=C(C=NN1CSCC(=O)O)[N+](=O)[O-].CC |$;;;;;;;;;;;;;;;R3$,m:14:0.1.2.3.4|"
6638,6638,"CCC1(CCC1)C(=O)N[C@H](C)C(=O)O.CNP(OC)OC |$;;;;;;;;;;;;L1;;;;;;;;$,m:14:2.5.4.3,Sg:n:13:G:ht|"
6639,6639,"CNCC1CCOC2=C1C=C(C=C2)O.CN=NC(N)=O |$;;;;;;;;;;;;;;;;;;;$,m:14:3.8.7.6.5.4|"
6640,6640,"COC1=CC=CC=C1CC(=O)N(CCC(=O)O)C2CC2.CNC(=O)NC |$;;;T1;;;;;;;;;;;;;;A5;;;;;;;;$,m:20:2.7.6.5.4.3,Sg:n:12,13:c:ht|"
6641,6641,"CC1=C(C(=CC=C1)[N+](=O)[O-])NC(CCOC)CO.CC(=O)F |$;;;;;;;;;;;;;;;;;;;;;$,m:18:1.6.5.4.3.2,Sg:n:12,13:n:ht|"
6642,6642,"C[C@@H]1CN(C[C@H](O1)C2=CC=C(C=C2)F)CC3=CC=C(O3)CO.CC.CNP(C)(=O)NC.CC(=S)SN(C)C |$;;;;;;;;;X;;;;;;;;K;;;;;;X;;;;;;;;;;;;;;$,m:22:1.6.5.4.3.2,m:24:8.9.10.11.12.7,m:31:16.15.19.18.17|"
6643,6643,"C1CCC(C1)C2CC(OC2)C(=O)CO.CN(C)N(C)C(N)=O.CN(C)P(C)(C)=S |$;;;;;;;G;;;;X;;;;;;;;;;;;;;;;;$,m:14:0.1.2.3.4,m:22:6.5.9.8.7,Sg:n:10:B:ht|"
6644,6644,"CC(=CCO)CCC=C(C)COCOC |$T2;;E;;;;;;;;;;;;$,Sg:n:11:P:ht,Sg:n:5,6:F:ht|"
6645,6645,"C1CC(CC=C1)(CC2=CSC=N2)C(=O)O.CN=NC(=O)O.CC |$;;;Y;;;;;;;;;;;;;;;;;;;J8$,m:15:0.5.4.3.2.1,m:21:8.7.11.10.9|"
6646,6646,"CCCCCN1C=C(C(=S)C=C1C2=CC=CC=C2)C(=O)O.CC |$;;;;;;;;;;;;;;;;K0;L4;;;;;R57$,m:21:13.14.15.16.17.12,Sg:n:1,2,3,4:b:ht|"
6647,6647,CCC(C)[C@H](C(=O)N[C@H](CC1=CC=CC=C1)CO)NC(=O)[C@H](C)CC(C)C |$;;;;;;;;;;;;;;;J5;;;;;;;U7;W;;;$|
6648,6648,"CC(CO)C1=COC2=C1C(=CC=C2)OC.CN(N)S(C)(=O)=O |$;;;;;;X9;;;;;J8;;;;;;;;;;$,m:15:9.10.11.12.7.8|"
6649,6649,"CCC(C)C(=O)NC(CCO)C(C)(C)C |$;;;;;;;;;;;;T;;$,Sg:n:2:l:ht|"
6650,6650,"CCOC(=O)C(C(C)(C(C)C)O)(F)F |$;;;;;;;;;;;;;$,Sg:n:7:A:ht|"
6651,6651,CC(C)(C)[Si](C)(C)OOC(CO)C(C)(C)O |$;;;;;;;;;;;;;Q9;;$|
6652,6652,C1=CC(=CC=C1C[P+](=O)[O-])O |$;;;;;;A4;;;;T$|
6653,6653,"CCC(C)[C@@H](C(=O)NCCC(CC)O)N |$L;;L0;;Q;;;;;;;;;;$,Sg:n:1:Q:ht,Sg:n:8,9:J:ht|"
6654,6654,"CCC(C)C1=CC(=C(C=C1)OC)CN[C@H]2[C@H]3CCN([C@@H]2C(C4=CC=CC=C4)C5=CC=CC=C5)C[C@@H]3C(=O)O.CC.COP(=S)(OC)OC.CONS(C)(=O)=O.COC(OC)(OC)OC.CNN=[N+]=[N-] |$;;;;U;;;;;;;;;J;Q;;;;;;;;;;;;;;;Q1;;;;;;B7;;;;L5;;;;;;;;;;;;;;;;;;;;;;;;;;;;;$,m:38:4.9.8.7.6.5,m:40:16.17.18.19.14.15,m:48:16.17.18.33.34.15,m:55:22.23.24.25.26.21,m:64:28.29.30.31.32.27,Sg:n:17:c:ht,Sg:n:7:C:ht|"
6655,6655,"C1=CC(=C(C=C1Br)N)C(=O)CCO.CC |$;D5;;B;;;;X6;;;;;;;X$,m:13:0.5.4.3.2.1,Sg:n:10,11:J:ht|"
6656,6656,"C/C(=N/NC1=C(C=C(C=C1)Br)Cl)/C(=O)O.CC |$;;;X3;;Q;U5;;;;;;;B8;;;R06$,m:15:4.9.8.7.6.5|"
6657,6657,"CCCC(C)N(C)C1=NC(=C(S1)CO)C.CSP(C)(C)=S |$;;;;;;;;;;;;;;;;;;;;$,m:15:7.8.9.10.11,Sg:n:1,2:Q:ht|"
6658,6658,"CCC1CCCC(C1)(C#N)C(C2CCSC2)O.CNC(=O)N(C)NC.CC |$;;;;;;X;;;;;;;J;;;;;;;;;;;;;K$,m:17:2.7.6.5.4.3,m:25:12.11.15.14.13,Sg:n:15:k:ht,Sg:n:5:c:ht|"
6659,6659,"C[C@H](C(=O)O)ONC(=O)OC(C)(C)C |$;;;;;;;;A;;;;;K1$,Sg:n:9:w:ht|"
6660,6660,CCOC(=O)[C@@H](C1=CC2=C(C=C1)C=C(C=C2)OC)O |$;;;;;E;;;;;;;;;;;;;$|
6661,6661,"C1CCC(C1)C2=C(N=C(NC2=O)C3=CC(=CC(=C3)Br)F)O.CC(=S)NN=[N+]=[N-].CNC(=O)N(C)SC |$;;;;G;;;;;;;;;E;;;Q8;;;;;;;;;;;;;;;;;;;$,m:21:0.1.2.3.4,m:28:6.7.8.9.10.5|"
6662,6662,CCNC(CO)C1=CC(=C(C(=C1)F)F)F |$;;K;;U;;;;;;;;;;Z0$|
6663,6663,"CC1=NC(=CC(=N1)NC(C)(C)CCO)NC.CNC(C)=NN=C(C)C |$;;;;;;;;;;;;;;Z0;;;;;;;;;;$,m:16:1.6.5.4.3.2,Sg:n:11,12:o:ht|"
6664,6664,"CC1=NC(=C(C=C1)O)N2C=CNC2=S.CSS |$;T;;;;;;;;A1;;;;;;;$,m:14:1.6.5.4.3.2|"
6665,6665,"CC1CC(CCO1)N2C=C(C=C2C(=O)O)Br.CC |$;;;;;;;;;;;;;;;;;E$,m:16:1.6.5.4.3.2,Sg:n:10:P:ht,Sg:n:7:I:ht|"
6666,6666,"COC1=CC2=COC(C(=C2C=C1)CO)C3=CC=CC=C3.CC.CSC(=O)N(C)C |$;;;;;T6;;;;;;;;;;;;;;;;Y3;;;;;;;$,m:20:2.11.10.9.4.3,m:22:5.6.7.8.9.4,Sg:n:13:S:ht|"
6667,6667,"C1C2CC(C1CC2OC(=O)CCl)O |$;;;;;;;;;;;;$,Sg:n:7:y:ht|"
6668,6668,"COCC1=CC=CC=C1N2C3=C(CCC3)C(=N2)C(=O)O.CN=C(C)OC(C)=O |$;;;;;;;;;L6;;;;E7;;;;;;;;;;;;;;$,m:20:12.11.10.14.13|"
6669,6669,"CC1=CN[C@@H]2C(C1)[C@@H](CN2)CO.CC |$;;;;;;;;;;;;;J14$,m:12:7.5.4.9.8,Sg:n:10:N:ht|"
6670,6670,"CC(=O)[C@](C)([C@H](C1=CC=CC=C1)O)O.CC |$;K;;K2;;;;;;;;;;;;T$,m:14:6.11.10.9.8.7|"
6671,6671,"COC(=O)CC1CN(CCO1)CCO.CN=C(C)N(C)N |$;;;;;;;;;;;V8;;;;;;;;;$,m:14:5.10.9.8.7.6,Sg:n:11,12:a:ht|"
6672,6672,"CNC1CCC(CC1)C2=C(C=C(C=C2)O)O.CC.CC |$;;;;;;;;;;Y4;;;;Q2;;;X;;R$,m:16:2.7.6.5.4.3,m:18:9.10.11.12.13.8|"
6673,6673,"CC1(CCS(=O)(=O)CC1)C(CN)O |$D;;;;;;;;;;;;$,Sg:n:8:l:ht|"
6674,6674,"CC(CC(C)O)NCC1CC2CCC1C2.CC(O)N(C)C |$;;;;;;;;;;;;;;;;;;;;$,m:15:8.9.10.14.13|"
6675,6675,"CN1C(=O)C(=C)CN(C1=O)CC(=O)O.CC |$;J;;;;;;;;;;;;;;W89$,m:14:1.8.7.6.4.2,Sg:n:10:o:ht|"
6676,6676,"C1C(CN1C2=NC3=C(N2)C=CC=N3)CO.CC |$;U;;;;;;K;M;;;;Z;J;;;R0$,m:15:0.3.2.1|"
6677,6677,"C[C@H](C(=O)C)O[C@@]1(C[C@](OC1(C)O)(C)C(=O)C)O.CNN(C)C(=O)SC |$;;V;M;;;;;;;;;;;;;J2;;;;;;;;;$,m:18:6.7.8.9.10,Sg:n:5:W:ht|"
6678,6678,"CN(CCO)S(=O)(=O)C1=CN=CC(=C1)N |$;;T;V5;;;;;V;;;;;;$,Sg:n:1:u:ht,Sg:n:2,3:J:ht|"
6679,6679,"CC1=CC(=CC=C1)[C@H](CC(=O)O)CN.CC |$;J;;;;;A;;;Q;;X;;;;V95$,m:14:1.6.5.4.3.2|"
6680,6680,"CCC1=C(C=C2C=CSC2=C1CO)Cl.CNC(=N)N |$;;;;;;B;;;;;;;Y9;;;;;$,m:14:2.10.9.5.4.3|"
6681,6681,"C1CSC(S1)[C@H]([C@H]([C@@H]([C@@H](CO)O)O)O)N.CC |$;;;;;;;;;;;;;;;;R43$,m:15:0.1.2.3.4|"
6682,6682,CC(C)CNC1=CC=CC=C1C(=O)O |$Y8;;;;;;;;;;;;;$|
6683,6683,"C1=CC=C(C=C1)CCSCCCO |$;V9;;;;;G2;;;;;;$,Sg:n:9,10,11:r:ht|"
6684,6684,"CCC1CC(CCO1)(C2=CC3=C(C=C2)NC=C3)O.COC(=N)SC.CN(C)C(N)=O |$L;;;;Q1;;;;U;;;;;;;;;;;;;;;;;;;;;$,m:18:9.10.11.12.13.8,m:24:14.11.10.16.15|"
6685,6685,C1=CN=C(N=C1)NC(=O)NC2=CC(=C(C=C2)O)C(=O)O |$;;;;;;;;T5;;;;;;;;;;;$|
6686,6686,"CC1=CC(=C2C=C(C=CC2=N1)Cl)C(C)O.CN=NN |$;;;;;;;;;;;;;;;;;;$,m:15:5.6.7.8.9.4|"
6687,6687,"CN1C=C(C=N1)NC(=O)C2=CN(N=C2C(=O)O)C.CN(C)N(C)O |$;;J3;;;;;;;;;;;;;;;;;;;;;$,m:18:10.9.13.12.11|"
6688,6688,"C1CNC1COC2=CN=CC(=C2)C3=CC=CC(=C3F)CCO |$;;;;;;;;;;;;;T;;;;;;;;$,Sg:n:19,20:h:ht|"
6689,6689,C[C@H](/C=C(/C)\C(=O)O)[C@@H](CC=C)O[Si](C)(C)C(C)(C)C |$;;;;;D8;;;;L2;;;;;;;Q;L1;;$|
6690,6690,"CC1=C(C(=CC=C1)C(=O)O)OC2=C(C(=NN2C)C)C#N.CC=[NH2+] |$L;;;;;;;;;;;;;;G3;;;;;;;;$,m:20:12.11.15.14.13|"
6691,6691,"CCC[C@H]([C@@H](CC1=CC=CC=C1)C(=O)O)O.COP(C)(C)=O |$;;;;;;;;;;;;;;;;;;;;;$,m:16:6.11.10.9.8.7,Sg:n:4:Z:ht|"
6692,6692,"C1C(CC1(F)F)CCC(=O)O.CC |$;;G3;;;;;;;;;;R$,m:11:0.3.2.1,Sg:n:6,7:m:ht|"
6693,6693,CC(C#CCO[Si](C)(C)C)OC(=O)O |$;;A0;;;Y7;G;;;;;U5;;E3$|
6694,6694,"CN1C(=C(C(=N1)C2=CC=CS2)C(=O)O)N.CC=NC(C)=NOC |$;;;;;;;;;;;B1;;;;;;;;;;;$,m:15:1.2.3.4.5|"
6695,6695,"C1CCC(C1)(C(=O)NC2=CC(=C(C=C2F)F)F)O.CN(C)[N+](=O)[O-] |$;;;;G1;;;;;;;;;U4;;A;;;;;;;;$,m:18:9.10.11.12.13.8,Sg:n:3:B:ht|"
6696,6696,"CC(C)C(C)C(=O)NCCC(C(=O)O)O |$;;;;;;;;;L5;;;;;$,Sg:n:1:a:ht,Sg:n:8,9:m:ht|"
6697,6697,"CC1=NN(C=C1/C=C(\C(=O)O)/N)C.COP(O)(=S)OC |$;;;;;;T;;;;M;;;;;;;;;$,m:13:1.2.3.4.5|"
6698,6698,"C1=CC(=C(C=C1C(CCC(=O)O)N)F)F |$;;;;;J;;;;;;;;;$,Sg:n:7,8:p:ht|"
6699,6699,"CCC(CC)(C(CCC1CC1)O)OCC |$;;;;Z0;A4;Y;;;;;;;;$,Sg:n:8:p:ht,Sg:n:4:I:ht,Sg:n:6,7:u:ht|"
6700,6700,"CS(=O)(=O)C1=CC(=C(C=C1)C[NH-])O.CNN(C)C(=S)S |$;;;;;;;;;;;;;;;;;;;$,m:13:4.9.8.7.6.5|"
6701,6701,"CCCC(C#N)C(C1CCCOC1)O |$;;;;;V;;;;;;A3;;$,Sg:n:1:X:ht|"
6702,6702,"CCC1=C2N(CC(CO2)O)N=C1.COP(=S)(SC)SC.CC |$K;;;D;;;;;Y8;;;Z6;;;;;;;;;;Y$,m:12:2.3.4.10.11,m:20:5.6.7.8.3.4|"
6703,6703,"C1[C@@H](NC(=O)CO1)C2=C(C=CC=N2)O |$;G7;;;;;;;;;;;A;$,Sg:n:12:X:ht,Sg:n:3:G:ht|"
6704,6704,"C1COCC1(CNC(=O)C2=CC=CC=C2C(F)(F)F)O.CC |$;;;;;;;;;;;;;;;;;;E4;;;R9$,m:20:0.1.2.3.4,Sg:n:16:u:ht|"
6705,6705,"CCO[P+](=O)C[C@@H](CC(C)C)C(=O)O |$;;;V2;;;;;;;;;;$,Sg:n:3:B:ht|"
6706,6706,"CC1=C(N=C(N1)C2=CC=CC=C2)C(C(=O)O)N3CCCC3.CN=C(C)ON=C(C)C |$;L;;;;;;;;;;;;;;D;;T;;;;;;;;;;;;$,m:21:7.8.9.10.11.6,Sg:n:4:B:ht|"
6707,6707,COC1=C([C@@H]([C@@]2(CC1Br)CC(=NO2)C(=O)OC)O)Br |$;;;;;;;;B;;;;;J;;;;;$|
6708,6708,"C1=CC(=CN=C1)C2=NC(=NC=C2)C(C(=O)O)N.CC |$;A;;;;;;;D7;;;;;;;;;;L$,m:17:7.8.9.10.11.6|"
6709,6709,CCOC1=C(C=CC(=C1)C(C)C(=O)[O-])O |$;;;;;;;;L;;Q;L5;;;$|
6710,6710,"CC1=C(C(=CC=C1)C(C=C)I)O.CC(=S)NO |$;;;;;;;;;;;;;;;;$,m:12:1.6.5.4.3.2|"
6711,6711,"CC1(CCCCC1)C(N=[N+]=[N-])OC(=O)O.CN(C)ON(C)C |$;;;;;A;;;;;;M5;;;A;;;;;;;$,m:15:1.6.5.4.3.2|"
6712,6712,"C1=CC(=CC=C1C(=O)C(F)F)O.CSC(=O)NN(C)C |$;;Q7;;;;;;;;;;;;;;;;;$,m:12:0.5.4.3.2.1|"
6713,6713,"C=C[C@@H](C1=CC2=C(C=C1)OCC2)O.CN(C)NN=O.CC |$;;;;;;;;;;;;;;;;;;;;T$,m:13:3.8.7.6.5.4,m:19:9.6.5.11.10,Sg:n:12:Q:ht|"
6714,6714,"CC1=NC(=NO1)C(=O)N(C)[C@H]2CNC[C@@H]2O.CC.CC |$;;;;;;;D1;;E7;;;V5;;;B;;R;;R$,m:16:1.2.3.4.5,m:18:11.10.14.13.12|"
6715,6715,"C1CC1CN2CC[C@]34[C@@H]5C(=O)CC[C@]3([C@H]2CC6=C4C(=C(C=C6)O)O5)O.CN=C(N(C)C)N(C)N(C)C.CC.CN=C(N)OC.CC.CN=S(C)N(C)C |$;;;;;;;;;;;;;V;;;;;;;;;A;;;;;;;;;;;;;;;R6;;;;;;;;Y72;;;;;;;$,m:25:0.1.2,m:36:5.6.7.13.14.4,m:38:15.16.17.7.13.14,m:44:19.20.21.16.17.18,m:46:23.18.17.7.8,Sg:n:2:T:ht|"
6716,6716,"C1CCC2(C1)CC3=CC=CC=C3C(=N2)C(=C(C(=O)N)O)C(=O)N4CCOCC4.CN=C(C)N(C)O |$;;D9;;;;;;;Y;;;;;;;;;;;;;;;;;;;;;;;;;$,m:28:0.1.2.3.4|"
6717,6717,"CC1=C(ON=C1C(C)C(C)C(=O)O)C.CSS(C)=S |$;;;;;;;A3;;;;;;;;;;;$,m:14:1.2.3.4.5|"
6718,6718,"CC1=CC(=O)N(C1=O)CC(C)CC(=O)O.CC(C)=NC(C)=NN(C)C |$;;;;;X2;;;;E1;;;;Y;;;;;;;;;;;$,m:15:1.2.3.5.6|"
6719,6719,"CCCN(CCO)C(C)C(=O)OC |$;;;W3;K;;;;;;;;$,Sg:n:1,2:i:ht|"
6720,6720,"CC1(C[C@H]([C@]2([C@@H]([C@@H]1C2=C)C(C)(C)C)C[Si](C)(C)C)O)C.CN=C(OC)N(C)O |$;;;;;;Y1;;;;U;;;;J4;;L;;;;;;;;;;;$,m:20:1.6.7.4.3.2|"
6721,6721,"C[C@@H](CNCC1=C(C=C(C=C1)F)F)O.CC |$;;;;;;;;;M6;;;;;;R$,m:14:5.10.9.8.7.6|"
6722,6722,"CC(C(C(C(COS)O)OS)O)OS |$;;;;;;B7;;;;;;;$,Sg:n:0:T:ht|"
6723,6723,CC(C)(C)[C@H](C(=O)O)NC(=O)NCC1=CC=CO1 |$;G9;;;;;;;;;;;;E2;;;;$|
6724,6724,"CCCCN1CCCNC(C1)CO |$;W;;;;;;;;;;;$,Sg:n:8:r:ht,Sg:n:3:G:ht,Sg:n:1,2:E:ht|"
6725,6725,"CCCC1CCCCC1(CC)OC(=O)C2=CC=CC=C2C(=O)O |$;;G0;;;;;;;;;;;;;;;;;;;;L6$,Sg:n:14:l:ht,Sg:n:1,2:q:ht|"
6726,6726,"CN(C(=O)C1=CC(=NO1)C2CC2)C3(CCCCC3)C(=O)O.CC |$;;;;;;;;;;;;Z1;;;;;;;K7;;;Z8$,m:21:5.4.8.7.6,Sg:n:16:t:ht,Sg:n:20:t:ht|"
6727,6727,"CC(CS(=O)C(C)C1=CC=CC=C1)C(=O)O.CC |$;A;U;;;;;;K6;;;B3;X1;Y;;;;E$,m:16:7.12.11.10.9.8|"
6728,6728,"C1=CC(=CC2=C1C=CN2C(=O)O)CO |$;;;;;;;;;;;;;$,Sg:n:0:L:ht|"
6729,6729,"CCCC(C1=CC(=C(C=C1)Cl)Cl)(C(O)O[Si](C)(C)C(C)(C)C)O.CNP(C)(C)=S |$;;Z;;;;;;;;;;;W;;;;L1;;;;;;;;;;;$,m:23:4.9.8.7.6.5|"
6730,6730,"CC(C(=S)N)N1CCC(C1)CCO |$;;;;;;;;;M2;;;$,Sg:n:12:P:ht,Sg:n:10,11:x:ht|"
6731,6731,"C1CC(CNC1)(C2=CC(=CC=C2)OC3CC3)O.COC(=O)NN=C(C)C |$;;;;;;;;;;;;;;;;;;;;;;;;;$,m:17:7.8.9.10.11.6,Sg:n:16:C:ht|"
6732,6732,CC(C)(CO)N(C=O)[C@H]1CCS(=O)(=O)C1 |$Z4;;;;;;;W5;;;;;;;$|
6733,6733,"CC(C)N(C(C)C)C(=O)C(C1=CN=CC=C1)C(CN(C(=O)O)C(C)(C)C)C2=CC=CC=C2.CC=NC(=S)N(C)C.CC |$K;;;;E;;;;;;;;;;;;;;;;;;;;;;;;;;;;;;;;;;;;;R$,m:32:11.12.13.14.15.10,m:40:27.28.29.30.31.26|"
6734,6734,"CCCCC(C([N+](=O)[O-])([N+](=O)[O-])O)[N+](=O)[O-] |$;;;;;;;;;;;;;;;$,Sg:n:1,2,3:R:ht|"
6735,6735,"CC1=C(C(=NC(=N1)Cl)NC2(CCOCC2)CO)[N+](=O)[O-].CC |$;;;;B;;M2;;K;W3;;;;;;;;;U;;;Z$,m:20:10.11.12.13.14.9,Sg:n:16:x:ht|"
6736,6736,C1C(C2=C(C=C(C=C2)O)OC1=O)O |$;;;;B;;;;;;;;$|
6737,6737,"CCC(CCO)NC(CN)C1=CC(=C(C=C1)Br)F.CC |$;;;;;;;;;;;;;;U;;;;;G1$,m:18:10.15.14.13.12.11,Sg:n:3,4:C:ht|"
6738,6738,"CN(CCOCC1CC1)CC(CO)O |$;;;;;;;;;;;;Q;$,Sg:n:11:n:ht,Sg:n:2,3:I:ht|"
6739,6739,"CC(=C)CCC1CCC(C1)O.CC |$;;;;;;;;;U6;L;;G$,m:11:5.6.7.8.9|"
6740,6740,CC(C)N1C(=O)C(=CN1)CC(=O)O |$;;;;;;;;;J9;;;$|
6741,6741,"CN1C(CCC12CCNCC2)C(=O)O |$;;;;;;;;;;;;;$,Sg:n:4:g:ht|"
6742,6742,"CCNC(=O)CNCC(C)(CO)CO |$;;;;;;M;;;;;;;$,Sg:n:7:R:ht|"
6743,6743,"CC1=CN=CC(=C1OC2CCC2)C(=O)O |$;;;;;;;;;;;;;Q3;$,Sg:n:7:m:ht|"
6744,6744,"C1CC1(CN)S(=O)(=O)C2=CC=CC(=C2)O.C=NN(C)C(C)=O |$;;B;;;;W;;;;;;;;;;;;;;;$,m:15:0.1.2,Sg:n:2:r:ht|"
6745,6745,"C1=NC2=C(N1COCCO)N=C(NC2=O)N.CC.CC=NN=C(C)N(C)C |$;E;D;;;K;;;;;;;V7;;;;;J5;;;;;;;;;$,m:16:0.1.2.3.4,m:18:10.11.12.13.2.3|"
6746,6746,"C1=CC(=CC=C1C2=CC=C(O2)C=O)O.CN(C)P(O)O |$;;;;;V7;;;;;;;;;;;;;;$,m:14:0.5.4.3.2.1|"
6747,6747,"C[C@H]1CCC[C@@H](C1N[C@H](C)CCCO)C |$;;;;;;;;;;;G;;;M1$,Sg:n:4:y:ht,Sg:n:11,12:R:ht|"
6748,6748,"C1CC2(CC1CN(C2)C(=O)N=[N+]=[N-])O.CN(C(=O)O)S(C)(=O)=O.CC |$;;;;;;;;Z;;;;A6;;;;;;;;;;;;J7$,m:14:0.1.2.3.4,m:23:5.6.7.2.3.4|"
6749,6749,C=C(C(=O)O)O[C@@H]1CC(=CC[C@H]1O)C(=O)O |$;;;;;;;;;;;;;;;T2$|
6750,6750,"CCC(=C(CCO)C(=O)OCC)CCN |$;;;;;;U;;;;;;;;$,Sg:n:11:w:ht,Sg:n:12,13:T:ht|"
6751,6751,"CN1CCCC2C1CCC(C2)CO.CC |$;;;;;;;;J5;;;;;;G2$,m:13:1.6.5.4.3.2,Sg:n:6:S:ht|"
6752,6752,"CC(C)(C)C1=CC(=CC(=C1O)C(C)(C)C)C(C2=CC=NN2)O.CC |$;;;;X8;;;;;;;;;;;M;;;;;;;;Q$,m:22:17.16.20.19.18|"
6753,6753,"CCN1C(NCC2=C1C=C(C=C2)Br)O.CC.CNN(C)OC |$;A;;;;;;;;;;;;;;R;;;;;;$,m:14:2.7.6.5.4.3,m:16:8.9.10.11.6.7,Sg:n:13:H:ht|"
6754,6754,COC(=O)N[C@H](CCS(=O)(=O)C)C(=O)O |$;;;;;;;;;;;T;Y8;;A5$|
6755,6755,"CC(C(C)SC1=NC(=NC(=C1)NC)C2CC2)O.CN=C(C)NOC |$;;J;;;;;;;;;;;;;;;;;;;;;$,m:17:14.13.15|"
6756,6756,"CN(C)CC(=O)N1CCCCC1C(=O)O |$;;;;L2;;;;;;E;;A4;;$,Sg:n:6:U:ht|"
6757,6757,CC(=CCN1CC[C@H](C1)CO)C |$;;;;Z3;;;;;X5;;$|
6758,6758,"CC(C)(C)OC(=O)N[C@H](CC1CCNCC1)CC(=O)O |$;;;;;;;;;;;K;;;;;;W9;;$,Sg:n:0:Z:ht|"
6759,6759,"CC1=CC(=C(C=C1)C=CCO)C.CN(C(=O)O)S(C)(=O)=O |$;;;;;;;;;;E;;;;;;;;;;$,m:12:1.6.5.4.3.2|"
6760,6760,"CC1=C2C(=C(C=C1)NC(=O)C3CC(CN3)O)C=CC=N2.CC=NN=[N+]=[N-].CC |$L;U5;L4;;;;;;;;;;;;;;;;;;;;;;;;;R$,m:20:1.6.5.4.3.2,m:26:16.17.18.19.2.3|"
6761,6761,"C1=CSC(=C1)CC(CC2=CC=C(C=C2)Br)O.CC(O)C=N |$;;;E;;X;;;;;;;;;;;;;;;$,m:16:9.10.11.12.13.8|"
6762,6762,"CCN1C(=C(C=N1)Cl)C(CC2CC2)O.CNC(C)=NN=C(C)C |$;;;Z7;;;;;;;;;;;;;;;;;;;$,m:14:11.10.12,Sg:n:1:v:ht|"
6763,6763,"CCC(CO)NC(=O)C1=C2C=CC=CN2C(=N1)S(=O)(=O)C.CC(O)C(=O)S.CC |$;;;;B6;;;;;;;;;;;;;;;;;;;;;;;;R20$,m:21:8.9.14.15.16,m:27:10.11.12.13.14.9|"
6764,6764,"CC(C)C(C)C(=O)NC1=CC(=CC=C1)O.CPN |$;;;;;;;;;;;;;;;;;$,m:15:8.13.12.11.10.9|"
6765,6765,"CC(C)(C)SC1=CC=C(C=C1)CO.CC |$;;;;;;;V1;;;;;;;R3$,m:13:5.10.9.8.7.6,Sg:n:2:x:ht|"
6766,6766,"CC(CCCO)NC(=O)C1=NN=C(S1)Cl |$;;;;;;;;;;;X0;;;$,Sg:n:2,3,4:I:ht|"
6767,6767,"CC1=C(C=C(C=C1)C(=O)NC(C)CO)Br.CN(C)P(=O)(N(C)C)N(C)C |$;;A;;D8;;;;;;;;;;;;;;;;;;;;;$,m:15:1.6.5.4.3.2,Sg:n:6:e:ht|"
6768,6768,"CC[C@H](CN[C@H]1CCCC[C@H]1SCC)O.CNS(=O)(=O)NC |$;;;;;;;;;;;;;;;;;;;;;$,m:15:5.10.9.8.7.6,Sg:n:8:D:ht|"
6769,6769,"C[C@H](C1=CC(=NC=C1)N(C)CCSC)O.CBC |$V3;;;;;Q7;;;;;;;;;;;;$,m:15:2.7.6.5.4.3,Sg:n:7:V:ht|"
6770,6770,"CC1=CC2=C(C=C1)C(=NC=N2)CC(=O)O.CC(=N)C=S |$;;;Y;;;;;;T;B9;;V;;;;;;;$,m:15:7.8.9.10.3.4|"
6771,6771,"C[C@H]1CC[C@H](C(=C1)C2=CC(=CC=C2)O)CN(C)C |$;;;;;;;;;Z;V;;;;;;;$,Sg:n:1:o:ht|"
6772,6772,"C[C@@H]1C(CCCCCCCCOC1=O)O[C@H]2C(C(CC(O2)C)N(C)C)O.CC |$D;;J4;;;;;;;;J6;;;;;;;;;;;;;K;;;;L5$,m:26:16.17.18.19.20.15,Sg:n:4:x:ht|"
6773,6773,"C1=C(C(=O)NC2=C1C(=O)NC(=O)N2)C(=O)O.CO[N+]#[C-] |$M9;;;;;W6;;;;B;;;;;;;;;;$,m:16:0.6.5.4.2.1|"
6774,6774,"CCCOC1=CC=CC(=C1Br)C(=O)O.CC |$;;;;;;B;;;;;;;A;;J$,m:14:4.9.8.7.6.5,Sg:n:1,2:h:ht|"
6775,6775,"CN(C)CCC(C1=COC=C1)O.CC |$;;;U4;;A;;;;;;;;E$,m:12:6.7.8.9.10|"
6776,6776,"CC1=C(SC=C1)C(=O)NCC(C)(CC(=O)O)O.CSC(=O)S |$;;;;;;;;;;;;;;;;;;;;;$,m:17:1.2.3.4.5,Sg:n:4:Q:ht|"
6777,6777,C1[C@H](COC2=C1C=CC=C2F)C(=O)O |$;;;;;;;;;;G;;;$|
6778,6778,"COC1=CC(=CC(=C1)C2C[C@H](C3=CC=CC=C3O2)O)OC.COC(=O)N(C)C.CBr |$;;;;;;;;;;G;;;;;M5;;;;;;;;;;;;;;$,m:21:2.7.6.5.4.3,m:28:12.13.14.15.16.11|"
6779,6779,"C1CCC(C1)C(=O)N(CCCO)C2CCC2.CPO |$;;;;;;;;;;D2;J1;;;;;;;$,m:16:13.14.15.12,Sg:n:8,9,10:w:ht|"
6780,6780,CC#C[C@@H]([C@@H](C)N=[N+]=[N-])O |$K5;;D;X;;;;;;$|
6781,6781,CCC(C)C(C)(CNC(=O)C1CCCS1)O |$;D;;;;;;K6;;;E6;;;;;$|
6782,6782,"CN(CCO)CC1CCCN1C2CC2.CC |$;;;;E4;;;;;;;;;X;;R5$,m:14:6.7.8.9.10|"
6783,6783,"COC1=CC=C(C=C1)C(CN)NCCO.CC |$;;;E4;;;;;;;;Y4;;;;;R$,m:15:2.7.6.5.4.3,Sg:n:9:a:ht|"
6784,6784,"CC1(CCN(CC1)CC2CCCNC2)O |$;D0;;E;;;;;;Q9;;;;E3;$,Sg:n:12:i:ht|"
6785,6785,"CC(CNC(=O)C1=CC=C(C=C1)Cl)O.CC |$;;;;;;;;;;;;;;;R7$,m:14:6.11.10.9.8.7|"
6786,6786,"C1=CSC(=C1)/C=C/C(CCl)O.CC |$;G1;;;;;;;;;G;;R$,m:11:0.1.2.3.4|"
6787,6787,"CCC1=CC(=NN1C2=NC(=CC(=N2)C(=O)O)C)CC.CSC(C)(C)O.CC |$;;;;;;;K;U9;;;;;;;;;;;;;;;;;;R$,m:19:2.3.4.5.6,m:25:8.9.10.11.12.7|"
6788,6788,"CCC(CC1=NC=CN=C1)(N)NC(=O)O.CC(=S)N=[N+]=[N-] |$;;Y8;;J;;;;;;;;;J;;;;;;;$,m:15:4.9.8.7.6.5|"
6789,6789,CC(C)OC1=NC(=CN=C1)NCC(=O)O |$;;;;;E;;;;;;;;;$|
6790,6790,"C1CN(CCC1C(N)O)CCF.CNP(C)(C)=S |$;;L;;E7;;;;;;;;;;;;;$,m:12:0.5.4.3.2.1|"
6791,6791,"C(CN1C(=O)NNC1=O)CO.CNC(=O)ON(C)C |$;;;;;;;;;Y;;;;;;;;;$,m:11:2.3.5.6.7|"
6792,6792,CC(C)(CNC(CO)COC)O |$;;;;;;;;;;U2;$|
6793,6793,"C1C[C@@H](CN(C1)C(=O)[C@@H]2CC23CCOCC3)C(=O)O.CC |$;;;;;;;;;;;;;;;;B9;;;;W43$,m:19:0.5.4.3.2.1|"
6794,6794,C1=C(C(=C(C(=N1)[N+](=O)[O-])O)C(F)F)F |$;;;;;;;;;;;;W;$|
6795,6795,C1=CC2=C(C(=C1)N3C=C(C=N3)C(=O)O)N=CC=C2 |$;;;;;;;;V6;;;;;;;;;T5$|
6796,6796,"CCC(C)(C)N1C=C(C=N1)O.CC |$;;;;;;;D3;;;;;M$,m:11:5.6.7.8.9,Sg:n:1:V:ht|"
6797,6797,CCC(C)[C@@H](C(=O)O)NC(=O)N(C)CC1=CC=NC=C1 |$;;;;;;;;;;;;;;;T;;E0;;$|
6798,6798,"C/C=C(\C(=NC)C(=O)NC1CC(CC(C1)(C)C)(C)C)/O.CC |$;;;;;;;;;;;;;;;;;;;;;K1$,m:20:9.14.13.12.11.10|"
6799,6799,"CC(C)(CO)C1=CC2=CC=CC=C2C1.CC(=S)SC(C)=S.CNOC(=O)NC |$;;;;Y;;;;;;;;;;;;;;;;;;;;;;;$,m:14:5.6.7.12.13,m:21:8.9.10.11.12.7,Sg:n:2:K:ht|"
6800,6800,"C1CC(C1)C2=CC(=C(N=C2C(=O)O)Cl)Cl.COC(=O)C(C)N |$;;;;;J5;;;;;;;L0;;;;;;;;;$,m:15:5.6.7.8.9.4|"
6801,6801,CC(C)OCC(CN(C)CC(C)(C)O)O |$;;;;;;;Z;;;;;A;;$|
6802,6802,"CCC1(CNC(CN1CC2=CC=C(C=C2)O)C3CC3)CC.COP(=O)(OC)N(C)C.CNSNC |$;;;;W2;;;;;;;V6;;;;;;;;;;;;;;;;;;;;;;;$,m:21:10.11.12.13.14.9,m:30:17.16.18,Sg:n:16:f:ht|"
6803,6803,"COC1=C(C(=CC=C1)F)OCC(=O)O.CC |$;;;;;;;;;;;;;G7;;G$,m:14:2.7.6.5.4.3|"
6804,6804,C[As](C)S[C@H]1[C@@H]([C@H]([C@H]([C@H](O1)CO)O)O)O |$;;;;J;A;;;;;;;;W;$|
6805,6805,"COC1=C(C=C(C=C1)/C=C\2/C(=O)NC(=NC3=CC=CC=C3Cl)S2)O.CC |$;;Z0;;;;;;;K8;;;;;;;D;B;;;U6;;;;;Z62$,m:24:16.17.18.19.20.15,Sg:n:8:c:ht|"
6806,6806,"COC1=CC=CC2=C1CC(=C2)CC(=O)O.CNO |$;;;;;;;;;;;;;;Z;;;$,m:15:8.7.6.10.9,Sg:n:9:h:ht|"
6807,6807,CCC(C[C@H](CC(=O)O)COO)C(=O)O |$;;;;V;;;;;;;;;;$|
6808,6808,"C1OC2=C(O1)C=C(C=C2)[C@H]([C@@H](CO)N)O.CC |$;;;D;;;;;;;;V;;;;;V13$,m:15:5.6.7.8.2.3,Sg:n:13:x:ht|"
6809,6809,"CC(C)C(C1CCC(=O)O1)O |$;;;;A;;Q;;;;$,Sg:n:3:A:ht|"
6810,6810,CC1=CC(=C(C=C1)Br)C2=NC(=NO2)CO |$;;T6;;;;;;;;;J;;;$|
6811,6811,"CC(=O)NC1=CC(=C(C(=C1)Cl)O)Cl.CC |$D3;;;;;;;;;;Z;;;;R1$,m:13:4.9.8.7.6.5|"
6812,6812,"C/C=C/C1=C(C(=C(C=C1)Br)Cl)O.CC |$;;;;;;;;;;;;;R$,m:12:3.8.7.6.5.4|"
6813,6813,"CC(CNC(=O)C1=CC(=C(N1C)Cl)Cl)O.CC |$;;;;;;;V9;;;;;;;;;R5$,m:15:6.7.8.9.10|"
6814,6814,"CC1=CC(=C(C(=C1)C(=O)O)NC(=O)C2=CC=CO2)C.CC |$;;;;;;;;;;;;;;;;;;;;R8$,m:19:1.6.5.4.3.2|"
6815,6815,COC[C@H]1C[C@H](NC1=O)CO |$;;;;;A;;;;;$|
6816,6816,"C(CN)CN(C=O)C(=O)C(=O)NCCO |$D;;;;;;;;;J;;;;;A9$,Sg:n:12,13:o:ht|"
6817,6817,C1C(C2=C(SC(=C2)Cl)SN1)(C3=CC=C(C=C3)Cl)O |$;;;;;;;;;L0;;K9;;;;;Y;$|
6818,6818,"CC1=C(C(=CC=C1)C(C2=C(N=NN2C)Br)O)Br.CN=C(NO)N(C)C.CNP(C)(=O)OC |$;;;;;;;T;;;T;;;;J;;;;;;;;;;;;;;;;;$,m:17:1.6.5.4.3.2,m:25:9.8.12.11.10|"
6819,6819,"C1=CC=C(C(=C1)CNC2=CC(=C(C=C2)O)CO)SC3=CC=C(C=C3)Cl.CC(=O)N(C)N(C)C.CC#N |$;M;;;;;;;;;;;;;;;;;;;;;;;;;;;;;;;;;;$,m:25:9.10.11.12.13.8,m:33:19.20.21.22.23.18,Sg:n:11:F:ht|"
6820,6820,"CC(COC(C)C1CO1)O |$;;B;;;;;J4;;$,Sg:n:0:H:ht|"
6821,6821,CC(C)(C)OC(C1=CC=C(C=C1)Cl)C2=CC=CC=C2C(C)(C)O |$;;;;Q;;;;;;;;;;M;;;;Q4;;;;$|
6822,6822,"CCOC(=O)C1CC(C(=O)OC1C(=O)OCC)O.CC |$;;;;;;;;D;;;;;J;;;;T1;;R$,m:18:5.11.10.8.7.6|"
6823,6823,"CC1=C(SC=C1)C2C(C(C(N2C(=O)C3=CC=CS3)(C)C(=O)O)C4=CC=C(C=C4)Cl)C(=O)C5=CC=CS5.CNC(=O)N(C)N(C)C |$;;;;;;;;;;;B;;;;;;;;;;;;;;;;;;;;B;;;;;;;;;;;;;$,m:36:23.24.25.26.27.22|"
6824,6824,"CC1=CC2=C(C=C1)C=C(C=C2C(=O)O)C.CC |$;;;;;;;;;;;;L2;;;;R$,m:15:1.6.5.4.3.2|"
6825,6825,"C1=CC=C(C=C1)C(CC(=O)O)N.COS(C)(=O)=S |$;;;;;;;;;Y9;M0;J6;;;;;;$,m:12:0.5.4.3.2.1|"
6826,6826,"CC(=O)N[C@@H](CO)C(=O)NCC(=O)N |$K;;;;;;;K6;;;;;;$,Sg:n:0:d:ht|"
6827,6827,CCN1CCC(C(C1)CC2=CC=CC=C2OC)O |$;;;V;;;;;;;;;;;T;;;$|
6828,6828,"CCCCCC1=CN=C(S1)C(=O)O.CC |$U6;J;;;;;;Y0;;;;;;;R59$,m:13:5.6.7.8.9,Sg:n:1,2,3,4:d:ht|"
6829,6829,"CC1(CCC(C2=C1N=C(S2)C(C)(C3=CN=C(C=C3)C(=O)O)O)(C)C)C.CC(N)C(N)=S.CC=NC(=S)N(C)C |$;;L8;;;;;;;;;;;;;;;;;;;;;;;;;;;;;;;;;;;;$,m:25:1.6.5.4.3.2,m:31:13.14.15.16.17.12,Sg:n:0:P:ht,Sg:n:19:L:ht|"
6830,6830,"C1CCC(C1)(CO)NC2=CC(=NC=C2)F.CN(S)S |$;;;;;;;;;;;;;Y;;;;;$,m:15:0.1.2.3.4|"
6831,6831,"CCCNC(=O)N1CC(C2=CC=CC=C21)C(=O)O.CC |$;;;;;;U;;;;Q;G;;;Y;;;;;A1$,m:18:10.11.12.13.14.9,Sg:n:1,2:b:ht|"
6832,6832,CC1=CC(=C(C=C1)C2=C(C=CC=N2)O)Cl |$;;;;;;;;;;;X4;;W9;$|
6833,6833,"CCC(CC1=CC(=CC=C1)O)(C2CC2)O.CC |$;;M2;;;;;;;;;;;;;;R$,m:15:5.6.7.8.9.4|"
6834,6834,CCC(CCOC(=O)O)N(C)C |$;;;;K6;;;;;;;$|
6835,6835,CCC(=O)NCC1CCCC1CO |$;;;;;;B;;;;;V4;$|
6836,6836,"CC1=NC2=C(C=CC=C2OC3=CC(=CC(=C3)CO)F)C=C1.CONO.CC(C)=NOS(C)(=O)=O |$;;;;;;;;;;;;D6;;;;;;;;;;;;;;;;;;;;;$,m:21:1.20.19.4.3.2,m:25:11.12.13.14.15.10|"
6837,6837,CC(P(CO)CO)P(CO)CO |$;;;;;;;;;;Q6;$|
6838,6838,C=C(COC1=C(C=CC=C1Cl)CO)Cl |$;;;;;;;;;;Y;;;$|
6839,6839,"CCC(C)(CN(C)C1=CC=CC=C1)C(=O)O.CC |$;;;;;T;;;A;;;;;;;;;Q21$,m:16:7.12.11.10.9.8|"
6840,6840,CC(C)C1=CC(=CC(=C1O)C(C)C)N |$;;;M4;;;;;;;;;;$|
6841,6841,"C1=C(C=NN1CCO)C(=O)N |$;;;;;;;;;;Z$,Sg:n:5,6:u:ht|"
6842,6842,C[C@@H]([C@H]([C@@H]([C@H]([C@@H](CO)O)O)O)O)O |$;;;J;;;;;Q5;;;;$|
6843,6843,"C1C(=O)N(C(=O)S1)C[C@H](CN)O.CNC(=O)S |$;;;;U1;;;;;;;;;;;;$,m:12:0.1.3.4.6,Sg:n:11:L:ht|"
6844,6844,C1=CC(=CC(=C1)O)C(CBr)(F)F |$;;;;;;;;;D5;;$|
6845,6845,"C1=CC=C(C(=C1)C(C2=CC=CC=C2Cl)(C3=C(C(=CC(=C3Cl)Cl)O)O)S(=O)(=O)O)Cl.CNS |$E;;L2;;;;;;;;;;;Y0;;;;;;;;;;;;;;;;;;$,m:29:8.9.10.11.12.7|"
6846,6846,"C=COCC(CO)OC(=O)[O-] |$;;U6;;;;;;;;$,Sg:n:9:E:ht,Sg:n:3:Y:ht|"
6847,6847,"CC(C)(C)C1(C=CC=CC1C(=O)C2=CC=CC=C2Cl)O.CC.CC |$;;T8;;;;;K1;;;;;;;;;;;;;;Z79;;G$,m:20:4.9.8.7.6.5,m:22:13.14.15.16.17.12|"
6848,6848,"C=CCC1(CC2CC2C1)C(=O)O |$Z2;T;;X4;;;;;T3;;;$,Sg:n:3:p:ht|"
6849,6849,"COC1=CC(=NN1CC2=CC=CC=C2)C(=O)O.CC |$;;;;;;;B;;A7;;;;;;;;;R$,m:17:2.3.4.5.6|"
6850,6850,C1CC[C@@H]2[C@H](C1)C[C@@H](N2C3=NC=CC=N3)C(=O)O |$;;J3;;;;;L0;;;;;;;;;;$|
6851,6851,"C1CC1C(CNCC2=C(C=CC3=CC=CC=C32)O)O.C=NC(C)=NOC.COP(O)N(C)C.CC |$;;;;;;;;;;;;;;V;;;;;;;;;;;;;;;;;;;;R85$,m:19:0.1.2,m:26:8.9.10.11.16.7,m:33:12.13.14.15.16.11,Sg:n:11:t:ht|"
6852,6852,"CC(C)(CNCC1=CC(=CS1)Cl)O.CC |$;;;;;U8;;;;B;;;;;L92$,m:13:6.7.8.9.10|"
6853,6853,"CNC(COC)C1=CC(=C(C=C1)O)O.CC |$;;;;;;;;W0;;;;;;;R$,m:14:6.11.10.9.8.7|"
6854,6854,C1CCC(CC1)(C2=CC(=C(C=C2)F)F)O |$;;A;;;;;;;;;;;;$|
6855,6855,"COC(CNC(=O)C(C1=CC=CC=C1)(F)F)C(=O)O.CN=C(SC)N(C)N=C(C)C |$;;;M3;;;;;;;;;;;;;;;;;;;;;;;;;;$,m:19:8.13.12.11.10.9,Sg:n:15:o:ht|"
6856,6856,"CC(C)(C1=CC(=C(C=C1O)O)O)[C@@H](C(=O)O)N.CC |$M;;;;;;;;;;;;;;W;;;;R61$,m:17:3.8.7.6.5.4|"
6857,6857,"CN1C=C(C=N1)CCC(C(=O)O)O.CC |$;;;;;;;;;;X0;V;;;R17$,m:13:1.2.3.4.5,Sg:n:6,7:n:ht|"
6858,6858,"COC1=CC(=CC(=C1F)C(CCO)N)Cl.CC |$;;;;;;;;;;;;G7;;J7;;R$,m:15:2.7.6.5.4.3,Sg:n:13:Z:ht|"
6859,6859,"C=C=CCC[C@H]1CCCC[C@H]1O |$;;;;;;;;;;;$,Sg:n:3,4:b:ht|"
6860,6860,"CCCN(CC(C)O)C(=O)CC |$;;;;;;;;;;;$,Sg:n:10:j:ht|"
6861,6861,"C1=C(C(=NN2C1=NC=N2)Cl)C(=O)O.CC |$G6;;;;;;;;;Q6;;;;;R75$,m:13:6.5.4.8.7|"
6862,6862,"CN(C)CCC(=O)C1=CC=CC=C1O.CC |$;;;;;;;;;;;;;;;R$,m:14:7.12.11.10.9.8,Sg:n:3,4:R:ht|"
6863,6863,"CC1=C(C(=CC=C1)[N+](=O)[O-])OCC(CCl)O.CN=C(C)SC |$;;;;;;;;;;G;;U8;;Y8;;;;;;;$,m:16:1.6.5.4.3.2|"
6864,6864,"C1CN(CC1(CO)C(=O)[O-])C(=O)[O-] |$;;U0;;;;;;;;;;$,Sg:n:4:U:ht|"
6865,6865,"C1CC(C(=O)NC1)NC(C2CC2)C(=O)O.CC |$;;;;;;;;;K;;;;;;;R$,m:15:10.9.11,Sg:n:2:F:ht,Sg:n:11:g:ht|"
6866,6866,"COCC(CCN=[N+]=[N-])(N)O |$;;;;;;;;;;$,Sg:n:4,5:P:ht|"
6867,6867,"C1CCC(=CC1)C(C2CCOC2)O.COC(=O)ON |$;;;W;;;;;;;B;;;;;;;;$,m:13:0.5.4.3.2.1,Sg:n:3:O:ht,Sg:n:0:C:ht|"
6868,6868,C(C(=N)N=C(CO)C(C#N)O)N |$;;;;;;;;;;;D6$|
6869,6869,"CC(CCNC(=O)N1CC(=O)NC2=CC=CC=C21)C(=O)O.CON(C)C(=O)O |$;;;;;;;;;;;G;;;;;;;;;;;;;;;;$,m:21:13.14.15.16.17.12,Sg:n:18:j:ht,Sg:n:2,3:I:ht|"
6870,6870,CCNC1=CC=CC(=C1)C(=O)N2CCCC(C2)O |$;;Z;X;;;;;;;;;;;;;;$|
6871,6871,"CCC(C1CC1)(C2=C(C=CC(=C2)C)F)O.CC |$;;;;K0;;;;;;;;E3;;;;M54$,m:15:4.3.5|"
6872,6872,"CN1C(=CC=N1)C(C2=C(C=CC=N2)Br)O.CC |$;;;;;;;;;;B;;;;;;R4$,m:15:8.9.10.11.12.7|"
6873,6873,"CCCC1=NN(C(=CC1=O)CO)/C=C\O.CN=C(OC)N(C)N(C)C |$;;E9;;;;;;;;;;;;;;;;;;;;;;$,m:15:3.8.7.6.5.4,Sg:n:11:s:ht,Sg:n:1,2:N:ht|"
6874,6874,C(/C=C/Cl)NCC(C(=O)N)O |$D;;;;X;;G;;W;;$|
6875,6875,"CCCOC(C)CC1=CC=C(C=C1)O.CC |$;;;;Q;;;;;;Q4;;J;V1;;R74$,m:14:7.12.11.10.9.8,Sg:n:10:C:ht,Sg:n:1,2:o:ht|"
6876,6876,"CC1CCCCC1NC(=O)NC2=C(C=CC(=C2)C(=O)O)Cl.CC |$;;;;;;;J;;;;;;;M3;;;;A;;;;Y$,m:21:12.13.14.15.16.11,Sg:n:15:a:ht|"
6877,6877,"CCCCCCO |$;;;;;;$,Sg:n:1,2:I:ht|"
6878,6878,CC(=O)C(C(=O)O)NCP(=O)(O)O |$K;;;;;;;B;;;;;$|
6879,6879,"C1CN(CCC1C(=O)O)CCCl |$;;;V8;;;;;E;;;$,Sg:n:9,10:s:ht|"
6880,6880,"CC(CC1=C(C=CC(=C1)OC)O)N(C)C.COC(=O)C(C)=S |$;;;;;;;;;;;;U7;;;;;;;;;$,m:15:3.8.7.6.5.4|"
6881,6881,"CC1CCC(C(C1)(CC2=CC=CO2)O)C.CC |$L;;;;;;;;;;;;;;;;R5$,m:15:9.8.12.11.10,Sg:n:7:y:ht|"
6882,6882,"C1=CC(=C(C(=C1)Cl)F)C(CCC2=CSC=C2)O |$J8;;D2;;;;;;;;;;;;;;$,Sg:n:9,10:I:ht|"
6883,6883,"CC(C)(C)N(C)C(C1=C(C=C(N1CC2CC=CC=C2)C(F)(F)F)C3CC=C(C=C3)Cl)O.CN=S(C)C |$;;;;;;;;;;;;;;;;;;;;V0;;;X;;M;;;M;;;;;;;$,m:31:24.25.26.27.28.23,Sg:n:6:u:ht|"
6884,6884,"CCC(CCO)NC(=O)C1(CCCCCC1)CN |$X;;;;;;;;;;;;;;;;;$,Sg:n:3,4:T:ht|"
6885,6885,"CC1(CC(C=C(C1)C2CCOC3(C2)CCOCC3)O)C.CN=C(NC)NO.CNNOC |$;;;;;;A1;;T0;;;;;;;;Y;;;;;;;;;;;;;;;$,m:20:1.6.5.4.3.2,m:27:8.9.10.11.12.7,Sg:n:7:C:ht|"
6886,6886,"C1CC2=C(C(=CC=C2)[C@H](CO)N)OC1.CN=C(N)NN(C)C.CC |$;;;;U;;;;;;M;;;;;;;;;;;;;L0$,m:14:0.13.12.3.2.1,m:22:4.5.6.7.2.3|"
6887,6887,CC(C)(COC1=NC=CC(=C1)NC(=O)O)O |$;;;;W;;U;;;;;;;;;$|
6888,6888,"C1CN(C[C@H]1F)C(=O)/C=C/C(=O)O.CC |$;;;L;;;;;M;;;;;;U69$,m:13:0.1.2.3.4,Sg:n:6:p:ht|"
6889,6889,"CCNC(=O)O[C@@H](C1=CC=CC=C1)[C@@H](C2=CC=CC=C2)O.CC |$;;;G;;;;;;L3;;;;;;;;;;;;;K72$,m:21:15.16.17.18.19.14|"
6890,6890,"C1=C(C=C(C(=C1CC(C(=O)O)N)Cl)F)Cl.C=NN=C(C)OC |$;;;;;;;;K;G;;Q1;;;;;;;;;;$,m:15:0.5.4.3.2.1|"
6891,6891,"C1CN(CC1C2=CC=CC=C2)C3=NC=CN=C3C(=O)O.CC |$;;;;J1;;;;;;;;;;;;;;;;;R$,m:20:6.7.8.9.10.5|"
6892,6892,"CC(NC1=C(C=C(C(=C1I)C(=O)O)I)I)N2CCOCC2.C=NOC(C)=O.CC |$;;;;;;;;;;;;;Q6;;;;;;;;;;;;;;;R$,m:21:4.5.6.7.8.3,m:27:16.17.18.19.20.15|"
6893,6893,"CC(=C)C1C(O1)OC2CC3CC2CC3O.CC.CC.CN(C)C(=S)N(C)N(C)C |$;;U0;;Y;;;;;;;U;;;;;R02;;Z91;;;;;;;;;;$,m:15:3.4.5,m:17:8.7.11.10.9,m:19:10.9.13.12.11|"
6894,6894,CCOC(NC1=C(C(=S)NS1)C#N)O |$;B6;;;;;;;;;;;;$|
6895,6895,"C1CCC(C1)(C2=CC3=C(C=C2)N=NS3)C(=O)O.CC |$;;;;Q;;;;;;;;;;;;;;R$,m:17:0.1.2.3.4,Sg:n:1:U:ht|"
6896,6896,"CCC(CC1=CC=CC=C1)(C(=O)O)OC |$G;W;;;;;;;G;;;;;;$,Sg:n:8:y:ht|"
6897,6897,"C1CC1C(CNC[C@@H](CO)O)C2CC2.CC |$;;;G;;;;;;;;W7;;;;R$,m:14:12.11.13|"
6898,6898,"C1[C@H](N(C2=CC=CC=C2C1=O)O)C(=O)O.CC |$;;;;G3;;;;K1;;;;;;;;R33$,m:15:4.5.6.7.8.3|"
6899,6899,CC1=C(C=CC(=C1)CN2C[C@@H](C[C@H]2C(=O)N)O)F |$W8;;;;;;;;;;;;;B9;;;;$|
6900,6900,"CC(C)C[C@H]1[C@@H](OC(=O)N1)CC(=O)O.CN(C=O)S(C)(=O)=O |$;;;;;;;;;;Y4;;;;;;;;;;;$,m:14:4.5.6.7.9|"
6901,6901,"CC1CCC(CN1C(=O)C2=C(N(N=C2)C(C)(C)C)C)C(=O)O.CS(=O)(O)=S |$;;;;;;;;;;;;;;;;;;;X;;;;;;;$,m:22:1.6.5.4.3.2|"
6902,6902,"C=CC1=NC=C(O1)CCCO.CSN(C)C |$;;;V;;;;;;;;;;;;$,m:11:2.3.4.5.6,Sg:n:7,8:N:ht|"
6903,6903,"CCCOC1=C(C(=CC(=C1O)OC(=O)O)C)C |$;;;;;;;;;;;;V9;;;;$,Sg:n:1,2:o:ht|"
6904,6904,"CC(C1=CC=CC=C1OCCCBr)O.CSN(C)C=O |$;;;;;;;;;;;;;;;;;;;$,m:14:2.7.6.5.4.3,Sg:n:9,10:M:ht|"
6905,6905,COC[C@@H]1[C@@H]([C@@H]([C@H]([C@H](O1)OC)O)O)O |$;;;;;;;Q;;;L6;L9;;$|
6906,6906,"C1C(C(NSC1C2=CC=CC=C2)O)O.CC |$;;U;;;;;;;U;;Y0;;;;R$,m:14:7.8.9.10.11.6|"
6907,6907,CC(C(=O)O)(C(=O)OC)C(=O)OC |$;;;M7;B;;;;;;;;$|
6908,6908,C[C@H](C[C@@H](CCC1=CC=C(C=C1)O)O)O |$;;;D9;;;;;;A;;;;;$|
6909,6909,"C#CCNC(=O)C1=NC(=CC=C1)C(=O)O.CC |$;;;;;;;;;;;;;;;;K0$,m:15:6.11.10.9.8.7|"
6910,6910,"CCCN/N=C(/C1=CC=CC(=C1)CC2=CC(=CC=C2)O)\N.CC(N)C=O |$;E1;;V;;K6;J6;;;Q2;;Q2;U8;;;;;;;G;;;;;;$,m:21:6.11.10.9.8.7,Sg:n:9:G:ht|"
6911,6911,"COC1=CC(=C(C(=C1OC)CCO)Br)F |$;;;;;J4;;;;;;;;;$,Sg:n:14:e:ht|"
6912,6912,"C1=CC2=NC=C(N2C=C1)C(C(Cl)(Cl)Cl)O.CNS |$;;;;U0;;;;;;;;;;L4;;;$,m:15:3.2.6.5.4|"
6913,6913,CC(C)(C)OC(=O)NC1(C2C1CNCC2)C(=O)O |$;;;;;;;Q;;;U;;;;;;;$|
6914,6914,"B1([C@H](CC2=C(O1)C(=CC=C2)C(=O)OCO)NC(=O)CC)OCC |$;;;;;;;;A;;;;;;K2;;;;;;;;$,Sg:n:0:A:ht,Sg:n:5:s:ht|"
6915,6915,C1=CC(=NC=C1N)C(=NCC(CO)O)N |$;;;;;;A5;;;L;;;;;$|
6916,6916,"CCN(CCCO)C(=O)CS |$;;D;;;;;;;;$,Sg:n:4,5:b:ht|"
6917,6917,"C1=CC(=CC2=C1C=CC(=N2)CC(=O)O)N.CC |$;;;;;;;;;;;;G;;Y;;U8$,m:15:0.5.4.3.2.1|"
6918,6918,"CCCCN(C)C(=O)NC(C)(C1=CC=CC=C1)C(=O)O.CC |$;;;;;;J;;;;;;;;;;;;D;;;V07$,m:20:11.16.15.14.13.12,Sg:n:2:z:ht|"
6919,6919,C1=CC(=CC=C1C(C2=CC=C(C=C2)Br)C(F)(F)F)O |$;;;;;V5;;;;;;;;;;;;;$|
6920,6920,"C1CC(COC1)CNC(=O)C2=CC=CC=C2O.CC=C=N |$;;;;;;;T;;;;;;;;;;;;;$,m:17:0.5.4.3.2.1|"
6921,6921,"CC(CCC1=CC(=C(C=C1)OC)O)N |$A;;;U7;;;T3;;;W;;;;$,Sg:n:2,3:U:ht|"
6922,6922,"CCC1=C(N=CC=C1)CNS(=O)(=O)C2=C(NN=C2CO)C.CC.CC |$;V3;;B6;;;;;;;;K;;;T;;;;;;G5;;G;;R5$,m:21:2.7.6.5.4.3,m:23:14.13.17.16.15,Sg:n:10:N:ht|"
6923,6923,C1=C2C(=CC(=C1Cl)C(=O)O)N=CN=C2Cl |$;;;;;;;;;;;;;;L0$|
6924,6924,"C1C2CN(CC1O2)CC3=CC=C(C=C3)O.CC.CN=C(N=N)SC |$;;;;;;;;;;;;W;;;;R;;;;;;;$,m:15:0.5.6.1,m:17:2.3.4.5.0.1|"
6925,6925,"CC1=CC2=C(C=C1C)N(C(=N2)C(C)N(C)C)CCCO.CC.CS(=O)(O)=S |$;;;;;;;B1;;;;;;;V2;;;;;;;K;;;;;$,m:20:1.6.5.4.3.2,m:22:8.4.3.10.9|"
6926,6926,"CC1CCN(C(C1)C(=O)O)C2CCCNC(=O)C2.CN=C(NN)OC |$;;;;;;;;;;;;;;;;;;;;;;;;$,m:18:1.6.5.4.3.2|"
6927,6927,"CCC1=CC(=C(C(=C1)OC)O)CC(C)O.CC(N)=NO |$;;;;;;;M2;;;;;;;K9;;;;;$,m:15:2.7.6.5.4.3|"
6928,6928,C1=C(C=C(C(=C1[N+](=O)[O-])O)Br)C(=O)O |$;;;;B5;;;;;;;J;Y;$|
6929,6929,"COC1=C(C=C(C=C1S(=O)(=O)NCC(=C)Cl)Cl)C(=O)O |$;;M2;;;;J3;;;;;;U;;;;;;;$,Sg:n:3:P:ht|"
6930,6930,"C1CC1(CO)NC(=O)C2=CC3=C(C=CC(=C3)Br)OC2.CC |$;;;;L;;;;;;;;;;;;;;;;R01$,m:19:0.1.2,Sg:n:5:F:ht|"
6931,6931,"C1=CC(=CC(=C1)Cl)[C@@H](CC(=O)O)N.CC |$;;;;;;;;;;;;;;Z10$,m:13:0.5.4.3.2.1|"
6932,6932,"CC(C)(C)CCC(C1=NSN=C1)O.CC |$;;;;;;;;;;;A;B;;R$,m:13:7.8.9.10.11,Sg:n:4,5:R:ht|"
6933,6933,"C[C@]1(C2=C(C=CC=C2F)C3=CN=CN31)C[C@@](C)(C45CC6CC(C4)CC(C6)(C5)O)O.CN=CNSC.CC.CC.CSN(C)N.CN=C=C(C)C |$V;B;;;;;;;K;;;;;B3;L;;;;;;;;;;;;;;;;;;;;;;Q5;;R;;;;;;;;;;;$,m:29:10.9.13.12.11,m:35:4.5.6.7.2.3,m:37:18.19.20.21.22.17,m:39:18.19.25.24.26.17,m:44:20.21.23.24.25.19,Sg:n:3:t:ht,Sg:n:8:B:ht|"
6934,6934,"CC1=NOC2=C1C(=CC(=N2)C3CC3)C(=O)NCC4(CC4)C(=O)O |$;;;;;;;;;;;;;;;;;;;;;;$,Sg:n:17:N:ht|"
6935,6935,"COC1=CC=C(C=C1)[C@@H]2[C@H](C[C@@H](N2)C(=O)O)S(=O)(=O)C3=CC=CC=C3.CC=NOC(N)=O |$;;;;;T5;;;;G;;;;;;;;;T;X6;;;;D;;;;;;;;$,m:25:20.21.22.23.24.19,Sg:n:11:H:ht,Sg:n:18:d:ht|"
6936,6936,"CN(CCCN)CC1=C(C=CC(=C1)Br)O.CN(C)ON(C)C |$;;;J;;;;;;;A8;;;;;;;;;;;$,m:15:7.12.11.10.9.8|"
6937,6937,"CC1=C(N=CC=C1)NC(C)(C)C(C)O.CC |$;;T;;;;;;;;;;;;;Z64$,m:14:1.6.5.4.3.2|"
6938,6938,"CC(C)C1=CN(C2=C1C=CC(=C2)OC)CC(=O)O.CN=C(SC)N(C)N=C(C)C |$;;;;;;;;;;;X6;;;;;K;B0;;;;;;;;;;;$,m:18:3.4.5.6.7|"
6939,6939,"C1CN(CCN1CCCO)N=[N+]=[N-] |$;Y0;;;;;;;L2;;;;$,Sg:n:6:o:ht,Sg:n:6,7:r:ht|"
6940,6940,"CC1CN(CC(CN1)O)C2=CC=CC=C2.CC |$;;;;;;;G2;;;E;L3;;;;;R$,m:15:10.11.12.13.14.9|"
6941,6941,"C1CC2=C(C1)C=C(C=C2)C3=CN=NN3CC(=O)O.CC.CC |$;;;;;;;;;;;;Z8;;;Y;;;;E6;;Z4$,m:18:5.6.7.8.2.3,m:20:10.9.13.12.11,Sg:n:8:F:ht|"
6942,6942,"C1CCC(C1)NCC2=C(C=CC(=C2)Br)O.CC=NNNC.COC(=O)NN |$;;;W;A8;;D7;;;X7;;;;;Q;;;;;;;;;;;;$,m:15:0.1.2.3.4,m:21:8.9.10.11.12.7,Sg:n:10:l:ht|"
6943,6943,"CCCC(=CCCC(=C)C)C(C)O |$;;T;;;;;;;;;Q;$,Sg:n:8:l:ht,Sg:n:1,2:T:ht|"
6944,6944,CCOC(=O)[C@@]1(C[C@@H]1C(F)F)C(=O)O |$;;;;;Y;;;;;;;;$|
6945,6945,"CCC(=O)N[C@@H]1CC2=CC=CC=C2[C@H]1O.CC |$;;;;;;A;;Z8;;;;;;;;R$,m:15:5.6.7.12.13,Sg:n:11:S:ht|"
6946,6946,"C1CNCCC1CC2(CC2)C(=O)O.CC.CC |$;;;;;W5;;B;;;Z;;;;L;;M$,m:13:0.5.4.3.2.1,m:15:8.7.9|"
6947,6947,"C1C[C@@H]2C[C@H](CC[C@@H]2OC1)C(=O)O.CC |$;;;;;X1;;;;;;;V;;E85$,m:13:3.4.5.6.7.2,Sg:n:0:p:ht,Sg:n:8:B:ht|"
6948,6948,"CC[C@H](C(=O)O)NC(=O)CC1(CCCCC1)CN |$;;;;;U;;;;;;;;B8;;;;$,Sg:n:7:y:ht,Sg:n:5:F:ht|"
6949,6949,"CC1CC(CC(C1)(C)C)NCC2CCCC2O.CC(C)=NN(C)N=C(C)C |$;;;;;W;;;;;;Q8;;;;;;;;;;;;;;;$,m:17:12.11.15.14.13|"
6950,6950,"C1=CC(=C(C=C1C(=O)O)F)CCN |$;T;;;;;;;;;;;$,Sg:n:10,11:j:ht|"
6951,6951,"C1=CC=C(C(=C1)CC(=O)O)C2=CN=CN2.CC |$;;;;;;;;;;;;D5;;;;R11$,m:15:11.10.14.13.12|"
6952,6952,C1=CC(=C(C=C1O)SN=[N+]=[N-])Cl |$;;;;A6;;;;;;;$|
6953,6953,"CC(CCO)NC(=O)C1=NC=C(C=C1)N.CC |$;B9;;;;;;;;;;;;Q;;;Y99$,m:15:8.13.12.11.10.9,Sg:n:2,3:Y:ht|"
6954,6954,C1=CC(=C(C=C1C#N)CBr)CC(=O)O |$;;;J;;;;;;;K5;;;$|
6955,6955,"COC(C(=O)O)(c1ccccc1)C(F)(F)F |$;;;;;;;;;T1;;;;;;$,Sg:n:6:b:ht|"
6956,6956,"CN(C)C1(CCC2(CC1)CNC(N2)O)C3=CC=CS3.CB=O |$;;;;;;;;;;;;;;;;;;;;;$,m:19:15.14.18.17.16|"
6957,6957,"C1CCC(C1)C(CO)C2=CC=CC=C2Br.CC |$;;;L;;;;;;;;;;;;;R$,m:15:0.1.2.3.4|"
6958,6958,"CC(C)(CC(=O)O)C1CCCN(C1)C.CC |$;;;;;;;U;;;;;;X;;R$,m:14:7.12.11.10.9.8,Sg:n:9:u:ht,Sg:n:6:O:ht|"
6959,6959,"CCN(C(=O)OC(C)(C)C)OCCO |$;;;;;;;;;M;;;;$,Sg:n:11:V:ht|"
6960,6960,CC1=CC(=CC(=N1)CO)N2CCC(CC2)(C)C |$;;;;U4;;;D9;;;;;;;;;$|
6961,6961,"CCN1C2=C(C=CC(=C2)C(=O)O)C(=C1C3=CC=CC=C3C)C4CCCCC4.CC.CC.CC |$;W1;;;;;;;X;;;;;;;V;;;;;;;;;Y8;;;;Q;;G11;;R2$,m:27:5.6.7.8.3.4,m:29:15.16.17.18.19.14,m:31:22.23.24.25.26.21|"
6962,6962,"CC(C)(C)SSC1=CC=CC=C1CCO.C=NN(C)N=C(C)C |$;;;Y;;;;;;;;;;;L;;;;;;;;$,m:15:6.11.10.9.8.7,Sg:n:12,13:G:ht|"
6963,6963,"C1[C@@H](OC([C@@H]1O)O)CCC2=CC=CC=C2.CC=NOC(=O)N(C)C |$U;;;;;;;;;;;T;;V;;;;;;;;;;$,m:15:10.11.12.13.14.9,Sg:n:7,8:g:ht|"
6964,6964,"C1=C(C(=CC(C1F)F)F)CC(CCl)O.CC(=N)S(C)(=O)=O |$;;;;;;;;;;;;J5;;;;;;;;$,m:14:0.5.4.3.2.1|"
6965,6965,CCC(C)[C@H](CC(=O)[C@H](CN)N)C(=O)O |$;;;;;;X;;;;;;;;A$|
6966,6966,"CCC(CC)C(C(CCC#CC)O)O |$;;;;;;;;;;;;;$,Sg:n:7,8:K:ht|"
6967,6967,"C1=CC(=C(C=C1OCC(=O)O)I)Br.CN=C(NN=C(C)C)N(C)C |$;;;;;;;;;;;;;;;;;;;;;;;$,m:13:0.5.4.3.2.1|"
6968,6968,"CC1=CC=C(O1)C(CC2=CC=C(S2)Br)O.CC |$;;;;A;;;;;;;;;;;;R60$,m:15:1.2.3.4.5|"
6969,6969,"C1CC(N(C1)C2=NC(=CN=C2)C(=O)O)C(=O)N.CC |$;;;;;;;;;;;;;;K8;;;;R$,m:17:0.1.2.3.4|"
6970,6970,CC1CCC2=C(C1O)CCC(C2)N=O |$;K;;;;;;;;;;;;$|
6971,6971,"CC1=C(COC2=C1C=CC=C2O)CN.CC=NSC |$B3;;;;;;;;;;;;;;;;;;$,m:14:7.8.9.10.5.6|"
6972,6972,C1=CC=C(C=C1)CC(/C=C/CC(=O)O)N |$;J;;;J;;;;;;;;;;$|
6973,6973,"CC(C)(C)[Si](C)(C)OC1=CC(=C(C=C1)CO)O[Si](C)(C)C(C)(C)C.CN=P |$;;;D2;;;;;;G6;;B;;;E;E7;;;;;;;;;;;$,m:24:8.13.12.11.10.9,Sg:n:23:a:ht|"
6974,6974,"C1CNC(C2=C1C3=C(N2)C=CC(=C3)O)F.CC.CC |$D6;;;;W1;;;;;;;;;;;;R;;R$,m:15:0.5.4.3.2.1,m:17:8.7.6.5.4|"
6975,6975,"CC(CC1=CC=C(C=C1)OC)(CC2=C(C=C(C=C2)Br)F)O.CC |$;;;;;;;;;;;;;M5;;;;;J;;;;Q5$,m:21:4.5.6.7.8.3|"
6976,6976,"CC1(CCCC(C1CCC2=C(C=CC(=C2)OC)OC)(C)O)C.CC |$;;L9;L9;;;;;;;;;;;Z;;;;;;;;;R6$,m:22:10.11.12.13.14.9,Sg:n:0:M:ht,Sg:n:7,8:K:ht|"
6977,6977,"CCCN1C=C(C(=O)C2=C(C(=C(C=C21)F)F)C)C(=O)O.CC |$;;;T;;;;T1;;;;;;;;;;;;;;R85$,m:20:9.10.11.12.13.8,Sg:n:1,2:d:ht|"
6978,6978,C=C(CSC1=C(C=CC=N1)Cl)C(=O)O |$Y;;;;;;;;;;;G;;$|
6979,6979,CC(C)(C)[Si](C)(C)N1CCC1C(=O)O |$;E;;;;;;;;;;;;$|
6980,6980,CC(CC1=CC=CC=C1)NC(=O)C(C)OC2C(C(OC(=C)C2NC(=O)C)CO)O |$;;;;M;;;E;A1;;;;;;;;M;;Q;G2;;;;;;;;;$|
6981,6981,"CC1=CC(=NN1C2=NN=CN2/N=C\C3=C(C=CC(=C3)Cl)O)C.CN(S)C(=O)O.CNC(=N)SC |$;;;;;;;;;;;;A0;;;;;;;;;;;;;;;;;;;;;$,m:22:1.2.3.4.5,m:28:7.6.10.9.8|"
6982,6982,"C1=CC(=CC(=C1)OCC#CI)C(=O)O.CNC(C)OC |$;;;;;;;;;D0;;;;;;;;;;$,m:14:0.5.4.3.2.1|"
6983,6983,"C1COCCN1C2=C(C=CC=C2F)[N@+]3(CC(OC3=O)CO)C4=C(C=CC(=C4)[N+](=O)[O-])S(=O)(=O)O.CN(C)C(=O)NS.CNC(=N)N(C)C.CN(C)N(C)C |$;L2;;;;;;;;A6;K3;;;;;;;;;;;;;;;;;;;;;;;;;;;;;;;;;;;;;;;;;;;$,m:34:0.5.4.3.2.1,m:41:14.13.17.16.15,m:48:22.23.24.25.26.21,Sg:n:13:D:ht|"
6984,6984,"CCC(C)(CCO)NS(=O)(=O)C1=C(C=CC(=C1)[N+](=O)[O-])F |$;;;;;;;;;;;;;;;;;J9;;;$,Sg:n:20:D:ht,Sg:n:4,5:T:ht|"
6985,6985,"CC(C1=NC2=CC=CC=C2S1)(C(=O)O)O.CC |$;;;;;;;;;;;;;Y;;;X$,m:15:5.6.7.8.9.4|"
6986,6986,"C1=CC(C(C=C1Cl)Cl)(C(=O)O)Cl.CC |$;;;G7;W;;;;;;;;;U$,m:12:0.5.4.3.2.1|"
6987,6987,"C1=CC=C(C=C1)C(=O)C(C2=CC(=C(C=C2)Cl)Cl)O.CC.CONS(C)(=O)=O |$;;;;;;;;;T;;;;;;;;Y;;L;;;;;;;$,m:18:0.5.4.3.2.1,m:20:10.11.12.13.14.9|"
6988,6988,"CON1C[C@@]2([C@@H]([C@H]1CO2)O)CO.CC |$;;;;;;;;Y;;;;;R$,m:12:2.3.4.5.6,Sg:n:1:Z:ht,Sg:n:1:q:ht|"
6989,6989,"C1=CC=C(C=C1)C[C@@H](C(=O)O)NC2=CC=CC(=C2)CO.CC |$;;;;;;;;;;;;;;;M;;J;;;;V7$,m:20:0.5.4.3.2.1|"
6990,6990,"CC(C)CNC1(CCC(CC1)C(F)(F)F)C(=O)O.CC(=O)N(C)C |$;;;;;;;;;;;;;;;J5;;;;;;;;$,m:18:5.10.9.8.7.6|"
6991,6991,"CC(C)N(CC1=CC=CS1)C2=NC(=CS2)CCC(=O)O |$;;;J1;;;;;;;;;;;;;;;;$,Sg:n:9:l:ht|"
6992,6992,"CC1=C(C=CC(=C1)C(C2=C(NN=C2)N)O)F.CC.CC(N)=O |$;;X;;W;;U;;;;;;;;;;;T53;;;;$,m:16:1.6.5.4.3.2,m:18:9.8.12.11.10|"
6993,6993,CP(=O)([O-])OOC1=CC=CC(=C1)CO |$V;;;;;;;;;;;;;$|
6994,6994,C1=CS(=O)(=O)C=CN1CC(=O)O |$K;;;;;;L2;;;;;$|
6995,6995,"CC1=CC(=C(C(=C1O)C)C)C(C2=C(C(=C(C(=C2)C)O)C)C)C3=C(C(=C(C(=C3)C)O)C)C.CNC(N)=O |$;;;;;D;;;;;;;;;;;;;;;;;;;;;;;B3;;;;;;;$,m:31:22.23.24.25.26.21|"
6996,6996,C[C@@H]1C[C@H]2CC(/C(=N\O)/C(C([C@]([C@H](OC(=O)C([C@H]1OC)C)I)(C)O)OCC(=C)CO2)C)C |$;;;K;;;;;;U4;;;;;M;G;;;;;;;;;A;;;;;;;$|
6997,6997,C1=CC=C2C(=C1)C(=NN2N(C3=CN=CN=C3)C(=O)O)CC4=C(C=CC(=C4F)F)F |$;;;;;;;;L4;A7;V;;;;M2;;;;;;;;;;B7;;;;$|
6998,6998,"CC1=C(C=CC=C1Cl)C(=O)NCCC(C)C(=O)O |$;;;;;;;;;;;;;;;;;$,Sg:n:10:J:ht|"
6999,6999,"CCNC1CC(CN(C1)CC2CCC2)CCO.CC |$;;;;;;;;;;;;;;;;;;L$,m:17:11.12.13.10,Sg:n:9:D:ht,Sg:n:14,15:w:ht|"
7000,7000,"CCC(C1=CC=C(C=C1)O)NC2COC2.CC(=N)N(C)C(C)=N |$;A;;;;;;;;;;;;B5;;;;;;;;;$,m:15:12.13.14.11,Sg:n:12:h:ht|"
7001,7001,"C[C@@H](CP(=O)(CCN)O)C(=O)O |$;;;;;B;;;;W;;$,Sg:n:8:b:ht|"
7002,7002,CNC(=O)CN(C)CC(=O)O |$;Q;;;;;;;;;$|
7003,7003,"C=CCS(=O)CCCC(=O)O |$;W;;;;;;;;;$,Sg:n:5,6,7:M:ht|"
7004,7004,C/C=C/C(=C\C(=C\C)\C(=O)OC)/O |$;;B1;;;;;;;;;;M$|
7005,7005,"C[C@H](CCO)C1=CC=CC=C1Br.CNC(=O)N(C)O |$;B4;;;;;;;;Q3;;;;;;;;;$,m:12:5.10.9.8.7.6|"
7006,7006,"CC1(CC=C(C=C1)NC2=NC=CC(=N2)N3CCCC4=C3C=CC(=C4)O)S(=O)(=O)NC5CC5.CN(C)P(=O)(O)O.CC |$;;;;;;;;;;;;;;;;;;;Z9;;;;;;V;;;;;T;;;;;;;;;;R81$,m:32:15.16.17.18.19.14,m:39:20.21.22.23.18.19,Sg:n:31:C:ht|"
7007,7007,"C1=CC(=C(C=C1Cl)O)OC2=C(C=C(C=C2)Cl)Cl.CC |$;;;;;;;;;;;;;;;;M2;;R14$,m:17:0.5.4.3.2.1|"
7008,7008,"CCC(CC)N(C)C1=NC(=C(S1)CO)C |$;;;;;;;;;;;;;;$,Sg:n:10:u:ht|"
7009,7009,"CC(=O)C1CCC(CC1)[C@H]2C[C@]3(C(CC[C@@]3(O)F)C4C2=C5CCC(=O)CC5CC4)C.CC=NS(=O)(=O)N(C)C.CC |$;;E;;;;;;;;;;;;;;;;W;;;;;;;;;;;;;;;;;;;;;;R$,m:30:13.12.11.15.14,m:39:21.22.23.25.26.20,Sg:n:9:W:ht|"
7010,7010,"COC1=CC=C(C=C1)C(CCN)O.CNC=N |$K9;;;;;;;;;;D5;;;;;;$,m:13:2.7.6.5.4.3,Sg:n:9,10:m:ht|"
7011,7011,CC(C(=O)O)S(=O)(=O)NCC(=C)Br |$;;;;W5;;;;U;;;;$|
7012,7012,"C1C=C(SC2=CC=CC=C21)C(=O)O.CC.CC |$;B;;;;;;;;;;;;;R;;K$,m:13:0.9.4.3.2.1,m:15:5.6.7.8.9.4,Sg:n:4:o:ht|"
7013,7013,"C1CC(CC2=CC=CC=C21)(C(=O)O)NC3=CC=C(C=C3)F.CC |$;;;;;;;;;V;;;M3;;K4;;;E5;;;;;R76$,m:21:5.6.7.8.9.4|"
7014,7014,"CC(C)C(O)OCC1(C(=O)C2CCN1[I-]C2)COC(=O)C(C)C.CC.CC(O)N(C)C.CC |$;;;;;;;;;;;;K;;;;;;;;;;;;R87;;;;;;;;W$,m:23:7.13.12.11.10.8,m:25:7.13.14.15.10.8,m:31:11.12.13.14.15.10|"
7015,7015,"CCCOC1=NC=NC(=C1)CC(C)O.CC |$;;Z;;;W0;;;;;;;;Q2;;R37$,m:14:4.9.8.7.6.5,Sg:n:2:Q:ht|"
7016,7016,CN(CCO)C1=C(C=C(C=C1)C=O)F |$;;K5;K4;;Y4;;;;;;;;B$|
7017,7017,"C1CCC(CC1)NC(=S)NCC(CO)O.CN(C)N(C)C |$;U;B0;;;;;;K;Y;;;;;;;;;;;$,m:15:0.5.4.3.2.1|"
7018,7018,COC1=C(C=C(C=C1)C(=O)C(O)O)F |$;;;;;;;;;;J8;;;V$|
7019,7019,CC(=C)C(CC1=C(C=C(C=C1)F)F)O |$;;;;;;;;;;;;B;A6$|
7020,7020,CCOC(=O)C(C)SC1=CC=CC(=C1)C(C)O |$;;;;D;B9;;;;;;;;;;;$|
7021,7021,CCC1=CC=C(C=C1)C2=C(C(=NN2C)C(=O)C)O |$;;;;;;;M1;;;;;;;;;;$|
7022,7022,"C1CC(C1C(=O)O)N2CCN3C=NN=C3C2.CC.COC(C)(C)OC |$;;;;;;;;;;;;;Z;;;;K26;;;;;;;$,m:16:0.3.2.1,m:18:8.9.10.14.15.7,Sg:n:1:L:ht|"
7023,7023,"CC(C1=CN=CC=C1)NC(=O)C2CC2C(=O)O.COC(=S)OC |$;;;T;;;;;;;;V2;;;;;;;;;;;$,m:17:3.4.5.6.7.2|"
7024,7024,"C1=C(C(=C(C(=N1)Cl)CO)Cl)C(F)F.COC(OC)OC |$;;;;;;;;;;;;G5;;;;;;;$,m:13:0.5.4.3.2.1|"
7025,7025,"CC(CCN1C(=CN=N1)C(=O)O)F |$;;;;;;;;U;;;;$,Sg:n:2,3:u:ht|"
7026,7026,CC1=C(CCCC1)C/C=C\C(C)(C)O |$;;;;G0;;;;;;;;;$|
7027,7027,"CC(C)C1=C(C(=CC(=N1)C2CCCCC2)C3=CC=C(C=C3)F)C(=O)O.CC |$;;;D1;;;;;;;;;;;D9;;;;;;;;;;;;W$,m:25:3.8.7.6.5.4|"
7028,7028,"CC1=CC(=C(C(=C1O)C)C)CCNC |$;;;;;;;D9;;;;;;$,Sg:n:10,11:M:ht|"
7029,7029,"CCNC(=NCC(C)(C1=CC=CS1)O)NCC(C)CN2CCN(CC2)C.CN(C=O)S(C)(=O)=O.CS(C)=O |$;;;;;G6;;;;;;;;;;;;;;E;;;;;;;;;;;;;;;;;;$,m:26:9.8.12.11.10,m:34:20.21.22.23.24.19|"
7030,7030,"CC1=NC(=CS1)CC(=O)N2CCCCCC2CC(C3=CC=CO3)O.CC.CC.CC(=O)C(C)S |$;G4;;;;;;;;;;;;;;;;U;;;;;;;;E;;R;;;;;;$,m:24:1.2.3.4.5,m:26:10.9.15.14.13.12.11,m:28:19.18.22.21.20,Sg:n:11:p:ht|"
7031,7031,"CC1=C(C=CN=C1)NCC2CCC(C2)O.CC.CSC(C)=NN=C(C)C |$;;;;;;;;;;;;;;;;R;;;;;;;;;$,m:15:1.6.5.4.3.2,m:17:10.9.13.12.11|"
7032,7032,"CC1=NC(=C(N1C)[N+](=O)[O-])C#C[C@@H](C)O.CP=O |$;;;;;G5;A;;;;;;;;;;;$,m:15:1.2.3.4.5|"
7033,7033,"C/C=C/CSCC[C@@H](C(=O)O)N |$;;;;;;;;;;;$,Sg:n:3:A:ht,Sg:n:5,6:o:ht|"
7034,7034,"COC1(CCOCC1)C(CCCC=C)O |$;;;;L0;;;;;;;;;;$,Sg:n:10,11:O:ht|"
7035,7035,C=C(C1=NC(CC(=O)C1)CO)O |$;;;;;;;;V;;;$|
7036,7036,"C1CCC(C1)(CNC(=O)C2=NOC=C2)O.CC |$;;;;;K;E;;;;;;;;V;;M$,m:15:10.9.13.12.11|"
7037,7037,"C1=CN=CC(=C1N)C(CCC(=O)O)N.COC(=O)S |$;;;K;J5;;;;;;;;E8;;;;;;$,m:14:0.5.4.3.2.1,Sg:n:8,9:c:ht|"
7038,7038,"CC(C)(C)CCC(CC1=CCCCC1)O.CC=NNS(C)(=O)=O |$;;;;;;;;;;;;;;;;;;;;;;$,m:15:8.13.12.11.10.9,Sg:n:10:p:ht|"
7039,7039,CCC(C)(COC1=CC=C(C=C1)NC)O |$;;;;;;;;;;;;K2;;$|
7040,7040,"C1CC(SC1)(CC2=CSC=C2)C(=O)O.CSOO.COC(=O)OC(C)=O |$;;B;Y;;;;;;;;;;;;;;;;;;;;;;$,m:14:0.1.2.3.4,m:18:7.6.10.9.8,Sg:n:0:w:ht|"
7041,7041,"CC(C)(C)C1=CC(=C(C(=C1)C(C)(C)C)O)C[NH-].CC |$;;;;;;;W;;;;;Z3;;;D;;;Y2$,m:17:4.9.8.7.6.5|"
7042,7042,"CC1(CCC(C1)NCCCCO)C |$;;;;;;;;A;;;V7;$,Sg:n:0:N:ht,Sg:n:0:i:ht,Sg:n:7,8,9,10:C:ht|"
7043,7043,"CC1(C(C(C2=CC=CC=C2O1)N3C4=CC=CC=C4N=C3NC#N)(NS(=O)(=O)C)O)C(OC)OC.C=NS(C)(=O)=O.CN(C)P |$;;;;Z;D;;;T0;;;;;;;;;;;;;;;;;;;;;;;;;;;;;;;;;;;$,m:34:1.10.9.4.3.2,m:40:13.14.15.16.17.12|"
7044,7044,C1=CC2=C(C=C1Cl)C(C(N2)O)O |$;;;K;;;;;;;B8;$|
7045,7045,"CC1CNCCC1(CCCS(=O)(=O)C)O.CN=CC(C)=O |$;;;;;U6;;;;;;;;;;;;;;;$,m:15:1.6.5.4.3.2,Sg:n:8,9:q:ht|"
7046,7046,CC(C)CCN(CCC(C)C)C1=C(C(=CC=C1)Cl)CO |$;;;D;;;Z7;;;;;;;;;;E5;;;$|
7047,7047,"CC(C)(CO)N(C)CCC1CCC1 |$;;;;;;;;;;;;$,Sg:n:8:S:ht,Sg:n:7,8:Q:ht|"
7048,7048,"CC(CNC1CCCC1)(CSC)O.CC=NN(C(C)=O)C(C)=O |$;B0;E;;;;;;;;;;;;;;;;;;;;$,m:13:4.5.6.7.8,Sg:n:11:I:ht,Sg:n:12:b:ht|"
7049,7049,"C1=C2C=C(SC2=CC(=C1C=O)S)O.CC=NC(=NC)OC |$;;;;X2;;;;G2;;;;;;;;;;;;$,m:13:2.1.5.4.3|"
7050,7050,"CCC(C)OC1=C(C=C(C=C1)CO)Cl.CC=NN(C)N(C)C |$;;;;L9;;;;;;B4;;;;;;;;;;;$,m:14:5.10.9.8.7.6|"
7051,7051,CCC(C)(C(C1=CN(N=C1)C)O)O |$;;;;;;;;;;B3;;$|
7052,7052,"CC(C)(C)C#C[Se]CCCO |$;;;;;;W;K;W;;$,Sg:n:8,9:o:ht|"
7053,7053,C1CCC2=CC(=C(C=C2CC1)O)N=O |$;;;;;;;;;;;;U9;E7$|
7054,7054,"CCOCCCN1C2=C(C=CC(=C2)C)N=C1SCC(=O)O |$;;;;;;;;;;;;Y;M7;;;;;;;$,Sg:n:12:I:ht,Sg:n:15:z:ht|"
7055,7055,"CCCCCC1=C(C2=C(N1)C=CC(=C2)O)C(=O)OCC.CC |$;;;;;;D;K9;;;;;;;;;M8;;;;;R$,m:20:5.6.7.8.9|"
7056,7056,"C1CC=C(C1)C(=O)NCC2CCCC2O.CC |$;;;;L0;;;;;;;;;E;;;E$,m:15:0.1.2.3.4,Sg:n:13:d:ht,Sg:n:1:V:ht|"
7057,7057,"CN1C(=O)C2(CC3C4C(CC=C3C(C2(C1=O)Cl)C5=CC=C(C6=CC=CC=C56)O)C(=O)NC4=O)Cl.CC.CC |$;;;;;;;;;V;;;;;;;;;Y0;;;;;;;;;;T;W;B;;;;;R7;;X$,m:34:18.19.20.21.26.17,m:36:22.23.24.25.26.21|"
7058,7058,COC1=C(C(=CC(=C1)O)F)C(=O)NN |$;;U;M;;;;;;;U4;;;$|
7059,7059,"CC(C)(N1CC(C1)(CO)CO)S |$;Z2;;;;;;;;;;A$,Sg:n:9:Z:ht,Sg:n:9:z:ht|"
7060,7060,"CC(C)(CNCC(CO)O)C1=CNC=C1.CC |$;;;;;B;;;;;;;M7;;;;Q0$,m:15:10.11.12.13.14|"
7061,7061,CC(C)C(C1=CC(=CC(=C1)Cl)Cl)O |$;;M1;;;;;;;;;;$|
7062,7062,"CSC1=C(C=C(C=C1)CCCO)Br |$;;;;;;U;;;U0;;;$,Sg:n:8,9,10:C:ht|"
7063,7063,"CC1=NC=C(N1CC(CN2CCOCC2)O)[N+](=O)[O-].CC.CSN(C)SC |$;;;;;;;;X2;;;;;;J9;;;;;;K;;;;;;$,m:19:1.2.3.4.5,m:21:10.11.12.13.14.9,Sg:n:12:M:ht,Sg:n:8:n:ht|"
7064,7064,"CC1=C(SC2C1C(=NC(=O)N2)N)C(=O)O.CN(N)C(=S)S |$;;;;;;;;;;;;;;;;;;;;$,m:15:1.2.3.4.5|"
7065,7065,CC1C(CCO1)(C)NC(=O)C2=C(C=CC(=C2)Br)O |$;;W6;;;;;;;;;;;;;;;$|
7066,7066,"CC(=O)C1=CN(C=C1)CCCCCO.CC |$;;T;;;;;;;;;;;;;X$,m:14:3.4.5.6.7,Sg:n:8:a:ht,Sg:n:7:L:ht,Sg:n:9,10:T:ht|"
7067,7067,CC(C)(C)C(=O)C(CC1=CN=CC=C1)O |$;;;;;;;;;;;;B;;$|
7068,7068,"C1CCC(CC1)C[C@@H](C(=O)O)N.CSC(=O)SC |$;;;;;;;;;;;J2;;;;;;$,m:12:0.5.4.3.2.1,Sg:n:0:p:ht|"
7069,7069,"CC(C)[C@@H](C(=O)N[C@@H](CC(=O)O)C(=O)N1CCC[C@@H]1C(=O)O)N.CN=C(N)N(C)SC |$;;;;;;;;;;;B6;;;;;;;;;;;;;;;;;;;$,m:23:14.15.16.17.18|"
7070,7070,"C1=CC=C(C=C1)C2=CC(=CC=C2)O.CC(=O)C(=O)N(C)C.CC |$A0;;;;;;X;E;;;J6;;;;;;;;;;;;R$,m:13:0.5.4.3.2.1,m:21:7.8.9.10.11.6|"
7071,7071,"C[C@@H](C1=CC=CC=C1)[C@@](O)(OC)OCC2=CC=CC=C2.CC=C=N |$;;E;G8;;;;;U0;;;;;;;;;;;;;;;$,m:20:15.16.17.18.19.14|"
7072,7072,"CC(C)(C)N(C1=CC=CC=C1)C(=O)CO.COC(=O)NN |$;;;;X2;;;;;;;;;;;;;;;;$,m:15:5.10.9.8.7.6|"
7073,7073,CC(C)OC1=C([C@](C1=O)(C2=CCC([C@@H]2OC)(C)C)O)OC(C)C |$;;;;;;;;;;;T6;;J;;;;;;;;;G$|
7074,7074,CC(C)(C)C(CC1=CC=CC=C1)(C(C)(C)C)O |$;;;;;;;;W0;E5;;;;;;;Q3$|
7075,7075,CC1=C(C=C(C=C1)NC/C(=C\C(=O)O)/C)Cl |$;;;;;;;V6;;;;;;;;$|
7076,7076,"C1CC(C(C1)(CCC2=NNN=N2)O)O.CC.CN=C(C)O |$;;;;;;;G9;;;;;;;;A6;;;;;$,m:14:0.1.2.3.4,m:16:8.7.11.10.9,Sg:n:5,6:W:ht|"
7077,7077,CC1(O[C@H]2CC(O[C@H]2O1)CO)C |$;;;;;;;;;;;G5$|
7078,7078,"CCN(CC1=C(C=CC(=C1)F)C)C(C)(C)C(=O)O.CN=P |$;;;;;;;;;;;;;;;;M0;;;;$,m:18:4.9.8.7.6.5|"
7079,7079,"CC(=NCCC(=O)O)C1=CC=CO1.CC |$;;;;;;T6;;;;;;;;R39$,m:13:8.9.10.11.12,Sg:n:3,4:b:ht|"
7080,7080,"CCCC1=C(N=CN=C1NCC2(CC2)CCO)NCC.CC |$;;;;;G;;;;;G6;;;;;;;;;A9;;R64$,m:20:3.8.7.6.5.4,Sg:n:0:m:ht,Sg:n:1,2:N:ht|"
7081,7081,"C=CC1=CC=C(C=C1)OCC(=C)O |$;X4;;;;;;;;;;;$,Sg:n:8:z:ht|"
7082,7082,"CC1=COC(=C1)C(C)(CCCC(=O)O)C(=O)O |$;;;;;;;;;;;W5;;;T2;;$,Sg:n:2:Y:ht,Sg:n:8,9,10:p:ht|"
7083,7083,C1(=C(SN=C1C(=O)O)C(=O)O)N |$;;;;;;;B9;;;;$|
7084,7084,"CN1C2CCC1CC(C2)N3CC(C3)CC(=O)O.CC |$;;B4;;;;E9;;;;D;;Q;;;;;;Z$,m:17:1.2.3.4.5,Sg:n:5:o:ht,Sg:n:13:w:ht|"
7085,7085,"CC(C1=NN(C2=C1C=CC(=C2)C(=O)OC)C3=NC=C(C=N3)Br)O.CN(C)P(C)(C)=O.CN=C(NNC)SC.CC |$K;;;;;;X;V8;;;;;;;;;;;;E8;Q3;;;;;;;;;;;;;;;;;;;L5$,m:23:2.3.4.5.6,m:30:7.8.9.10.5.6,m:38:16.17.18.19.20.15|"
7086,7086,"CC1=CN(C(=O)NC1=O)[C@@H]2C[C@@H]([C@@]3(O2)CCC[C@@H]3O)O.CC.CC(C)(N)S |$D7;;;;M;;;;;;;;;;;;;;;;;R37;;;;;$,m:20:10.9.13.12.11,m:22:14.12.17.16.15|"
7087,7087,C/C=S(\C1=C(C=C(C=C1)O)Cl)/N(C)C |$Z2;;;L;;;;;;;;;;$|
7088,7088,"C1C=CC(CN1C(=O)C2=CC=CC=C2)O.CC=NNC(C)=S |$;;;;;;;;;A2;V9;;;;;;;;;;;$,m:15:9.10.11.12.13.8,Sg:n:7:O:ht|"
7089,7089,CC1=C(C(=NC=C1C(F)F)CO)C |$;;;;;;K;;;;;;$|
7090,7090,CSC1=CC=CC=C1OC2=C(C=C(C=C2)[N+](=O)[O-])C(=O)O |$;A0;;;;Y5;;G6;;;;;;V;;;;;K;;$|
7091,7091,C1CN([C@@H](COC1)C(=O)O)C(=O)OCC2=CC=CC=C2 |$;J;G1;;;;;;;;;;;;;;;;;$|
7092,7092,"CC(C1(CC(C(C2(C1(C(C(C(C2(C(C)(F)F)F)(F)F)(F)F)(CO)F)F)F)(C(C)(F)F)F)(F)F)F)(F)F.CC |$;;A;;T;G;;;;;;;;;;;;W5;;;;;E;Q;;;;;;;;;M0;;;;;K$,m:36:2.7.6.5.4.3,Sg:n:1:z:ht|"
7093,7093,"CC#CCC1(COCCC1=O)C(=O)O.CSC(=O)N=[N+]=[N-] |$;;;;K7;;;;;;;;;;;;;;;;$,m:14:4.9.8.7.6.5|"
7094,7094,"C1CC(C1)N(CCCC#N)CCO.CC |$;;;;;;;;;;;;;;R$,m:13:0.3.2.1,Sg:n:7:C:ht,Sg:n:5,6:y:ht|"
7095,7095,"C1CCC(CC1)(C(=S)CCCN)O.CN(N)N=O |$;;;;X;X;;;;;;W1;;;;;;$,m:13:0.5.4.3.2.1,Sg:n:8,9,10:b:ht|"
7096,7096,"CCCCC1=CC(=O)OC1(C)O.CC |$;;;A0;;;K4;;;;;M;;R$,m:12:4.5.6.8.9,Sg:n:2,3:n:ht|"
7097,7097,"CC(C)N1CCN(C[C@@H]1CCO)CC2CC2.CSC(SC)(SC)SC.CNSC |$;X;;;;;;;;W5;;;;T8;;;;;;;;;;;;;;;$,m:16:3.8.7.6.5.4,m:25:14.13.15,Sg:n:6:J:ht,Sg:n:9,10:g:ht|"
7098,7098,"C1[C@H](N(CS1)C(=O)C2=C(C=CC(=C2)C(F)(F)F)Br)C(=O)O.CC |$;;;;;;;;;;;;;;;;;;;;;;Y8$,m:21:8.9.10.11.12.7|"
7099,7099,C1CCC(C1)[C@@H]2C[C@@H](OC2)CO |$;;A5;;;;;;U0;;;$|
7100,7100,"C1CC1NC(=O)C(C2=CC=C(C=C2)F)OC(=O)C34CC5CC(C3)CC(C5)(C4)O.CN=NN=C(C)C.CN=C(SC)N(C)N.CC=NN(C)C(C)=N.CC.CNNC(=S)S |$;;;;;;;U8;;;;;;;;;;;;;;;;;;;;;;;;;;;;;;;;;;;;;;;;;;;;;G05;;;;;;$,m:28:8.9.10.11.12.7,m:35:18.19.20.21.22.17,m:43:18.19.25.24.26.17,m:51:20.21.23.24.25.19,m:53:22.17.26.24.23.21|"
7101,7101,"COC1=NC=C(C=C1)C(=O)N2CCCC[C@H]2C(=O)O.CC.CC |$;;;;;;;;;;;;;;;;;Q8;;;R90;;R7$,m:19:2.7.6.5.4.3,m:21:11.12.13.14.15.10,Sg:n:16:y:ht,Sg:n:6:A:ht|"
7102,7102,"C1=CC(=C(C=C1[C@H](CO)N)N)Br.CC |$;L6;;L3;;;A7;;;;;;;R96$,m:12:0.5.4.3.2.1|"
7103,7103,"CC(C)C1(C2C=COC2(O1)C(C3=CC=CC=C3)O)C(C)C.CC=P |$;;M;;;;T;;;;;;;;;;;;;;;;;$,m:21:5.4.8.7.6,Sg:n:9:A:ht|"
7104,7104,"C1=C(N2C(=CSC2=N1)CCC(=O)O)Br.CC |$;;;;;;;E;;;;;;;;R0$,m:14:3.2.6.5.4,Sg:n:8,9:o:ht|"
7105,7105,"CCN(CCO)[C@@H]1CNC[C@H]1O.COC(=O)C(=O)O |$;;;T3;;;V;M8;G;;;;;;;;;;$,m:12:6.7.8.9.10|"
7106,7106,"CCN1C=C(N(C1=S)CC2=CC=C(C=C2)F)O.CC |$;;;;;;;;;Q1;;;;;;;;;L71$,m:17:10.11.12.13.14.9|"
7107,7107,"CC(C)CC(CO)NC(=O)C1=C(C(=CC=C1)OC)OC.CSC(C)=S |$;;;;;G;;;;;;;;;;;;;;;;;;;$,m:20:10.15.14.13.12.11,Sg:n:15:P:ht|"
7108,7108,"CC1=CC=C(C=C1)[C@H]([C@H](C2=CC=C(C=C2)C)N[C@H](CO)C(C)C)N[C@H](CO)C(C)C |$;;;;;;;;;;;;;;;;;;;;;D7;;;;;;;;$,Sg:n:27:o:ht,Sg:n:20:g:ht|"
7109,7109,"C(C(C1C(=C(C(=O)O1)O)O)O)O.COC(=O)N(C)S(C)(=O)=O |$;;;E2;;;;Y2;;;;;;;;;;;;;;$,m:12:2.3.4.5.7|"
7110,7110,"CC(C)CN(CC1=CC(=CC(=C1)F)O)C(C)C.CSOO |$;;;;;;;;;;;;;M;;;;;;;$,m:17:6.11.10.9.8.7|"
7111,7111,"CC(C1=C(C=CC(=C1)O)O)NC2=CC(=CC=C2)S(=O)(=O)C.CB(N)O |$;;;Y5;;;;;;;;;;;;;;;;;;;;;$,m:21:12.13.14.15.16.11|"
7112,7112,"CCCC1(CN(C1)CCC(=O)N)O |$;;;;;;;;;;;;$,Sg:n:1:Z:ht,Sg:n:7,8:f:ht|"
7113,7113,"CC(C)(CCN1CCCC(C1)OC)O.CC |$;;;;;;;;;;;;;;;E32$,m:14:5.10.9.8.7.6,Sg:n:3,4:D:ht|"
7114,7114,CC(C)[C@@H]1C(=N[C@H](C(=N1)OC)C[C@@]2([C@](C2(C)C)(CBr)O)O)OC |$;;Y6;;;;;;;;;;;;;T3;;;;;;K;$|
7115,7115,"CC(CSC(=S)N1CCCC1=O)C(=O)O.COPOC |$T5;;;;;;;;;;;;;;;;;;;$,m:15:6.7.8.9.10|"
7116,7116,"CC(C)CCCN1C=CC(=C1)C(C)O.CC |$;;K3;;;;;;;;;;W5;;;R$,m:14:6.7.8.9.10,Sg:n:4,5:J:ht|"
7117,7117,"CCN(C1=CC=CC=C1F)C(=O)N2CSC[C@H]2C(=O)O.CC(=O)C#N.CC |$;;;;;;;;;;;;;;;;;;;;;;;;;;R8$,m:20:4.5.6.7.8.3,m:25:13.12.16.15.14|"
7118,7118,CN1C(=CN=C1CN2CCCC2C(=O)O)Cl |$;;;;;;;;;;;;E;;;$|
7119,7119,"CC(=O)OCOC1=CC=CC=C1C(=O)O.CSC(=S)N(C)N |$;;J;;Z3;M2;;;;K0;;;;;;;;;;;;$,m:15:6.11.10.9.8.7,Sg:n:2:A:ht|"
7120,7120,CC1CCC(C1)CC(=O)O |$;;;;X3;;;;;$|
7121,7121,CCC(CC)(CNC(=O)C1=C(C=CC=C1Br)F)CO |$;;;;;;;;;;;;;K;;;;;$|
7122,7122,"CN1CC2CC(C1)CC(C2)C(=O)O |$;;;;;;;Q;;;;;$,Sg:n:9:b:ht|"
7123,7123,"COC(=O)[C@H](CCCC=C)NC(=O)CO |$;;;;;;;D6;;;;;;;$,Sg:n:12:n:ht,Sg:n:7:j:ht,Sg:n:1:x:ht,Sg:n:6,7:n:ht|"
7124,7124,"C1=CC(=NC(=C1[N+](=O)[O-])NCCO)NN |$;;T3;;;;;;;;;;;;$,Sg:n:10,11:R:ht|"
7125,7125,CC1=C(C=C(C=C1)C(=O)NCC(C)(C2=CC=C(O2)C)O)O |$;;;;;;;;;;;;;E;;;;;;;$|
7126,7126,"CC(CO)C(=C=CC=C=C(C)C)C |$;;A;;;;;;;X;;;$,Sg:n:8:H:ht|"
7127,7127,C[C@H]1C[C@](CC[C@@H]1O)(C)/C=C/C(C)(C)C |$;;;U7;;;;;;;;;;;$|
7128,7128,"C1CC2=C(C=CC(=C2)O)C3(C1N)CCOCC3 |$;;A9;;;;;;;X1;;;;;X;;G2$,Sg:n:6:z:ht|"
7129,7129,"CCCNC(C#N)C1=CC(=C(C(=C1)Br)O)OC.CC |$;;;;;;;;E8;;;;;;;U;;;Q$,m:17:7.12.11.10.9.8|"
7130,7130,"C1=CC=C(C=C1)[C@@H](CC#N)C(=O)O.CC |$;;;Y4;;;;;;;;;Y5;;Q5$,m:13:0.5.4.3.2.1|"
7131,7131,CCS(=O)(=O)N1C[C@H]([C@@H](C1)C(F)(F)F)C(=O)O |$;;;;A;;;;Y2;;;;;;;Q8;$|
7132,7132,"CC1=CSC=C1CN2C(=NC3=C(C=CC=C32)C(=O)O)C.CC.CC |$;;;;;;;;;;;;V6;;;;;;;V;;M;;R9$,m:20:1.2.3.4.5,m:22:8.7.15.10.9|"
7133,7133,"CCC1COCCN1CC2=CC(=C(C(=C2)F)O)F.CC(=S)N(C)N(C)C |$;;;;;;;;;;;G;;;;;;;;;;;;;;$,m:18:10.11.12.13.14.9,Sg:n:11:V:ht|"
7134,7134,"CON=C1CCC(CC1)NC(=O)O.CC |$;;;;;;;;;;;B;;;R$,m:13:3.8.7.6.5.4|"
7135,7135,CC(CO)(COC(=O)NN=[N+]=[N-])CCl |$;;;;;;;;;K8;;;;$|
7136,7136,"CC1=CC=CC2=NC(=CN12)C(=O)N3CSCC3C(=O)O.CC |$;;;;;;;;;;;;;;Q;;;;;;;R$,m:20:6.5.9.8.7|"
7137,7137,CCC1=NN(C(=C1)CC(CC)(C(=O)O)C(=O)OCC)CC |$V3;;;;;;;;;;;;;;;;T4;;;Z1;$|
7138,7138,"C1=C(C=NC(=C1Br)SCC(CO)O)N |$;;;;;;;;V;;;X8;;$,Sg:n:3:W:ht|"
7139,7139,"CCOCCN[C@@H]1CO[C@@H]([C@@H]([C@H]1O)O)O.CC |$;Q;;;;;D;J3;;;Y;;;;;;R$,m:15:6.11.10.9.8.7,Sg:n:4:t:ht,Sg:n:3,4:X:ht|"
7140,7140,"C1CCC(CC1)C2=NN3C=C(C=NC3=C2)O.CC.C[Sn] |$;;;;;;;;;;;;;;;;;Q;;$,m:16:7.6.14.13.8,m:18:9.10.11.12.13.8,Sg:n:8:x:ht|"
7141,7141,"C1CCC(C(C1)NC(=O)C2CNC3=CC=CC=C3O2)O.CC.COP(N)OC |$;;;X;;;;;;;;L9;;;;;;;;;;E;;;;;;$,m:20:10.11.12.17.18.9,m:22:13.14.15.16.17.12,Sg:n:1:K:ht,Sg:n:5:d:ht|"
7142,7142,"CC1([C@@H](N2[C@H](S1)[C@@](C2=O)(F)Br)C(=O)O)C.CNC(C)=NSC.CC |$;;;;;;;;;;Q9;;;;;;;;;;;;;M$,m:15:1.2.3.4.5,m:22:6.7.3.4,Sg:n:11:s:ht|"
7143,7143,CCC(CC)N1C(=C(C(=N1)C)C(C)C(=O)O)C |$;;;;;B4;;;;;;;;;;;$|
7144,7144,"CC(CC1=CSC=N1)(CO)C=C.CC |$;A6;;;K1;;;;;;;;;R57$,m:12:3.4.5.6.7|"
7145,7145,"CC1=C(C(=C(C=C1)C(C)C)O)N(CCNC(=O)C)CC(=O)O |$;;;;;;D;;;;T8;;;;;;;E;;;;$,Sg:n:12,13:m:ht|"
7146,7146,"C1=CC(=NC(=C1Cl)CSCCCO)NN |$;W;;;;M7;L;;;U;;;;;$,Sg:n:9,10,11:D:ht|"
7147,7147,"CCCC(C)N(C)C1CCC(C1)(CO)NCC |$;;;;;;;;;B;;;;;;;$,Sg:n:12:b:ht,Sg:n:0:J:ht|"
7148,7148,"CCC1=C(OC2=C1C=CC=C2Cl)C(=O)O.CC |$;;;;;Q4;;;;;;;;;A;;R$,m:15:2.3.4.5.6|"
7149,7149,"CCCN1C(=C(C=N1)CO)CC.CON=C(C)C |$;;U;;L;;;K;;;;;;;;;;$,m:12:3.4.5.6.7,Sg:n:10:E:ht|"
7150,7150,"C1=CC=C(C=C1)N(CCN2C=CN=C2)CC(=O)O.COC(O)(O)O.CNNN=C(C)C |$;;Y;;;;;;;;;;U;;;;;;;;;;;;;;;;;;$,m:18:0.5.4.3.2.1,m:24:10.9.13.12.11|"
7151,7151,"C1CSCCC1C2=C(C=C(C=C2)C(CN)O)Cl.CC=[NH+]C |$;A;;;;W;;;;;;;;;;;;;;;$,m:17:0.5.4.3.2.1,Sg:n:14:L:ht|"
7152,7152,"CN(CC1=CC(=CC=C1)Br)CC2(CCNCC2)O.CC(=O)S(C)(=O)=O |$;;;;;;;;;;;;;A;;U4;;;;;;;;;$,m:18:4.5.6.7.8.3|"
7153,7153,"COC1=CC=CC(=C1)C(C(=O)N)O.CNC(=O)O |$;;;;;;;;;B9;;G5;;;;;;$,m:13:2.7.6.5.4.3|"
7154,7154,"C1CCC(CC1)(C2=CC(=CC=C2)O)O.CB=CC |$;;;;;W;D1;;;;;;;;;;;$,m:14:0.5.4.3.2.1,Sg:n:3:m:ht|"
7155,7155,"C1=CC=C(C=C1)C(CNCCCO)C#N.CC |$;;;;;;;;;;;;;;;;L2$,m:15:0.5.4.3.2.1,Sg:n:0:B:ht|"
7156,7156,"C[C@]1(C[C@@H](C2[C@@H]([C@H]1C(=C)C=O)OC(=O)C2=C)O)C=C.CC |$;;;;;;Q;;;;;;;;;;;;;;X83$,m:19:1.6.5.4.3.2|"
7157,7157,CC1=CC(=C(C(=C1)C(CSC)O)OC)C |$;;J;;;;;;;;;;;;$|
7158,7158,CC1=C(C(=CC=C1)C(C2CCCO2)O)N |$;;;Z1;;;;;;;;;;;$|
7159,7159,"CSC1=CC(=C2C(=C1)C=C(S2)S)O.CC |$;;;;;A3;;;;;T4;;;;R$,m:13:8.6.5.10.9|"
7160,7160,"CCNC(C)(C)C(=O)N[C@H](CC(C)C)C(=O)O |$;;;;;;;;;;;;;M9;;;$,Sg:n:1:v:ht,Sg:n:4:V:ht|"
7161,7161,"CC(CC(CC(=O)C)CO)COC |$;;;;;;;;;;;Z;$,Sg:n:8:X:ht|"
7162,7162,"C1CC[C@@H]([C@@H]([C@H](C1)NI2C[I-]2)O)O.C[NH2+][O-] |$;;;;;;;;;;;;;;;$,m:13:9.8.10|"
7163,7163,"CCCS(=O)(=O)NC(CC1=CC=C(C=C1)O)C(=O)O.CC |$;;;;;;;;;;;;;D8;;V;;W0;;;R$,m:19:9.14.13.12.11.10,Sg:n:3:V:ht,Sg:n:1,2:z:ht|"
7164,7164,CCC1(C=CC=CC1C2=CC=CC=C2)O |$B;;Q;;;;;;;;;;;;$|
7165,7165,CCC1=NC(=CC(=C1)C(=O)O)OC2=C(C=C(C=C2)Cl)Cl |$M;;;;;;;;;;;;;;;B;;;;$|
7166,7166,"CC(C)C1=C(C(=C(C=C1)C(=O)O)C(=O)O)C(=O)O.CC |$;;;;U4;;;;;;;;;;;;;;;Z5$,m:18:3.8.7.6.5.4|"
7167,7167,CN(C)C(=O)OC1=CC(=CC(=C1)[C@H](CCl)O)OC(=O)N(C)C |$;Y4;;;;;;;;;;;;;;;M;;;W1;;$|
7168,7168,"C1=CC(=CC=C1CN2C=C(N=N2)/C=C\3/[C@@H]4N(C3=O)C(=CS4)C(=O)O)[N+](=O)[O-].CC |$;;;;;;;;;;;;;;;;Z3;;;;;Q1;;;;;;;U96$,m:27:18.15.14.20.19|"
7169,7169,"CCOC(C)(C(O)OC)OC1(C(C1(F)F)(OC)F)N=[N+]=[N-].CC |$;;;;;;;;;;;;;;;;;;;;;;R45$,m:21:10.11.12|"
7170,7170,"CC1=C(C=CC(=C1)O)C2CCCCCN2 |$;;;;;;Z6;;;;;;;;A6$,Sg:n:3:W:ht|"
7171,7171,"CN1C=CN=C1CNC(=O)C2C3CC(C2C(=O)O)C=C3.CN=C(C)ONC.CC |$;;;;;;G5;;;;;D;;;;B0;;;;;;;;;;;;;R49$,m:20:12.11.10.14.13,m:27:12.11.19.18.13,Sg:n:7:K:ht|"
7172,7172,"CC(C(=O)C1=CC(=C(C=C1)O)F)Br.CON(C)C(=O)N(C)C |$Z3;;;;;;;;;;;;;;;;;;;;;$,m:13:4.9.8.7.6.5|"
7173,7173,"C(CCCC(=O)O)CCC[NH-] |$;;;;;;;;;;$,Sg:n:7,8,9:b:ht|"
7174,7174,CC(C1(CN(C1)C(=O)O)O)[N+](=O)[O-] |$;;;;;;U2;;;;K;;$|
7175,7175,CCC(C)C(=O)NC[C@@H](C(=O)O)O |$;;;;;;;J;;;;;$|
7176,7176,"CC(=O)C(C(C1=CC=CC=C1)O)Br.CC |$;;;U;;;;;K;;;;;;R8$,m:13:5.10.9.8.7.6|"
7177,7177,"CC(C1CCN(CC1)C(=O)CCCl)O.COC=NO |$;U;;;;;;;;;;;;;;;;;$,m:14:2.7.6.5.4.3,Sg:n:8:i:ht,Sg:n:2:y:ht,Sg:n:10,11:P:ht|"
7178,7178,"C1CC2(CC(C1N=[N+]=[N-])O)OCCO2.CC.CC |$;;;;;;;;;;;;;;;R;;E46$,m:14:0.5.4.3.2.1,m:16:10.2.13.12.11|"
7179,7179,"CC(CCCO)NC(=O)C1=CC(=CN1)N |$;;;;;;;;;;;M4;;;$,Sg:n:6:t:ht,Sg:n:2,3:d:ht|"
7180,7180,"CC/C=C\CCN1C(C(SC1=O)(C)C)O |$;;V;;Z5;;;;;;;;;;$,Sg:n:4,5:m:ht|"
7181,7181,"C[C@]12CC[C@H]3[C@H]([C@@H]1CCC2=O)CCC4[C@@]3(CC(C(=O)C4)C(=O)O)C.CSN(C)SC.CC |$;;;;;K6;;;;T3;;J8;;;;;;;;;;;;;;;;;;;;R$,m:24:11.12.13.14.4.5,m:30:15.16.17.19.13.14|"
7182,7182,CC=COC(=O)CC(=O)O |$;;;L;;;;;;$|
7183,7183,"C1=CC=C(C(=C1)C(=O)OCC2=CC=C(C=C2)Cl)O.CSN(C)C.CC |$;J1;;;;V9;;;J6;;X;;;;;Z5;;;;;;;;;J97$,m:18:0.5.4.3.2.1,m:23:11.12.13.14.15.10|"
7184,7184,"CC1=CC=CC=C1C2=NOC(=N2)CN(C)CCC(=O)O.CC |$;;M7;;;;;;;;;;T3;;L;A5;;;;;;V39$,m:20:8.7.11.10.9,Sg:n:15,16:P:ht|"
7185,7185,"CC1=C(C=NC=C1)C2=C(C(=C3N2CCN(C3)C(=O)O)C(=O)O)Cl.CC |$;W3;A;;;;;;;;;;;;;;;M;;;;;;;E$,m:23:8.7.11.10.9|"
7186,7186,"CN1C(=NC(=C1Br)C2=CC=CC=N2)CCO.CC |$;;;;;;;;;;;;;;;;;R$,m:16:8.9.10.11.12.7,Sg:n:13:Y:ht,Sg:n:13,14:X:ht|"
7187,7187,"CC(CN1C=NC2=C(C1=O)CCNC2)O.CSNC(N)=O |$;;X0;;L;;;;;;;;;;;;;;;;$,m:15:3.8.7.6.5.4,Sg:n:11:j:ht,Sg:n:8:y:ht|"
7188,7188,"CC1=C(SC(=N1)S(=O)(=O)C)C(CO)N.CC |$;;Q6;;;;;;;;L;;;;;R$,m:14:1.2.3.4.5|"
7189,7189,"CCCCOC1=C(NC=CC1=O)C(=O)O |$;;;;;V;;;;;;;;;$,Sg:n:4:A:ht,Sg:n:9:J:ht,Sg:n:1,2,3:G:ht|"
7190,7190,"CN1CCC(CC1)(C2=CC=C(C=C2)Cl)C(=O)O.CC |$;;;;;;;M1;;;;;Z1;;;;;;R$,m:17:1.6.5.4.3.2|"
7191,7191,"C1CCO[C@@H](C1)CNCCCO.C=NOC |$;;;;;;;;;;;;;;;$,m:12:0.5.4.3.2.1,Sg:n:9,10:D:ht|"
7192,7192,"C1CCCCC(CCCC1)N2C3CC(CC2COC3)N4C=C(C5=CC=CC=C54)CC(=O)O.CN=C(N)N=C(C)C.CC(=O)C=O |$;;;L;;;;;Q;;;;;;;;;;;;;D;;;;;;;;;;;;;;;;;;;;;;;$,m:32:12.13.14.15.10.11,m:40:23.24.25.26.27.22,Sg:n:5:c:ht|"
7193,7193,"CC(C(=O)NN)N1CCCC(C1)CO.CN=C=O |$;;;;;;;;;;;;;;;;;$,m:14:6.11.10.9.8.7|"
7194,7194,"C1CCSC(C1)C2=NC(=C(C(=O)N2)I)O.CC |$;;;Y;;;;;;;;;;;M;;R01$,m:15:0.5.4.3.2.1,Sg:n:8:u:ht|"
7195,7195,CC(C)C(C)(CNCC(C)CO)O |$;Y3;;;;;;W;;;;;$|
7196,7196,"CN[C@H]1C[C@H](C[C@@H]1O)N=CN |$;B;;;;U5;;;;U2;$,Sg:n:2:C:ht|"
7197,7197,"C1CC(CNC1)CCCCCO.CN=NC(=S)NC |$;;;;;;;;;T;;;;;;;;;$,m:12:0.5.4.3.2.1,Sg:n:2:Z:ht,Sg:n:8:j:ht,Sg:n:11:T:ht|"
7198,7198,"CC(C)N1C(=CC(=N1)C(=O)O)C2=CC(=CC=C2)OC.CC |$;;;;;;;;;;;;;;;;L0;;M;;R0$,m:19:3.4.5.6.7|"
7199,7199,"C1=CC(=CC(=C1)I)CCCC(=O)O |$;;;;;;;;;;;;$,Sg:n:7,8,9:Q:ht|"
7200,7200,CCC(C#CCOC(=N)N)O |$;;M;;;;;;;J2;$|
7201,7201,"CC(C)(C)[C@@H](C(=O)NCC1(CC1)C(=O)O)N.CC(C)(N)S |$;;;;X5;;;;Z;;;;;;;;;;;;$,m:16:9.10.11|"
7202,7202,"C1=CC=C(C=C1)C(CC(=O)O)NCC2=CC=CC=N2.CC(C)=NN(C)N(C)C.CB=NC |$;K0;;J4;;;;;V;A9;;;;;L;;;;;;;;;;;;;;;;;$,m:19:0.5.4.3.2.1,m:28:14.15.16.17.18.13,Sg:n:14:j:ht|"
7203,7203,"CC1CCC(CC1)(C#N)C2(CCCCC2(C)C)O.CN=C(C)NSC.COP(C)(N)=O |$U;;;;;;;;T;;;;;;;;;;;;;;;;;;;;;;$,m:18:1.6.5.4.3.2,m:25:10.11.12.13.14.9|"
7204,7204,"C1=CC(=C(C=C1Cl)N)C2=NC(=C(C(=C2)N)Cl)OC(=O)O.CC.CSC(C)N(C)C |$;;;;;;;;;;Q;;;;;;;;;;;R;;;;;;;$,m:20:0.5.4.3.2.1,m:22:9.10.11.12.13.8|"
7205,7205,"CCC(CNC1CCCCC1)CO.CC |$;;;;;;;T7;L5;T;;;;;L$,m:13:5.10.9.8.7.6|"
7206,7206,"C=CC1=NN=CC(=C1)C(=O)O.CC |$L;W;;D;;;;M9;;;A8;;A$,m:11:2.7.6.5.4.3|"
7207,7207,"C1=CC2=NNC(=C2C(=C1)O)CCC(=O)O.CC |$;;;;;;;;;;;;;;;;R$,m:15:3.2.6.5.4|"
7208,7208,"CC(C)(CC(C1=CC(=CC=C1)Cl)O)OC.CC |$;Y9;;;;;;Q7;;;;;;;;;R3$,m:15:5.10.9.8.7.6|"
7209,7209,CNC(C(/C=C/SC=N)NO)O |$;T7;;T;;;L;;;;Y;$|
7210,7210,CC(CC1=CC(=CC=C1)C(F)(F)F)C(=O)N(C)CC(C)(C)O |$;;;;D2;X7;J9;;;;;;;;;;;;;;;$|
7211,7211,"CCCC1=NSC(=N1)CC(C(C)(C)C)O |$;;J;;;;;;;;;;;W;$,Sg:n:1,2:C:ht|"
7212,7212,"CC(C)(C)[Si](C)(C)O[C@H]1C[C@@H](O[C@@]1(CO)C#C)C2=CN=C3N2N=CN=C3N.CC |$;;;;;;;;;;;;;;;;;;;;;;;;;;;;U2$,m:27:8.9.10.11.12|"
7213,7213,"C1CCCN(CC1)C(C(=O)O)C(=O)O.COP(=O)(O)N(C)C |$;;;;;;;V5;;;;;;;;;;;;;;$,m:14:0.1.2.3.4.5.6,Sg:n:2:L:ht,Sg:n:12:N:ht|"
7214,7214,"CC(C)(C)NCCNCC(C(=O)N)O |$;;;;;;;;;;;;;$,Sg:n:11:G:ht,Sg:n:5,6:z:ht|"
7215,7215,"C1CC(C1)(CNC(=O)C2=CC=CC=C2CCN)O |$;;;;;;;;;;K6;;;;;;;$,Sg:n:14,15:V:ht|"
7216,7216,C[C@@H](C1=CC=C(C=C1)C(=O)O)NC(=O)C2=C3N(CCN3[O-])N=C2C(F)(F)F |$;;;;;;;;;;;;V;;;D8;;;;;;;;;;;$|
7217,7217,CCC(C=CC(=O)C)(C(C)O)O |$;;;;;;;L5;;;;$|
7218,7218,"CC1=C(SC=N1)C(=O)NCCO.CN=C=S |$;;;;A;;Y;;;;;;;;;$,m:12:1.2.3.4.5|"
7219,7219,"C1=CC(=CC(=C1)F)C2=CC(=O)C3=C(O2)C=CC(=C3)O.CC |$;;;;;;;;;;;;;;;;;;;;E3$,m:19:0.5.4.3.2.1|"
7220,7220,"CN(C)CCOCCCO |$;;;;;;;;;$,Sg:n:6,7,8:j:ht|"
7221,7221,CC(C)OC1=C(C=CC(=C1)O)CN |$;;;;E2;;;;;;;;$|
7222,7222,"CC(=O)NC(C)(C(=O)C1=CC=CC=C1)O.CC |$;;;;;;;;;;B;;;;;;Z$,m:15:8.13.12.11.10.9|"
7223,7223,"CC1=CC(=NC=C1Br)SCCC(=O)O |$;;;V1;T;;B1;;;;Z7;;T2;$,Sg:n:9:T:ht,Sg:n:9,10:Q:ht|"
7224,7224,"C[C@@H](CO)C(CCS(=O)(=O)O)N |$L;;;;;X4;;;;;;$,Sg:n:5,6:Q:ht|"
7225,7225,"C1CCC(CC1)C[C@H]([C@H](C(F)(F)F)O)[NH3+].CC |$;;;;;;;;Q;;;;;;;;R$,m:15:0.5.4.3.2.1,Sg:n:13:c:ht|"
7226,7226,"CC(C1=NC(=CC=C1)[I-]C)(C(F)(F)F)O.CN(C)C(=O)N(C)S |$;;Z6;;;;;;;W4;;;;;;;;;;;;;$,m:15:2.7.6.5.4.3|"
7227,7227,CC1=CC(=O)C=C(C1=O)SC(C)O |$;T;;;;;;;;;;;$|
7228,7228,"CC1=C(C=C(C(=O)N1)C(=O)NCCO)I |$;;;;;;;;;;;;;Y;K$,Sg:n:11,12:H:ht|"
7229,7229,CC1=C(C(=CC=C1)C(C2=C(C(=CC(=C2)Cl)Br)OC)O)C |$;;;;M;;;M;;;G2;;M9;;;;;;;L$|
7230,7230,"CC(C)(C)C1CN(C1)C2=CC(=CC(=C2)C(F)(F)F)C(=O)O |$;;;;;;;;W;;X1;B;;;;;B;;;;$,Sg:n:6:T:ht|"
7231,7231,"CC1=CC(=CC2=C1N([C@@H]3[C@H]2CN(CC3)C(=O)O)C(=O)O)N.CC |$;;;;Q1;;M;D7;;;;;;;;;;;;;;;M32$,m:21:10.11.12.13.8.9|"
7232,7232,"CC(C)N1CCC(C1)CC(C2=CC=CC=C2)(C3=CC=CC=C3)O.CONS(C)(=O)=O.CC |$;;;;;;V1;;;;;;;;;;;W7;;;;;;;;;;;;;;L2$,m:23:3.4.5.6.7,m:30:17.18.19.20.21.16|"
7233,7233,"COC1=CC(=C(C=C1C(CCC(=O)O)N)OC)SC |$M0;;;J5;;;;E;;V5;;M;;;;;;;$,Sg:n:9,10:e:ht|"
7234,7234,"CC1=NC=C(C(=C1O)C=O)COP(O)O.CN=C(C)N(C)OC |$;;;;;;;;Y;;K0;;;;;;;;;;;;$,m:15:1.6.5.4.3.2|"
7235,7235,"CC1=C(C=C(C=C1OC)Cl)CCO |$;;J;;;;;;;;;;$,Sg:n:2:p:ht,Sg:n:10,11:I:ht|"
7236,7236,"C1CSCCC1C2=NC=C(N2)CO.CC |$;;;;;;;;;;;;;;W63$,m:13:0.5.4.3.2.1,Sg:n:0:E:ht|"
7237,7237,"CC1(CC1)NC2=CC=CC=C2C(=O)O.COC(C)(C)SC.CC |$;;;;;;;M6;L;;;;;;;;;;;;;;E57$,m:14:2.1.3,m:21:6.7.8.9.10.5|"
7238,7238,C1=CC(=C(C=C1Cl)/C(=C\C(=O)O)/Cl)Cl |$Q;;;;;;;Y;;;;;K;$|
7239,7239,"C1C2=C(CO1)C=C(C=C2)C(C(=O)O)N.CC |$;T4;;;;;;;;;;;;;;R82$,m:14:0.1.2.3.4|"
7240,7240,CCCN(CCO)C(=O)CN |$;;;;;;M;;;;$|
7241,7241,"CC[C@@H](C)OC(=O)[C@H](CC(=O)O)O |$;;;;;;T;;;K;;;$,Sg:n:4:A:ht|"
7242,7242,"C[C@H]1[C@@H](C2=C([C@H](O1)C)C(=CC(=C2)OC)OC)O.CC.CC=NC |$;;;;;;;;;;;;;;;;;;L;;;;$,m:17:1.6.5.4.3.2,m:19:8.9.10.11.3.4|"
7243,7243,"CC1CCCCC1OCCC(C)O |$;;;;;;;;;;;;$,Sg:n:8,9:G:ht|"
7244,7244,"CCCC(C=CC(C)C=O)O |$;;;;M;;;;;;T$,Sg:n:1,2:p:ht|"
7245,7245,"CCC(CC1=NC(=CS1)C2=CNC=C2)C(=O)O.COC=S |$M5;;;;;;;Q;U;;;;;;;;Q;;;;$,m:17:4.5.6.7.8|"
7246,7246,"COCC(CCO)N1CC2(C1)CCCC2.C[N+](C)(C)[O-] |$;;D;;;;;;;;;U3;;;;;;;;$,m:15:7.10.9.8,Sg:n:0:H:ht|"
7247,7247,"C1CCC(NCC1)C(=O)N2C(CC3=CC=CC=C32)C(=O)O.COOC.CC |$;;;;;;G2;;;;;;;;K;;;;;;;;;;;;V31$,m:21:0.1.2.3.4.5.6,m:25:10.9.17.12.11|"
7248,7248,"CC1=CSC2=C1C=CC(=C2CO)O.CSC=O |$;;;;;;;;E3;K7;;D0;;;;;$,m:13:1.2.3.4.5|"
7249,7249,"CN1CCN2C(=C(N=C2C3CC3)C(=O)O)C1.CC |$;X;;;;;;;;;;;;;;;;R$,m:16:6.5.4.8.7|"
7250,7250,CCC1=CC2=C(C=C1)C(CC[C@H]2O)C |$A4;;;J;;;;G;;;;;;$|
7251,7251,"CC[C@H](C1=CC=CC=C1)NC(=O)C2=CC3=C(S2)N(N=C3NC(=O)C4=CC=CS4)C(=O)O.CC.CSN(C)O |$;;;;;;;;;;;;;;;;;;;;;A8;V;;;;;;;;;;K;;;;;$,m:31:17.15.14.19.18,m:33:24.23.27.26.25|"
7252,7252,"COCC1=NC2=C(C3=C(S2)C(=CC(=C3)CC4=CC=CC=C4)O)C(=O)N1CC5=CC6=C(C=C5)OCO6.CC.CC.CC.COS(C)=S |$;;;;;;;;;;;;;;;;;;;;;;;;;;;;;;;;;;;;R;;R;;R;;;;;$,m:35:9.8.7.6.5,m:37:10.11.12.13.7.8,m:39:16.17.18.19.20.15,m:41:32.29.28.34.33,Sg:n:33:j:ht|"
7253,7253,"C1=CC(=C(C(=C1)Cl)Cl)CC(C2=CC=C(C=C2)C(F)(F)F)O.CC |$;;;;;;;;;;;;;;;;;;;;;;L$,m:21:11.12.13.14.15.10|"
7254,7254,"CC(=NC1=C(C=CC(=C1)C2=CCN(CC2)[C@H]3CCCN(C3)CCC(=O)O)Cl)C4=C(C=C(C=C4)Cl)Cl.CC.CC |$;;;;;;;;;;;;;V;;;;Y;;;;;;;;;;;;;;;;;Y0;;G;;W35$,m:35:10.11.12.13.14.9,m:37:28.29.30.31.32.27|"
7255,7255,"CC(C)(CCO)NCCCOC1=CC2=C(C=C1)C(=NC=N2)NC3=CN(N=C3)CC(=O)NC4=C(C(=CC=C4)F)F |$;;;;;;;;;;;;;;Y;;;;;;;;;;T;G3;E;;;;;;;;;U3;;;$,Sg:n:30:t:ht|"
7256,7256,"CCCOC1=C(C(=NC(=C1C#N)SC(C=O)C2=CC=CC=C2)N3CCCN(CC3)CCO)C#N.CC |$;;;A2;;;;;T7;Q;;;;M;;J;;;;;;;;;;;;;;;;;;;;L$,m:34:4.9.8.7.6.5,Sg:n:13:K:ht,Sg:n:1,2:e:ht|"
7257,7257,"C1=CC(=CC=C1C(=O)NC(=O)CCCC(=O)O)NCC2=CN=C3C(=N2)C(=O)NC(=N3)N.COP(C)N.CC |$;;;;;;;;;;;;;;;U;W0;;;;;;;;;;;;;;;;;;;;;Q$,m:31:0.5.4.3.2.1,m:36:20.21.22.23.24.19,Sg:n:28:W:ht,Sg:n:11,12:W:ht|"
7258,7258,CC1=NC(=CS1)CC2=NOC(=N2)C3CC=CCC3C(=O)O |$;K5;;;;;;;;;;;;;M3;;;G;L0;Y8;$|
7259,7259,"CCOC(=O)[C@@H]1[C@@H]2CCC3([C@@H]1C(=O)N(C3C(=O)N(CC=C)C4CCCCC4)[C@H](CC5=CC=CC=C5)CO)O2.COC(=O)OC |$;;Y;;A8;;;;;;;;K;Z;;;;;;;;;;;;;;;;;;;;;;;;;;;;;;$,m:38:5.6.37.9.10|"
7260,7260,"C1CC1OC(=O)C2=C(/C(=C/C3=CC=CC=C3OCC#CC4(CCOCC4)O)/SC2=NC5=CC=CC=C5F)O.COOC(=O)OC |$;;;;;;;;;;;;;;;;;;;;;;;;;X0;;;;;;;U2;E2;;;;;;;;;;;$,m:38:0.1.2|"
7261,7261,"C[C@H](C(=O)NCC(=O)N[C@@H](CC1=CC=CC=C1)C(=O)N)NC(=O)[C@H](CC2=CC=C(C=C2)O)NC(=O)OC(C)(C)C.COC(=O)N=[N+]=[N-] |$;;;;;;;;A;;;;;;;;;;;;;;;;;;;;;;;;;;;;;;;X9;;;;;;;$,m:40:12.13.14.15.16.11,Sg:n:21:W:ht|"
7262,7262,"CCC(=O)N1CCC(C1)NC(=NCC(CC)(CC)CO)NCC.COC(=O)N=C(C)C |$;;;B9;;;;;G;;;;;;;;;;;Q6;T0;;;;;;;;;;$,m:23:4.5.6.7.8,Sg:n:14:h:ht,Sg:n:2:j:ht|"
7263,7263,C1=CC(=CC=C1C2=NC(=CC(=N2)OC(CO)C(=O)N)C(=O)N)OC3=CC=C(C=C3)C(F)(F)F |$;;;;;;G3;;;;;;;;;K4;;;J;D;;;;;;;M;;;;L;K1;$|
7264,7264,"COC1=CC=C(C=C1)/C=N/N=C/2\N(C(=O)C(S2)CC(=O)NC3=CC=CC=C3)C4=CC=C(C=C4)O.CC |$;;;;;;;;;Y;;K8;;;;;;;;;;;;;W;;;;;;;;;B;;R3$,m:34:22.23.24.25.26.21|"
7265,7265,"C1=CC=C2C(=C1)C(=CC(=O)N2)CC(C(=O)SCC3=CC=CC=N3)NC(C4=CC=C(C=C4)Cl)O.CC.CC |$;;;;;;;;;;;;;G5;;;;;;;;J;;;;M;;Z2;;;D1;;;;R;;W14$,m:33:0.5.4.3.2.1,m:35:18.19.20.21.22.17,Sg:n:23:V:ht|"
7266,7266,"CCC1=C(C=C(C=C1)OC2=CC=C(C=C2)OC(F)(F)F)C3=C(C(OC(C3=O)(C)C)(C)C)O.CN=C(NC)N(C)SC |$;;X1;;;;;;;;;Y9;;;;;;V6;;;;;W;;;;;;;;;;;;;;;;;;$,m:32:2.7.6.5.4.3|"
7267,7267,"CC1(CC2(CC(=C1C=C[C@@H]3C[C@H](CC(=O)O3)O)C4=CC=C(C=C4)F)C(=O)CCC2=O)C.CC.CC(S)C(N)=O |$;K6;U;;;;;;D;;;;;;;;;;;;;;;;;;;;;;;;R60;;;;;;$,m:31:18.19.20.21.22.17,m:33:24.3.28.27.26,Sg:n:0:r:ht,Sg:n:15:D:ht|"
7268,7268,"C1CN(CCC1C2=NOC3C2C=CC(=C3)F)CCCCCCO.COC(C)S.CC.CC |$;;;;;;;;;;;;;L7;;;;;;;M;;B0;;;;;;;U;;Z$,m:23:0.5.4.3.2.1,m:28:7.6.10.9.8,m:30:11.12.13.14.9.10,Sg:n:10:g:ht,Sg:n:5:A:ht,Sg:n:6:V:ht,Sg:n:19,20:z:ht|"
7269,7269,"CC1=C(C(=O)N(C(=C1C(=O)CCCN2C(=O)/C(=C/C3=CC=CC=C3)/SC2=S)O)CCC4=CC(=C(C=C4)OC)OC)C#N.CS(=O)(=O)NS(C)(=O)=O |$;;;;;;;;;;;;;;;;;;;;;;;;;;;;;;;;;;;;;;;;;;;;;;;;;;$,m:42:31.32.33.34.35.30,Sg:n:3:K:ht,Sg:n:29:D:ht,Sg:n:10,11,12:e:ht|"
7270,7270,"CC(C)(C)OC1CCN(CC1)C(=O)CC2(CCC2)C(=O)O.COP(C)(=S)SC.CC |$;;;;;;;;;;;;;;;;;;K3;;;;;;;;;;;V6$,m:21:5.10.9.8.7.6,m:28:15.16.17.14|"
7271,7271,"CC1CCC2=C(N1C(=O)C3=C(C=C(C=C3)O)O)C=CC(=C2)C4=C5C(=C(SC5=NC=N4)C)C.CN=C(C)C(C)=NC |$;;;G;;;;;;;;;;;;;;;;;;;;;;;;;;;;;;;;;;;;$,m:32:23.22.26.25.24|"
7272,7272,"C1CCN(C1)CC(C(C2=CC3=C(C(=C2)F)OCCO3)O)NC(=O)C4CCN(C4)C5=NC6=CC=CC=C6C=C5.CC(C)=O.CC.CC |$;Z;Z9;;W4;;;;;;;;;U6;;;;;;;;;;;;E;;;;;;;;;;;;;;;;;;R98;;K67$,m:38:0.1.2.3.4,m:42:24.23.27.26.25,m:44:29.30.35.36.37.28,Sg:n:26:A:ht,Sg:n:4:P:ht,Sg:n:1:D:ht,Sg:n:19:R:ht|"
7273,7273,"CC1C(C(=C(C=C1/C=C/C(=O)C2=CC=CC=C2O)C(C)(C)C(=O)OP)OC)C(C)(C)C.CC |$E;;;K;;;;;;;;;;;;;;;;;;;;;;;;;;;;;R$,m:31:12.13.14.15.16.11|"
7274,7274,"COC1=CC=CC(=C1)C2=CC=C(C=C2)[C@H](C(F)(F)F)OC3=NC(=NC(=C3)C4=CC=C(C=C4)C[C@H](C(=O)O)N)N.CC.CC |$;;;;;;;;T;;;;;;U3;;;;;U;;;;;W5;;;;;;;V;;;;;X;;;;R;;R$,m:39:21.22.23.24.25.20,m:41:27.28.29.30.31.26|"
7275,7275,"CCC(C(=O)N[C@@H](CC(=O)O)C(=O)COC1=C(C(=CC(=C1F)F)F)F)N2C=CC=C(C2=O)NC(=O)CC3=CC=CC=C3.CC.CC |$;;D5;;;;;;;;D;;;;;;;;;;;;;;;;;;;;;;;;E3;;;;;;;;;K;;K9$,m:42:26.27.28.29.30.25,m:44:37.38.39.40.41.36,Sg:n:25:a:ht|"
7276,7276,"COC1=CC2=C(C=CN=C2C=C1)[C@H](CC[C@@H]3CCN(C[C@@H]3CO)CC#CC4=CC(=CC(=C4)F)F)NO.CC |$D;;;T0;;;;Y6;B9;;;;;;;;;;U0;;;;;;;;;;;V5;;;X7;;;;;R$,m:36:6.7.8.9.4.5,Sg:n:10:V:ht,Sg:n:13,14:O:ht|"
7277,7277,"CN1C=CC2=C1C(=CC(=N2)C(=O)N[C@H]3CCCCC[C@@H]3O)CC4=CC=C(C=C4)C5=CSC=N5.CC.C[Sb].CC=NC(=O)N(C)C |$;;;;;;;;;;;;;;;;;;;;;;K;T;;;J7;Z0;;;G7;;;;R;;;;;;;;;;$,m:33:7.8.9.4.5.6,m:35:14.13.19.18.17.16.15,m:37:23.24.25.26.27.22|"
7278,7278,"C1COC1CN2C3=C(C=CC(=C3)C(=O)O)N=C2CN4CCC(=CC4)C5=NC(=CC=C5)OCC6=C(C=C(C=C6)Cl)F.CC.CNN(C)[N+](=O)[O-] |$;;;A;;;;;;;;L;;;U9;;;;;;;;Y;;;;;;;;;;;;;;;;;;;J31;;;;;;;$,m:40:19.20.21.22.23.18,m:42:33.34.35.36.37.32,Sg:n:32:G:ht|"
7279,7279,"C=CC1=CC=C(C=C1)CCCO[C@H]2[C@@H]([C@H]([C@@H]([C@H](O2)CO)O)O)O.CC(=S)N(C)N=C(C)C |$;;;;;;;;;;;;;;;;;;;;;;;;;;;;;;;$,m:23:2.7.6.5.4.3,Sg:n:7:E:ht,Sg:n:8,9:k:ht|"
7280,7280,"CC1=CC(=CC=C1)CCN(C)C(=O)CCCO |$;;;;;;;;;;;;;;;;Z$,Sg:n:13,14,15:w:ht|"
7281,7281,CC(COC1=CC(=C(C=C1)N2CCN(C[C@H]2C3=CC=C(C=C3)F)C[C@](C)(C4=CC=C(C=C4)F)O)Cl)O |$;;;;;;;;;;;;K7;;;;;;;G;;L;G3;;;E;;;;;Q2;;;;;$|
7282,7282,"CC(=C)[C@@H]1CC[C@]2(C1C3CCC4[C@]5(CCC(=C)[C@@](C5CC[C@]4([C@@]3(CC2)C)C)(C)CO)C)C(=O)O.CC(=NS(C)(=O)=O)N(C)C |$;;;;;;;;D;;;;;W3;;;B9;;V;;;;;;;;;;;;;;;;;;;;;;;;;$,m:34:13.14.15.17.18.12,Sg:n:13:I:ht|"
7283,7283,"CC(CCC(=O)O)CNC(=O)NCCC1=CCCCC1.CN(C)S(=O)(=O)O |$;;;;;;;;;;;;;Z7;;;;;;;;;;;;;$,m:20:14.19.18.17.16.15,Sg:n:2,3:g:ht|"
7284,7284,C[C@@H]1[C@@H](O[C@@H](O[C@@H]1C2=CC=C(C=C2)CO)C3=CC=C(C=C3)NC(=O)C(Cl)(Cl)Cl)CN(CC4=CC=CC=C4)CC5=CC=CC=C5 |$;;;;B6;;;;;;;;;;;;;;;;;D;;;;;;;;;;;;;;;;;;;;;;$|
7285,7285,CC1=CC(=C(C=C1Cl)CNC/C=C/C(=O)O)OC |$;;Q;;;;;;;;T2;;;;T0;;;$|
7286,7286,"CC1=CC(=C(C=C1/C(=C\2/C(N(C(=O)C2=O)C3=CC=CC(=C3)C(F)(F)F)C4=CC=C(C=C4)OC)/O)C(C)C)OC.CN=C(N)S(C)(=O)=O |$;;;;A6;;;;;;;;;;;;;;;;;J9;;;W3;;;;;V;;;;;;;W;;;;;;;;;;$,m:39:1.6.5.4.3.2|"
7287,7287,"Cc1ccc(S(=O)(=O)NC23CC(CO)(C2)C3)cc1-c1cnc(N)c(-c2ccncn2)n1.CN=NC(N)=NC.CC |$;;;;;;;;;;;;;;L;;;;;;;;;;;;;;;U3;;;;;;;;;;G8$,m:31:19.20.21.23.30.18,m:38:14.9.15.11,Sg:n:19:o:ht,Sg:n:12:R:ht|"
7288,7288,"C[C@H](CO)OC1=CC(=CC(=N1)N2CCOCC2)C(=C)/C(=C\C=C(/C)\NC(=O)C3=CC(=NC=C3)C(F)(F)F)/C.CC.CC |$;;;;;M;;;;;;;;;;;;;;;;;;;;;;;;;;;;;;;;;;R;;R9$,m:38:5.10.9.8.7.6,m:40:28.29.30.31.32.27,Sg:n:34:j:ht|"
7289,7289,"CC(C)CCC(=O)C1(C(C(C(C1=O)C(=O)C(C)C)O)CC=C(C)C)O.CS(=O)(=O)O |$;;L;;;;;;;;;;;;;;;Q;;;;;;E;;;;;;$,m:25:7.8.9.10.11|"
7290,7290,"CCCCC(C(=O)O)OC1=C(C=CC=C1OCC)CNC2=C(C=C(C=C2)Cl)C(=O)NC3=CC=C(C=C3)C(=N)N.CC |$;Y;Q;;;;W4;;;;;;;;;;;;;;;;;;;;;;;;;;;;;;;;;;R$,m:39:22.23.24.25.20.21,Sg:n:1,2,3:z:ht|"
7291,7291,"COC(=O)C1[C@H]([C@@H](C([C@@H](O1)OC2=C(C=C(C=C2)COS(=O)(=O)C)[N+](=O)[O-])O)O)O.CC.CC |$;;;;;;;;;;;;;;;;;;;;;;;;;;;;;;Q;;M52$,m:29:4.9.8.7.6.5,m:31:12.13.14.15.16.11|"
7292,7292,"CN1C(=O)C=CC(=N1)C(=O)N[C@@H](CCC(=O)OC)C(=O)O |$;;B;;;;;;;;;;;;;;;;;;$,Sg:n:12,13:P:ht|"
7293,7293,"CCCC1CCC(CC1)C(CC2=CC(=CC=C2)Br)O |$;;;;G;;;;;;;;;;;;;W7;$,Sg:n:1,2:J:ht|"
7294,7294,"CCOC1=C(C=C(C=C1)C2C(=C(C(=O)N2C3=NC(=C(S3)C(=O)OCC)C)O)C(=O)C4=CC=CO4)OCC.CC.CNN(C)N |$;;;;;;;;;;;;;;;A;;;;;A6;;;;;;;;E;;;;;;;K;;;R;;;;;$,m:37:16.15.19.18.17,m:39:30.29.33.32.31,Sg:n:19:Q:ht,Sg:n:12:h:ht|"
7295,7295,"CCOC(=O)CC(CC(=O)OCCO)C(=O)OCC |$T;;;;;;;;;;;;;;;;;;$,Sg:n:11,12:V:ht|"
7296,7296,"CCC(CO)N(CC1=CC(=CC=C1)OCC(=O)N)CC2=CC=CC=N2.CNSNC |$;;;;T6;;;;;;;;;;;;;;;;;;D;;;;;;;$,m:25:8.9.10.11.12.7,Sg:n:1:A:ht,Sg:n:22:E:ht,Sg:n:19:e:ht|"
7297,7297,"CN1CCCN(CC1)C[C@H]2CN(C[C@H]2CO)CC3=CC(=CS3)CN(C)C |$;;;;;;;;;Z;;;;;;;;;;X9;;;;;;$,Sg:n:3:D:ht,Sg:n:20:U:ht,Sg:n:10:n:ht|"
7298,7298,"CC(C)(C)N=C(/C(=C/C1=CC=C(C=C1)Cl)/O)OC(=O)CC2=CC=C(C=C2)Cl.CC.CN=C(NN=C(C)C)N(C)C |$;Q;L5;;L6;;;;;V;;;;;M8;;;;;;;;;;;;;;R06;;;;;;;;;;;$,m:27:9.10.11.12.13.8,m:29:21.22.23.24.25.20|"
7299,7299,"C1=CC(=CC=C1N)OC2=CC=C(C=C2)NC(=O)C3=CC(=C(C=C3C(=O)O)Cl)Cl.CNC(=O)N=C(C)C.CC=NN(C)NC |$;U8;;V2;;;;;;;;;;;;B;;;;E;;;;;;;T7;;;;;;;;;;;;;;;;$,m:28:0.5.4.3.2.1,m:36:9.10.11.12.13.8|"
7300,7300,"C1=CC=C(C=C1)CC(C(=O)NC(CC2=CC=CC=C2)C(=O)O)NC(=O)C(CC3=CN=CN3)NC(=O)C(CC4=CC=C(C=C4)O)N.CC |$;;;;;;;;;;;;;;;;;;;;;;X;;;;;;;;;;;;;;;;;;;;;;;;R$,m:45:14.15.16.17.18.13|"
7301,7301,"C1CC1CNC(=O)C2CSCN2C(=O)C3=CC(=CC=C3)C(=O)O.CON=C(C)C.CC.CC |$;;;;;;;;T;;;;;;;;Y3;D4;;;;;B;;;;;;;;R73;;U5$,m:23:0.1.2,m:29:8.7.11.10.9,m:31:15.16.17.18.19.14|"
7302,7302,"C1=CC=C2C(=C1)C(=CN2)CC(C(=O)NC(CC3=CC=C(C=C3)O)C(=O)O)NC(=O)CN.C[N+](C)(C)C |$;;;U;;;;;;U;;;;;;;;;;;;;;;;;;;;;;;;;;$,m:31:7.6.4.3.8,Sg:n:3:b:ht|"
7303,7303,"CC1=CC(=NO1)[C@@](C)(C#CC2=CC3=C(C=C2)OCCN4C3=NC(=C4C(=O)NCC5COC5)C(=O)N)O.CC.CN=C(NC)S(C)(=O)=O |$;;;;;;;;;;;;;;;;;;;;;;;;;;;;Y9;;;;;;V5;;;R46;;;;;;;;;$,m:36:1.2.3.4.5,m:38:29.30.31.28,Sg:n:23:y:ht|"
7304,7304,"CC(CCO)NC(=O)CN1N=C(N=N1)C2=CC=CO2.CC |$;L;;;;;;;;;;;;;;;;;;;R$,m:19:15.14.18.17.16,Sg:n:3:g:ht,Sg:n:2,3:Y:ht|"
7305,7305,"CCC(C)(C1CCN(CC1)C2=NC=C(C=C2C)NC(=O)C3=CN=C(S3)C4=CC=C(C=C4)Cl)O.CO.CC.CC.COSOC |$;;;;;;;;D;;;;;;;;;;;L1;;;;;;;;;;;;;;;;;Q;;A;;;;;$,m:33:4.9.8.7.6.5,m:35:11.12.13.14.15.10,m:37:21.20.24.23.22,m:39:26.27.28.29.30.25|"
7306,7306,"CC1=CC2=C(N=C1)N(C(=N2)CCCOC3=CC=CC=C3)CCC(=O)O.CC.CSP(C)C |$;;;;;;;;;;;;;;V;;;;;;;;;;;;R;;;;;$,m:25:1.6.5.4.3.2,m:27:7.4.3.9.8,Sg:n:10,11,12:a:ht|"
7307,7307,"C1CC(C1)(CC(=O)N2CCN(CC2)C(=O)C3=C(C=C(C=C3)F)F)C(=O)O.CC |$;;;;;;;;W;;;;;;;;;;;;;;;;;;;Y$,m:26:8.9.10.11.12.7,Sg:n:7:D:ht|"
7308,7308,"CC(=O)OC1=C(C2=C(C=C1)C=C(C=C2)C(C)(C)C)C3=C(C(=CC4=CC=CC=C43)C(=O)OC)O.CC.CN(C)ON(C)C |$;;;Y;;;T0;;;;Z7;;U;;;;;;;;;;;;;;;;;;;W8;;;E13;;;;;;;$,m:33:10.11.12.13.6.7,m:35:19.20.21.22.27.18|"
7309,7309,"CC(C)NC(C)(CCCCN(CC(F)(F)F)C1CC1)CO.CC |$;;;;V4;;;;;;;;;Z7;;X;;;;;;;J59$,m:21:16.17.18,Sg:n:17:R:ht,Sg:n:0:N:ht,Sg:n:7,8,9:O:ht|"
7310,7310,"C1CN(CCN(C1)C(CC#N)C2=CC=CC=C2)CCO.CC |$;;;;;;;;;;;;;;U2;;;;;;;G82$,m:20:0.1.2.3.4.5.6,Sg:n:14:g:ht,Sg:n:1:U:ht|"
7311,7311,"CC1=NC=C(C(=N1)C2CCCN(C2)C(=O)COC3=CC=CC=C3)CO.CC.CC |$;;;A0;;;;;;;;;;;;;;;;;;;;;;;R;;J99$,m:25:1.6.5.4.3.2,m:27:8.9.10.11.12.7|"
7312,7312,"COC1=CC(=C(C=C1)C(=O)C2=CC=CC=C2)OC3=NC=NC(=C3[N+](=O)[O-])N4CCC(CC4)C(=O)O.CC.CC |$;;X;;;;;;;;;;;V6;;;;;;;;;;;;Y;G6;;Z;;;;X0;;;;R55;;R$,m:35:2.7.6.5.4.3,m:37:11.12.13.14.15.10,Sg:n:11:U:ht|"
7313,7313,"C[C@H](/C=C\C(=C)C(=O)N1CC(C[C@H]1CCO/N=C(\C2=CC=C(C=C2)OC(F)(F)F)/N)O)Cl.CC |$;;E;;;;;;;;;;Z9;;;;;;;;;;;;;;;;;;;;;A2$,m:32:19.20.21.22.23.18,Sg:n:13:L:ht,Sg:n:13,14:H:ht|"
7314,7314,"CC(C)[C@H](CO)N1C(C23CC([C@@H](O2)[C@@H]([C@H]3C1=O)C(=O)OCC=C)Br)C(=O)N(CC=C)C(C)(C)CC(C)(C)C.CC.CC |$;;;;;;;;;;;;;;;;;;V4;;;;;B;;;X7;;;;;;D;;;;;X;;R4;;L$,m:38:6.7.8.14.15,m:40:12.11.13.14.8,Sg:n:23:x:ht|"
7315,7315,"C[C@]12CC[C@H]3[C@H]([C@@H]1CC[C@@H]2O)CCC4=CC(=C(C=C34)CNCCN(C)C)O.CC.CC |$;;;;;;;;;;;;;A;;;;;K1;;;;;;T3;;;;R;;R17$,m:27:2.3.4.5.6.1,m:29:11.12.13.18.4.5,Sg:n:20:a:ht,Sg:n:13:z:ht|"
7316,7316,CC(C)CC(CNC(=O)C1=CC=C(C=C1)S(=O)(=O)C)C(=O)O |$;;;;;;;;;;;G;;;;K1;;;;E;;B2$|
7317,7317,"C[C@H]1CC[C@H]([C@@H]([C@@H](OC(=O)/C=C\C=C\[C@H]([C@@H]2C[C@@H](/C=C\[C@@H]([C@@H]([C@H](C1)C)O)C)OC(O2)(C)C)C)[C@@H](C)/C=C\C=C)C)O.CNSN(C)C |$;;U8;;;;;;;;;;;Z0;;;;;;K;;;;;;;;;;;;G;;K;L;;;;;;;;;;;;$,m:41:1.23.22.21.20.19.18.17.16.15.14.13.12.11.10.8.7.6.5.4.3.2,Sg:n:6:M:ht,Sg:n:17:v:ht|"
7318,7318,"CC1=C(C=C(C=C1)NC(=O)C2=CC=C(C=C2)CN3CCN(CC3)C)NC4=NC(=CS4)C5=CN=C(C=C5)C(=O)O.CN(C)N.CC |$;;;;;;;;;;;;;;;;;;;U0;;;;;;;;;;;;;;;;;;;;;;;;;Q01$,m:39:18.19.20.21.22.17,m:43:26.25.29.28.27|"
7319,7319,"CCCCC/C=C/CCCCCCCCCC[N+](CCCCC(=O)O)(CCCCC(=O)O)CCCCC(=O)O |$;;;;;;;;;;;G;M4;;;;;;;;;;;J5;;G;;;;;;;;;;;;;$,Sg:n:18,19,20:V:ht|"
7320,7320,"C(C[C@@H](C(=O)O)N)CN=C(N)NC(CC(=O)O)C(=O)O |$;Z4;;;;;Z3;;;;;Q;;;;;;;;$,Sg:n:1,0:w:ht|"
7321,7321,"C[C@H]1CC(=O)NC(=N1)SCC(=O)NCCO.CC |$;;;;;;;;;;;;;;;;;R$,m:16:1.7.6.5.3.2,Sg:n:14:c:ht|"
7322,7322,"CN1C=CC2=CC(=CC(=C21)CN3C4=CC=CC=C4N(C3=O)CCCCCC(=O)O)Cl.CC.COC(=S)SC |$;;;;;;;V;;;;;;;;;Y;;;;;W;;;;;M7;;;M6;;G;;;;;;$,m:30:1.2.3.4.9,m:32:18.17.12.11.19,Sg:n:18:A:ht,Sg:n:21,22,23:n:ht|"
7323,7323,"CCN1C(=O)C2CCCN2C13CC(N(C3)C(=O)C(C(C)(C)C)NC(=O)C(C4CCCCC4)NC(=O)C5=NC=CN=C5)C(=O)O.CN=C(C)N(C)C(C)=NC.CNP(=O)(OC)N(C)C.CC |$;;;;;;;L;;;;;;;;;;;;;;;;;;;;;;;;;;;;;Q1;;Y;;;;;;;;;;;;;;;;;;;;;;;;;;L$,m:44:2.3.5.9.10,m:54:27.28.29.30.31.26,m:63:36.37.38.39.40.35|"
7324,7324,"CC(=C)COC(=O)[C@@H]([C@H]([C@@H]([C@@H](CO)O)O)O)O |$;;;;;J;;;;;;;;;;;$,Sg:n:5:L:ht|"
7325,7325,"COC1=CC(=C(C(=C1)Br)O)/C=N\N2C(=O)[C@H]3[C@@H]4CC[C@@H]([C@@H]3C2=O)C=C4.CC.CC.CN=C(NC)NN |$;M0;;;;;;;;;U6;;;;;;;;A;;;;;;;;R;;R;;;;;;;$,m:25:13.12.21.20.15,m:27:17.18.19.23.24.16,m:29:23.24.16.15.20.19|"
7326,7326,"CCCCOC1=C(C=C(C=C1)[C@@H]2C(=C(C3=CC=C(C=C3)OCCC)O)C(=O)C(=O)N2CCCN(CC)CC)OC.CC |$;;;;;W;;;;U;;T;;;;;;;;;;;;;;;;;;;;;J4;;;D6;;;;;;Q$,m:40:15.16.17.18.19.14,Sg:n:38:v:ht,Sg:n:30,31,32:M:ht|"
7327,7327,"CCOC1=CC=C(C=C1)C(=C2C(=O)C(=O)N([C@]23C4=CC=CC=C4N(C3=O)C)CCCOC)O.CC |$;;;;;;;;;;;;;;Q;;;;;;;;;;;;;;;;;;;;W$,m:33:11.10.16.15.13,Sg:n:0:a:ht,Sg:n:27,28:m:ht|"
7328,7328,"CC1=C(C=C(C=C1)OC(=O)C2=CC=CC=C2CC(=O)NC3[C@@H]4N(C3=O)C(C(S4)(C)C)C(=O)O)C.CNN(C)O |$;;;;;;;;;;;;;;;;;;;;;;;G;;;;D3;;;;;Z;;;;;;$,m:34:25.22.21.27.26|"
7329,7329,"CC(C)(CCN(C)C(=O)C[C@]1(C2=CC=CC=C2N(C1=O)C)CC3=CC=CC=C3)O.CN=C(C)C=S.CC |$;;;;Q4;;;;;;;B;U;;;;;;;;;;;;;;;Q8;;;;;;;;;J$,m:29:12.13.14.15.16.11,m:35:23.24.25.26.27.22|"
7330,7330,"CC(C)(CC1=CC2=CC=CC=C2C=C1)NC[C@H](COC3=C(C=C(C=C3)N(CC4=CC=CC=C4)C(=O)N5CCOCC5)C#N)O.CC.CC=NN(C)C(=O)OC |$;;;;;;V;;;;;;;;;;;;;;;;;;;;;K;;;;;;;;;;;A;;;;;;;R;;;;;;;;;$,m:44:28.29.30.31.32.27,m:46:36.37.38.39.40.35,Sg:n:35:v:ht|"
7331,7331,"CC1=NC2=CC(=CC(=C2S1)C(=CN)C=N)C3=CN=C(N=C3)N4CCC(CC4)(C)C(=O)O.CC |$;;Y;;;;;;;;;;;;;;K3;;;;J3;K;;;;;;;;;;;M$,m:31:1.2.3.8.9|"
7332,7332,"CCN1C(C(=NC2=CN=C(N=C21)N[C@@H]3CCCC[C@@H]3NC(=O)C=C)C4=C(C(=CC(=C4Cl)OC)OC)Cl)O.CC.COC(C)OC.CC |$;;;;;;;;;;A8;;D;;B8;;;;;;;;;;A;;;;;;;;;;;;;;R;;;;;;;;R99$,m:37:2.11.6.5.4.3,m:39:7.8.9.10.11.6,m:45:14.15.16.17.18.13,Sg:n:0:r:ht|"
7333,7333,"CC(C)(C(=O)O)SCCOCCOC |$;;;;;;;;X;;;;;$,Sg:n:5:Z:ht,Sg:n:7,8:a:ht|"
7334,7334,"CCOC(=O)CN1C2=CC=CC=C2C(=C1O)N=NC(=O)COC3=CC=C(C=C3)Br.CS(=N)(=O)O.CSC=O.CC |$;;;;;W;;A;;;;;;;;;;;;;K5;;W;;;;V;Z2;;;;;;;;;;;;J$,m:29:6.7.12.13.14,m:34:8.9.10.11.12.7,m:38:23.24.25.26.27.22|"
7335,7335,"COC1=C(C(=CC(=C1)C=NNC(=O)[C@@H]2CCCN2S(=O)(=O)C3=CC=C(C=C3)Cl)Br)O.CN=CNNC |$;;;;;;;;;;;;;;;;;A5;;;;;;;;U;;;;;;;;;;$,m:30:2.7.6.5.4.3,Sg:n:15:L:ht|"
7336,7336,CC1=C(C(=CC=C1)C(C(=O)NC(C)C)N(CC#N)C(=O)C(CC(C)C)NC(=O)OC(C)(C)C)O |$;W;;;;;;;;;;;;;;;;;;;;;;;;;;;;;;;;$|
7337,7337,"C1=CC(=CC(=C1)S(=O)(=O)N)CNC2=CC(=NC=N2)NC3=CC(=C(C(=C3)Cl)O)Cl.CN=C(C)C(C)=N.CSC(=O)N(C)N(C)C |$;;;;;J2;;;;;;D1;;;;;;;;;;;;;;;B;Y;;;;;;;;;;;;;;;;$,m:28:0.5.4.3.2.1,m:35:20.21.22.23.24.19|"
7338,7338,"CC(C)OC1=CC(=CC(=C1)C(=O)O)C2=NOC(=N2)C34CCC(CC3)(CC4)OCC5=C(NN=C5C6=C(C=NC=C6Cl)Cl)C7CC7.CC.CC |$;;;;;;;;;;;;;;;;;;;;;;;;K8;;;V;;;;;;;X;;;;;;;V6;;;;G5;;R$,m:44:14.13.17.16.15,m:46:4.9.8.7.6.5|"
7339,7339,"COC1=C(C=C(C=C1)Cl)OC(=O)C2=CC3=CC=CC=C3C=C2O.C=NN(C)C=NC.CO |$;;;;;;;;;;;;;;;;;;;;;;;;;;;;;;;$,m:23:2.7.6.5.4.3,m:30:13.14.19.20.21.12|"
7340,7340,"CCC(C(=O)O)N(CC1=CC=C(C=C1)OCCN2C(=CC=C2C3=CC(=CC=C3)SC)C)C(=O)OC4=CC=C(C=C4)OC.CC.CN=CN=C(C)C |$;;;;;;;;;;;;;T;;;;;;;;;;;;;J6;;;;;;;;;;;;;;;J;;R59;;;;;;;$,m:42:18.17.21.20.19,m:44:23.24.25.26.27.22,Sg:n:26:b:ht,Sg:n:34:k:ht,Sg:n:4:e:ht,Sg:n:15,16:c:ht|"
7341,7341,"CC(C)NCCCC(=O)NC(CO)C1=CC=CC=C1.CC=NN(C)C(=O)N(C)C |$;;M;;;;;;;;;;;;;;;;;;;;;;;;;;$,m:19:13.18.17.16.15.14,Sg:n:18:N:ht,Sg:n:5,6:i:ht|"
7342,7342,"CCCC(C(=O)O)OC1=C(C=C(C=C1)CC(C)N)OCC.CC |$;;;;;;;;;;;;;;;;;;;;;;T6$,m:21:8.13.12.11.10.9,Sg:n:1:e:ht,Sg:n:14:X:ht|"
7343,7343,"C([C@@H]1[C@H]([C@@H]([C@H]([C@@](O1)(N)OC2[C@H](O[C@H]([C@@H]([C@H]2O)N)OC3[C@H](O[C@H]([C@@H]([C@H]3O)N)O)CO)CO)N)O)O)O.CC.CPS |$;;;;;J7;;;;;;;;;;;;D4;;;;;L6;L0;;;;;;;;;;;;;R7;;;$,m:35:1.6.5.4.3.2,m:37:10.11.12.13.14.9|"
7344,7344,"C(CCC(=O)NCCCO)CCC(=O)O |$;;;;;;;;;;J2;;;;$,Sg:n:6:J:ht,Sg:n:2:Y:ht,Sg:n:0,10:J:ht|"
7345,7345,"CC1=CC=CC=C1NC2=NC3=C(O2)C=C(C=C3)N(C4=CC=C(C=C4)[C@H](CC(=O)O)C5=CC=CC=C5)C(=O)C.CN(C)SN(C)C.CC.CC |$;;;;;;;;;;;;;;;M;;;;;;;;;;;;;;Q0;T;;X;;;;;;;;;;;;;;Z;;E62$,m:38:1.6.5.4.3.2,m:45:9.8.12.11.10,m:47:30.31.32.33.34.29|"
7346,7346,C=CC(=O)COCC(COCC(=O)C=C)O |$;A4;;;;X1;;V;;;;;;;E;$|
7347,7347,"C1=CC=C2C(=C1)C=C(O2)C(=O)C3=C(C(=O)N(C3C4=CC=CS4)C5=NN=C(S5)SCC6=CC=CC=C6F)O.CNC.CC.CC |$;;;;;;;Q9;;;;;;;;;Q8;;;;;;;;;;;;;;;;;;;;;;;;;R;;R$,m:37:18.17.21.20.19,m:40:23.22.26.25.24,m:42:30.31.32.33.34.29|"
7348,7348,"C1CC1N2CCN(CC2)CC=CC(=O)O |$;;;;;;;;;G;;;;;A$,Sg:n:7:l:ht|"
7349,7349,"COC1=CC(=C(C=C1)[C@H](CC(=O)OC)C2=C(C=C(C3=C2OC(=C(C3=O)O)C4=CC(=C(C=C4)O)O)O)O)OC.CNNN=O.CNOOC.CC |$;;;;;;;;;;;;;;;;;W1;;;;L;;;;;;;;;;;;;;;;;;;;;;;;;;;;Q$,m:38:2.7.6.5.4.3,m:43:20.21.22.23.18.19,m:48:27.28.29.30.31.26,Sg:n:22:a:ht|"
7350,7350,"CCN(C(C)C)C(=O)NCCC[C@@H]1CCCC[C@@H]1O.CC |$;;;;J;;;;J4;;;;;;;;;;;;R4$,m:19:12.17.16.15.14.13,Sg:n:4:G:ht,Sg:n:9,10,11:G:ht|"
7351,7351,"CC1=CC=C(C=C1)C2=C(OC=C2)C(=O)NC3CCN(CC3)CCC4(CCCCC4)CC(=O)N(CC(=O)O)CC(=O)O.CSSO.CNS(C)(=N)=O |$;;;;;;;;;;;;;;Z5;;;;;;;;;;;;Q;;;;;;;;;;;D1;;;Y9;;;;;;;;;;$,m:41:9.8.7.11.10,m:45:24.25.26.27.28.23,Sg:n:14:t:ht,Sg:n:21,22:j:ht|"
7352,7352,"CCN(C1=C(C(=C(C=C1)C(CC(=O)O)C2=NC(=C(C=C2)C)CN3CC4(COC4)OC5=C(S3=O)C=CC=N5)C)N)N.CC.CN=CC(C)=O.CC=NN(C)C(=O)O |$;;E;Q;;;;;;;;;;;;;;;;;;;;;;;;;;;;;;;;;;;;L;;U8;;;;;;;;;;;;;;$,m:40:15.16.17.18.19.14,m:42:23.22.31.30.29.28.24,m:48:33.34.35.36.29.30,Sg:n:7:i:ht,Sg:n:26:o:ht|"
7353,7353,"CC(=O)N1[C@H](CCC2=C1C(=O)NC(=N2)N)CNC3=CC=C(C=C3)C(=O)NC(CCC(=O)O)C(=O)O.CN=C(N)N(C)S(C)(=O)=O |$;;;;;J5;;;;;;;;;;M;;;;;;;;;;;;;;W;;;;;;;;;;;;;;;$,m:35:9.11.12.13.7.8,Sg:n:4:l:ht,Sg:n:27,28:h:ht|"
7354,7354,"C1=CC=C(C=C1)C[C@@H](C(=O)O)N2C(=O)C3=CC=CC=C3NC2=O.CC.CC.CC(=N)N(C)C=N |$T;Q;;;;;;;;;;;;;;;;;;;;;;;R14;;R66;;;;;;;$,m:23:0.5.4.3.2.1,m:25:12.14.19.20.21.11,m:27:15.16.17.18.19.14|"
7355,7355,"CNC1CC([C@H](C(C1)O)O[C@@H]2CC([C@@H](C(O2)CNCCO)O)O)N.C=NN(C)N=C(C)C |$;E1;;;;;;;;;;;;B5;A;;;;;;;A9;X;;;;;;;;;$,m:24:11.12.13.14.15.10,Sg:n:9:W:ht,Sg:n:18,19:N:ht|"
7356,7356,"C1CCC(C1)CC(COC2=CC3=C(C=C2)C(=O)C4=C(S3)C=C(C=C4)OCC(CC5CCCC5)O)O.COC(=O)C(C)=N.CNSSC |$;;;;;;;;;;;;;;;;;;;;;Z;;E;;M3;;;;Y7;;;;;;;;;;;;;;;;;$,m:35:10.11.12.13.14.9,m:42:20.21.22.23.17.18,Sg:n:18:O:ht,Sg:n:25:g:ht|"
7357,7357,"C1=CC2=C(C=C(C=C2C=C1C(=O)C3=C(C=CC(=C3)C(=O)O)C(=O)O)S(=O)(=O)O)S(=O)(=O)O.CN=C(C)N=N.CC |$;;;;;;;;;;;;;M;;;;;;;B7;;;;;;;;;;;;;;;;;;;R7$,m:32:0.9.8.7.2.1,m:38:13.14.15.16.17.12|"
7358,7358,"CC[C@H](CC[C@@H](C)[C@H]1CCC2[C@@]1(CCC3C2CC=C4[C@@]3(CC=C(C4)OCCO)C)C)C(C)C.CC |$;;;;;;;;;;;B9;;;;;;;;;;;;;J;;;T3;;;;;V;;W$,m:33:7.8.9.10.11,Sg:n:2:u:ht|"
7359,7359,"C=CCOC1=C(C=CC(=C1C(=O)O)COC2=CC=C(C=C2)C3=CC(=C(C=C3)CC(=O)OCC=C)F)C(F)(F)F.CC.CC |$;;;;;;;;V3;;;;;;;;;;;;M0;;;;;;;;;;;;;;;;J;;;;A85;;R$,m:39:4.9.8.7.6.5,m:41:16.17.18.19.20.15|"
7360,7360,"CC(C)CCNS(=O)(=O)C1=CC(=C(C=C1)NCCOC)C(=O)O |$;;;;;;;L7;;;;;;D;;;;Q0;;;;;$,Sg:n:9:T:ht|"
7361,7361,"CC1=NC(=C2C(=CN(C2=N1)C3[C@@H](C[C@H](O3)COP(=O)(N[C@@H](C)C(=O)OC)OC4=CC=CC=C4)O)C(=O)NC)N.CONO.CC |$;;;;;M;;;;;;;;;T5;;;;;K;;;;;;L7;;;;;;;;;;;;;;;;;;;R$,m:39:1.9.8.4.3.2,m:43:5.4.8.7.6|"
7362,7362,"C1=CC=C(C(=C1)C2=C3C=C(C(=O)C=C3OC4=C2C=CC(=C4CNC5=CC=CC6=C5N=CC=C6)O)Cl)C(=O)O.CN=CS(C)(=O)=O.CC |$;;;;;;;B;;;;;;;;;;;;;;;;;;;;;;;;;;;D;;Q;;;;;;;;;;R36$,m:38:17.18.19.20.15.16,m:45:29.30.31.32.27.28|"
7363,7363,"CC1=CC(=NC=C1)C2=NC=CC(=C2)CCCC(=O)NCCNC(=O)CCC3=CN(C(=O)NC3=O)C4CC(C(O4)CO)O.CC(C)=NNC(N)=O.CC |$;;;;A;;;;;;;;;;;;;;;;;W5;;;;U;G;;;D9;;;;;;;V;;;M;;J5;;;;;;;;;;R9$,m:42:8.9.10.11.12.7,m:50:27.28.29.31.32.26,Sg:n:9:v:ht,Sg:n:13,14:w:ht|"
7364,7364,"C1C(=NC2=CC=C(C=C2)Cl)N(C(=N)C(=C3C1(C4=CC=CC=C4C3=O)O)C#N)C5=CC=C(C=C5)Cl.CC |$;;;;;;;;G6;;;;;;;;;;;;;;;;;;;;;;;;;E8;;R1$,m:34:17.18.19.20.21.16|"
7365,7365,"CC1=NC(=CC=C1)C2=NC(=C3C(=C2)C=CNC3=O)NC4=CC=C(C=C4)C5CCN(CC5)CC(C(F)(F)F)O.CC.CC.CC |$;V;;L7;;;;;;;;;;;;;;;;;;;;;V;;;;;;;A;;K;;;;;;G;;K;;R58$,m:38:1.6.5.4.3.2,m:40:13.14.15.16.10.11,m:42:26.27.28.29.30.25|"
7366,7366,"C1=CC=C(C=C1)C(CNC(=O)C2=NC=C(C=C2)Cl)O.COC(=O)NSC |$;;;;;;;;;;;;;;L;;;;;;;;;;;$,m:19:0.5.4.3.2.1|"
7367,7367,"CC1=C2C(=NC=N1)N(C=N2)[C@H]3[C@@H]([C@@H]([C@H](O3)/C=C/CNC(=O)C4=C(C(=CC(=C4)C5=CC=C(C=C5)F)O)O)O)O.CC |$;;;;;;;;B1;;Z;;;;;;;;;;;;;;;;;;;;;;;;;;;;;X66$,m:38:22.23.24.25.26.21|"
7368,7368,"CCCC(CNCC1=CC=CC=C1N2CCOCC2)O.CC |$;;;;;X6;;;;;;;;B4;;;;;;;;A0$,m:20:7.12.11.10.9.8,Sg:n:10:N:ht,Sg:n:1,2:d:ht|"
7369,7369,"CC(C)C1=NN(C(=C1CC[C@@H]2C[C@@H](CC(=O)O2)O)C3=CC=C(C=C3)F)C4=CC=CC=N4.CC.CC |$;;;;;;;;;;;;;;;;;;;;;;;;;A4;;;;;;;R4;;V39$,m:31:19.20.21.22.23.18,m:33:26.27.28.29.30.25|"
7370,7370,"CC1=NN=C(S1)N2[C@@H](C(=C(C3=CC=C(C=C3)Cl)O)C(=O)C2=O)C4=CC(=CC=C4)[N+](=O)[O-].CN(C)S(N)(=O)=O.CC.CC(=N)ON(C)C |$;;;;V6;;;;;;;;;;V;;;;;;;;;;;;A;;;A;;;;;;;;;;R55;;;;;;;$,m:31:1.2.3.4.5,m:38:11.12.13.14.15.10,m:40:18.8.7.6.20|"
7371,7371,"C1=CC=C2C(=C1)N=C(O2)C(=CNC(CO)(CO)CO)C=O.C=NC(C)=NN(C)C.CC |$;Z;;A;;V8;;;;;;;;;;;;;;;;;;;;;;;;;V$,m:21:0.5.4.3.2.1,m:29:6.4.3.8.7|"
7372,7372,"C1CC2=C(C1O)C=CC=C2OCC3=CC=C(S3)Br.CN=S(C)N.CC |$;;T;;;;;;;;U;;;;;;;;;;;;;;Z45$,m:18:0.1.2.3.4,m:23:6.7.8.9.2.3|"
7373,7373,"CN(C)C(=O)C1=CC2=CN=C(N=C2N1C3CCCC3)NC4=NC=C(C=C4)N5CC6CC[C@@H](N6)CC5O.CN=S(C)(=O)OC.CN(N)C(N)=S.CC=NOC(=O)N(C)C |$;;;;;;;;M;;Y;Z;;;;;W0;;;V;;;;;;V;;;;;;;;;;;;;;;;;;;;;;;;;;;;;;;;$,m:36:15.14.18.17.16,m:43:21.22.23.24.25.20,m:49:29.28.32.31.30,Sg:n:27:g:ht|"
7374,7374,"CCN1C=C(C(=O)C2=CC(=C(C(=C21)F)N3CCN(C(C3)C)CC4=CN=C(C(=C4CO)O)C)F)C(=O)O.CC.C[Sb].CNOC(=O)N(C)C |$;;;Q9;;;;;;;V5;;Q5;;;;;;;;;J;;;;;;E1;;Q7;T;;;;U;K9;;R;;;;;;;;;;$,m:36:2.12.7.5.4.3,m:38:8.9.10.11.12.7,m:40:15.16.17.18.19.14,Sg:n:25:X:ht|"
7375,7375,"C[C@H]1[C@@H]([C@H]([C@H]([C@@H](O1)O)O[C@H]2[C@@H]([C@@H]([C@H]([C@@H](O2)C)O[C@H]3[C@@H]([C@H]([C@@H]([C@H](O3)COC)O)OC)O)OC)OC)OC)O.CN(C)P(C)(C)=S |$;;;;B7;;;;;;;;;;;;;;;;;;;;;;;;;;;;J7;A;;;;;;;;;;$,m:37:10.11.12.13.14.9,Sg:n:7:M:ht,Sg:n:30:E:ht|"
7376,7376,"CCCCC/C=C\C[C@H]1C=CC(=O)[C@@H]1[C@@H]([C@@H]2[C@H](O2)CCCCOCC3=CC=C(C=C3)OC)O.CC |$;;;;;;;;;;;;;;;;;;;;;;;;;;;;M7;;;;;;T03$,m:33:25.26.27.28.29.24,Sg:n:5:D:ht,Sg:n:7:H:ht,Sg:n:21:b:ht,Sg:n:1,2,3,4:x:ht|"
7377,7377,"CCOC1=C(C=CC(=C1)/C(=C/2\C(N(C(=O)C2=O)CCOC(C)C)C3=CN=CC=C3)/O)Cl.CC.CC=C=NC |$;;;;;;;;;;;;;;;;Q;;;;;;;;;;;;;;;;U7;;;;;$,m:31:12.11.10.15.13,m:33:24.25.26.27.28.23,Sg:n:17,18:m:ht|"
7378,7378,"CC(C)C(=O)OCCOC1=CC(=C(C=C1)C2=NC(=NC(=N2)C3=CC=CC=C3)/C(=C/C=C)/C=C)O.CC |$;;;;;D;;;;;;;A;;;;;;;D1;;;;;;;;;;;;;K;;;R79$,m:34:16.17.18.19.20.15,Sg:n:6,7:K:ht|"
7379,7379,"C[C@H]1CN(CCN1C2=CC(=CC=C2)O)C[C@H](C(C)C)NC(=O)C3=CC(=C(C=C3)OC)OC.CSC.CC |$;;;;;;;;;;;;G0;;;;;;;;;;;;;;A7;;;;;;;;;;R$,m:32:8.9.10.11.12.7,m:35:23.24.25.26.27.22|"
7380,7380,"CC(NC1=NN(C=C1)C(=O)[N+]2=CCN(CC2)CC3=C(C=C(C=C3)C(F)(F)F)N4CCN(CC4)C5CC5)O.CSP(O)(O)=S.COP(C)(=O)N(C)C |$;;;;M5;;;;;;;;;;;;;;;M;D6;;;;;;;;;;;;;;;;;;;;;;;;;;;;;;$,m:37:11.12.13.14.15.10,m:43:34.33.35|"
7381,7381,"C[C@H](C1=C(C=C(C=C1)F)F)NC(=O)COC(=O)C2=CC3=CC=CC=C3C=C2O.CN=C(C)N(C)C.CC(=O)NC(C)=O |$;;;A0;;;;;;;;;;;;;;;;;Z;;;;;;;;;;;;;;;;;;;;;$,m:28:3.4.5.6.7.2,m:35:20.21.22.23.24.19,Sg:n:0:l:ht|"
7382,7382,"CC1=C(C(=O)N(N1C)C2=CC=C(C=C2)S(=O)(=O)N3CCC[C@@H]3C(=O)O)C(C)C.CC(C)=NC(=S)N(C)C.CN=C(NO)SC.CC |$;;;;;;;;;;;;;G;;V;;;;;;;W;L;G;;;;;;;;;;;;;;;;;;;;;U$,m:28:1.2.3.5.6,m:37:9.10.11.12.13.8,m:44:18.17.21.20.19|"
7383,7383,"C1CCN(C1)C(=O)NCCCOCCO.CNC(C)=NN(C)C |$;Z4;;;;;;;;;;;;J8;;;;;;;;;$,m:15:0.1.2.3.4,Sg:n:8,9,10:Z:ht|"
7384,7384,"CC(C)(C)OC(=O)NC(CC(=O)N)C(=O)N(C)C(C1=CC=C(C=C1)O)C(=O)NCC(=O)OC |$;;;;;;;;;;;;;;;A1;;;;;;;;;;;;;U;;;;$,Sg:n:23:C:ht|"
7385,7385,"CC1=C(C(=O)OC2=C1C=CC(=C2C)OC)CC(=O)NC(CC3=CNC4=CC=CC=C43)C(=O)O.COP(=S)(S)OC.CC.CN(N)C(N)=S |$;;;;;;T7;;;;;;;;B7;;;;;;Z;;;;;;;;;;;;;;;;;;;;;R;;;;;;$,m:33:1.7.6.5.3.2,m:40:22.21.29.24.23,m:42:25.26.27.28.29.24|"
7386,7386,"COC1=CC2=C(C=C1)NC(=O)C23C[C@H]3C4=CC5=C(C=C4)C(=NN5)C6=CC=C(C=C6)CO.CC.CSNSC.CC.CC(=S)N(C)N |$;V1;;;;;;;U8;;;;;;;;;Z;;;;;;;;;;;M;;;;R5;;;;;;;Q37;;;;;;$,m:31:2.7.6.5.4.3,m:33:8.5.4.11.9,m:38:12.11.13,m:40:21.20.17.16.22|"
7387,7387,"C[C@@H](CC(=O)N1C2CN(C(=O)[C@@H](N2C(=O)CN1C)CC3=CC=C(C=C3)O)CC4=CC=CC5=C4NCC5)C6=CC=CC=C6.CC.COC(C)N |$;;;;;;E;;;;;;;M0;;;T5;;;;;;;;;;;;;;;;;;X;;;L;;;;;;M95;;;;;$,m:42:13.15.16.5.6.12,m:44:33.32.31.35.34|"
7388,7388,"CC1=CC=C(C=C1)CN2C(=NC(=O)N(C2=O)C[C@H](C)C(=O)O)NC3=CC(=C(C=C3)OC(C)C)Br.CC.CC |$;;X1;;;;A1;;;L1;;;;;;;;;;;;;;;;;M;U5;;;;;;;;X7;;R$,m:34:1.6.5.4.3.2,m:36:24.25.26.27.28.23|"
7389,7389,"CC(C)OC(=O)NC1=CC(=C(C=C1)C2=CN=C(S2)C3CCC(CC3)NC(O)OC(C)(C)C)S(=O)(=O)NC(C)(C)C.CSNC(C)=O.CN=CSC |$A5;;;;;;;;;;;;;;;;;;;;;;;;;;;;;;;;;;;;;;;;;;;;;;;;;;$,m:40:14.13.17.16.15,m:46:19.20.21.22.23.18,Sg:n:26:U:ht,Sg:n:23:y:ht|"
7390,7390,"CC1(CCCCC1O)CNC2=C(C=C(C=N2)C(=O)N3CCCCC3)Cl.CN(C)NN(C)C.CSNO.CC |$B;;M;;;;;;;;;;;;;;;;;L2;;;;;;;;;;;;;;;;;;J8$,m:25:2.3.4.5.6.1,m:32:11.12.13.14.15.10,m:36:19.20.21.22.23.18,Sg:n:7:Y:ht,Sg:n:13:W:ht|"
7391,7391,CC(=O)C(=C=O)F |$G1;;Q;;;;$|
7392,7392,"C1[C@@H](N1)C2=CC(=CC(=C2)Cl)F.CC |$;;Z6;;;;Q2;;;;;;R$,m:11:0.1.2|"
7393,7393,"C(CC(F)(F)[P+](=O)O)CN |$;Z;;;B8;;;;B;$,Sg:n:1,0,8:I:ht|"
7394,7394,C[Si](CF)(CF)CF |$;;;;;B7;;$|
7395,7395,CC(C)C1C2CC3CC1CC(C2)C3F |$;;E;;;;;;;;;;Y;$|
7396,7396,"C1=C(C(=CC(=C1F)F)N)C(=O)[O-].CC |$;;;;;;;;;;;;;E$,m:12:0.5.4.3.2.1|"
7397,7397,"CC1=CC(=C(C(=C1C)C)F)C.CC |$;;;;;;;;;;;;M38$,m:11:1.6.5.4.3.2|"
7398,7398,"C1=CC=C(C(=C1)C(CN)CF)O.CC |$;M;;;Y7;;;;;;;;;Y6$,m:12:0.5.4.3.2.1|"
7399,7399,CC1C(N1)(C)[SiH2]CC(F)(F)F |$;;;;;;;E;;;$|
7400,7400,"C1CN(C1)C(=N)C2=CC(=CC=C2)F.CC.CC |$;W;;;;;;;;;;;;;X;;R$,m:13:0.3.2.1,m:15:7.8.9.10.11.6|"
7401,7401,C1=C(C(=C(C(=N1)F)C(F)F)N)C=O |$;;;;;U9;;;;;;M;$|
7402,7402,"CC1=C(C(=CC(=C1F)Cl)C(=O)C)OC.CC |$;;;K;;;;;;;;;;D;;R$,m:14:1.6.5.4.3.2|"
7403,7403,"C1CC(CC1C(=O)Cl)(F)F.CC |$;;D;;D1;;;;;;;R8$,m:10:0.1.2.3.4|"
7404,7404,C1=CNC(=C1[N+](=O)[O-])C(F)(F)F |$;;;;Z7;;;;;;;$|
7405,7405,"C1=COC(=C1Br)C(=O)C(F)F.CC=NN=C(C)N |$;;;;;;;;;;;;;;;;;$,m:11:0.1.2.3.4|"
7406,7406,CC(C)/C(=C(\C)/C=C)/C(=C)F |$;W1;;;;;;K;;;$|
7407,7407,"C1COC2=CC(=C(C=C2C1=O)F)O |$;;;;U;;;;;;;T;$,Sg:n:10:D:ht|"
7408,7408,"C1C2C(=O)NCC(=O)N2CC1(F)F.CC.CN=C(NOC)SC |$;;;;;;;;;;;;;;A8;;;;;;;;$,m:13:0.1.8.9.10,m:15:2.4.5.6.8.1|"
7409,7409,COCC1(CCNC1)F |$;;;;;;;;T0$|
7410,7410,"C1=CC(=C(N=C1)C#N)OC(F)F.CC |$;;;;;B8;;;;;;;;R$,m:12:0.5.4.3.2.1|"
7411,7411,"C#CC1C(CSO1)C(F)F.CC |$;;;;;;;;;B8;;X78$,m:10:2.3.4.5.6|"
7412,7412,"C1=C(C(=C(C(=O)N1)O)C(F)F)C(=O)N.CC |$;;;;;;E0;;;;;;W1;;;Z66$,m:14:0.6.4.3.2.1|"
7413,7413,"CCS(=O)(=O)NC1=C(C=CC=N1)CF.CC |$;W8;E;;;;W;;;;;;;;;Z$,m:14:6.11.10.9.8.7|"
7414,7414,CC1=C(C=C(C(=N1)C(F)F)S(=O)(=O)N)Br |$;E;;;;;;;;;Q;;;;$|
7415,7415,"COC1=C(C=CC(=C1)CO)F |$;;;;;;;;;;$,Sg:n:3:I:ht|"
7416,7416,"CC(C(C1=CC=CC=C1)N)C(C)(F)F.CC |$;;;;;;;;;;;;;;;E0$,m:14:3.8.7.6.5.4|"
7417,7417,"CCC(=O)OC(=O)CF |$;;;;;;Q;;$,Sg:n:4:U:ht|"
7418,7418,"CC(CN)C(C)C1=C(C=CC(=C1)F)Cl.CN=C(C)N(C)SC |$;;;V;;;;;;;;;;;;;;;;;;$,m:14:6.11.10.9.8.7|"
7419,7419,"C1=C(C(=CC(=C1N)I)F)C(=O)O.CC |$;;;;;;;;;;;;;R48$,m:12:0.5.4.3.2.1|"
7420,7420,CC(C)[C@@H](C(=O)C(F)(F)F)NC |$;;Z2;;;;;;;;;$|
7421,7421,CCC1=CC(=C(C=C1F)F)CN |$;;;;;;;;;;;L$|
7422,7422,"C[C@H](C1=C(C(=C(C=C1F)F)Br)O)N.CNN=O |$;;;;;;;;;;;;;;;;$,m:13:2.7.6.5.4.3|"
7423,7423,"C1=CC(=C(C=C1CN)F)P.CC |$;;;;;;;;;;;R27$,m:10:0.5.4.3.2.1|"
7424,7424,"CNC1=CC=CC=C1C(=O)CF.COC(=O)C(C)S |$;;;;;;;;;;;;;;;;;;$,m:12:2.7.6.5.4.3|"
7425,7425,"C1(=C(NC(=O)NC1=O)C(=O)N)F.CN=C(C)C=S |$;;;;;;;;V;;;;;;;;;$,m:12:0.6.5.3.2.1|"
7426,7426,C(F)(F)S(=O)(=O)[O-] |$;;;;;;M4$|
7427,7427,"C=C1C(C(=O)OC(O1)(F)F)F |$V;;;;;;;;;;$,Sg:n:3:F:ht|"
7428,7428,CC(=O)C1=C(C(=C(C=C1)Cl)Br)C(F)(F)F |$;;;;;;;W;;;;;;;$|
7429,7429,"CC(CC1CC1)CF.CC |$;;;;;B;;X1;;Z1$,m:8:3.4.5|"
7430,7430,"C1=CC=C2C(=C1)C=C(C=C2C(=O)Cl)F.CNN(C)N=C(C)C |$;;;;W4;;;;;;;;V;;;;;;;;;$,m:14:6.7.8.9.3.4|"
7431,7431,C1CCC(C(C1)C(=O)F)C(=O)F |$A5;;;;;;;;;;;$|
7432,7432,C1CCC(C1)C(C(=O)N)(F)F |$J;;E6;;;;;;T;;$|
7433,7433,"C1COCC1(CCN)CF |$G;;;;;;;M;;$,Sg:n:2:O:ht,Sg:n:5,6:P:ht|"
7434,7434,"C[C@H]1CCC(C[C@H]1C)(F)F |$;;;;;E;;;;$,Sg:n:8:j:ht|"
7435,7435,"CC1=CC(=C(C(=N1)C(F)F)CO)CBr.CNP(N)(=O)NC |$;;;;;;Z;;;;;;G6;L;;;;;;;$,m:14:1.6.5.4.3.2|"
7436,7436,C(=C/Cl)\C(F)(F)F |$;J;V;;;;$|
7437,7437,COC1=C(C(=CC(=C1F)F)F)C(=O)N |$;;;;;;;;;;Z6;;U2;$|
7438,7438,"C[Si](C)(O)O[Si](C)(CCC(F)(F)F)O |$;;;;;V6;;;;X;;;;$,Sg:n:3:q:ht|"
7439,7439,C(=O)(C(F)(F)F)S(=O)(=O)N=[N+]=[N-] |$;;;;;;;;Q;;;Q$|
7440,7440,"C[C@H]1[C@]([C@@]1(F)Cl)(C)C=O.CC |$W0;;;;;;;;;;L19$,m:9:1.2.3|"
7441,7441,C1(=C(C2=NSN=C2C(=C1F)Br)Cl)F |$A6;;D9;;;;;;;;;;$|
7442,7442,"C(CS)C(C(F)(F)Br)(F)F |$;;;;;;;;;$,Sg:n:1,0:T:ht|"
7443,7443,"C1=CC(=C(C(=C1)F)[N+](=O)[O-])C(=O)CBr.CN=N |$;;;;;;;;;;;D;;;;;$,m:14:0.5.4.3.2.1,Sg:n:0:R:ht|"
7444,7444,C(F)(F)(F)[Hg]O[N+](=O)[O-] |$;;;;;D3;;;$|
7445,7445,"C1C(O1)C(CO)C2=CC=CC=C2F |$;;;;;G4;;;;;;;$,Sg:n:10:x:ht|"
7446,7446,"CC(C)C1=C(C=C(C=C1Cl)Cl)F.CC |$;;L;;;;;;;;;;;A32$,m:12:3.8.7.6.5.4|"
7447,7447,"C1=C(C2=C(C=N1)NN=C2)C(F)(F)F.CC.CNP(=O)(OC)N(C)C |$;;;;;;;;;;;;;;G;;;;;;;;;$,m:13:0.5.4.3.2.1,m:15:6.3.2.8.7|"
7448,7448,"C1CC(=CC=C1)N(C(F)(F)F)C(F)(F)F.CC |$;;;;;;;;;;;;;;;;Y2$,m:15:0.5.4.3.2.1|"
7449,7449,C(C(C#N)(F)F)N |$;Y;;;;;$|
7450,7450,"C=C(C(F)(F)Br)N1CCOCC1.CC |$;;;B;;;;G8;;;;;;R$,m:12:6.11.10.9.8.7|"
7451,7451,CC1=CC(=C(C(=C1O)F)F)N |$;;;U6;A;;;;;;$|
7452,7452,"C[C@](C1=C(C=CC=C1F)F)(C(=O)O)N.CC |$;D8;;;;;;;;;;;;;;R2$,m:14:2.7.6.5.4.3|"
7453,7453,"CCC1=CC(=C(CC1)C)F |$;;;;;;;;B;$,Sg:n:8:R:ht|"
7454,7454,"C(C1=NN=C(O1)N)C(F)(F)F.COP(O)(O)=S |$;;;;;Z;;;;;B;;;;;;$,m:11:1.2.3.4.5|"
7455,7455,"C1=C(C(=C(C=N1)F)Br)C=O.CC |$;;;;;;;;;;;W72$,m:10:0.5.4.3.2.1|"
7456,7456,C(=O)(C(C(F)(F)F)(F)F)S(=O)(=O)O |$;;;;V;;;;;;E6;;$|
7457,7457,C(=O)(C(F)(F)F)O |$;;;;;;Z$|
7458,7458,C1=C(C(=CC(=C1Br)F)F)C(=O)O |$;Q1;;;;;;M;;;W;$|
7459,7459,C1(=C(OC(O1)(F)F)Cl)F |$;G6;;;;;;;J2$|
7460,7460,C(C(F)(F)F)(C(F)(F)F)(F)[Si](C(F)(F)F)(C(F)(F)F)C(F)(F)F |$;;;;;;;;;;;;;;Z5;;;L9;;;;W;$|
7461,7461,"C=C1CC(C(CC1F)F)[N+](=O)[O-] |$;;;;;;;;;;;$,Sg:n:2:c:ht|"
7462,7462,"CC1=C(C(=CC=C1)F)S(=O)(=O)C(C)C.CC(C)=S=O |$;;;;;A6;;;;;;;;;;;;;$,m:14:1.6.5.4.3.2|"
7463,7463,"CCC(CC)N(CCBr)CC(F)(F)F |$;U;;;;Q;;;;;;;;$,Sg:n:0:S:ht,Sg:n:6,7:m:ht|"
7464,7464,"CNC(=O)C1=CN=CN=C1C(F)(F)F.CC |$;;;;;;;;;;;;;;;Y$,m:14:4.9.8.7.6.5|"
7465,7465,"C1C[C@@H](C(=O)NC1)CC(F)(F)F.CSNC(N)=O |$;;;A;;;;;;;;;;;;;;$,m:12:0.6.5.3.2.1|"
7466,7466,"CCC1=CC(=C(C=C1F)Br)OC.CSC(=S)NN(C)C |$;;;X3;;;;;;;;;;;;;;;;$,m:12:2.7.6.5.4.3|"
7467,7467,"CC1=C(C(=C(C=C1)N=O)F)F.CC |$;;;G5;;;;;;;;;Q13$,m:11:1.6.5.4.3.2|"
7468,7468,"C1CC(=CC=C1C=O)F.CC |$K;;;;;;;;;;R$,m:9:0.5.4.3.2.1|"
7469,7469,"C[SiH](C)OC(=O)C(F)(F)F |$;;;;;;E8;;;$,Sg:n:1:u:ht|"
7470,7470,"C1CC2=C(C1F)C(=NN2)CN |$;;;;;;;;;;K8$,Sg:n:4:s:ht|"
7471,7471,CC1=CC(=C(C(=C1F)NC)N)F |$;;;Q2;;;;;V;;;$|
7472,7472,C(=C(\C(F)F)/Cl)\C(=O)O |$;;;;;G;D;;$|
7473,7473,CO[C@@H]1[C@@H]([C@H](C([C@H](O1)CO)(F)F)O)O |$;;;;E0;;;;;;;X7;X;$|
7474,7474,"CC(C)C1CC(NC1)(F)F.CSC=N |$;;;;;;;;;;;;;$,m:10:3.4.5.6.7,Sg:n:1:R:ht,Sg:n:9:e:ht|"
7475,7475,CN1C=C(C=I1)F |$;Q;;A1;;;$|
7476,7476,CC1=C(N=CS1)C(C(F)(F)F)N |$;;;K;;;;;;;;$|
7477,7477,"CC(C1=CC=CC=C1C(=O)O)(C(F)(F)F)F.CC(=S)ON(C)C |$;;;;;;;;;;;;;;;;;;;;;;$,m:16:2.7.6.5.4.3|"
7478,7478,C(C(C(C(F)(F)F)(O)F)(F)F)O |$;;;;Q0;;;;;M0;;$|
7479,7479,"C[N+]1=C(C2=CC=CC=C2CC1)C(F)(F)F.CC=NNC(=S)NC.CNC(C)=NN=C(C)C |$;;;;;;;;;;;;;;;;;;;;;;;;;;;;;;;$,m:15:1.10.9.8.3.2,m:23:4.5.6.7.8.3,Sg:n:14:P:ht|"
7480,7480,"C1=CC(=C(N=C1)C(F)(F)F)[S-].CC(=O)C(=O)N=C(C)C |$;;;J;;;;;;;Q5;;;;;;;;;$,m:11:0.5.4.3.2.1|"
7481,7481,"C1=CC=C2C(=C1)C(=C(C(=O)N2)F)N.CC |$;;;;;;D2;;;;;;;;A02$,m:13:6.7.8.10.3.4|"
7482,7482,"C(CF)C(=O)CN |$;G;;;;;$,Sg:n:1,0:W:ht|"
7483,7483,C1CCC2(C1)C(CCCN2)(F)F |$;;;;;;;;;;V3;$|
7484,7484,"C1=C(C(=C(C(=N1)F)C(F)F)C(=O)O)Br.CC |$;;;;;;;;;;;;;;;R1$,m:14:0.5.4.3.2.1|"
7485,7485,"[C@@H]1([C@@H](O[C@@H](C1(F)F)F)F)F.CC=NO |$;;;D6;;;K1;;;;;;;$,m:10:0.1.2.3.4|"
7486,7486,"C1C(CN1)SC(F)(F)F |$;;;;;;;U1;$,Sg:n:6:B:ht|"
7487,7487,C1=CC(=CC(=C1)F)O |$E6;Y4;;;;;;$|
7488,7488,"CC(=O)C(C1=C(C(=CC=C1)F)Cl)N.CC |$;;;;;;;;;;;;;;R$,m:13:4.9.8.7.6.5|"
7489,7489,"C[C@@H]1CC(CC2[C@H]1C2)F.CC=NOC(C)=O |$B2;;;;;;;;;;;;;;;$,m:9:7.6.5,Sg:n:1:p:ht|"
7490,7490,"CC1(CCCC(N1SC(F)(F)F)(C)C)C.CC=NC=N |$;;;;Q5;;;;;;;;;;;;;;;$,m:15:1.6.5.4.3.2|"
7491,7491,"COC1=C(C=C(C=C1)Cl)C(CN)F.CC |$;;;;;;;;V3;;;;;;R9$,m:13:2.7.6.5.4.3|"
7492,7492,"CCC[C@@H](NC)F |$;;Y8;;;;$,Sg:n:1,2:g:ht|"
7493,7493,"C1CC12[C@@H](C[C@](O2)(CO)CCl)F.CC.CC |$;;;;;;;;;;;;;R2;;V$,m:12:0.1.2,m:14:3.2.6.5.4,Sg:n:11:I:ht|"
7494,7494,CC1CCCC(=O)N(C1(F)F)C |$;;;;;A;;;;;;$|
7495,7495,"C1CC12CC3=C(C2=O)C=CC=C3F.CON(C)N(C)C |$Q0;X3;;;M8;;K4;;;U7;;;;;;;;;;$,m:13:8.9.10.11.4.5,Sg:n:3:H:ht|"
7496,7496,"COC1(C=CC=CC1O)F.CC |$;;;;X2;;;X;;;;E06$,m:10:2.7.6.5.4.3|"
7497,7497,"C[C@@H]1C(CCN1)(F)F.CC |$;;A2;;;;;;;R$,m:8:1.2.3.4.5,Sg:n:4:w:ht|"
7498,7498,"CC(C)(C(C1=CC=CC=C1F)N)NC.C=NN=C(C)SC |$;;;;;;;;;;;;;;;;;;;;$,m:14:4.9.8.7.6.5|"
7499,7499,"CC1(CC(=O)O1)C(F)(F)F.COP(N)(=S)OC |$;;;;;;;;;L1;;;;;;;$,m:10:1.5.3.2|"
7500,7500,CCC(=C(C(=O)O)F)C(C)C |$;;U8;;;;;;;;$|
7501,7501,"CCOC1(CCC1)C(F)(F)F.CSN(C)C(N)=O |$U;Q8;;X0;;;;;;;;;;;;;;$,m:11:3.6.5.4|"
7502,7502,B(C1=C(C=C(C=N1)C)F)(O)O |$A;;;X8;;J;;;;;$|
7503,7503,"CC1NCCC2=NN=C(N12)C(F)(F)F.CC |$;;;;;;;;;;;;;;;R$,m:14:1.9.5.4.3.2|"
7504,7504,CC1=C(C=C(C=C1)F)OC(C)C=C |$;G9;;;;;;;;;;;J8$|
7505,7505,CNC(=O)C1=CC=CC=C1C(F)(F)F |$;;;;;;;G6;Y;;;;;$|
7506,7506,"C1CC(NCC1F)Br.CC |$;;;;;;;;;R$,m:8:0.5.4.3.2.1|"
7507,7507,CC(C(C(F)(F)F)(F)F)S(=O)O |$;;;B2;;;;M7;;;;$|
7508,7508,"C1CC(C2=CC=CC=C2NC1)(F)F |$;;;;;T;;Q3;;;;;$,Sg:n:3:L:ht|"
7509,7509,"CC1=C2C=CC(=C(C2=NC=C1)N=[N+]=[N-])F.CC.CN=S=O |$;;;Y9;;;;G;;;;;;;;;R;;;;$,m:15:1.10.9.8.7.2,m:17:3.4.5.6.7.2|"
7510,7510,C1(=C(C(=NC(=C1F)F)F)F)F |$T0;;;;;;;;;;$|
7511,7511,CC(C)C(CBr)(F)F |$;;;E;;;;$|
7512,7512,CC1=CC(=C(C=C1)OC)C(C)(C(=O)O)F |$;;;;Q;;T4;;;;;;;;$|
7513,7513,C1=CN=CC(=C1I)F |$;;;;;;D3;$|
7514,7514,"C1=CC(=CC=[C-]1)F.COPC |$B9;;;;;;;;;;$,m:7:0.5.4.3.2.1|"
7515,7515,"C1=C(C(=C(N=C1I)N)CBr)C(F)F.CC(=N)N=C(C)C |$;;;;;;;;;;;;;;;;;;;$,m:13:0.5.4.3.2.1,Sg:n:10:B:ht|"
7516,7516,CN(C(=O)F)S(=O)N(C)C(=O)F |$;;;T9;D6;;;;;;;$|
7517,7517,"C1=CC(C(C(=C1)[N+](=O)[O-])N)(F)Br.CSC(=O)N=[N+]=[N-] |$;;;;;;;;T3;;;G8;;;;;;;$,m:12:0.5.4.3.2.1|"
7518,7518,"C1CC(COC1)(CCN)F |$;;;;;G;;;;$,Sg:n:6,7:m:ht|"
7519,7519,"CC1=C(C(=CC(=C1N)[N+](=O)[O-])C=O)F.CC |$;;;;;;;;;;;;;;;A$,m:14:1.6.5.4.3.2|"
7520,7520,"CC1=NC=C(C(=C1C(F)F)CO)CN.CC |$;W;;;;;;;;;Z5;;Y;;;R$,m:14:1.6.5.4.3.2|"
7521,7521,"CC(CC1=CC=CC=C1C(C)(C)O)F.CN=S(C)C |$;;;M4;;;;;;;;V7;;;;;;;$,m:14:3.8.7.6.5.4|"
7522,7522,CC1=CC(=C(S1)C(=O)C(F)(F)F)C |$Q;;K;;;K6;;;;;;;$|
7523,7523,CO[Si](C(=C)F)(OC)OC |$;L3;;;;;;;;$|
7524,7524,COC1=C(C(=C(C=C1)Br)C2(CC2)O)F |$;;;;;;;;;;;;B9;$|
7525,7525,"C1[C@H](CN=C1C(=O)N)F.CN=C(N)N(C)N |$;J;;;;;;;;;;;;;;$,m:9:0.1.2.3.4|"
7526,7526,C[C@@H](C=C)C(C)C(F)(F)F |$Y;;;;;;;;;$|
7527,7527,"COC(=O)C1=C2C=C(C=NC2=CC=C1)F.CONOC |$;;;;;;A5;;;;;;U;;;;;;;$,m:15:6.7.8.9.10.5,Sg:n:11:D:ht|"
7528,7528,C[C@H]([C@H](C)F)[C@@H](C(=O)O)N |$;;;;L;;B1;;;$|
7529,7529,"CC1=C(C(=C(C=C1)C(=O)[O-])F)Br.CC |$;;;;;;;;;;;;;V0$,m:12:1.6.5.4.3.2|"
7530,7530,"C1C2C(C=CC(O1)O2)F.CON(C)O.CC |$;;;;T9;;;;;;;;;;;Y62$,m:9:0.1.7.5.6,m:14:2.3.4.5.7.1|"
7531,7531,C1=CC(=C(C(=C1)F)CN)NS(=O)(=O)N |$V8;;;;;;T4;;D6;;;;;$|
7532,7532,"COC1=C(N=C2C(=C1)C=CN2)F.COP(C)(=O)SC.CC |$;;;;;;;;;;;;;;;;;;;;M4$,m:12:2.7.6.5.4.3,m:19:8.6.5.10.9|"
7533,7533,"CN1CC2C(C1)C2F.CC |$;A4;;;;U7;;;;R$,m:8:6.4.3,Sg:n:3:V:ht|"
7534,7534,[C@H]1([C@@H](O1)F)F |$;Z8;;;$|
7535,7535,C[C@@H]1C(CC(C(C1C)C)F)C |$;;;;;;;;;U7;$|
7536,7536,"C1=C(C(=C(C(=N1)F)I)OC(F)(F)F)Cl.CN=C(N=C(C)C)NC |$;;;;;;;;;;;;;;;;;;;;;;$,m:14:0.5.4.3.2.1|"
7537,7537,C/C(=C\C(=C)O)/F |$G;;;;;K1;$|
7538,7538,"CCC1=C(CC(CO1)C)CC(C)F |$;;;;;;;;;;;;$,Sg:n:8:G:ht|"
7539,7539,C1=C(C=C2C(=C1F)C(=CS2)O)S |$;;;;;G3;;;;;;$|
7540,7540,"CN(C)C1=C(C(=NC(=C1Cl)F)F)Cl.CS(=O)N=[N+]=[N-] |$;;;;;;;;;;V;;;;;;;;$,m:13:3.8.7.6.5.4|"
7541,7541,C1CC=C(C(C1)F)N=[N+]=[N-] |$;;;;;;;;;L1$|
7542,7542,"CC1=CC(=C(C=C1OC)F)Cl |$;;;;W9;;;;;;$,Sg:n:2:H:ht|"
7543,7543,"CC1=CC(=C(C(=N1)C(F)F)[N+](=O)[O-])I.CC(=N)NC(C)=O |$;;;;;;;;;;;;;;;;;;;;$,m:14:1.6.5.4.3.2|"
7544,7544,C1=CC(=C(C(=C1)F)S(=O)(=O)NN)F |$;;;;B;;;;;;;;$|
7545,7545,"C[N+]1=CC(=CC(=C1)Cl)C(F)(F)F.CC |$;;;;;;;;;;;;;R$,m:12:1.6.5.4.3.2|"
7546,7546,"CC1=CC(=C(C(=C1)Cl)F)C=O.CS(C)=S |$;;;;;;;;;;;;;;$,m:11:1.6.5.4.3.2|"
7547,7547,"CC1=CC(=C(C(=N1)Br)CN)C(F)(F)F.CC |$;;;;;;;;;;;;;W3;;R7$,m:14:1.6.5.4.3.2|"
7548,7548,"C1CC(C1)C(C(=O)O)(C(F)(F)F)F.COC=S |$;;;;;;;;;;;;;;;;$,m:13:0.3.2.1|"
7549,7549,"CN(CS)C1=C(C=CC(=C1)Br)F.CC |$;;;;B2;;;;;;;;;T8$,m:12:4.9.8.7.6.5|"
7550,7550,C1=CNC(=CC1=O)[C@@H](C(F)(F)F)N |$;;;;;;;;;;;U3;$|
7551,7551,"CC1NC(=CS1)C(F)(F)F |$;Y7;;;;;;B;;$,Sg:n:1:W:ht|"
7552,7552,"C1=CC(=C(N=[C-]1)C#N)C(F)(F)F.CN(C)C(C)(C)N(C)C |$X6;;;;;K;;;;;;;;;;;;;;;$,m:12:0.5.4.3.2.1|"
7553,7553,CC1=CC(=C(C(=N1)C(F)(F)F)C(F)F)F |$;;;;K9;;;;L7;;;;;;$|
7554,7554,"COP1(=O)OC(C(C(O1)(F)F)(F)F)(F)F.CC |$;;;;;;;;;;;;;;;;R8$,m:15:2.8.7.6.5.4|"
7555,7555,"C1=CC(=IC=C1F)F.CC |$;;D;;;;;;;R26$,m:8:0.5.4.3.2.1|"
7556,7556,C1=CC(=C(C(=C1C(=O)O)C=O)F)Cl |$;;;;;A9;;;D;;;;$|
7557,7557,CNC(C1=CC=CC=C1OC)C(F)F |$;;;;;;;;;;;U;;$|
7558,7558,"CC1CNCCN1CF.CC |$;;;;;T1;;;;;R7$,m:9:1.6.5.4.3.2,Sg:n:7:k:ht|"
7559,7559,CCN(CC)C(=S)SC(F)(F)F |$;;;;;;;;;;M6;$|
7560,7560,C([C@H](C(=O)O)NC(F)(F)F)S |$;;;;;;;M;;;$|
7561,7561,C(C(F)S(=O)(=O)O)C(=O)O |$;Z7;;;;;;;Q2;W2$|
7562,7562,CN=C(C(=C)F)OC |$;;;;;;;T$|
7563,7563,"COC1=C(C(=C(N=C1C(=O)[O-])C=C)F)N.CC |$;;U9;V;;;;;;;;G6;;A;;;G5$,m:15:2.7.6.5.4.3|"
7564,7564,"C1=C(C(=C(N=C1N)C(F)F)N)CO.CC |$M7;;;;;;;;;;;;;;Z$,m:13:0.5.4.3.2.1|"
7565,7565,"CC1C(C(O1)C(F)(F)F)(C)C.C=NC(=NC)OC |$;;;;;;A;;;;;;;;;;;$,m:11:1.4.3.2|"
7566,7566,C=C=CC(C(F)(F)F)(C(F)(F)F)N |$;;;D;;;;;;J;L9;;$|
7567,7567,CCC(C(=O)Cl)(F)F |$;;;X5;;;D5;$|
7568,7568,"C1C=C(C(=CN1)OC(F)(F)F)N.CC |$;;;;;;;;;;;;;R4$,m:12:0.5.4.3.2.1,Sg:n:7:t:ht|"
7569,7569,C1=CC(=O)NC(=C1F)C(=O)N |$;T9;;;;;;;;;$|
7570,7570,"CNS(=O)(=O)CCCF |$;;;;;;;;$,Sg:n:6,7:p:ht|"
7571,7571,CCN1C(=CC(=N1)C=O)C(F)(F)F |$;M9;;D8;G7;;;J6;Q;G1;;;$|
7572,7572,"C1=C(C(=C(C=N1)Br)CCl)F.C=NNC(C)=NC |$;;;;;;;;;;;;;;;;$,m:10:0.5.4.3.2.1|"
7573,7573,CC(C)N(CCN)CCF |$D5;;;;;;;;;$|
7574,7574,"CC(=O)C1=NN=C(C=C1)F.COC=NOC |$;;;;;;;;;;;;;;;$,m:10:3.8.7.6.5.4|"
7575,7575,"C1=CC=C(C(=C1)CC(CO)(F)F)Cl.CC(=N)C(C)=N |$;;;;;;;;;;;;;;;;;;$,m:13:0.5.4.3.2.1|"
7576,7576,C1[C@@H]([C@H](CN1)F)N=[N+]=[N-] |$;J6;;;J3;;;;$|
7577,7577,CC(NC=O)F |$;;Z5;;;$|
7578,7578,"CC1=C(C=C(C=C1)F)ON2CC2.CC |$;;;;K;;;;V5;;X5;;;R8$,m:12:1.6.5.4.3.2|"
7579,7579,"C1=C(N=C(C(=C1N)Cl)C(F)F)CO.CN(C)N=[N+]=[N-] |$;;;;T1;;;;;;;;;;;;;;$,m:13:0.5.4.3.2.1|"
7580,7580,"C1C[C@@H](NC1)C2=C(C=CC=C2F)N.CC(=O)S(C)(=O)=O.CC(O)C(N)=O |$;;;;;E0;;;;;;;;;;;;;;;;;;;;$,m:13:0.1.2.3.4,m:20:6.7.8.9.10.5|"
7581,7581,"COC(=O)C1=C(C=CC(=C1C#N)F)F.CC |$;;;;;;;;;;;;;;;R$,m:14:4.9.8.7.6.5,Sg:n:10:o:ht|"
7582,7582,C(C(C(F)(F)Cl)(F)F)(C(F)(F)F)F |$;D;;;;;;;;;;;$|
7583,7583,"C1CC(C1)(CCC(F)F)C(=O)O.CC |$;;;;;;;;;;;;;R7$,m:12:0.3.2.1|"
7584,7584,"C1=CC(=NC(=C1Cl)F)Cl.CC |$;;;;;;;;;;A7$,m:9:0.5.4.3.2.1|"
7585,7585,"C1=C(C=C(C(=C1[N+](=O)[O-])Br)O)F.CC |$;;W0;;V;;;;;;J1;;;Q$,m:12:0.5.4.3.2.1|"
7586,7586,C(/C=C(/C(F)(F)F)\F)O |$;;;;Q7;;;D1;$|
7587,7587,"CC(C)([C@@H](CO)O)F |$;;;;;;;$,Sg:n:5:n:ht|"
7588,7588,"[CH2-]C1=C(C=C(C=C1)F)F.CC |$;;;;;;;;;;T8$,m:9:1.6.5.4.3.2|"
7589,7589,"COC1=CC(=NC=C1F)C(=O)N.CC |$;;;;;;K;;;;;;;R13$,m:12:2.7.6.5.4.3|"
7590,7590,CC1=C(C(=C(C=C1)C(=N)N)F)F |$;;;;;;;;;;L;$|
7591,7591,C(=C(F)F)F |$G5;;;;$|
7592,7592,C(C(CF)(CF)OCF)F |$J;;;;;;;;;$|
7593,7593,"CC1=CNC(=S)N1CC(F)F.CC=NC(C)=O |$;;;;;V8;;;U3;;;;;;;;$,m:11:1.2.3.4.6|"
7594,7594,C[C@@H](C1CCCC1(F)F)N |$;;;;;;;B;;$|
7595,7595,"C1=CC=C2C(=C1)C(=C(C2=O)F)F.CC |$G2;;;;;;;;;;;;;R36$,m:12:0.5.4.3.2.1|"
7596,7596,C(C(F)F)(C(=O)C(F)F)C(F)(F)F |$;;;;;;;M;;;;;$|
7597,7597,"C1CC(C1)(CN)C2=CC=CC=C2F.CC |$;;;;;;;;T;L3;;;;;Z$,m:13:0.3.2.1,Sg:n:6:W:ht|"
7598,7598,C([N+](=O)[O-])([N+](=O)[O-])(O)F |$;;;;;Z2;;;$|
7599,7599,"CN(C)C1CC(CC(=C1)F)N.CC |$;;;X7;;X7;D3;;A4;;;;E$,m:11:3.8.7.6.5.4|"
7600,7600,"CCC1=C(C(=C(C=C1C(=O)O)Cl)F)Cl.CC |$;;;;;;;;V;;;;T7;E;;R$,m:14:2.7.6.5.4.3|"
7601,7601,C1=CC(=C(N=C1)/C(=N/O)/C(F)(F)F)F |$;;Z8;;W;;;;;;;;;$|
7602,7602,C(ON=[N+]=[N-])(F)(F)I(Cl)Br |$;;;;M6;A0;;;;$|
7603,7603,C[C@H](C(=O)N)C(C)(C(F)(F)F)NC=O |$;;;;;;;;A;T8;;;L;$|
7604,7604,"C1CN(NC1C(F)(F)F)[O-].CC |$;;;;;;Y8;;;;;R6$,m:10:0.1.2.3.4,Sg:n:8:x:ht|"
7605,7605,"CC(=C)C1=CC(=CCC1C=O)F.CC=NOS(C)(=O)=O |$;W;;;;;;;;;;;;;;;;;;$,m:12:3.8.7.6.5.4|"
7606,7606,C1CCN(C(C1)F)C(=O)N |$;;;;E;Q7;;;;$|
7607,7607,C1CCC(C(C1)C(=O)Cl)C(F)(F)F |$;B;Y;;;;;;;;;;$|
7608,7608,C([C@@H]1[C@H]([C@H]([C@@H]([C@@H](O1)O)F)F)F)O |$;;;;E;;;;;;;$|
7609,7609,C1=CC(C(C=C1)(F)Br)N |$;;;;;;M5;;$|
7610,7610,"C1=CC(=C(C(=C1F)N)C(=O)O)Cl.CN |$;;;;D;;;;;;;;;$,m:12:0.5.4.3.2.1|"
7611,7611,C1=CC(=C(C(=C1)F)OC(F)F)CO |$;;;;;;;G9;;;;;$|
7612,7612,"C1(=C(SC(=N1)I)Cl)C(F)(F)F.CN=C(NO)OC |$;;;;;;;;;;;;;;;;;$,m:11:0.1.2.3.4|"
7613,7613,CC(C)N(C)C(=O)C(C)(F)F |$;;;;;;V;;;;$|
7614,7614,CC1=C(OC(=C1)F)C(C)(C)C |$;L2;;;;;Z;;;;$|
7615,7615,"O=[N+]([O-])c1ccc(F)c(F)c1.CON(O)OC |$;;;;;;;;;;;;;;;;$,m:11:3.10.8.6.5.4|"
7616,7616,"C1=C(C(=C(N=C1N)Cl)CO)C(F)F.CC |$;;;;;;K0;;;;;;;;R0$,m:13:0.5.4.3.2.1,Sg:n:12:b:ht|"
7617,7617,"C/C(=C\C(C(F)F)(C(=O)O)N)/CCN |$;;T5;;;;B;;;;E9;;;$,Sg:n:11,12:X:ht|"
7618,7618,C1=C(OC(O1)C(F)(F)F)Cl |$T6;Y;;;;;;;;$|
7619,7619,C1=C(C(=NC(=C1I)Cl)C(F)F)I |$;;;;;;;;;;;Q2$|
7620,7620,CC(C)CC1C(CCN1)C(F)(F)F |$;;;;;;;;;;M4;;U$|
7621,7621,"C1CC(OC=C1)(C(F)(F)F)C(F)(F)F |$;;;;;;;;E;;;;;$,Sg:n:1:i:ht|"
7622,7622,"C1=C(C(=CN=C1Br)C(F)F)CF.CC |$;;;;;;;;;;;;;R$,m:12:0.5.4.3.2.1,Sg:n:11:z:ht|"
7623,7623,CC(C1=CC=CC=C1)(N)F |$;V;;U6;;;;;;$|
7624,7624,"CC1=C(C(=C(C=C1)C(=O)O)F)I.CC |$;;;;;;;;;;;;;E4$,m:12:1.6.5.4.3.2|"
7625,7625,"C1=CC2=C(C=C1F)C(=O)NN=N2.CN=C(N)N(C)N=C(C)C.CC |$;;;;;;;;;;;;;;;;;;;;;;;R$,m:12:0.5.4.3.2.1,m:22:7.9.10.11.2.3|"
7626,7626,"C1=C(C(=C(N=C1Br)I)CO)C(F)F.CC |$;;;;;;;;Q5;;;;;;V4$,m:13:0.5.4.3.2.1|"
7627,7627,"C1(=C(C(=C(C(=C1F)F)[O+]=O)F)F)[O-].CSNN(C)C |$;Y;;;;;;;;;;;;;;;;;$,m:13:0.5.4.3.2.1|"
7628,7628,"CCC=C(C(=O)C)F |$;;;;U;;;W$,Sg:n:5:Z:ht|"
7629,7629,COC1=C(C(=CN=C1I)C(F)F)C(=O)N |$;;;;;;;D;T1;;;;;;$|
7630,7630,"C1C[NH2+]CC1(F)F.CC |$;Y;;;;;;;R$,m:7:0.1.2.3.4|"
7631,7631,"CC(C1=CC=CC=C1OC)(C(=O)O)F.CC |$;;T;V;;;;;;;;J4;;;;R$,m:14:2.7.6.5.4.3|"
7632,7632,C(CBr)C(C(F)(F)F)(O)F |$;;;;;;;;;Y0$|
7633,7633,"C1=CC(=C(C(=C1)F)O)/C=N/O.CC#[N+][O-] |$;;;;;;;;;;A5;;;;$,m:11:0.5.4.3.2.1|"
7634,7634,"C1C(=CC(=NC1=NN)F)F.CC |$;;;;;;;A;;;;K47$,m:10:0.5.4.3.2.1|"
7635,7635,"CCC1C[C@@H](CN1)F.CC(=O)NN(C)C |$;;;;;;;;;;;;;;$,m:8:2.3.4.5.6,Sg:n:1:e:ht,Sg:n:6:X:ht|"
7636,7636,"C1=C(C=C(C(=C1C(F)(F)F)S)N)F.CC |$Q;;;;;;;;;;;;;;R2$,m:13:0.5.4.3.2.1|"
7637,7637,"C1CC(=C(C=C1N)F)O.CC |$;;;B7;;;;;;;W$,m:9:0.5.4.3.2.1|"
7638,7638,"CC1CCC2=C(O1)C(=CC=C2)F.CC |$;;;;;;;;;;;;;Y63$,m:12:7.8.9.10.4.5|"
7639,7639,"C1=C(C(=C(C(=N1)C(F)F)[N+](=O)[O-])F)O.CC |$;;;;;T;;;;X7;;;;Y9;;Z$,m:14:0.5.4.3.2.1|"
7640,7640,C1(=C(C(=C(C(=C1F)F)Br)Br)O)O |$;;;;J;;;;;;;$|
7641,7641,"CCSSC(C)F |$G;;;;;G3;$,Sg:n:0:k:ht|"
7642,7642,"CCC1=CC(=C2C(=C1)C=CS2)F.CC |$;;;;;;;;;;;;;K$,m:12:2.7.6.5.4.3,Sg:n:9:P:ht|"
7643,7643,"CC(C1=C(C=C(C=C1)F)CO)I.COP(=S)(OC)OC |$;;;;;;;;;;;;;;;;;;;$,m:12:2.7.6.5.4.3|"
7644,7644,"C1[C@@H]2[C@H]1[C@H]3C=C[C@@H]2C(=C3C(F)(F)F)C(F)(F)F.CSC(C)(SC)SC.CC(=O)N(C)S(C)(=O)=O |$;;;;;;;;;;;V6;;;;;;;;;;;;;;;;;;;;;;$,m:17:4.5.6.1.2.3,m:25:7.8.3.2.1.6|"
7645,7645,"C[As](C)C1=C(C(C1(F)F)(F)F)F.CN=C(NNC)N(C)C |$;;;;;Z0;;;;;;;;;;;;;;;$,m:12:3.6.5.4|"
7646,7646,C1=CC(=C(C(=C1)Br)C(F)(F)F)CO |$;J;;;;;;;;;;;$|
7647,7647,CN1C(=C(C=N1)Br)C(CN)(C2CC2)F |$;;;;;;;;;;;;K8;$|
7648,7648,"C1C(C(CN1)F)C2=CC=CC=C2.COP(C)C |$;;;;;;;;X5;;;;;;;;$,m:12:7.8.9.10.11.6|"
7649,7649,"C1=CC(=CC(=C1)F)C=C(F)F.CC |$;;;;;;;;;;;;R7$,m:11:0.5.4.3.2.1|"
7650,7650,"CC1CCC(C2=C1C(=CC(=C2)F)F)N.CC.CC |$;;;;;;;;;;;;Z4;;;R;;V$,m:14:1.6.5.4.3.2,m:16:7.8.9.10.5.6,Sg:n:5:v:ht|"
7651,7651,C1=CN=C(C(=C1CO)Cl)F |$;;;;;D;;;;$|
7652,7652,"C=C(OCCN)F |$;;;;;;$,Sg:n:3,4:F:ht|"
7653,7653,C1COC2=C(C=CC(=C21)Br)F |$;;;;;;D8;;;E3;$|
7654,7654,"C1=NC(=C(C(=N1)Cl)F)N.CC |$;;;;;T;;;;;R62$,m:9:0.5.4.3.2.1|"
7655,7655,C(C(=O)S)(C(F)(F)F)Cl |$;;G;;;;;;$|
7656,7656,"C1=CC(=C2C(=C1)SC3=NN=CN23)F.CC |$;;;;;;;;;;;;W0;;R8$,m:13:6.4.3.11.7|"
7657,7657,"C[N+](C)(C)C1(CC1)C(C(=O)OC)F |$;;;;;;;;;;V;;U9$,Sg:n:5:n:ht|"
7658,7658,"CC1=C(C(=C(C(C1(C)C)F)F)CO)F.CC=NC(C)=NOC |$;;V1;;;;;;;;;;;;;;;;;;;$,m:14:1.6.5.4.3.2|"
7659,7659,C=CC1=CC(=CC)C(C)C(F)C1C |$;;;;;;;X;;;;;$|
7660,7660,"CC(C1=C2C(=CC(=C1F)Cl)OCCO2)N.COC(C)=O |$;;;;X8;;;;;;B6;;;;;;;;;$,m:15:2.7.6.5.4.3|"
7661,7661,"C1=CN=C(C=C1Br)C(C(F)(F)F)N.CC |$V2;;;;;;;;;;;;;;X6$,m:13:0.5.4.3.2.1|"
7662,7662,CC1=NC(=CC(=N1)Cl)C(F)F |$;;;;J4;G;;;;;$|
7663,7663,"C[C@@H]1CC2=CC=CC=C2N[C@H]1F.CN=C(C)N(C)SC |$;;;;;;;;;;;;;;;;;;;$,m:12:1.10.9.8.3.2,Sg:n:11:L:ht|"
7664,7664,CC=C(C(=CC)S(=O)(=O)C)F |$;;;Z;A3;;;;;W0;$|
7665,7665,C1CC(=O)[N+](C1=O)(C(=O)C(F)(F)F)[O-] |$;;;;;;;;;;E;;;$|
7666,7666,"C1=CC(=[N+](C=C1F)O)Br.CN=C(N)SC |$;;;;;;A;;;;;;;;$,m:9:0.5.4.3.2.1|"
7667,7667,"C1=CC(=C(C(=C1)F)C=C(Br)Br)F.CNB(C)N(C)C |$;;;;;;;;;;;;;;;;;;$,m:12:0.5.4.3.2.1|"
7668,7668,"CN1CC=NC1OC(F)(F)F.CC |$;;;;;;;;;;;;R9$,m:11:1.2.3.4.5,Sg:n:9:v:ht|"
7669,7669,CC1=C(C=CC(=C1F)Cl)[N+](=O)[O-] |$;;;;;K;;;;;;$|
7670,7670,"C1C[C@@H]([C@@](C1)(C(F)(F)F)O)N.CC |$;;;;;;;;;A6;;;R$,m:11:0.1.2.3.4|"
7671,7671,CCP(CC)C(F)P(CC)CC |$;;;;;;W1;;;U;;$|
7672,7672,"CC1=CC(=C(C=C1)NN)F.CN=C(N)NOC |$;;;;;;;;;;;;;;;;$,m:10:1.6.5.4.3.2,Sg:n:1:U:ht|"
7673,7673,CC(CF)NC(=O)N |$;;;;;;U5;$|
7674,7674,"C[C@@H](CO)[C@H](C1=CC=CC=N1)F |$;;;;;;;;;;;A$,Sg:n:2:R:ht|"
7675,7675,C=CC=NC(=C)F |$;Z;;;;;$|
7676,7676,C(F)(F)S(=O)(=O)C(C(=O)O)(F)F |$U;K2;;;;;;D;;;Y2;$|
7677,7677,"C1(OC(=C(O1)Cl)Cl)F.CN(O)S(C)(=O)=O |$;;;;;;;;;;;;;;$,m:8:0.1.2.3.4,Sg:n:2:O:ht|"
7678,7678,C1=C(NC(=O)C(=C1Cl)C(F)F)Br |$;A9;;;;;Q;;;;;$|
7679,7679,"CC1=C(N=C(C=C1Br)C(F)F)CO.C[N+](C)=[N-] |$W2;;;L0;L0;;;;;;;;;;;;$,m:13:1.6.5.4.3.2|"
7680,7680,"CC1=C(C=CC(=C1N)F)S.CNNN |$;;;;U;;;;;;;;;$,m:10:1.6.5.4.3.2|"
7681,7681,[N-]=[N+]=NOCF |$;;;;;E1$|
7682,7682,C(=O)(C(F)(F)F)[O-] |$;;;;;;Y$|
7683,7683,"CC1=C(C(=CC(=C1F)F)F)F.CC |$;;;;;;;;;;;;R3$,m:11:1.6.5.4.3.2|"
7684,7684,"CC1(CCC(CC1)(F)F)C(=C)N.CC |$Z9;;;;Q6;;;;;;;;;T2$,m:12:1.6.5.4.3.2,Sg:n:1:D:ht|"
7685,7685,"CC1=C(C=CC(=C1F)O)F.CC |$;;;;;;;;;;;Z$,m:10:1.6.5.4.3.2|"
7686,7686,"C1C=CC(=C2N1CC3CNCC2C3=O)F.COC(=O)NSC.CC |$;G;;;A;;;Z;;;A;;;;;;;;;;;;;X7$,m:15:0.5.4.3.2.1,m:22:6.7.12.11.4.5|"
7687,7687,"CC(C1=C(C=CC=C1N)C(F)(F)F)(O)O.CC |$;W;U;;K;;;;;;Z9;;;;;;R$,m:15:2.7.6.5.4.3|"
7688,7688,CC(C)(C(F)(F)F)N=C=S |$;;;;;;T3;B6;U7;$|
7689,7689,"FC(F)N1CCCCC1 |$;;;;;;;;$,Sg:n:8:b:ht|"
7690,7690,"C[N+](=C(N1CCOCC1)F)C |$;U;;;;;G8;V0;;;$,Sg:n:2:p:ht|"
7691,7691,"C(CF)NS(=O)O |$;;;;;;$,Sg:n:1,0:Z:ht|"
7692,7692,"CCOC1=C(C(=CC=C1)F)C(C)O.CC |$;;;;;;;;;K;D7;;;;Y3$,m:13:3.8.7.6.5.4,Sg:n:8:C:ht|"
7693,7693,"CC1=C(C(=NC=C1)C(F)(F)F)C(=O)Cl.CN(N)[N+](=O)[O-] |$;;;;;;;;;;J;;;;;;;;;$,m:14:1.6.5.4.3.2|"
7694,7694,"C1CC12C(C(C(CN2)F)O)CF.CC(C)=NN(C)N(C)C |$;;K;;;;;;;;;;;;;;;;;;$,m:12:3.4.5.6.7.2,Sg:n:0:X:ht,Sg:n:11:P:ht|"
7695,7695,"C(C(=CC(F)F)CF)F |$;;;;;;;;$,Sg:n:4:u:ht|"
7696,7696,"CCNC1=C(C(=CC=C1)F)C(=N)N.COC(=S)C(C)N |$;;;;;;;;;;;;;;;;;;;$,m:13:3.8.7.6.5.4|"
7697,7697,"C1CC=C/C(=C\C(F)(F)F)/C1 |$;;;;;;;;;;$,Sg:n:0:c:ht|"
7698,7698,"CNC1C(=C(NC=N1)F)Cl.CC |$;;;;;;;;;;;A1$,m:10:2.7.6.5.4.3|"
7699,7699,C/C=C(\C(=C/C)\F)/N |$B2;;;;;;;$|
7700,7700,"CC1=C(C=C(C(=N1)C(F)F)C=O)Br.CC |$Z3;;;;;;;;;J;;;;;W$,m:13:1.6.5.4.3.2|"
7701,7701,C1C(C1(Br)Br)(F)F |$Z3;;;;;;$|
7702,7702,"CC(C)(C)C1=CC(=NS1)F.CC |$;;;;;;;;;;;J$,m:10:4.5.6.7.8|"
7703,7703,"C[C@]1(CC1(F)F)CN.CC |$;;;;;;;;;L$,m:8:1.2.3|"
7704,7704,"C1=CC=C2C(=C1)C(C=C(C2=O)F)[N+](=O)[O-].CC.COSN |$;;;;;;;B;;;;;;;;;R29;;;;$,m:15:0.5.4.3.2.1,m:17:6.7.8.9.3.4|"
7705,7705,"C1=C(C(=NC(=C1I)C(F)F)C=O)F.CN(C)C(=O)NS |$;;;Y;;X;;;;;;;;;;;;;;$,m:13:0.5.4.3.2.1|"
7706,7706,"C1=CN=C(C2=C1NC=C2F)C(=O)O.CC |$;;;;;;;;;U;;G3;;;X5$,m:13:6.5.4.8.7|"
7707,7707,"C1=CC2=C(C=C1F)SOC2=O.CC=NN=C(C)N.CC |$;;;;;;;;;;;;;;;;;;;R$,m:11:0.5.4.3.2.1,m:18:7.3.2.9.8|"
7708,7708,"CC(=C)C1(CC1)F.COC(C)(OC)SC |$;Q;;;;;;;;;;;;;$,m:7:3.4.5|"
7709,7709,"C1=CC(=C(C=C1F)CN)Br.CC |$;;;;Y9;;;;;;;E0$,m:10:0.5.4.3.2.1|"
7710,7710,"C=C1C(=C)C(C(C1(F)F)(F)F)(F)F.CC |$;;;;V;;;;;;;;Q;;V$,m:13:1.2.4.5.6|"
7711,7711,"COC1=C(C(=C(C=C1)I)C=O)F.CC |$;;;;;;;;;;;;;R$,m:12:2.7.6.5.4.3|"
7712,7712,CC(=C(/C=C(\C)/N)C(F)(F)F)C |$;Q3;;;;;;;;;;$|
7713,7713,C1=CC=C(C(=C1)C2=C(C=CC=N2)C#N)C(F)(F)F |$V;;;;;;;;;;;;;;;;;$|
7714,7714,"C1OC(C(O1)C(F)(F)F)C(F)(F)F.CSC(C)N(C)C |$;;;;;;;V;;;;;X;;;;;;;$,m:13:0.1.2.3.4,Sg:n:5:Y:ht|"
7715,7715,COP(=O)(C1(C(O1)(F)F)C(F)(F)F)OC |$;;;;;;;;M3;;;;;;$|
7716,7716,C(C(O)F)(C(F)(F)F)Br |$;;;Z7;T3;;;;$|
7717,7717,"CCC1=C(C=CN=C1F)C(C)O.CC |$;;;;;;;D;;;;W;;J8$,m:12:2.7.6.5.4.3|"
7718,7718,"C1C(OS1(=O)=O)(C(F)(F)F)C(Cl)(Cl)Cl.CONC(N)=O |$D2;;;;;;;;;;;;;;;;;;;$,m:14:0.3.2.1|"
7719,7719,"CC(=C(C)C1=CC=CC=C1F)C.CC |$;;;;;;;;;;;;;Q$,m:12:4.9.8.7.6.5|"
7720,7720,C(C(F)(F)F)C([Si](Cl)(Cl)Cl)(Cl)Cl |$;;V9;;;;T3;;;;;$|
7721,7721,"C(CO)NC(=O)F |$;;;;;;$,Sg:n:1,0:D:ht|"
7722,7722,"CC1=CC(=C(C(=C1C(=O)O)O)OC)F.CSN(C)C(=O)O |$;;;G;V3;;;;;;;;;;;;;;;;$,m:14:1.6.5.4.3.2|"
7723,7723,CC1=CC(=C(C(=C1F)OC)F)O |$;M;;G;;;;;;;;$|
7724,7724,"CC(CCOC)C(CN)F |$;G;;;L3;;;;;$,Sg:n:2,3:x:ht|"
7725,7725,"CC1=NC=CC(=C1)C(F)(F)F.CC |$;;;;Z;E;M2;G3;;;;;G6$,m:11:1.6.5.4.3.2|"
7726,7726,C1=CC(=C(C=C1O)[C@H](C(F)F)N)Br |$;;;M;;;;;;;;;$|
7727,7727,"C1=CN=C(C(=C1CBr)OC(F)(F)F)F.CN=C(C)N(C)O |$;L;;;;;;;;;;;;;;;;;;;$,m:14:0.5.4.3.2.1,Sg:n:5:i:ht|"
7728,7728,"CC1(CC(CO1)(F)F)CO.CC |$;;;;;;;;;;;V$,m:10:1.2.3.4.5|"
7729,7729,"CN1C2=C(CCNC2)C(=N1)C(F)F.COC(=S)S |$;;;;;;;;;Y1;;;;;;;;$,m:13:4.5.6.7.2.3|"
7730,7730,"CC(O)S(=O)(=O)C1(C=CC=CC1F)C.CNP(C)(=O)N(C)C |$;;;;;;W4;;;;;;;;;;;;;;;$,m:14:6.11.10.9.8.7|"
7731,7731,C1=CC(=C(C(=C1CCl)O)F)F |$;T;;;X;;;;;;$|
7732,7732,CC1=CCC(C(=N1)C)F |$;;;;;;;Z;$|
7733,7733,"CC(=C(C1CCC1)C(F)(F)F)C(=O)O.COP(N(C)C)N(C)C |$;;;;;;;;;;;;;;;;;;;;;;$,m:14:3.6.5.4,Sg:n:5:u:ht|"
7734,7734,CC/C(=C/N)/C=C(\C=C)/F |$;;;;;D;;;;$|
7735,7735,CC(C)C(C(C)(C)C)C(F)(F)F |$;;;;B8;;;;;;;U$|
7736,7736,CC1=CC(=C(C(=N1)CO)C(F)F)[N+](=O)[O-] |$;;;;;;;;;;;V2;;;$|
7737,7737,"CN(C(=O)F)SC(F)(Cl)Cl |$;;;;;;;;;B9$,Sg:n:6:H:ht|"
7738,7738,"CCCC1=NC(=NC=C1C)F.CN=CC(C)=N |$;;;;;;;;;;;;;;;;$,m:11:3.8.7.6.5.4,Sg:n:1,2:R:ht|"
7739,7739,"CC(=O)C(C1=CC=CC=C1O)F.COC(=O)NSC |$;;;G;;;;;;;;;;;;;;;$,m:12:4.9.8.7.6.5|"
7740,7740,C(C(OC(F)(F)F)(F)F)(F)F |$;;;;;;;Y1;;;$|
7741,7741,"C1=CC(=C(C(=C1C[NH3+])F)F)F.CC |$;;;;;;;;;;;;E55$,m:11:0.5.4.3.2.1|"
7742,7742,"CC(CCC(F)F)(Cl)Cl |$;;;;;;;;$,Sg:n:4:i:ht,Sg:n:8:Z:ht,Sg:n:2,3:m:ht|"
7743,7743,"C1=CC(=C(C(=C1Cl)F)S(=O)(=O)N)Cl.CC |$;;;;;;;;;;;;E;;T$,m:13:0.5.4.3.2.1|"
7744,7744,CC(=NO)C1=C(C=CC(=C1)F)F |$;;;;;;;;;B9;;$|
7745,7745,"C1CN(C(=N1)N[N+](=O)O)CCF.CC |$;;;;;;T;U;;;;;;R09$,m:12:0.1.2.3.4,Sg:n:10:I:ht,Sg:n:9,10:T:ht|"
7746,7746,C(=O)(C(F)(F)F)O |$;L;;;;;$|
7747,7747,CC1(C(=O)OCO1)C(F)(F)F |$;;;;;A5;;;;M8;$|
7748,7748,CC1(C2(CC(C1(C2)F)C(C)(C)C)F)C |$;;;;T9;;;;;;;;;$|
7749,7749,CC(C(C(F)(F)F)O)Br |$;;U1;;;Z6;;;$|
7750,7750,CC(C(C)(C)C)C(C)(C)C(O)(F)F |$;M;;;;;;;;;U4;;$|
7751,7751,"C1CC=CC(C1)C(C(F)(F)F)C(F)(F)F.COP(N)(=O)N(C)C |$;;;;;M;;;;;;;;;;;;;;;;;$,m:15:0.5.4.3.2.1,Sg:n:3:G:ht|"
7752,7752,"CCN1C(=NC=N1)C(C(F)(F)F)N.CNC(C)=NOC |$;;;;;;;;;;;;;;;;;;;$,m:13:2.3.4.5.6|"
7753,7753,"C1C(C2=C(C(=CC=C2)F)NC1=O)CN.CNN=CN |$;;;;;;;Q;;;;;;;;;;;$,m:14:4.5.6.7.2.3,Sg:n:7:G:ht|"
7754,7754,"C1C[C@@](CC1N)(CF)O |$;;;;T;;;;$,Sg:n:8:X:ht,Sg:n:4:N:ht|"
7755,7755,CC(C)C1=C(C=C(C=C1OC)F)C(C)N |$;;;;;;;;K3;;;;;X4;$|
7756,7756,CC(CC1CNC=C1)(F)F |$G;;;W2;;J0;;;;$|
7757,7757,CC(C)(C)C(CC(=O)O)OC(F)F |$Z;;;;;;;;;;D;;Z4$|
7758,7758,"C[Si](C)(C)OC1([C@@H]2CC[C@H]1[C@@H]3[C@H]2C3)C(F)(F)F.CN=C(NO)OC |$;;L5;;;;;;;;;;;;;;;;;;;;;$,m:17:12.11.10,Sg:n:6:q:ht,Sg:n:9:R:ht|"
7759,7759,CC(C1=C(C(=C(C=C1)F)F)F)F |$;;;;K;;;;;;;W2$|
7760,7760,"CC1=CC(=C(C=C1F)C=C)C=C.CC=NC(=S)N(C)C |$;E;Z4;;;;;;;;;V8;;;;;;;;$,m:12:1.6.5.4.3.2|"
7761,7761,"CC(C(C1=CC=CC=C1)F)N.COC=O |$;;W6;;;;;;;;;;;;$,m:11:3.8.7.6.5.4|"
7762,7762,"C1=CC(=C2C(=C1F)N=C(S2)Cl)Cl.CC |$;;;;;;;;;D7;;E;;R$,m:12:7.4.3.9.8|"
7763,7763,C1=NC(=C(C(=O)N1)Cl)F |$;;;;U;;J;;$|
7764,7764,"CC1(COC1(F)F)CF.CC |$;;;Y4;;;;;;;R4$,m:9:1.4.3.2|"
7765,7765,"CC(C1=C(C=C(C(=C1Br)OC)O)F)N.CC |$;;;;;;;;;;;;;;;A$,m:14:2.7.6.5.4.3|"
7766,7766,C/C(=C(/C1=CC=CC=C1)\F)/I |$;E1;;;;;;;;;$|
7767,7767,C(C(O)(F)F)(C(F)(F)F)(O)O |$;L0;;;;;V;X;;;T0$|
7768,7768,"CC1=C(C2=C(O1)C=CC=C2F)F.CN(C=O)S(C)(=O)=O |$;;;;;;;;V3;;;;;;;;;;;$,m:12:1.2.3.4.5|"
7769,7769,C#CC1=C(OC(=O)O1)F |$;;;;;;;W8;$|
7770,7770,C(=O)(C(F)(F)F)[O-] |$;;;;V;;$|
7771,7771,"C1CC2=C(C=CC(=C2NC1)F)F.CN(N)N |$;;;;;;;;;;;X;;;;$,m:12:0.9.8.7.2.1|"
7772,7772,C1=C(C(=C(C(=N1)Br)Br)C=O)F |$;;;;;L5;Z;;;;$|
7773,7773,"C1(=C(C(=C(C(C1=O)(F)Cl)F)F)Cl)F.CC |$;;;;;;;;;;;;;;V65$,m:13:0.5.4.3.2.1|"
7774,7774,"CC1CC(N(C1)C(=O)[O-])F.CC=[N+](C)C |$;;;;;Y9;;;;;;;;;$,m:10:1.2.3.4.5|"
7775,7775,"C1C=C(CO1)C2=CC(=CC(=C2)F)F |$;;;;;;Q1;;;;;;M4$,Sg:n:4:j:ht|"
7776,7776,"CCC1=C(C=C(C=C1)F)OC=O.CC |$;;;;;;;;;;;;;R5$,m:12:2.7.6.5.4.3|"
7777,7777,C1=C(C=C(C2=NNN=C21)C(F)(F)F)Cl |$;;;;;;;T;;;;;;$|
7778,7778,"C1=CC(=C2C(=C1F)C(=C(C=N2)N)N)Cl.COP(OC)OC |$;;;;;;;;;;;;;;;;;;;;$,m:14:7.8.9.10.3.4|"
7779,7779,CN(C)C(C(F)(F)Cl)O[Si](C)(C)C |$;;B0;A3;;;;;;M9;;;$|
7780,7780,C(=O)(C(C(Cl)(Cl)Cl)(F)F)O |$;;;;;L4;;;;$|
7781,7781,"CC1CCCC(C1)F.CC=NC(=O)C(C)=O |$J;;;L;Y8;;;;;;;;;;;$,m:8:1.6.5.4.3.2|"
7782,7782,"C1CNCC[C@H]([C@H]1CO)F.CNNO |$;;;;;;;;;J;;;;$,m:10:0.1.2.3.4.5.6,Sg:n:5:V:ht|"
7783,7783,"CS(=O)(=O)OC1(CCCCC1)F |$Z;;;;;;;;;;;D2$,Sg:n:11:J:ht,Sg:n:0:C:ht,Sg:n:2:y:ht|"
7784,7784,CCC(C(C(F)(F)F)C(F)(F)F)F |$;;;;;T;;;;;;;$|
7785,7785,"CC1=CC(=CC(=C1)F)C2=NC=CS2.CN(O)C(N)=O.CN=C(N)N(C)OC |$;;;;;;;;;;;L;;;;;;;;;;;;;;;$,m:13:1.6.5.4.3.2,m:19:9.8.12.11.10|"
7786,7786,"CSC(=N)C1=C(C=CC=C1Cl)F.COC(C)=NN(C)C |$B;;;;;;;;D7;;;G;;;;;;;;$,m:12:4.9.8.7.6.5|"
7787,7787,"COC(=O)C1=C(NC=C(C1=O)Br)C(F)F.CC(=O)N(C)C=N |$;;X4;;G;;;;;;;;;;;;;;;;;$,m:15:4.9.8.7.6.5|"
7788,7788,"Cc1ccccc1F.CC |$;;;;;;;;;A$,m:8:1.6.5.4.3.2|"
7789,7789,"CC(C)(C)/C=C(/C1=CC=CS1)\C(F)(F)F.CC |$;V7;T;;;;;;;;;;;U9;;;R$,m:15:6.7.8.9.10|"
7790,7790,"C1=[C-]C=C(C(=C1F)F)F.CC |$;Y;;;;;;;;;R$,m:9:0.5.4.3.2.1|"
7791,7791,"C1=C(C=C(C2=C(NC=C21)O)F)Br.CC |$;;;;;;;;;;;;;V$,m:12:0.8.4.3.2.1|"
7792,7792,"C=IC1(C[NH2+]C1)F |$;;;;;;$,Sg:n:6:I:ht|"
7793,7793,C1=CC2=C(C=C(C=C2N=C1)F)C(=O)O |$;;;;;;K1;;;L;;;;$|
7794,7794,C1=C(C(=NC(=C1I)N)C(F)F)S(=O)(=O)N |$;;;;;Y8;;;;;;;;;M$|
7795,7795,"C1=CC(=CC(=C1)Cl)F.CS(=O)(=O)NC(=O)O |$;;;;;;;;;;;;;;;$,m:8:0.5.4.3.2.1|"
7796,7796,"CCC1=C(C=C2C(=C1)C=NO2)F.CC |$;;;;;B7;;;;;;B8;;X$,m:12:2.7.6.5.4.3|"
7797,7797,"CC1=CC(=C(C2=NON=C12)C)F.CC=NN=N |$;;;;;;;;;;;;;;;;$,m:12:1.9.5.4.3.2|"
7798,7798,"COC1=NC=CN=C1F.CC |$;;;;;;;;;;R$,m:9:2.7.6.5.4.3|"
7799,7799,C1CC(CNC1)(C(C(=O)O)(F)F)O |$;;;;Q1;;;;;;;;$|
7800,7800,CN(CCN)C(=O)C(C(F)(F)F)(F)F |$;;;;;;;;;;;;;A$|
7801,7801,CC(=O)CC(C)(F)F |$Q;;;;;;W6;$|
7802,7802,"C1=CC(=NN2C1=NN=C2C(F)(F)F)I.CC.C[N+](=N)[O-] |$;;;M;;;;;;J;;K;;;;J3;;;;$,m:14:0.5.4.3.2.1,m:16:6.5.4.8.7|"
7803,7803,C1(=C(C(=N)C1=N)N)C(F)(F)F |$;;;;;;;;X;;$|
7804,7804,CC1=CC(=NC=C1I)F |$;;;;;X;;;$|
7805,7805,"C[C@@]1(CCCNC[C@H]1N)F.COS(C)(=O)=O |$;;;;;;;;;;;;;;;$,m:10:1.2.3.4.5.6.7|"
7806,7806,"CC1=CNC(=CC1=S)F.CC |$;;;U;E;;;;;;R20$,m:9:1.6.5.4.3.2|"
7807,7807,"C1=CC(=C(C=C1CN)Br)F.COOS |$;;;;;;;;;W9;;;;$,m:10:0.5.4.3.2.1|"
7808,7808,C1=CN=C(C(=C1I)N)F |$;L;;;;;;;$|
7809,7809,"C1=CC=C(C(=C1)F)F.COC(=O)C=N |$;;;;;;Z;U;;;;;;$,m:8:0.5.4.3.2.1|"
7810,7810,"C1=C(C=C(C=C1N)I)CF.CC |$;;;X7;;;;;;;;R19$,m:10:0.5.4.3.2.1|"
7811,7811,"C1=C(N=C(N=C1Cl)C(F)(F)F)NN.CN(C)S(C)=O |$;;;;;;;;;;;;;;;;;;$,m:13:0.5.4.3.2.1|"
7812,7812,"C1=CC=C(C(=C1)OC(=O)Cl)F.CC |$;;;;;;;;;;;;R4$,m:11:0.5.4.3.2.1|"
7813,7813,"CC(=O)C1=C(C=CC=C1Cl)F.CC |$;;;;B;;;;;;;;Y$,m:11:3.8.7.6.5.4|"
7814,7814,"C1COC(=O)C1N(C(=O)F)C(F)(F)F |$;T;T;;;;;;;;;;;$,Sg:n:12:w:ht|"
7815,7815,"CC(C1=C(C=C(C=C1)Br)Cl)F.CC(=O)NC=O |$;;;;;;;;;;;;;;;;$,m:11:2.7.6.5.4.3|"
7816,7816,"COC1=C(C(=CC(=N1)Br)C(=O)O)C(F)F.CC |$;;;;;;;;;;;;;W;;;R$,m:15:2.7.6.5.4.3|"
7817,7817,CC(C)(C)C1=NN=C2N1C=C(C=C2)F |$;;;;T8;;;;;;;;;$|
7818,7818,"CC(C)(C)C1C(C(CCN1C(=O)O)(O)O)F.CN=CN(C)C(C)=NC |$;;;;;;;;;;;;;;;;;;;;;;;;$,m:16:4.9.8.7.6.5,Sg:n:6:H:ht|"
7819,7819,"C1=C(C(=C(S1)Br)CO)F.CC |$;B;;;;;;J;J;;A$,m:9:0.1.2.3.4|"
7820,7820,CCC1=C(C(=C(C(=C1CC)F)C)N)N |$;;;;B1;;;;;;;;;$|
7821,7821,"CC1(CCC(CC1)(C(F)(F)F)NC)C.CC |$Y;;;;;;E4;;;;;;;;;R$,m:14:1.6.5.4.3.2,Sg:n:10:u:ht,Sg:n:6:C:ht|"
7822,7822,"C1C(CNCC1F)O |$;;;;;;;$,Sg:n:4:E:ht,Sg:n:3:T:ht|"
7823,7823,"C1CC=C(C(C1)(F)F)C2=CC=CO2 |$;;Q6;;;Z;U2;;;;;;$,Sg:n:9:c:ht|"
7824,7824,"C1CC12[C@@H]([C@H]([C@@H](CN2)O)O)CF.CC.CNP(C)OC |$;;;;;;J;V9;;;;D4;;R4;;;;;;$,m:12:0.1.2,m:14:3.4.5.6.7.2,Sg:n:11:t:ht|"
7825,7825,"C1CCCC(CC1)(C2=CC=CC=C2OC(F)(F)F)O.CC |$;;;W;;;;;V6;;;;;Y;J;;;;;;Z$,m:19:8.9.10.11.12.7|"
7826,7826,CN1C(=CN=C1Br)C(F)F |$;;U8;;;;;;;$|
7827,7827,"CCC(=C(C)F)OC |$;;B;L;;;;$,Sg:n:2:m:ht|"
7828,7828,CN1C2=C(C=CC(=C2F)Cl)NN1 |$;;;;K;;;;;;;$|
7829,7829,"CCCC(C[18F])S |$;V;;X;;;$,Sg:n:1,2:y:ht|"
7830,7830,"C1OC2=C(C(=C(C=C2)F)Br)C(=O)O1.CNC(=O)NN(C)C.CC(=N)C(=O)O |$;;;;;;;;;;;;;;;;;;;;;;;;;;$,m:13:0.12.10.3.2.1,m:21:4.5.6.7.2.3|"
7831,7831,C/C(=C(\C(F)(F)F)/N)/C=C\C=C |$;;;;;J9;;;;;;$|
7832,7832,"C/C(=C(/CF)\F)/NC=NC |$;;;;;;;;;$,Sg:n:9:A:ht|"
7833,7833,CC1=CC(=CC(=C1C(=O)O)C#N)F |$;;L9;;;;;;;;;;$|
7834,7834,CCC(=C)/C(=C\C(=C)C(=O)OCC)/F |$;;;;;;W;;;;;;;$|
7835,7835,CC(C)C(C(=O)[O-])(F)F |$;;;;;;D3;;$|
7836,7836,"COC1=C(C=CC(=C1)F)C(=N)N.CNS(C)(=O)=S |$;;;;;;;;;;;;;;;;;$,m:12:2.7.6.5.4.3|"
7837,7837,CC(C)(C1=CC=CC(=C1O)CN)F |$D;;;;;;;;;;;;D$|
7838,7838,"CS[C@@H]1CCCC[C@H]1F.CC |$;;;;;L;;;;;T3$,m:9:2.7.6.5.4.3,Sg:n:5:w:ht,Sg:n:3:g:ht|"
7839,7839,CC1=C(C=CC(=C1)CF)F |$;;;;M;;K;;;$|
7840,7840,C1=C(C(=CC(=C1F)F)CO)CO |$W8;;;;;;;;;V5;;$|
7841,7841,CC1=CC(=NC(=C1)C(C)(F)F)C=O |$;;;T4;;;;;;;;;$|
7842,7842,"C1CCCCC(CC(=O)CCCC1)F |$;;;;;;;;;;;;;$,Sg:n:13:W:ht,Sg:n:11:u:ht|"
7843,7843,"[CH2-]C1=CC(=CC=C1)C(F)(F)F.CC |$;;;;;;T0;;W;;;;U$,m:11:1.6.5.4.3.2|"
7844,7844,"C=NC1=C(NN=C1)C(F)(F)F.CC(=N)S(C)(=O)=O |$;;;;;;;;X0;;J;;;;;;;$,m:11:2.3.4.5.6|"
7845,7845,C(C(F)(F)F)(F)S(=O)(=O)N=[N+]=[N-] |$;;;;;;;;;U;;Z$|
7846,7846,"C1C[C@H]([C@@H](C1)C(F)(F)F)CO |$U;;;;;;;;;;$,Sg:n:3:a:ht|"
7847,7847,C1=CN=C(C2=C1C(=CC(=C2)F)F)N |$;;;;;;;;M;G5;;;$|
7848,7848,"CNCC1(CC1)C2=C(C(=CC=C2)Br)F.CC.CN=C(N)N(C)N |$;J8;L;A;;;;;;;;;;;;R;;;;;;;$,m:14:4.3.5,m:16:7.8.9.10.11.6,Sg:n:1:a:ht|"
7849,7849,"CC(C)C1CC(=CC(=C1)OC)F.CN=C(C)C=O |$X4;;;;;;;;;;V6;;;;;;;$,m:12:3.8.7.6.5.4|"
7850,7850,"C[N+](C)(C)C1=CC=CC=C1F.CBOC |$;;;;;;;;;;;;;;$,m:11:4.9.8.7.6.5|"
7851,7851,CC(C)C1(CC1)C(C)(F)F |$;;;E8;;Q;;;;$|
7852,7852,CC(C)/C(=C(/C=C)\F)/C |$;B;;;;;;;$|
7853,7853,C1=C(C=C(N2C1=NN=C2Br)Cl)F |$;;;;;;;;;L;;$|
7854,7854,"CC1CCCC(C1)C(C(F)F)N |$;;;W;;;;;;A;;$,Sg:n:3:U:ht|"
7855,7855,"CC1=C(C2=C(CCN2)C=C1)F.CC.CC |$;;;;;;;;;;Z9;;R3;;Y16$,m:11:1.9.8.4.3.2,m:13:5.4.3.7.6,Sg:n:0:W:ht|"
7856,7856,C1=C(N=C(C(=C1N)F)C(F)F)CO |$;;M;;;;;;U2;T0;;;$|
7857,7857,"CCC1C(C1(F)F)(C)C.CN=C(NC)N(C)N=C(C)C |$;;M;;;;;;;;;;;;;;;;;$,m:9:2.3.4|"
7858,7858,CC1(CNCCN1CC(F)(F)F)C |$;;;;V8;;;;;;;;$|
7859,7859,C1=NC(=C(NC1=S)C(F)(F)F)Br |$J3;M1;;T;;;;;;;;$|
7860,7860,"CC1=C2C(=CNC2=NC(=N1)C)F.CC |$;;;;;;;;;;;;;R$,m:12:1.9.8.7.6.2|"
7861,7861,"CC1C(=O)N(C(C(=O)N1)C2CC2)CCF.CC=NNNC |$;;J7;;;;X;;;M;;;;;;;;;;;$,m:15:1.8.6.5.4.2,Sg:n:12,13:w:ht|"
7862,7862,"CC1=CC(=NC(=C1N)C(F)F)N.CSC(C)SC |$;;;;;;U;;E;;;;;;;;;$,m:12:1.6.5.4.3.2|"
7863,7863,CC1=NC(=C(C=C1)F)C(F)F |$;A;;;;;;;;;$|
7864,7864,C(C(OC(F)(F)F)(F)F)F |$;;Z7;;;;;;;$|
7865,7865,C1(C(C(=C(C1(F)F)Cl)Cl)(F)F)Cl |$;;;U6;;M2;W7;;;;;$|
7866,7866,C1=C(C(=CC(=C1F)F)O)CO |$;;;;;;;J3;;;$|
7867,7867,"C1=C(C(=NC(=N1)N)F)CN.CC=NC(C)=NC |$Y;;;D;;;;;;;;;;;;;$,m:10:0.5.4.3.2.1|"
7868,7868,"C1=C2C(=NN=N2)C(=C(C1=N)F)F.CC |$;;;;;;;;;E;;;;R$,m:12:0.8.7.6.2.1|"
7869,7869,"COC1=CC(=C(C(=C1O)CO)Cl)F.CNN=C(C)SC |$;;;;;;L8;;;J7;;;;;;;;;;$,m:13:2.7.6.5.4.3,Sg:n:3:A:ht|"
7870,7870,CC1=C(C=CC2=NN=C(N12)C(F)(F)F)N |$;;;;;L1;;;;;;;;;$|
7871,7871,"CCC1CC(C(C1)F)C.COP(C)(=S)SC |$;;;;;;;;;;;;;;;$,m:9:2.3.4.5.6|"
7872,7872,C1=C(ON=C1C(F)F)CO |$;;;;;;Z9;;;$|
7873,7873,"CC1=C(C(=C(C(=N1)OC)F)CO)F.CC(=O)SC(C)=O |$;;;;;;;;;;;;;;;;;;;$,m:13:1.6.5.4.3.2,Sg:n:12:X:ht|"
7874,7874,CC(C(C1CCCC1)C(=O)O)(F)F |$;;;;;;;;;;;;V$|
7875,7875,"CC(CN)C(C1=CC=CC=C1O)F.CC |$;;;;;;;;J7;;;;;;R63$,m:13:5.10.9.8.7.6|"
7876,7876,C1=C(C(=C(NC1=O)C(F)F)C(=O)N)Cl |$;G1;;Y4;;;;;;;;;;$|
7877,7877,"C1=C(C(=CS1)Br)C(C(=O)O)(F)F.CC |$Y0;;;X;;;;;;;K8;;;L79$,m:12:0.1.2.3.4|"
7878,7878,"CC(C)[C@@H]1CC(CN1C)(F)F.CNC(=O)S |$;;;;;;;;;;Z;;;;;$,m:11:3.4.5.6.7,Sg:n:9:z:ht|"
7879,7879,COC(C(CN)C(F)(F)F)OC |$;;;;Q;;;;J0;;;$|
7880,7880,"CC1C[C@@H](C(C=C1)OC)F.CC(=O)OC(C)=S |$;;;X;;;;;;;;;;;;;$,m:10:1.6.5.4.3.2|"
7881,7881,"CCC1=C(ON=C1C(C)(F)F)N.CN=C(NC)N(C)N(C)C |$;;;;;;;;;;;E;;;;;;;;;;$,m:12:2.3.4.5.6|"
7882,7882,C(C(F)(F)F)(C(Br)(Br)I)(F)F |$;;;;;U;;;;;$|
7883,7883,"C1CC2(C1)CNCC3=C(C=CC(=C23)F)O.CC=NOS(C)(=O)=O |$;;;;;;;;;;;;;;;;;;;;;;$,m:15:8.9.10.11.12.7|"
7884,7884,"C1COCC(=O)N1C(F)(F)F |$;;;;;;;;;;$,Sg:n:1:c:ht,Sg:n:3:J:ht|"
7885,7885,"C1=C(C=C(C2=C1C(OC2=O)O)F)F.CC.CC(=S)SC(C)=S |$;;;;;;;;;;;;;;T4;;;;;;;$,m:13:0.5.4.3.2.1,m:15:6.5.4.8.7,Sg:n:8:m:ht|"
7886,7886,"CC(CN1CCOCC1)(N=[N+]=[N-])F |$;;;;;Z8;Z;;;;;;$,Sg:n:10:Q:ht,Sg:n:2:Z:ht|"
7887,7887,"CC1(C=C(C=C(C1C(=O)O)F)F)F.CC |$;;;;;G0;;;;;;;;;K1$,m:13:1.6.5.4.3.2|"
7888,7888,CC(C(C=C)F)Cl |$M6;;;;;;Y$|
7889,7889,"C1C2=C(C=CC=C2F)NC1=O.CN(C)C(=S)NN.CC |$;;;;;;;Y7;;;;;;;;;;;;R$,m:11:0.1.2.8.9,m:18:3.4.5.6.1.2|"
7890,7890,COC(=O)C(CBr)F |$;;;;;Q;;$|
7891,7891,"CC1=C(C(=CC(=N1)Cl)C(F)F)C=O.CC |$;;;;;;;;;;;V;;;R$,m:13:1.6.5.4.3.2|"
7892,7892,"C1C=NC(=C(N1)N)C(F)(F)F |$;K;;;;;;;;;$,Sg:n:10:n:ht|"
7893,7893,"C1CNC2=CC=CC=C2C1(C(F)(F)F)O.CNC(=S)S |$;;;;K;;T1;;;Y;;;;;U9;;;;;$,m:15:0.9.8.3.2.1|"
7894,7894,"CCCC(CC)F |$;;;;;;$,Sg:n:1,2:r:ht|"
7895,7895,"C1=CN=CC=C1[C@@H](CN)F.CNP(OC)N(C)C |$;;;;;;;;;;;;;;;;;$,m:10:0.5.4.3.2.1|"
7896,7896,CN[C@@H]1CCOC[C@@H]1F |$;;;;E8;;;;$|
7897,7897,C1=C(C=C(C=C1Cl)Br)F |$;;;E7;U;G;;;$|
7898,7898,"CN1C=C(N(C1(F)F)C)SN.CN(O)C(N)=O |$;;;;;;D0;;;;;;;;;;$,m:11:1.2.3.4.5|"
7899,7899,CC(=O)OC1=C(N=CC=C1)C(F)(F)F |$;;;;;;;;;E8;;;;$|
7900,7900,C1=C(C(=C(C(=N1)CO)C(F)F)Br)I |$;;;;;;;;;;B1;;$|
7901,7901,"C1CC2(CC(C2)F)CNC1.CN(C)S(=O)O.CNN(C)N=O |$;;;;;;;;;;;;;;;;;;;;;$,m:10:0.9.8.7.2.1,m:16:3.4.5.2|"
7902,7902,"CC(CC1=C(C=CC=C1F)F)I |$;;;U6;;;;;;;;$,Sg:n:11:Y:ht|"
7903,7903,"C(C(=O)OC(F)I)I |$;T;;;;;G4;$,Sg:n:7:I:ht|"
7904,7904,"B(C1=C(C=C(C=C1)F)S(=O)(=O)C)(O)O.CN=C(N)OC |$;;;;;J;;;;;;;;J9;;;;;;$,m:14:1.6.5.4.3.2|"
7905,7905,"C1(=C(C(C1(F)Cl)(F)F)Cl)F.COOC |$;;;;X2;;;;;;;;;$,m:10:0.3.2.1|"
7906,7906,C1=CSC(=C1S)C(F)(F)F |$;;;;;;;;;A4$|
7907,7907,"C/C(=C(/C(=O)OC)\SC)/F |$X3;;D;;;X1;;;;$,Sg:n:4:m:ht|"
7908,7908,"C[C@@H]1CNCC1(F)F.CN(C)NN |$;;;;;;;;;;;;$,m:8:1.2.3.4.5|"
7909,7909,"CC1(CCCCC1)F.CC |$;;;;;;;;;R$,m:8:1.6.5.4.3.2|"
7910,7910,"CC1=NC(=C(C(=O)C1F)F)C.COC(C)=NSC |$;;;;;;;;;;;;;;;;;$,m:11:1.7.5.4.3.2|"
7911,7911,"CC[C@@H]1[C@H](C(=O)[C@H](O1)OC)F |$;;;;;;;;;B0;$,Sg:n:7:A:ht|"
7912,7912,CC(CC(O)F)[NH-] |$;;;;K;;$|
7913,7913,"C1CC([C@H](NC1)N=[N+]=[N-])F.CC(=O)C(=O)S |$;;;L5;;;;;;;;;;;;$,m:10:0.5.4.3.2.1|"
7914,7914,"CC1=CC(=C(C2=C1C2)F)C.CC.CC |$;;;;K;;;;;;;R;;R52$,m:10:1.6.5.4.3.2,m:12:7.6.5|"
7915,7915,"CC(C)C1=CC(=[N+](C=C1)[O-])F.CN=C(OC)N(C)NC |$;;;;;;;;;;T;;;;;;;;;$,m:11:3.8.7.6.5.4|"
7916,7916,C(C(CO)C(=O)O)C(F)F |$;;;;B;;;K1;;$|
7917,7917,CC(CC(C(=O)[O-])N)C(F)(F)F |$;;;;;;;;;;;D8$|
7918,7918,"C1C=CC(=CC1(F)S(=O)(=O)[O-])Br.CC |$;;;;;;;;G;;;;;R4$,m:12:0.5.4.3.2.1|"
7919,7919,C1CC(OC1)(N)F |$;;D2;Q;;;$|
7920,7920,"C1=C(C2=CN=CN=C2C(=C1Cl)O)F.CNNN |$;;;;;;;;;;;;;;;;$,m:13:0.9.8.7.2.1|"
7921,7921,CC1(CC1(C=O)C(F)(F)F)F |$;;;E7;;;;;;;$|
7922,7922,"CC(C)[C@](C)(C1=CC(=CC(=C1)F)F)N.CNOC(C)=N |$;;;K4;;;;J;;;;;;;;;;;;$,m:14:5.10.9.8.7.6|"
7923,7923,C1=C(C(=NC(=C1Br)I)C(F)(F)F)C(F)F |$;;;;L;;;;;;;;;;$|
7924,7924,"C1=C(C(=C(C=N1)F)Br)CC#N.CC |$;;;;;;;;;;;;R17$,m:11:0.5.4.3.2.1|"
7925,7925,C/C(=C(\C=C)/F)/C=C |$;Q7;;;;;;$|
7926,7926,"CC1=C(C(=C(C2=NSN=C12)C)Cl)F.CC.CB(C)C |$;;;J;;X2;;;;;;;;;E8;;;;$,m:13:1.9.5.4.3.2,m:15:6.5.9.8.7|"
7927,7927,"CN(CC1=CC(=CC=C1)F)S(=O)(=O)CCl.CNC(=O)N(C)O |$;U9;;;;;;;;;;;;Z;;;;;;;;$,m:15:3.8.7.6.5.4,Sg:n:1:U:ht|"
7928,7928,"CCCC(C(F)(F)F)(N=[N+]=[N-])O |$;;;;;;;W;;;;$,Sg:n:1,2:u:ht|"
7929,7929,"C(CF)ON=O |$;;;;;$,Sg:n:1,0:J:ht|"
7930,7930,B(O)(OC(F)(F)F)OOC(C#N)C#N |$;;;;;Q;;;;E6;;;;$|
7931,7931,"COC(=O)C(F)(F)F |$;;;;;;;$,Sg:n:5:N:ht|"
7932,7932,"C1CC[Po]C(C1)F |$;;;;;;$,Sg:n:1:R:ht|"
7933,7933,CC1=C(N=C(C=C1Br)C(F)F)Br |$;;;Q1;;;;Y;;;;$|
7934,7934,CCC1=C(C=C(C=C1Cl)F)F |$;;;U7;W6;;;;W;;$|
7935,7935,"CC1CCC(=O)C(C1)C(=O)C(F)(F)F.CSC(C)=O |$;;;;;B;;;;T4;;;;;;;;;$,m:14:1.7.6.4.3.2|"
7936,7936,"CC(C(=O)C1=C(C=CO1)Br)(F)F.CN=C(C)C(C)=O |$W;;;;;;;;J;B;D;;;;;;;;$,m:12:4.5.6.7.8|"
7937,7937,"C1=CC2=C(C=C(C=C2)F)C(=C1)[N+](=O)[O-].COC(=O)NN=C(C)C |$J;;;;;;;;;;;K7;;;;;;;;;;;$,m:14:4.5.6.7.2.3|"
7938,7938,"CCC(COC)(C(F)F)NCC |$;;;;;;;;;;;$,Sg:n:5:c:ht|"
7939,7939,"C1=CC(=C(C2=C1C=CN=C2)N)F.CN=C(N)N(C)OC |$;;;;;E;;A9;;;;;;;;;;;;$,m:12:0.5.4.3.2.1|"
7940,7940,C(=O)OC(=O)F |$;T2;;;;$|
7941,7941,CC1=C(C(=CC(=O)N1)CBr)C(F)F |$;;;;;;;;Y;;;;$|
7942,7942,"CCC1=CC(=C(C2C1C2)F)OC |$;;;;;;;;;;Y;$,Sg:n:1:p:ht|"
7943,7943,"C1CNCCC1CC(F)F.COC(=O)S |$;;;;;;;;;;;;;;$,m:10:0.5.4.3.2.1,Sg:n:1:p:ht|"
7944,7944,CC(=C)N1CC(CC1(C)N)F |$;;;;M8;;;;;;$|
7945,7945,C(F)(F)(F)S(=O)(=O)O |$;;;;;;;V$|
7946,7946,C(C(O)(F)F)OC(=O)N |$;;;;Z;;;;$|
7947,7947,"COC1=CC(=CC=C1)F.CC |$;;;;;;;;;;K$,m:9:2.7.6.5.4.3|"
7948,7948,CC[C@H](C(CF)O)O |$;;;;;;D;$|
7949,7949,"CC1=C(C(=CC(=C1Cl)OC)OC)F.CC |$;;;;;;;;Z3;;;;;;E4$,m:13:1.6.5.4.3.2|"
7950,7950,"COC1=CC(=C(C(=C1F)Cl)F)F.CC |$;;;;;;;;U;;;X3;;R$,m:12:2.7.6.5.4.3|"
7951,7951,"C1C(OCC1=O)C(F)(F)F.CC |$G6;;;;;J9;;U;;;;R8$,m:10:0.1.2.3.4|"
7952,7952,C(C(F)(F)F)(F)S(=O)(=O)[O-] |$;;U;;;;;;;$|
7953,7953,"C1=C2C(=C(C(=C1Cl)I)F)N=CNC2=O.CSN=O.CC |$;;J;;;;;;;;;;;;;;;;;K$,m:14:0.5.4.3.2.1,m:18:9.10.11.12.1.2|"
7954,7954,"C1C2CC3CC1[C@H](C(C2)[C@@H]3F)O.CSNO.CC |$;;;;;;;;;X;;;;;;;;R$,m:12:0.5.4.3.2.1,m:16:2.3.9.7.8.1|"
7955,7955,CC(=O)C(C(F)(F)F)N |$;;;W;;;;;$|
7956,7956,CN1C=C(C(=C1)C(=O)S)C(F)F |$;;T;;;;;;;W;;$|
7957,7957,CC1=C(C(=CC=C1)C(F)(F)F)Br |$;;;;;T;;;;;B;$|
7958,7958,CC(C)/C(=N\O)/CF |$;;;;V;E;V9;W8$|
7959,7959,"CCC1C(C(OCO1)(C(F)(F)F)O)(F)F.CC |$;;;B;;;;;;;;;;;;;A4$,m:15:2.7.6.5.4.3,Sg:n:13:R:ht|"
7960,7960,"C1=C2C(=NC=NN2C(=C1F)Br)N.CC=NN(C)C(C)=O.CC |$;;;U;;;;;;;;M4;;;;;;;;;;R$,m:12:0.1.6.7.8,m:20:2.3.4.5.6.1|"
7961,7961,"C1C(O1)C(F)(F)F.CN(C)P(C)(=O)O |$;;;;;;;;;;;;;$,m:7:0.1.2|"
7962,7962,CC1=CC(=C(C(=C1)O)F)C2(CC2)N |$U8;;;;;;;;;;A;;E4$|
7963,7963,"CCCC(C)(CC)C1=C(OC=C1F)Br |$;;;;B0;;;;;;;;;$,Sg:n:1,2:C:ht|"
7964,7964,C[C@H](C(C)C)OC(C(=O)C)(F)F |$;Y5;;Z6;;;;;;;;$|
7965,7965,"COC1=C(C(=C(C=C1F)Br)CO)OC.CSC |$;;;;;;;;;;;;;;;;$,m:14:2.7.6.5.4.3|"
7966,7966,"C1=CNC=C(C1=O)F.CN=C(NC)NC |$;;;;;;;;;;;;;;$,m:8:0.5.4.3.2.1|"
7967,7967,"C1CCN(C(C1)C(=N)N)S(=O)(=O)C(F)F |$;;;;;X6;;;Y;;;;;;$,Sg:n:11:N:ht|"
7968,7968,"C1=CC(=C(C2=C1C=CN2)C=O)F.CC |$J8;;;;;;;;;;;;;V39$,m:12:0.5.4.3.2.1|"
7969,7969,"C1=CC(C(C=C1F)N=[N+]=[N-])(O)Br.CC |$;;;;;;;;;;;;;U$,m:12:0.5.4.3.2.1|"
7970,7970,C[C@@H]([C@@H](C)F)N=[N+]=[N-] |$;;;;;;;Z$|
7971,7971,"[C-]1([OH+]O1)C(C(F)(F)F)(F)F.CC(C)(N)S |$;;;;;;;;;;;;;;$,m:10:0.1.2|"
7972,7972,"B(C1C=CC=CC1(O)F)(O)O.CC |$;;;E;;V;;;;;;;E$,m:11:1.6.5.4.3.2|"
7973,7973,C[C@](CC=O)(C(F)(F)F)O |$;;V4;;;;;;;$|
7974,7974,"C1C(C(NC(C1=O)O)F)F.CC |$;;;E;;;;;;;;J21$,m:10:0.5.4.3.2.1|"
7975,7975,"C1=C(C=C(N2C1=CN=C2)F)Br.C=NN(C)N=C |$;;;;Q;;;;;;;;;;;;$,m:11:0.5.4.3.2.1|"
7976,7976,"C1=CSC(=C1)[C@H](CBr)F.CN=C(C)ONC |$;;;;;;;;;;;;;;;$,m:9:0.1.2.3.4,Sg:n:2:D:ht|"
7977,7977,CC(C1=C(C=CC(=C1F)OC)I)O |$;;;;;;;;;;;V2;$|
7978,7978,C[C@@H](C(C)F)C(=O)Cl |$;;;;;;;L$|
7979,7979,C[C@](CC(C)(C)C)(CO)F |$;;;;;;;;;K3$|
7980,7980,"C1=C(C=C(C(=C1F)Br)F)C(CN)C(=O)O.CNB(C)OC |$;;A;;;;;;;;;;;;;;;;;;$,m:15:0.5.4.3.2.1|"
7981,7981,"CCC1=C(C=C(C=C1)C(C)(F)F)F.CC |$;;;;W;;;;;;;;;;K6$,m:13:2.7.6.5.4.3,Sg:n:10:l:ht|"
7982,7982,"C1COCC(N1)C(=O)CCC(F)(F)F |$K;;;;;;;;;;;;;$,Sg:n:0:f:ht,Sg:n:8,9:U:ht|"
7983,7983,"C1=CC2=C(C=C1F)NC(=O)C(=O)NC2=O.CC |$;;;;;;;;U;;;;;;B2;;R7$,m:15:7.3.2.13.12.10.8|"
7984,7984,"C1=C(SC(=C1)C(=O)O)CNCC(F)F.CC |$;;;;;;;Z;;;;V;;L1;;R4$,m:14:0.1.2.3.4|"
7985,7985,"C1=C(NN=C1C(=O)NCCO)C(F)(F)F.CC |$;;;;;;;;;;;;B3;;;;R6$,m:15:0.1.2.3.4,Sg:n:2:h:ht,Sg:n:8,9:N:ht|"
7986,7986,"CC(CC(=O)CC1=C(C(=CC=C1)F)Br)CC(C)(C)C |$X8;;;;;;;;B1;;;;;;;;;K5;$,Sg:n:15:c:ht|"
7987,7987,"C1CCN(CC1)C(CC(F)(F)F)(F)F |$;;;;;J3;;;;;;;;$,Sg:n:11:i:ht|"
7988,7988,"CC1=CC(=C(S1)C)C(C2=CC=CC=C2C(F)(F)F)Cl.CC(C)(N)S |$;;;;;;;K;;;;;;;;;;;;;;;;$,m:19:9.10.11.12.13.8|"
7989,7989,"CC1=C2C(=O)N(CN(N2C=CC1=O)C3C4=CC=CC=C4CSC5=C3C=C(C=C5)F)C.CN=C(NC)N(C)N=C(C)C |$K2;;;;;;;;;;;V2;;;;;;;L5;;;;D9;;;;;;;;;;;;;;;;;;$,m:30:24.25.26.27.22.23|"
7990,7990,CC1=CC(=C(C=C1)S(=O)(=O)NC2=C(C=C(C=C2)F)Br)Br |$A;;;;;;;T;;;D;;;;;;;;;D$|
7991,7991,"C1=CC(=CC(=C1)F)C(=O)C=C[O-].CC |$;;;L2;;;;;;;;;;V75$,m:12:0.5.4.3.2.1|"
7992,7992,"C1CC2=C([C@H]1N=[N+]=[N-])C=C(C=C2)F.CC.CSN=C(C)N(C)C |$;;;;;;;;;;;;;;R43;;;;;;;;$,m:13:0.1.2.3.4,m:15:8.9.10.11.2.3|"
7993,7993,"CCOC1=C(C=C(C=C1)CN2CCCC2CNC)F.COS(=O)N(C)C |$;A7;W;;;;;M;;;;;;;;;;;;;;;;;;$,m:19:11.10.14.13.12|"
7994,7994,"C1=C(C=C(C(=C1C(CC#N)N)F)Cl)Br.CN(C)P(C)(=O)N(C)C |$;;;Y;;;;;;;;;;;;;;;;;;;$,m:14:0.5.4.3.2.1|"
7995,7995,"COCC1=CC(=C(C(=C1)F)OC)C2=C(ON=C2)N.CC |$;;;;;;;;;A;;;;;Z1;;;;;R$,m:18:3.8.7.6.5.4|"
7996,7996,CCC1=CC(=C(C(=C1)C)ON=[N+]=[N-])F |$;;;;;;;;E;;;;;$|
7997,7997,"CCCOC1=C(C=C(C=C1)C(F)(F)F)N2CCN(CC2)N=[N+]=[N-] |$;;;;;;;;;;;;;K;;;;;;;;;$,Sg:n:9:t:ht,Sg:n:1,2:H:ht|"
7998,7998,"CC1=C(C=CC(=C1)/C=C(/C#N)\C(=O)NCC2CCCO2)F |$;;J;;X0;;;;;V3;;;;;;;;;K;;$,Sg:n:9:x:ht|"
7999,7999,"CC1=CN=C(N1)C2=C(C=C3C(=S)C=CN(C3=C2)C4CC4)F.CC(=S)N(C)S |$;;;;;;;;;;;;;;;;;;;;;;;;;;$,m:21:1.2.3.4.5,Sg:n:17:c:ht|"
8000,8000,C1=CC=NC(=C1)C2=C(C=C(C(=N2)N)C#N)C3=C(C(=C(C(=C3F)F)F)F)F |$;;;;;;;U2;;;;;;A;;;M;;L;;;;;;;$|
8001,8001,"CC(C)NCCC(C)(CCC(F)(F)F)O |$;;;D;;A2;;;;;;;;;$,Sg:n:8,9:P:ht|"
8002,8002,"CC(CC1=CC=C(C=C1)F)NC(=O)NC2CCC2.CNN(C)NC.CC |$;;;;;;;;;;;;;;;;;;;;;;;;;J3$,m:18:4.5.6.7.8.3,m:24:15.16.17.14|"
8003,8003,CNC(CC1=C(C=CC(=C1)Br)F)C(F)F |$E;;;;;;;;;;;;V7;;$|
8004,8004,"C1=CC(=C(C=C1Br)OCF)OCF.CC |$;;;;;;;;D7;;;;;;K$,m:13:0.5.4.3.2.1,Sg:n:4:n:ht|"
8005,8005,"CC1=C(C=C(C=C1F)C(=O)NC)F.CC(C)=NOC(=O)N(C)C |$;;;;;;;;;;;;;;;;;;;;;;$,m:13:1.6.5.4.3.2|"
8006,8006,"CN1C(=O)C(=CC2=CC=C(C=C2)F)NC1=S.CC=[S+]C |$J;;;;;;K;;;;;U0;;;;W8;;;;$,m:16:1.2.4.13.14|"
8007,8007,"C1=CC=C(C(=C1)COC2=C(C=CC(=C2)F)Br)[N+](=O)[O-] |$;;;;;;;;;;;;;;;K6;;;L2$,Sg:n:13:v:ht|"
8008,8008,"C1=C(NC(=O)C(=C1CN)C(F)F)C#N.CC(O)C(N)=O |$;;;;;;;;;;;;X;;;;;;;$,m:14:0.6.5.3.2.1|"
8009,8009,"C1CC2=C(C=CC(=C2)F)OC1C(C=O)O.CC |$;;;;;;;J;;;;;;;;;X$,m:15:4.5.6.7.2.3|"
8010,8010,C1=CC=C(C(=C1)/C=C/C(=O)[O-])F |$T;;;;;L;;;;;;$|
8011,8011,"CC(C)(C)C1=CC=CC=C1C(C2=CC=C(C=C2)F)NC.C=NC=NC |$;;;;;;;;;;;;;;Q5;;;;;;;;;;$,m:20:4.9.8.7.6.5|"
8012,8012,"CCC(C)N(C1=CC2=C(C=C1)O[C@@](C(N2)(F)F)(C)CC(C)(C)C#N)C(=O)O.CN=N.CC=NC(=NC)NC |$;;;;;;W;;;;;;;A;;;;;;;;W;;;;T5;;;;;;;;;;;;$,m:27:5.10.9.8.7.6,m:30:11.12.13.14.7.8|"
8013,8013,"C[C@H](C1=C(N=C2C(=C1)C=CC=C2F)Cl)O.CN=CNS(C)(=O)=O |$;;U;;;;;;;;;;;;;;;;;;;;$,m:15:2.7.6.5.4.3|"
8014,8014,CC(CC(=O)O)(C1=CC=C(C=C1)OC)F |$;Q6;A3;;;B;;;;;;;;;$|
8015,8015,CCC(COC)NC1=C(C=CC(=C1)F)Cl |$;;;;;;B6;Q;;;J2;;;;$|
8016,8016,"CC1=CN(C(=N1)NC2=CC(=C(C=C2)F)OC)C3CCCC3.COC(=O)ON(C)C.CONS |$;;;;;;;;X;;;;;;;;;;;;;;;;;;;;;;;;$,m:21:8.9.10.11.12.7,m:29:17.16.20.19.18,Sg:n:14:H:ht|"
8017,8017,"CC(C1=CN=C(O1)CCCN)(F)F |$;;;;;Y;;W;;;;;$,Sg:n:7,8,9:C:ht|"
8018,8018,"C1C(CC1(C2=C(N=CC=C2)N)F)N.COP(=O)(OC)N(C)C |$;;;;;;;V7;;;;;;;;;;;;;;$,m:13:5.6.7.8.9.4,Sg:n:6:M:ht|"
8019,8019,"CC(C)OCCNC1=C(C=C(C=C1)F)I.CN=C(NC)N(C)SC |$;;;;E7;;;M3;;;Z2;;;;;;;;;;;;;$,m:15:7.12.11.10.9.8,Sg:n:4:I:ht,Sg:n:4,5:V:ht|"
8020,8020,COC(=N)C1=CC(=CC=C1)OC(F)(F)F |$;K;;;;;;;W;;;;;;$|
8021,8021,CC(CO)C(C)NC1=C(C=C(C=C1)C#N)F |$;;A;;;;Q0;;;;;;;;;$|
8022,8022,CCCN1C=CC2=CC(=C(C=C21)F)OC |$;Z9;B7;;;J;W;;;;;;;;$|
8023,8023,"C1=CC(=C(C=C1Cl)C(=O)CNCCO)F |$;;;;;;;;;;;Y8;;;$,Sg:n:11,12:v:ht|"
8024,8024,CC1(CC(CCO1)O)CCCC(F)(F)F |$;;;;;X0;;;W;;;;;;$|
8025,8025,"C1CC2(CC2CC1C(=O)O)CF.CS(=O)(=O)C(=O)O |$;Y1;;;;;;Y;;;;;;;;;;;$,m:12:3.2.4|"
8026,8026,CC1=CC(=C(C=C1)NC(C)C2=C(C=C(C=C2)Br)F)[N+](=O)[O-] |$;;;;;;;X7;;;;;;;;;;;;;$|
8027,8027,C1=CC2=C(C=C(C=C2)OC(F)(F)F)N=C1 |$;;;W;;;;;;;;;;;$|
8028,8028,"CCCC(=O)C1=CN=CN=C1C(F)(F)Cl |$;A4;Z;;;;;;;;;;;;$,Sg:n:11:d:ht|"
8029,8029,"C1CCC(C(C1)CN=C(N)N2CCC2)(F)F.COP(O)O.CBr |$;;;;;;;Q;;;;;;;;;;;;;;;$,m:16:0.5.4.3.2.1,m:21:11.12.13.10,Sg:n:2:j:ht|"
8030,8030,"C1COCC(N1C(=O)C2=CC=CC=C2OC(F)F)C(=O)O.CC=NN=N.CNC(=S)N(C)NC |$;;;;;;;;E3;;;D;;;;D;;;Y;;;;;;;;;;;;;;;$,m:21:0.5.4.3.2.1,m:26:9.10.11.12.13.8|"
8031,8031,"C1=CC=C(C=C1)[C@@](C#N)(N2C(=O)C3=CC=CC=C3C2=O)F.CC.CC.CC(C)=NNC(N)=S |$;;;;;;;;;;;;;;;;;;;;;;R9;;R;;;;;;;;$,m:21:0.5.4.3.2.1,m:23:10.9.18.17.12,m:25:13.14.15.16.17.12|"
8032,8032,"CCOC1=C(C=C(C=C1)C2(COC2)Br)F.COSC.CS(O)=S |$;E;;;;;;;;;;;;;;;;;;;;;$,m:15:3.8.7.6.5.4,m:19:10.11.12.9,Sg:n:1:P:ht|"
8033,8033,COC1=C(C=CC(=C1F)C2(CCC2)N)O |$;;E3;;;;;Y3;;;;K;;;$|
8034,8034,C1=CC(=C(C=C1CC2=CC=NC=C2)F)N |$;;;;;;;;;;;W;;;$|
8035,8035,"C1=CN=CC2=C1N=C(S2)C(F)F.COP(C)(=O)OC.CC |$;;;;;;B6;J5;;;W;;;;;;;;;;W6$,m:12:0.5.4.3.2.1,m:19:6.5.4.8.7|"
8036,8036,"CCCC(C)N(C)C(=O)C1=CC(=C(C=C1[N+](=O)[O-])F)NC.CC |$;;;;T0;J;;;;;;;;;;;;;X;;K;;U$,m:21:9.14.13.12.11.10,Sg:n:6:F:ht,Sg:n:2:w:ht,Sg:n:1,2:u:ht|"
8037,8037,"CC1=NC2=CC(=NC=C2N1C)C(C(F)(F)F)(F)F.CN=S(C)(=O)O |$;;;;;;;;;;;;;;;;;;;;;;;$,m:18:1.2.3.8.9|"
8038,8038,"CC1(CN(C(CN1)C2CC2)CC3=C(C=CC=C3Cl)F)C.CC(=N)C=N |$;;;;Q0;;;T;;;;;;;;;;;;;;;;;$,m:20:1.6.5.4.3.2|"
8039,8039,"CC(CCN(C)C(CN)C(F)(F)F)O |$;;Y3;;;;;;;;;;;$,Sg:n:2,3:k:ht|"
8040,8040,"CC(C)CCCCCC(C(C)C)(F)F |$;;;;;;;;;;;E;;$,Sg:n:11:H:ht,Sg:n:1:W:ht,Sg:n:4,5,6:G:ht|"
8041,8041,"CC(C)N1C=NN=C1C2=CC=C(C=C2)F.CC |$;;;;;;;;;;;;J;;;;W3$,m:15:9.10.11.12.13.8|"
8042,8042,"CCC1=C(C=C2C=CNC2=C1)F.CSC(=O)S.CC |$;;;L;;M;;;;;;;;;;;;;R$,m:12:2.10.9.5.4.3,m:17:6.5.9.8.7|"
8043,8043,"C1[C@@H](NCC(=O)N1)C(F)(F)F |$;;;;;;;;;;$,Sg:n:1:t:ht|"
8044,8044,CC(C)N1CC2=CC(=C(C=C2C1=O)F)Br |$;;;;;;;Q7;;;;;Y;;M$|
8045,8045,C1=CC(=C(C(=C1C2=CC(=O)N=C2)F)F)F |$;;;;;;;D0;;;;;B;;K$|
8046,8046,CC=NC1=C(C=C(C(=C1)C)F)C |$;;K;;;;;G5;;;;$|
8047,8047,"CCS(=O)(=O)N1CCN(C(C1)C(F)(F)F)C.CC |$Z7;;;;;;G;;;;;;;;;;;L43$,m:16:5.10.9.8.7.6|"
8048,8048,C1=CC(=C(C=C1C(F)(F)F)N)S |$T;K4;;;;;;;;;;$|
8049,8049,"CNC(C1=CC2=C(CCC2)C=C1)C3=C(C(=C(C=C3)F)F)F.CC |$;;;;;;;;;;;;;;;;;;;;;;R$,m:21:7.6.5.9.8|"
8050,8050,C1=CC(=C(C=C1F)C=O)C2=NC=CS2 |$;;;;K;G0;;;;;;;;$|
8051,8051,"CC1(CCC1)NCC2=C(C=CC=C2F)F.CC.CC(=S)C(C)S |$;J3;;G;;Y8;;;;;;;;E3;;;T48;;;;;;$,m:15:2.3.4.1,m:17:8.9.10.11.12.7|"
8052,8052,"C1=CC=C(C=C1)NC(=O)[C@@H]2[C@@H]([C@@]3(C4N2C5=CC=CC=C5C=C4)C6=CC=CC=C6NC3=O)C(=O)C7=CC=C(C=C7)F.CC.CNO |$;;;;;;;;;;;;;;L9;;;;;;;;;;;W3;;;;;;;;;;;;;;;;R;;;$,m:40:20.21.12.13.14.19,m:42:34.35.36.37.38.33|"
8053,8053,CC(C1C(C(C(C(C1F)F)I(C)OC)F)F)OC |$;;;;;;;;;;;;X1;;X;;;$|
8054,8054,"C1CC1CC2=C(C(=CC=C2)N=[N+]=[N-])F.CC |$;;;;;;;;;W;;;;D1;;R$,m:14:5.6.7.8.9.4|"
8055,8055,"C1=CC(=CC=C1C(C(CO)(F)F)N)Br.COS(=O)N(C)C |$;;;L5;;;;;;;;;;;;;;;;;$,m:14:0.5.4.3.2.1|"
8056,8056,"C1CC1NCCC2=NC(=NO2)C3=CC=CC=C3F.COP(=O)(SC)N(C)C.CC(=O)C(=O)O.CC |$;;;;;;;;;;;;;;;;;;;;;;;;;;;;;;;;;;Q$,m:18:0.1.2,m:27:7.6.10.9.8,m:33:12.13.14.15.16.11,Sg:n:3:H:ht|"
8057,8057,"C1CC1N2CCNC3=C2C=CC(=C3)C(F)(F)F.CC |$;;;;;;;;;;;;;;;;;;W$,m:17:0.1.2,Sg:n:3:A:ht|"
8058,8058,"C1=CC(=NC(=C1C(F)(F)F)CO)[N+](=O)[O-].COOC(C)=O |$;;;X;;Z;;;;;;;U;;;;;;;;$,m:15:0.5.4.3.2.1|"
8059,8059,"CC1C(C(C2=C(C=CC(C12)(C(F)F)N=[N+]=[N-])C)(C)C)C.CC |$;;;;;;;;;;;;;D4;;;;U;;;;R$,m:20:5.6.7.8.9.4|"
8060,8060,"C1=CC(=C(C=C1NS(=O)(=O)N)F)F.COS(=O)(=O)OC |$M8;;;;B;;;;;;;;;;;;;;;$,m:13:0.5.4.3.2.1|"
8061,8061,"COC1=C(C=C(C=C1)F)COC2=C(C(=CC=C2)F)C(=O)O |$;;;;;;L;;A9;;;;;;;;;;;;$,Sg:n:1:Q:ht|"
8062,8062,"CNC(CC1=C(C(=CC=C1)F)Cl)C2CC3CC3C2.CC.CN(N)C=O.CC |$;;;;;V;;;;;;;;;;;;X2;;Y;;;;;;;R$,m:18:5.6.7.8.9.4,m:20:13.12.17.16.14,m:25:15.14.16|"
8063,8063,"C1CSC(=N1)NCCC(F)(F)F.CC |$;;;;;;;;T;;;;;R80$,m:12:0.1.2.3.4,Sg:n:6:I:ht,Sg:n:6,7:e:ht|"
8064,8064,CC(=O)C1=C(C=C(C=C1)C2CC2)F |$;;;;;W0;;;;;;;$|
8065,8065,CC1=C(C=CC=C1O)C(=O)NC(C)C2=CC=CC=C2F |$;;;;;D2;;;;;;;;;;;;;;$|
8066,8066,"C1=C(C=C(C=C1F)Br)CC(=NO)N.CC |$T2;;;;;;;;;;;;;;R3$,m:13:0.5.4.3.2.1|"
8067,8067,"CCOC(=O)C1=C(NN=C1)C=C(F)F.CC |$;;;;;;X7;;;;;;;;;M$,m:14:5.6.7.8.9,Sg:n:9:n:ht|"
8068,8068,"B(C1=CC(=CC(=C1)F)OC(F)F)(O)O.CC(C)=NS |$;;;;;L;;;;J;;;;;;;;;$,m:14:1.6.5.4.3.2|"
8069,8069,"CC(C1=CC=CC=C1F)C(C#N)Cl.CN=P |$;W;;;;;;;;;;;;;;$,m:13:2.7.6.5.4.3|"
8070,8070,"C1=CC(=CC(=C1)F)NC(=O)C2=CN=CN2.CN=C(NN)OC |$;;;;;;;;L0;;;X;;;;;;;;;;$,m:15:11.10.14.13.12|"
8071,8071,"C1=C(C(=C(C(=N1)C(F)F)F)N)C(=O)Cl.CC(=O)N(C)C=O |$;;;;;;;;;;;;;;;;;;;;$,m:14:0.5.4.3.2.1|"
8072,8072,"C1CC1CC(CCN)C(F)(F)F.CC |$;;;;;;;;;;;;;R$,m:12:0.1.2,Sg:n:6:L:ht,Sg:n:5,6:j:ht|"
8073,8073,C[C@H](C(F)(F)F)NC(=O)N=[N+]=[N-] |$W;A;;;;;;;;;;$|
8074,8074,"Fc1ccc(CC2CCNCC2)cc1.CC |$;;;;;D;;A;;;;;;T;;R$,m:14:1.13.12.4.3.2|"
8075,8075,"C1=CC=C(C(=C1)CNC(=O)C2=CC(=NC=C2)F)OC(F)F.CC(C)=NNC(=O)N(C)C |$;;;;;;;;;;;;;;;;;;U;;;;;;;;;;;;$,m:21:0.5.4.3.2.1|"
8076,8076,CC1=CC(=C(C=C1F)C)C(F)(F)F |$;;;;;;;;;;;A7;$|
8077,8077,[CH2-]COC1=C(C(=C(C(=C1F)F)F)F)F |$;;;;;;;;;U2;;;;$|
8078,8078,"C1=CC2=NC=C(C(=C2C=C1F)N)I.CC.CC=C=O |$;;;;;;;A;;;;;;;R9;;;;$,m:13:0.9.8.7.2.1,m:15:3.4.5.6.7.2|"
8079,8079,"CCC1=C(C2=C(S1)C=C(C=C2)F)CO.CC |$;;;;;;;;;;;;;T;;U58$,m:14:2.3.4.5.6|"
8080,8080,C[N+]1=CC(=CN1CC=C(F)F)N |$;G2;;;;;;;;;;$|
8081,8081,COC(=O)C1=NC2=C(C=C1)C(=CC(=C2)F)Cl |$T0;;;;;;;;;;;;;;;$|
8082,8082,"CC1=CC(=C(C=C1)NCC#C)F.CC |$;;;;;;;U;;;;;;R66$,m:12:1.6.5.4.3.2|"
8083,8083,"CC1=C(C(=C(C=C1)F)NC(=O)C2=C(C=CC(=C2)OC)O)F.CS(=O)(=O)NC=O.COP(=O)(OC)N(C)C |$;;;;E1;;;;;;T5;;;;;;;;W;;;;;;;;;;;;;;;;;;$,m:21:1.6.5.4.3.2,m:28:12.13.14.15.16.11|"
8084,8084,CC(=C)COCC1=C(C=CC=N1)F |$E;;;;;;;;L8;;;;$|
8085,8085,CC1CCCCCN1C2=C(C=C(C=C2)CN)F |$;G;;;;;;;;;;;;;;;$|
8086,8086,C1=CC(=CC(=C1)F)OC2=CSC(=C2)C[NH-] |$U9;;;;;;;;L4;;Z;;;;$|
8087,8087,"COOCCNC(=O)C(F)(F)F |$;;;;Q5;;;;;;;$,Sg:n:3,4:j:ht|"
8088,8088,"C1C[C@@H](NC1)CN2C=NC3=C(C2=O)C(=CC=C3)F.CC.CN=[N+]=[N-] |$A7;;;;;V1;J7;J;;G;;;;;;;;;;R;;;;$,m:18:0.1.2.3.4,m:20:7.8.9.10.11.6|"
8089,8089,"CC1=CC=CC=C1C(=O)OCC(F)(F)F.CC |$;;;;;W;;;;;;;D2;;;;U$,m:15:1.6.5.4.3.2|"
8090,8090,"C1=CC=C(C(=C1)C2=CN(N=N2)CCO)F.CC |$;;;;Z;;;Q;;;X;;K;;;;G$,m:15:7.6.10.9.8,Sg:n:11,12:y:ht|"
8091,8091,CC1=C(C(=C(C=C1)F)O)C(CCN)O |$;;;Y;;;;;;;;;;$|
8092,8092,"C1C(CO1)SC2=NC(=NC=C2F)Cl.CC.CC |$;;;;;;;;;;;T;;;R;;K$,m:13:0.3.2.1,m:15:6.7.8.9.10.5,Sg:n:0:V:ht|"
8093,8093,C1=C(C(=C(C(=C1F)F)OCC(=O)I)F)F |$W;;;;;;;;;;;;;D;$|
8094,8094,"C1C=CC(=CC1(F)Cl)NN=[N+]=[N-].COC(=O)N=C(C)C |$;;;;;;;;;;;A0;;;;;;;;$,m:12:0.5.4.3.2.1|"
8095,8095,"C[C@@H](C1=C(C=CC(=C1)F)OCC(C2=CC=CC=C2)O)N.CC |$;;G4;;;;;;;;;;;;;;;;;;;T21$,m:20:2.7.6.5.4.3|"
8096,8096,"C[C@]1([C@@H](CN=C(O1)N)F)C2=C(C=CC(=C2)[N+](=O)[O-])F.CC |$;;;;;;;;;;;T6;;;;;Q;;;;Y42$,m:19:10.11.12.13.14.9,Sg:n:12:T:ht|"
8097,8097,CCC(C1=C(C=CC(=C1)[N+](=O)[O-])C)(F)F |$;;;;;;;;W;;;;;;$|
8098,8098,"CCC(=O)NC1=CC(=C(C=C1C)Br)F.CC |$;;;;;A;;;;;;;;;;Y84$,m:14:5.10.9.8.7.6|"
8099,8099,"C(CCl)N(CCCl)C(=O)C(F)F |$;;;;;;;G1;;;;$,Sg:n:4,5:B:ht|"
8100,8100,"C1=CC(=C(C=C1O)C(=O)CCCl)C(F)F.CN=CN=C(C)C |$;;;;;;;;Z8;;;;M7;;;;;;;;;$,m:15:0.5.4.3.2.1|"
8101,8101,"C1=CC(=NC=C1F)C(CSN)C=O.CC |$;;W;;;;;;;;;;;;R6$,m:13:0.5.4.3.2.1|"
8102,8102,"CCNC(CN)C1=CC=C(C=C1)F.CC |$W;;D5;;;;;;;;;;;;Q90$,m:13:6.11.10.9.8.7|"
8103,8103,"C1=CC2=C(C(=C1)F)N(C(=O)C2=O)CCBr.CC |$;;B8;;L;;;;;;;;;;;;E2$,m:15:7.3.2.10.8,Sg:n:12,13:Z:ht|"
8104,8104,"CCCC(C1=C(C=C(C=C1)F)F)/C(=C(/C2=CC=CS2)\O)/C(C3=CN=CC=C3)O.CN=C(SC)N(C)O.CSN(C)C |$;;;;;;;;;;;;;;;;;;;;;;;;;;;;;;;;;;;;;;;;$,m:28:15.14.18.17.16,m:36:22.23.24.25.26.21,Sg:n:1,2:o:ht|"
8105,8105,"CC1=C(C=C(C=C1)F)C2C(=O)N=C(O2)N.CC |$;;;;T;;;;;;;;;;;;W3$,m:15:1.6.5.4.3.2|"
8106,8106,"C1C[C@@H](OC1)CC2(CNC2)F.CS(O)(O)O |$;;;;;;L8;;;;;;;;;$,m:11:7.8.9.6|"
8107,8107,"CCC(COC1=C(C=C(C=C1)F)CN)O.CC |$;;;J1;;;M;;;;;;;;X4;;R05$,m:15:5.10.9.8.7.6|"
8108,8108,C(#N)C1=C(C(=C(C(=C1Br)F)F)F)F |$;;;;;;;;;;;Q6;$|
8109,8109,"C1C[C@@H]([C@H](C1)OC2=C(C=C(C=C2)F)F)O.CC.CS(=O)(=O)[N-]S(C)(=O)=O |$;;;;;;J;;;;;;;X;;;R;;;;;;;;;$,m:15:0.1.2.3.4,m:17:7.8.9.10.11.6|"
8110,8110,"CC1=CC(=CC(=C1OC2=C(C(=C(C=C2N)N)Cl)F)C)Cl.CS(=O)(=O)C(=O)O |$;;;;;;;;;;;;;;;;;;;;;;;;;;$,m:20:9.10.11.12.13.8|"
8111,8111,"C1CCC(CC1)C2(CC=C(C=C2)F)F.CC.COP(=O)(O)OC |$;;;;;B3;;;;;W0;;;;;R37;;;;;;;$,m:14:0.5.4.3.2.1,m:16:7.8.9.10.11.6|"
8112,8112,"C1=CC2=C(C=NC=C2)C(=C1)C(CC(F)(F)F)N.CSC(C)SC.CC |$;;;;;;;;Y0;;;;;;;;;;;;;;;;K$,m:17:0.9.8.3.2.1,m:23:4.5.6.7.2.3|"
8113,8113,"CCCNC(CCC1=CC=CS1)C2=CC(=CC(=C2)C)F.CC |$;;;;;;;;;;;;;;;;;;;;;R9$,m:20:13.14.15.16.17.12,Sg:n:5,6:h:ht|"
8114,8114,CC(C)CCOC(=O)/C=C(\C)/C(F)(F)F |$;;;;;;;;Q;;;;;;$|
8115,8115,"CC(CC(F)(F)F)NC(=O)NC(=O)CCl |$;;;;;;;;;;;;;E;$,Sg:n:13:E:ht|"
8116,8116,"CC(C)NCC1=CN(N=C1)CC(F)(F)F.CC |$;;;;G4;;;;;E;W;;V8;;;;G97$,m:15:5.6.7.8.9|"
8117,8117,"C(CNCCCl)CF |$;J;;;;;;$,Sg:n:2:j:ht,Sg:n:1,0,6:B:ht|"
8118,8118,"C1=C(C=NC(=C1C(F)F)CCl)CC(=O)O.CC |$T9;;;;;;;;;;;;;;;;R$,m:15:0.5.4.3.2.1,Sg:n:7:S:ht|"
8119,8119,"CC1C2=C(CN1N=[N+]=[N-])C=C(C=C2)F.CNOC(C)=N |$;;;;;;;K6;;;;;;;;;;;;$,m:14:9.10.11.12.2.3|"
8120,8120,C1=CC(=CC(=C1)F)C2C(NNN2)C(=O)O |$;W;;;;;K7;T6;;;;;;;$|
8121,8121,CC(C)(C)C1=C(C=C(C=C1Br)F)Br |$;;;;;;T;;;;;;$|
8122,8122,"CC(=C)C(=O)OC1CC2CC1C(C2(C)C(F)(F)F)(F)F.CC |$;K;;Y7;;;;;;;;;;;;;;;;;;V3$,m:20:9.8.12.11.10|"
8123,8123,"C1=CC(=CC=C1C(=O)C(=O)C(CO)O)F.CC |$;Q6;;;;;;J;;;;;;;;;K23$,m:15:0.5.4.3.2.1|"
8124,8124,"C1C(CN1C2=CC=CC=C2C(=O)O)CF.COC(=O)N(C)S |$;;;;;;;;;;;;;T1;G;;;;;;;$,m:15:0.3.2.1|"
8125,8125,"CN(CCC(F)(F)F)CC1COCCN1 |$Z;A2;;Y6;M7;;;;;;;;;;$,Sg:n:2,3:Y:ht|"
8126,8126,"CC(C)C1CCC2=CC(=C(C=C2N1)F)Br.COOS.CN(C)C(=O)S(C)(=O)=O |$;;;L;;;Q;;;;;;;;;;;;;;;;;;;;;$,m:15:3.12.11.6.5.4,m:19:7.8.9.10.11.6|"
8127,8127,CCCCCOC1=C(C=C(C=C1)F)C#N |$G;;;;;;;J1;;;;;;;X$|
8128,8128,"COCC1=CC=C(C2=CC=CC=C12)F.CN(C)NN(C)C |$;;;;;;;;;;;;;;;;;;;;$,m:14:8.9.10.11.12.7,Sg:n:13:c:ht|"
8129,8129,"COCC1=C(C=CC(=C1)F)CCC(=O)O.CN=C(NC)N(C)OC |$;;;;Y;;;;;;J6;G0;;;;;;;;;;;;$,m:15:3.8.7.6.5.4,Sg:n:13:s:ht,Sg:n:10,11:e:ht|"
8130,8130,"C1CC1CCNC2=CC(=C(C=C2F)Br)F.CC |$;;;;;;;;;Q;;;;;;;Z8$,m:15:0.1.2,Sg:n:5:R:ht|"
8131,8131,"CN(CCBr)CC1=C(C(=CC=C1)OC)F |$;;;;J7;;;;Y7;;;;;K;$,Sg:n:2,3:v:ht|"
8132,8132,"CC1=CC(=CN=C1)N2C(=O)C(=C(NC2=O)Cl)F.CNOSC |$;;;;;;;;;;W;;;J3;;;;;;;;$,m:17:8.10.11.12.13.7|"
8133,8133,CC1=NC(=NC(=N1)N)CC(F)(F)F |$A8;;G4;;;;;;;;;;$|
8134,8134,C/C=C\C=C/CC(F)(F)F |$;Q;;;;;;;;$|
8135,8135,"C[C@@H](C(=O)N1[C@H](C(OC1=O)(C)C)CC2=CC=CC=C2)C(F)(F)F.CC.CN=C(NC)N(C)N |$;;;;;;;L2;;;;;;;;A;;;;;;;;;A;;;;;;;;$,m:23:4.5.6.7.8,m:25:14.15.16.17.18.13|"
8136,8136,"C1CC2=C(C(=NN2C1)C3=CC(=CC=C3)C(F)(F)F)I.COC(=O)N(C)N(C)C.CN=CN=NC.CC |$;;W;;;;;;;;;;;X9;;;;;;;;;;;;;;;;;;;;;;R$,m:19:0.1.2.6.7,m:28:3.2.6.5.4,m:34:9.10.11.12.13.8|"
8137,8137,"C[C@](C1=CN=C(C=C1)C(F)(F)F)(N)I.CC(=S)N(C)O |$;;J;;;;;L;;;;;;;;;;;;$,m:14:2.7.6.5.4.3|"
8138,8138,"CC(C(C)OC)NC1=C(C=CC=C1Br)F |$;;;;;;;;;;;;;V;$,Sg:n:14:Q:ht|"
8139,8139,"CC(CC(CO)C1=CC(=CC=C1)F)OC.CC |$;;;;;Y;;L;;;K;;K;;;;R8$,m:15:6.11.10.9.8.7,Sg:n:13:v:ht|"
8140,8140,"C1CC1NC(=S)NC2=CC=CC=C2F.CC |$;;W6;T;;;;;;;;A;;;;V4$,m:14:0.1.2,Sg:n:1:X:ht|"
8141,8141,"COCCOC1=CC=CC=C1C2=C(C=CC(=C2)F)N |$;;;;;;;;L9;;;;;;;;;;$,Sg:n:8:x:ht|"
8142,8142,"CC(C1=C(C=C(C=C1)Br)F)NC2CCC2.CB |$;;;;;;;;;;;;;;;;$,m:15:12.13.14.11|"
8143,8143,"CC(=NO)C1=C(C=C(C=C1)F)OCC2CCC2.CN(C)NN(C)C |$;B8;J;;D;;;;;;;;;;;;;;;;;;;$,m:17:4.9.8.7.6.5|"
8144,8144,"C1=CC(=CC=C1OCC(C2=C(C=CN=C2)C(F)(F)F)O)Cl.CC=NC(C)=O |$;;M9;;;;;;;;;;;;;;;;;;;;;;;;$,m:21:10.11.12.13.14.9|"
8145,8145,"C1CC(C2=CC3=C(N2C1)C(=CC=C3)F)O.CC.CNP(=O)(NC)OC |$;;;;;;;;;;;;A;;;;R;;;;;;;;$,m:15:0.8.7.3.2.1,m:17:9.10.11.12.5.6|"
8146,8146,"CCC(C(C)C)NCCOC(F)(F)F |$;;;;W;;;;;;;U;;$,Sg:n:9:Y:ht,Sg:n:7,8:A:ht|"
8147,8147,"C1=CC=C(C=C1)S(=O)(=O)OC2=CC(=CC(=C2)F)F.CC |$;;;;;;;;;J1;;;;;;;;;;R72$,m:18:11.12.13.14.15.10|"
8148,8148,"CC(C)(C)ONCC1=C(C(=CC=C1)F)O |$;X;;;Z6;;;;;;L5;;V;;$,Sg:n:0:k:ht|"
8149,8149,"C1=CC=C(C=C1)C2=C(C3=C(C=CC=C3F)N4C2=CC=N4)C5=CC=CC=C5.CC.CC |$;;;;K;;;;U2;;;;;;;;;;;;;;;;;;;R44;;R7$,m:26:10.11.12.13.8.9,m:28:6.16.15.9.8.7|"
8150,8150,"C1C(C(=O)N(C1=O)C2=CC=CC=C2C(F)(F)F)Cl.CC |$;;;;;;;;;;;;;;;;;;;R6$,m:18:0.1.2.4.5,Sg:n:1:M:ht|"
8151,8151,"COC1=C(C=C(C=C1)CN2CCC(C2)C(=O)O)F |$;J;;;;;;T;;;;;;;;;;$,Sg:n:13:o:ht|"
8152,8152,"CC(C)OC(=O)C1CC1C(F)F.CC |$;;;;;;;;;;G;;;T9$,m:12:6.7.8|"
8153,8153,"C1CC(CC(C1)(C(F)(F)F)N)C2CC2.CC |$;;;;T4;;;;;;;;;;;V$,m:14:0.5.4.3.2.1,Sg:n:13:V:ht|"
8154,8154,"CCCOC1=NC(=NC(=N1)N)C2=C(C(=CC=C2)F)F.CC |$;;;;M1;;;;;;;G;Q;;;;;;;;Y$,m:19:12.13.14.15.16.11,Sg:n:18:i:ht,Sg:n:1,2:h:ht|"
8155,8155,"C1N(C(=CS1)C2=CC(=C(C(=C2)F)S(=O)(=O)N)F)[O-].CN=C(C)SN(C)C |$;;;;;;;;;;;;;;;T;;;;;;;;;;$,m:18:0.1.2.3.4|"
8156,8156,"C1CC2(CCC1C(F)(F)F)CC(=O)C=CO2.CNN=C(C)N |$;;;;;A;;;;;X6;;;;;;;;;;;$,m:16:10.11.13.14.15.2|"
8157,8157,"C1=CC=C(C=C1)C(ON=[N+]=[N-])(F)Cl.CN(C)N=CN |$;;;;;;;;;M1;;;;;;;;;$,m:13:0.5.4.3.2.1,Sg:n:5:L:ht|"
8158,8158,"C1=CC(=C(C=C1F)F)C(CN=[N+]=[N-])C2=CC=NC=C2.CC |$;;;;;;;;;;;;;;;;;;;;R4$,m:19:14.15.16.17.18.13|"
8159,8159,"CCC1(CCN(CC1)CC(F)(F)F)C |$D9;K;;;;;;;;;;;;$,Sg:n:1:E:ht|"
8160,8160,"C1[C@@](C([C@@H](O1)C(F)(F)F)CO)(C2=CC=CC=C2F)N.CC(S)C(N)=O |$;;;;;;;;;;;;;;;;;;;;;;;;$,m:19:0.1.2.3.4|"
8161,8161,"CC(C)CNC1CC(=C)CCC1F.CC |$;K6;;;;;;;;G1;;;;;R$,m:13:5.11.10.9.7.6|"
8162,8162,"CC1=NN(C(=C1)NC(=O)C2CC(=O)NC2)C3=CC=C(C=C3)F.CC |$;D2;;;;;;;;;;;;D;;;;;;;;;;R$,m:22:1.2.3.4.5|"
8163,8163,"CC(C)OC1=C(C=CC(=C1Br)F)CC=O.CN(O)C(=O)O |$;;E;;;;;;;;;;;D;W;;;;;;$,m:15:4.9.8.7.6.5|"
8164,8164,"C1=C(OC(=C1)C(F)(F)F)C(CCCN)O.CC |$;T;;;;J;;;;;;;;;;;T5$,m:15:0.1.2.3.4,Sg:n:11,12:w:ht|"
8165,8165,"CC1CCN(C2=CC=CC=C12)C(=O)C3=C(C=C(C=C3)F)I.CC |$;;;;;;;;;;A1;;;;;;;;;;;;R19$,m:21:6.7.8.9.10.5,Sg:n:8:d:ht|"
8166,8166,"B1(CCOCC2=C1C(=CC(=C2)F)F)O.CC(=N)N(C)N |$;;;;;;J;;;;;;;;;;;;;$,m:14:0.1.2.3.4.5.6|"
8167,8167,C1=C(C=C(C(=C1F)CC(=O)O)Cl)Br |$;;W;;;;;;;;;;$|
8168,8168,"CCCOC1=CC(=CC2=CC=CC=C21)[C@@H](C(F)(F)F)N3CCC(=O)N3.COC(=O)NSC.CC |$;;;;;;;;;K;;Q4;;;;;;;;V;;;;;;;;;;;;;;R$,m:25:4.13.8.7.6.5,m:32:9.10.11.12.13.8|"
8169,8169,"CC1=CC(=C(C=C1F)C(C)NC)OCC2CCCCC2.CN=C(SC)N(C)N(C)C.CC=NC(C)=NNC |$;;;;;;;;;U;;;;;;;;;;;;;;;;;;;;;;;;;;;;$,m:20:1.6.5.4.3.2,m:30:15.16.17.18.19.14,Sg:n:3:B:ht,Sg:n:13:K:ht|"
8170,8170,"CC1CCC(CC1)(C(=O)C2(CCC(CC2)C)C(C3=CC=CC=C3)(F)F)C(C4=CC=CC=C4)(F)F.CC(=O)N(C)C.CNC(N)=S.CC.CC |$A;;;;;;;;;;;;;;;;;;;D;;;;;;;;;;;;;;;;;;;;;;;;;;;V;;J$,m:34:1.6.5.4.3.2,m:40:10.11.12.13.14.9,m:45:18.19.20.21.22.17,m:47:27.28.29.30.31.26,Sg:n:24:A:ht|"
8171,8171,"CC(CBr)(C1=NC(=C(C=C1)OC)C2=CC(=C(C=C2)F)Cl)O.CC |$;;;;U8;;;;;;J;;;;;;D;;;;;;Q7$,m:21:13.14.15.16.17.12,Sg:n:4:i:ht|"
8172,8172,"COC1=CN=CC(=C1)C(C2CCC(CC2)(F)F)N |$;;;;;;;;;;D;;;;;;;$,Sg:n:4:d:ht|"
8173,8173,"C1CC(CCC1CN=[N+]=[N-])(F)F.CC |$;;;;T;;;;;;;;;V3$,m:12:0.5.4.3.2.1,Sg:n:4:K:ht,Sg:n:9:G:ht,Sg:n:1:p:ht|"
8174,8174,"C1=CC(=C(C(=C1)Br)NS(=O)(=O)CCN)F |$;;;;;;;;;;;;;;$,Sg:n:13:R:ht,Sg:n:11,12:A:ht|"
8175,8175,C1=CC=C(C(=C1)C(F)(F)F)OC2=NC=CC(=N2)/C(=N\O)/N |$;;;;;;;;;;;G;;;;;V;;;;$|
8176,8176,"COC1=CC=CC(=C1)CC2(CC3CCC(C2)N3)F |$;;G;M1;;;;;;;;;;;Y;;;L4$,Sg:n:10:T:ht|"
8177,8177,"CN(C1=CC=CC=C1F)C2(CCC2)CN.CC=NN=N.CC(C)=NNC=O |$;;;;;;;;;;;;M3;;;;;;;;;;;;;;$,m:15:3.4.5.6.7.2,m:20:10.11.12.9|"
8178,8178,"C1CCC(C(C1)CNC(=O)C2=C(N=CC=C2)F)C(=O)O.CB |$;;;;;;;;;;;;;;;;;;;;;$,m:20:11.12.13.14.15.10|"
8179,8179,"C1=CC=C(C(=C1)C(C#N)C(=O)C2=C(C(=CC=C2)F)Cl)Br.CC(C)=NN(C)C(=O)O |$;;X7;W;;;;U6;;;;;;Y0;;;;;;;;;;;;;;;$,m:20:0.5.4.3.2.1|"
8180,8180,"C1=CC=C(C(=C1)CNN=C(N)N)F |$;U;;;;;;;;;J;;$,Sg:n:7:V:ht|"
8181,8181,"C#CC1=CC(=CC=C1)OCCC(F)F.CC |$;;;;;;;;;;;;;;;Y6$,m:14:2.7.6.5.4.3,Sg:n:9,10:J:ht|"
8182,8182,"CN1C=CC=C2C1=C3C=C(C=CC3=N2)F.CN=C(C)N(C)C(C)=N.CC |$;;E1;;;;;Q;;;;;;;;;;;;;;;;;;L$,m:15:1.6.5.4.3.2,m:24:8.9.10.11.12.7|"
8183,8183,CC(CN(C)C)NC(C)C1=C(C(=CC=C1)F)F |$;;M9;;;;;;;;;;;;;;$|
8184,8184,"C1CC2=CC=CC=C2N(C1)C(=O)C3=C(C(=CC(=C3)F)N)F.CNN=CN(C)C.CC.COC=NN(C)C |$;;;;;;;;;;;;;;;;;;;;;;;;;;;;;U4;;;;;;;$,m:21:0.9.8.7.2.1,m:28:3.4.5.6.7.2,m:30:13.14.15.16.17.12|"
8185,8185,"CSCC1=NC2=C(C=CC(=C2)F)C(=O)N1 |$;;;;;;;;;T8;;E9;;;$,Sg:n:1:J:ht|"
8186,8186,C1=CC(=CC=C1C2=C(C(=NC(=C2Cl)F)F)F)OC(F)(F)F |$;;;;;;;;;;;;;;;;;;;;G2$|
8187,8187,"CC(=O)C1=C(C(=CC=C1)F)SC2=NC(=CC(=O)N2)N.CNOC(=O)O |$;;;;;;;;;;;G;;;;;;Y1;;;;;;;$,m:19:12.13.14.15.17.11|"
8188,8188,"CC1=NC(=C(C=C1C(F)F)O)C#N.CN=C(N=C(C)C)SC |$;;;;;;;M;;;;;;;;;;;;;;$,m:13:1.6.5.4.3.2|"
8189,8189,"COC(=O)C(C1=CC(=C(C=C1)F)F)NCC2=CC=CS2.CC |$;;;;;;;;;;;;;X;;;;;;;;R2$,m:20:16.15.19.18.17|"
8190,8190,"CC(C1=CC=CC=C1F)NCCC(=O)O.CC=NC(=NC)SC |$;;;;;;;;;;;;;;;;;;;;;;$,m:15:2.7.6.5.4.3,Sg:n:6:S:ht,Sg:n:10,11:M:ht|"
8191,8191,"CN1C=CN(N1)C2=C(C=CC(=C2)F)C#N.CC.CC=NN |$K8;;;;;;;;;;;;;;;;R;;;;$,m:15:1.2.3.4.5,m:17:7.8.9.10.11.6|"
8192,8192,C1=CC=C(C=C1)C(=C(C(=O)O)F)Br |$;;;Q2;;;;;;;;;$|
8193,8193,"C1[C@H]([C@@H](N1)CC2=CC=CC=C2)F.CC.CC |$;;;E;;;;;;;;;;R;;R5$,m:12:0.3.2.1,m:14:6.7.8.9.10.5|"
8194,8194,"CC(CNC1=CC(=C(C=C1)F)Cl)OC.CC |$;;;;K;G8;;;;;;;;U2;;Q97$,m:14:4.9.8.7.6.5|"
8195,8195,"CN(C1=C(C=CC(=C1)F)F)C(=O)CCS |$;;;Y9;;;;;;;;;;;Q$,Sg:n:9:T:ht,Sg:n:12,13:P:ht|"
8196,8196,"C1C2CC3CC1CC(C2)(C3)N4C(SC(S4)(C(F)(F)F)C(F)(F)F)(C(F)(F)F)C(F)(F)F.CC.CNC(=O)S.CC(=O)OC(=O)O |$;;;;;X;E;;;;;;;;J2;;;;;;K;;;;;;;;;;;;R;;;;;;;;;;;;$,m:31:11.10.14.13.12,m:33:0.5.4.3.2.1,m:38:2.3.9.7.8.1,Sg:n:11:W:ht|"
8197,8197,"CC(C)(C)C1=CC=C(C=C1)C(C2CCC(CC2)(F)F)O.CN(C)C(=O)NS(C)(=O)=O |$;J3;;Q;;;;;;;;;;;;;;;;;;;;;;;;;;$,m:20:4.9.8.7.6.5,Sg:n:17:G:ht|"
8198,8198,"COC(=O)[C@H](CC1=CC(=CC(=C1)F)F)N.CC=NC(=S)N(C)C |$;;;;;;;W8;;;;;;;;;;;;;;;$,m:15:6.11.10.9.8.7|"
8199,8199,"C=C1CC(CC(=O)O1)C2=CC=C(C=C2)F.CC |$;;Q5;;;;;;;;;;;;;;R$,m:15:9.10.11.12.13.8|"
8200,8200,"C1CC2=C(C=C(C=C2)Br)NCC1F.CC |$;E;;;;;;;;Q;;;A2;;T9$,m:13:4.5.6.7.2.3|"
8201,8201,"CN1CCN(CC1)C(CN)C(F)(F)F |$;;;;A8;;;;;T;;;;$,Sg:n:0:S:ht|"
8202,8202,CCNCC(=O)NC1=C(C=C(C=C1)C)F |$;W;;;;;;;U3;;;;;;$|
8203,8203,"CCOP(=C(C(F)(F)F)C(F)(F)F)(OC)OC |$;;;;B;;;;;;;;;;;;$,Sg:n:6:r:ht|"
8204,8204,"C[C@@H](C1=CC=CC=C1Cl)C(=O)NC2=CC3=C(N=C2)OCCN3S(=O)(=O)C4=CC(=C(C=C4)F)Cl.COB(OC)OC.CN=C(C)N(C)N.CC |$;;;;;;;;;;;;;;;;;;;;;;;;;;;;;;;;;;;;;;;;;;;;;;;;R$,m:33:13.14.15.16.17.12,m:40:18.19.20.21.14.15,m:47:26.27.28.29.30.25,Sg:n:20:B:ht|"
8205,8205,"CC(C)C1(CCC(CC1)CO)F.CC(=O)N(C)C=N |$;;;;;;;;;;;;;;;;;;$,m:12:3.8.7.6.5.4,Sg:n:6:U:ht,Sg:n:0:d:ht|"
8206,8206,"COC1=CC=C(C=C1)CC2=CC(=CS2)F.CC(=S)N(C)N.CNN(C)C(C)=O |$;;;;;Z;;;;;K5;;X;;;;;;;;;;;;;;;$,m:15:2.7.6.5.4.3,m:21:10.9.13.12.11|"
8207,8207,"CC1(CC(=NO1)S(=O)(=O)CC2=C(N(N=C2C(F)(F)F)C)OC(F)F)C.CN=C=N.CN(C)C=S |$;;;;;;;;Y;;;;;;;;;;;;;;;;;;;;;;;;;$,m:25:1.2.3.4.5,m:29:11.10.14.13.12,Sg:n:10:z:ht|"
8208,8208,"CC1=C(N2C=C(C=CC2=N1)F)C.CC.CN=S(C)(=O)NC |$;;;;Z;;;K0;;;;;;A18;;;;;;;$,m:12:1.2.3.8.9,m:14:4.5.6.7.8.3|"
8209,8209,"C1=C(C(=C(C(=N1)C=O)Cl)N)C(F)F.CC |$;;T5;U6;Z6;;;G;;;;;;;V$,m:13:0.5.4.3.2.1|"
8210,8210,"CC1=C(C(=C(C=C1)C(C2=C(N=NC(=C2)C)C)O)F)F.CNNS(C)(=O)=O |$;;;;;;;;;;;;;;;E5;;;;;;;;;;$,m:19:9.10.11.12.13.8|"
8211,8211,"CC(C)C(CNCC1=CC(=CC=C1)F)C(C)C.CS(=O)(O)=S |$;;;;;;;U;;;;;;;;B5;;;;;;$,m:17:7.12.11.10.9.8|"
8212,8212,CONCC(C1=C(C=CC(=C1)F)F)O |$U;;;;;;D;;;;;;;$|
8213,8213,"C1CC(C(C1)SC2=C(C=C(C=C2)F)F)O.COS(=O)(=O)SC |$;A2;T4;;;;;;;;;;;;;;;;;;;$,m:15:7.8.9.10.11.6,Sg:n:12:c:ht,Sg:n:2:y:ht|"
8214,8214,"CC1=C(C=CC(=C1)F)SC(C)CC(=O)O.COP(N)(=O)N(C)C |$;;Q;;;U;;;;;;Y7;;;;;;;;;;;$,m:15:1.6.5.4.3.2|"
8215,8215,"CC1=CC(=CC(=C1F)CNO)OC.COC(=O)N(C)C |$;;;;;;;;;D3;;;D;;;;;;;$,m:13:1.6.5.4.3.2|"
8216,8216,"C[C@@]1(CCCN(C1)S(=O)(=O)C2=C(C=C(C=C2)F)F)C(=O)NCC3=CC(=CC=C3)OC.COP(=O)(OC)SC |$;;;;;;;;;;;;;;;;;;;;;;;;;;J7;;;;;;;;;;;$,m:30:11.12.13.14.15.10,Sg:n:27:a:ht|"
8217,8217,"C1=CC(=C(C=C1F)CC(C(=O)O)O)F.CN=C(SC)N(C)N(C)C |$;;A;;;;;;;G;;;;;;;;;;;;;;$,m:14:0.5.4.3.2.1|"
8218,8218,"C[C@H](C1=NC2=CC(=C(C=C2N1)F)F)O.CC |$;;;;;;U1;;;;;;;;;R0$,m:14:5.6.7.8.9.4|"
8219,8219,C[N+]1=C(C=C(C1=N)OC(C(F)(F)F)C(F)(F)F)N |$;;;;;W8;;U8;;;;;;;T;;;$|
8220,8220,"C1=CC(=C(C(=C1)F)Br)C(CC2=CC(=C(C=C2)Cl)Cl)NN.CSC(=S)S.CNC(=O)C(C)O |$;;;;;;;;;;;;;;;;;;;;;;;;;;;;;;;$,m:20:0.5.4.3.2.1,m:25:11.12.13.14.15.10|"
8221,8221,"CS(=O)(=O)C1=CC=C(C=C1)N2C=NC=C2C3=CC(=CC=C3)F.CC |$;;;;;X;;;;;;;;;;;;;;;;;;R$,m:22:4.9.8.7.6.5|"
8222,8222,"CC1=C(C(=C(C=C1)C2=CC(=C(C=C2)CN)Cl)F)F.CSN=C(C)C.CC=NN(C)C(N)=O |$;;;B4;;;;;;;;;;K;M;E;;;;;;;;;;;;;;;;$,m:18:1.6.5.4.3.2,m:24:8.9.10.11.12.7|"
8223,8223,COC1=C(C=C(C=C1)F)C2=NC(=NC=C2)NN |$;;;E0;;;;;;;;;;;;;$|
8224,8224,C1=C(C(=C(C(=N1)CCl)C(F)F)CC#N)Cl |$;;;;T;;;;;;;;;;$|
8225,8225,"C[C@@H](C1=CC=CC=N1)NCCC(F)(F)F.CC |$;;;;M;;;Q;;L7;;;;B;;;E86$,m:15:2.7.6.5.4.3,Sg:n:0:q:ht|"
8226,8226,"CCOC(=O)/C=C/C1=C(C=C(C=C1C2=CC(=C(C=C2)F)C)C)C.CC.CS(=O)(=O)NC=O |$;;;;;;;;;;;;;;;;;;;;;;;;V15;;;;;;;$,m:23:7.12.11.10.9.8,m:25:14.15.16.17.18.13|"
8227,8227,"C1=CC(=C(C(=C1)F)F)C2=NNC(=O)O2.CN(C)NC=O |$;;;;;;;;;;;;;;;;;;;$,m:14:0.5.4.3.2.1|"
8228,8228,"CCC1C(=O)N(C(N1)C2=C(C=C(C=C2)F)F)C.CC |$;;;;;;;;;;;;X;;;;;;R00$,m:17:9.10.11.12.13.8|"
8229,8229,"C1=CC(=CC=C1CNO)OC(F)(F)F.CC |$;;;;;;;;;;;;T7;;;A$,m:14:0.5.4.3.2.1,Sg:n:7:p:ht|"
8230,8230,"CC1=CC2=C(C=C1F)NC(=O)C(S2)(C)C.CC.COC(=O)C(C)O |$;;;;E;;;;;;;;;X3;;;R;;;;;;;$,m:15:1.6.5.4.3.2,m:17:8.9.11.12.3.4|"
8231,8231,"CC1(CCC2=C(C=C(C=C2O1)F)O)C.CC |$A6;;L6;;;;;;;J;W3;;;;;R$,m:14:1.10.9.4.3.2|"
8232,8232,"CCOC(=O)C1=C(C=CN=C1Cl)C(F)(F)F |$G8;;;;;;;;;;;;;T;U;$,Sg:n:13:t:ht|"
8233,8233,"C1=C(C=NC(=C1C(F)(F)F)N)C(=O)CBr.CC |$;;;;A3;;A;;;;A;;;;;;K$,m:15:0.5.4.3.2.1|"
8234,8234,"CN1C=CC=C1C2=NC(=NC(=N2)F)F.CNC(=O)N(C)C |$;K;W;;;;;;;;;;;;;;;;;;$,m:14:7.8.9.10.11.6|"
8235,8235,"CNC1CCC(C1)CC2CC3=C(O2)C=CC(=C3)F.CC.CNNSC |$;;;;;;;;;G;;;;J0;;;;;;R;;;;;$,m:18:9.8.12.11.10,m:20:13.14.15.16.10.11|"
8236,8236,"CCC1=NC2=C(N1)C=CC(=C2CN)F.CC.CN(S)S |$;;;;;;;;;;;A2;;;;K0;;;;$,m:14:2.3.4.5.6,m:16:7.8.9.10.4.5|"
8237,8237,"C1=C(C=NC(=C1CBr)C(F)(F)F)F.CC |$;D;;;;;;;;;;;;;L$,m:13:0.5.4.3.2.1|"
8238,8238,CC(=O)C1=C(C(=CC=C1)F)N2CCNC(=O)C2(C)C |$;;;;B;;;;;;;;Q3;;;;;;$|
8239,8239,"C1CN(CC1F)CC2CC#C2.CC |$;;;;;;;;;;;;R8$,m:11:0.1.2.3.4,Sg:n:8:F:ht|"
8240,8240,"C1=C(C(=C(N=C1Br)OC(F)(F)F)Cl)F.CNB(C)C |$;;;;;;;;;;;M;;D;;;;;$,m:14:0.5.4.3.2.1|"
8241,8241,"CC1=C(OC2=C1C=CC=C2F)C(=O)OC.CNP(C)(=O)NC.COC(OC)(OC)OC |$;;;;;;;;;;;;Q;;;;;;;;;;;;;;;;;;$,m:15:1.2.3.4.5,m:22:6.7.8.9.4.5|"
8242,8242,"C1=CC(=C2C(=C1C=O)C(=CO2)CC(F)(F)F)F.CNC(=S)N(C)C |$;;;;;V8;A;;;K8;;;;;;;;;;;;;;$,m:17:8.4.3.10.9,Sg:n:5:U:ht|"
8243,8243,"C1=CC(=NN=C1)CNC2=C(C=C(C=C2)F)C(=O)O.CC=NNC(C)=S.COC(C)(O)OC |$;;;;;;;;;;;K8;;;Q;;;;;;;;;;;;;;;;;$,m:18:0.5.4.3.2.1,m:25:9.10.11.12.13.8|"
8244,8244,"CN1CC[C@@H]([C@H](C1)O)OC2=CC=C(C=C2)F.CN(C)OC=O |$;;;;;;;;;;;;;;;;;;;;;$,m:16:10.11.12.13.14.9|"
8245,8245,"C1=CC(=C(C=C1Br)S(=O)(=O)NC2=CC(=C(C(=C2)Cl)F)Cl)N.CNC(=S)NC.CC |$;;K2;;;;;;;;;;;;;;K0;;;;;;;;;;;;L4$,m:21:0.5.4.3.2.1,m:27:12.13.14.15.16.11|"
8246,8246,"CC(C)(C(CC#N)C1CCCCCC1)F |$;V;;;;E1;;;;A;;;;;$,Sg:n:5:o:ht|"
8247,8247,"C1CC1CC(CC(F)(F)F)CO.CC |$;;W8;;;;;;;;;;;J5$,m:12:0.1.2|"
8248,8248,C1=C(N=CC(=N1)C(F)(F)F)C(=O)CBr |$;;U1;;;;;;;E4;;;;$|
8249,8249,"CC1(CCC(CC1)(C(C2=C(C=CC(=C2)F)Cl)NC)OC)C |$;;V4;V4;W9;;;;;;;;;;;;;;;W6;$,Sg:n:8:b:ht|"
8250,8250,"CC(CC1=C(C=C(C=C1)OC)F)CNC.CC |$;;;;;;G5;D7;;;;;;;;;R3$,m:15:3.8.7.6.5.4,Sg:n:12:p:ht|"
8251,8251,"CN(CC(COC)Cl)C(=O)C1=C(C=C(C=C1)F)O |$Q;;;;;;;;;;;;;;;J;;$,Sg:n:17:l:ht|"
8252,8252,"C1=CC(=C(C=C1F)F)OCF.COP(=O)(O)OC |$;;A;;;;;;;;;;;;;;;$,m:11:0.5.4.3.2.1,Sg:n:2:i:ht|"
8253,8253,"CCCN=C(C1=C(C=CC(=C1)Cl)F)NN.CC |$;;;;;;;;G;;;;;;X;;X$,m:15:5.10.9.8.7.6,Sg:n:2:P:ht,Sg:n:1,2:L:ht|"
8254,8254,"C1C2CC(C1C=C2)CC(C(F)(F)F)(C(F)(F)F)S(=O)[O-].CN=C(C)NC.CC |$;;;Q;;;;;;;;;;;;;;G;;;;;;;;;;A$,m:20:0.1.2.3.4,m:26:0.1.6.5.4|"
8255,8255,"C1=COC(=N1)S(=O)C=CC(C(F)F)F.CC |$;;;D7;;;;;;;;;;;;Y08$,m:14:0.1.2.3.4|"
8256,8256,CC(C)C[C@@H]([C@H]([C@@H](C(=O)O)F)O)N |$;;;;;;;;;;;A;D$|
8257,8257,COC1=CN=C(C(=C1C(F)F)C#N)C=O |$T0;;;;;;;W0;;;B;Z9;;;$|
8258,8258,"CC(C)(C)C1=NC(=NO1)COC(=O)C2=C(N=CC=C2)NC3=CC(=CC=C3)F.CC.CC.CN(C)N=S |$;;;;;;;;;;;;G;G;;;;;;;Q;J9;;;;;;;Z;;V;;;;;$,m:27:4.5.6.7.8,m:29:15.16.17.18.13.14,m:31:21.22.23.24.25.20,Sg:n:6:j:ht,Sg:n:10:Y:ht|"
8259,8259,"CCOC(=O)C1(CO1)C(F)(F)F.CC(=N)S(C)(=O)=O |$;;;;;;;;;;;;;;;;;;$,m:12:5.6.7|"
8260,8260,CC(C1=CC(=C(C=C1)F)CN)(F)F |$;;;;G6;;;;;D;;K4;$|
8261,8261,"C1CN(CCN1)C(=O)OC2=CC(=C(C=C2)Br)F.CP(=O)=O |$;;;Z1;;;;;;;;W;;B;;;U;;;;$,m:17:10.11.12.13.14.9,Sg:n:11:S:ht|"
8262,8262,"C1=CC(=NC(=C1)F)NCC2=CSC(=O)N2.CC.CN(C)NC(N)=S |$;;;;;Z6;J3;;;;;;;;;;R;;;;;;;$,m:15:0.5.4.3.2.1,m:17:10.9.14.12.11|"
8263,8263,"C[C@@H](C1=CC(=CC=C1)Cl)NC(=O)OCC(F)(F)F.CC |$;;;;;;;;;;;;;;;;;;;J34$,m:18:2.7.6.5.4.3,Sg:n:17:D:ht|"
8264,8264,"CN1CCC(C1)C(C2=CC(=CC=C2)N)F.CC |$;;;;;;;;Y;B1;;;;;;;E98$,m:15:8.9.10.11.12.7,Sg:n:4:L:ht,Sg:n:14:v:ht|"
8265,8265,"CN1CC2(C1)CCC(CC2)F.CBOC |$;;;;;;Y3;;;;;;;;$,m:11:1.4.3.2|"
8266,8266,"C1=CC(=NC=C1O)OCCC(F)(F)F.CSC(C)(C)S |$;;;;;;;;;;;;;;;;;;;$,m:14:0.5.4.3.2.1,Sg:n:8,9:p:ht|"
8267,8267,"CN1C(=CC(=N1)OS(=O)(=O)C(F)(F)F)C(=O)[O-].CNN(C)C(=S)SC |$;;;Q;;;;;;;K;;;;;;;;;;;;;;$,m:17:1.2.3.4.5,Sg:n:12:N:ht|"
8268,8268,C1=CC(=CC(=C1)C(F)(F)F)CC(C2=C(C=CC(=C2)Cl)I)O |$;;;;;A6;;;;;;;;;;;;;;;$|
8269,8269,"CC1=CC(=C(C=C1F)F)CC(C)(C)N.CC |$;;;;;;;J4;;K6;;;;;;T83$,m:14:1.6.5.4.3.2|"
8270,8270,"C1=C(NC(=O)C(=C1C#N)C(F)F)CN.CC |$;Y0;;;;;Y;;;;;;;;;R68$,m:14:0.6.5.3.2.1|"
8271,8271,"C1=CC=C(C(=C1)C2=C(ON=C2N)C3=CC(=CC=C3)F)Br.CC.CC |$E;;;;;;X;;;;;;;;;;E;;;;;R;;E$,m:20:0.5.4.3.2.1,m:22:8.7.6.10.9|"
8272,8272,"C1CC1(COC2=CC(=C(C=C2)F)F)N.CC |$;U;;A;;;;;;;L;;;;;R$,m:14:6.7.8.9.10.5,Sg:n:10:Q:ht|"
8273,8273,"C1=CC=C(C(=C1)NS(=O)(=O)C2=CC(=C(C=C2)F)Cl)O.CN=C(NOC)SC |$;;;;;;;;;;;;;;;;;;;;;;;;;;$,m:19:0.5.4.3.2.1|"
8274,8274,CC1=C(C(=NC=C1C(=O)Cl)C(F)F)F |$;;;;D;;;;;;;;;$|
8275,8275,"CC(C1=C(C=C(C=C1)F)F)NCC2=CSN=N2.CC.CC |$L3;;;U4;;;;;;;;;;;;;;;G;;R$,m:17:3.4.5.6.7.2,m:19:13.12.16.15.14|"
8276,8276,"C1=CC=C(C=C1)C2=CC3=C(C=CC(=N)N3C(=N)C(F)F)NC2=O.CC.CC |$;U;;;;;;;;;;;;;D;;;;;;;;;;R;;E$,m:23:0.5.4.3.2.1,m:25:7.8.9.20.21.6|"
8277,8277,CNC(C1=C(C=C(C=C1)Br)F)C(=O)O |$;;;;;;Y7;;J5;;;;;$|
8278,8278,"C(C(C(=O)C(=O)N)N)C(F)(F)F |$;;;;;;;;;;;K$,Sg:n:11:O:ht|"
8279,8279,"C1=CC=C2C=C(C(=CC2=C1)O)OCC(F)F.CC.CC |$;;M;;;;;;;;;T0;;;;;;L;;K$,m:16:0.9.8.3.2.1,m:18:4.5.6.7.8.3,Sg:n:7:Z:ht|"
8280,8280,CC(=O)OCC1=C(C(=C(C(=C1F)F)F)F)F |$;;;;;;Y9;;;;;;;;;$|
8281,8281,"C[C@@H](CCC=CC1=CC=C(C=C1)F)N.CN=C(C)NSC |$;;A;;;;;;;;;;;;;;;;;;$,m:14:6.11.10.9.8.7|"
8282,8282,"C1CNCCC1N(CC2=C(C=CC(=C2)Cl)F)C3=CC4=C(C=C3)OCO4.CON=C(C)C |$;;;;;;;;;;;;;;;;;A9;Y;J;;B;;;;;;;;;$,m:25:9.10.11.12.13.8,Sg:n:10:E:ht|"
8283,8283,"CCS(=O)(=O)N(C)CCC(F)(F)F |$;;;;;;;;;;V0;;$,Sg:n:7,8:b:ht|"
8284,8284,"C1=C(C=C(C2=C1OC(C2=O)Br)F)F.CC |$;;;L3;;;;;;;;;;;R08$,m:13:0.5.4.3.2.1|"
8285,8285,"C1=CC=C(C(=C1)N2C(=CC(=N2)C(=O)O)C3=CC=C(C=C3)F)[N+](=O)[O-].CNN=C(C)OC |$;;;;;;;;U;;;;;;;;;;;;;;;;;;;;;;$,m:24:8.7.6.10.9|"
8286,8286,"CCNCC(C)OC1=C(C=C(C=C1)Br)F |$;;;;;;;;;B;E9;;;;$,Sg:n:9:t:ht|"
8287,8287,"CCCOC1=C(C(=C(C=C1)C#N)Br)F.CC=NN(C)N=C(C)C |$;;;;;;;;Y;;;;;;;;;;;;;;$,m:14:4.9.8.7.6.5,Sg:n:13:l:ht,Sg:n:1,2:W:ht|"
8288,8288,"CC(C)CCC(C1=CC(=C(C=C1F)OC)OC)O |$;;;;;;;B8;;;;;J;;;;;$,Sg:n:10:u:ht,Sg:n:3,4:j:ht|"
8289,8289,"CCNC(C)(C(=O)OCC)C(F)(F)F |$;;;;;;;;Y;;;X5;;$,Sg:n:13:c:ht|"
8290,8290,"CC(C)C1=COC(=C1F)C(C)C.CNC(=N)SC |$;;;;;;;;;;;;;;;;;$,m:12:3.4.5.6.7|"
8291,8291,CCCC(C(C(=O)OC)(F)F)O |$;;;;;;;G0;;;;$|
8292,8292,"C1CCNC(C1)COC(F)(F)F |$;;;;;;;;;;;$,Sg:n:8:R:ht,Sg:n:2:T:ht|"
8293,8293,"COCCN1C=C(C2=CC=CC=C21)CF.CC |$;;;;;Q1;;;;;;;;;;;R$,m:15:4.5.6.7.12,Sg:n:13:c:ht,Sg:n:2,3:k:ht|"
8294,8294,"C1=CC(=CC(=C1)NC(=O)C(F)Cl)C(=O)O.CN(C)N(C)C(=O)O |$;;;;;;U;;;;;;;;;;;;;;;;$,m:15:0.5.4.3.2.1|"
8295,8295,"C1=CN(C=C1)CC2=CC(=C(C=C2)Cl)F.CONC(=O)O |$;;M;;W6;;;;G;;;;M2;;;;;;;$,m:14:7.8.9.10.11.6|"
8296,8296,"COC(=O)C1=NC(=C(C=C1)CBr)C(F)F.CP(C)O |$;;;;;;;;W6;;;;;U;;;;;$,m:15:4.9.8.7.6.5|"
8297,8297,CC#CCC1=C(C=CC(=N1)C(=O)OC)F |$;;;U2;;;;K;;;;;;;$|
8298,8298,C[Si](C)(CC[SiH2]OCC(F)(F)F)C=C |$;;;;;;M7;;;;L;;;W$|
8299,8299,"CCOC(=O)C1=CN(C2=C(C1=O)C=CC(=C2F)Cl)C3CC3.COC(=O)ON(C)C.CC=NN(C)C(=NC)SC |$W2;;;;G;B7;;;E3;;;;;;J;;;;;;;;;;;;;;;;;;;;;;;;$,m:21:12.13.14.15.8.9,m:29:19.18.20|"
8300,8300,"CCN(CC1=CC=C(C=C1)C(C)C(=O)O)CC(F)(F)F.CC |$;;;;L;;;;;Q;;;;;;;;;;;;Q$,m:20:4.9.8.7.6.5|"
8301,8301,"CC1=CC=C(C2=CC=CC=C12)CN3CC(C3)C(F)(F)F.CN=C(C)C=O |$;U6;;D1;;;;;;;;;;;;;;Z4;Y2;;;;;;;$,m:20:13.14.15.12|"
8302,8302,"CC(C#C)NCC1=C(C(=CC=C1)Cl)F.COP(C)(=S)OC |$;;B4;;;;;;;;;;;;;;;;;;$,m:14:6.11.10.9.8.7|"
8303,8303,"C1COCC1C(=O)NC(CC(=O)O)C2=CC(=C(C=C2)Cl)F.CNS(C)(C)C |$;;;;;;;;;;;;;;;;;;;;;;;;;;$,m:21:14.15.16.17.18.13|"
8304,8304,"CC1=CC2=C(C=C1F)N(C(=N2)Br)C(C)C.CNC(N)=S |$;;;;;;;;;;;;;;;;;;;$,m:15:8.4.3.10.9|"
8305,8305,"C1=CSC(=C1)C2=C(N3C=C(C=CC3=N2)C(F)(F)F)N=O.CC.CC |$;;;;;;;;A7;;;;;;;;;;;;;R;;G5$,m:20:0.1.2.3.4,m:22:8.9.10.11.12.7|"
8306,8306,"COCC1=CC=CC=C1NC(=O)C2=C(C(=NC=C2)NN)F |$;;;;;;;;;;;;E;;;;;;;;L$,Sg:n:8:g:ht,Sg:n:1:C:ht|"
8307,8307,C1CC(=C(C=C1NCC2=CN=CN2)F)F |$;;;;X7;;;;;;;;;;$|
8308,8308,"CSC1(CCCC1)CNC(=O)C(F)F.CC |$;;;;;;;;;;;;;;;R$,m:14:2.3.4.5.6|"
8309,8309,"CC(C(F)F)(C(=O)C(N1C=NC=N1)Cl)Br.CN=CN(C)C(C)=NC |$;;;;;;T;;;;T4;;;M;;;;;;;;;;$,m:15:8.9.10.11.12|"
8310,8310,"COC1=C(C2=C(C(=C1)CCl)SC=C2)F.CC |$;;;;;;;;;;;;;;;R$,m:14:2.7.6.5.4.3|"
8311,8311,"CC(C(=O)NCCNC1=C(C=CC=N1)C(F)(F)F)O.C=NN(C)C |$;;Y4;;;;;;;;;;;;L4;;;;;;;;;$,m:19:8.13.12.11.10.9,Sg:n:2:s:ht|"
8312,8312,"CC1=C(C=CC(=C1)F)N2C=NC=C2[C@@H](C)N.CC |$U;;;;;;;;;;;;;;X9;;;W97$,m:16:9.8.12.11.10|"
8313,8313,"CCCCC(CC)COC(=O)[C@H](C)OC(=O)F |$;T;;;D0;;;;;;;;;;T7;;$,Sg:n:0:A:ht,Sg:n:1,2:H:ht|"
8314,8314,CC(C)(COC)NCC1=CC=CC=C1F |$;;;;;;;;;;;U;;V;$|
8315,8315,"C1CC2=C(C=CC(=C2)C(F)(F)F)NC1.CC.CC(C)=NNN(C)C |$;;;;;;;;;;;;;;;J;;;;;;;;$,m:14:0.13.12.3.2.1,m:16:4.5.6.7.2.3,Sg:n:8:F:ht|"
8316,8316,"C1CNC(C1O)CC2=CC=CC=C2F.CC |$;;Y6;;;;;;;;;;;;;Z0$,m:14:8.9.10.11.12.7,Sg:n:0:x:ht|"
8317,8317,"CCOC(=O)C1=CC=CC=C1NCC2=CC(=C(C=C2)O)F.CC.COP=O |$;;;;;;;;;;;;;;;;;;;;;;J;;;;$,m:21:5.10.9.8.7.6,m:23:14.15.16.17.18.13|"
8318,8318,C1CC1C(C2=CC=CC(=C2)CN)F |$;;;;;Y3;;;;;X0;;$|
8319,8319,"CCCNC1=C(C=CC(=C1N2CCOCC2)N=[N+]=[N-])F.CC |$W3;;;;;;;;;;;;;M7;;;;;;;;T$,m:20:11.12.13.14.15.10,Sg:n:18:z:ht,Sg:n:1,2:I:ht|"
8320,8320,"C1CN(C[C@@H]1N)C(=O)C2(CCN(C2)CC3=CC=CC=C3)C(F)(F)F.CC.CC.CN=NC(=S)NC |$;;;;;;;;Y0;;;Y4;;;;;;;;;;;;;;R61;;R;;;;;;;$,m:24:0.1.2.3.4,m:26:9.8.12.11.10,m:28:15.16.17.18.19.14|"
8321,8321,"CC1=C(C(=CC=C1)NC(=O)NCC2(CC2)C3=CC=C(C=C3)F)C.CNNC(=O)OC |$;;;T;B;;;;;;;;;;;;;;;;;;;;;;;;;$,m:23:13.12.14|"
8322,8322,"CC(CO)NC1CCCC(C1)C(F)(F)F.CC |$;;;;;;;;;;Z8;;;;;;R$,m:15:5.10.9.8.7.6|"
8323,8323,"COC1=C(C=C(C=C1)F)C(=O)C2=CC=CC=C2C(F)(F)F.CNOC(C)=S |$;;;;;;;A2;;;;;;;;;;;;;;;;;;;$,m:21:12.13.14.15.16.11|"
8324,8324,C1=CC2=C(C=C1F)NC(=CC2=O)C#N |$;;V6;;;Z;;;;;;;;$|
8325,8325,C1=CC(=CC=C1C(CC=O)C(F)(F)F)F |$;;;;;;;;;D;;;;;$|
8326,8326,C1=CC=C(C(=C1)CNC(=O)C(F)(F)F)NC(=O)C2=CC=CC=C2O |$;;;V;;;;;;;;;;;;;;;;;;;T4;$|
8327,8327,"C1=CC2=C(C=C1F)C(=CN2)C(=O)C3=C(C=C(C=C3)Cl)Br.CNN(C)N(C)C |$;;;;A;;;;;;;;;;;;;;E8;;;;;;;;$,m:20:0.5.4.3.2.1|"
8328,8328,"C1CC(C1)C(=O)NC2COCC2F.COC(=S)SC |$;;;;;W;;;;;;;;;;;;;$,m:13:0.3.2.1,Sg:n:10:G:ht,Sg:n:5:m:ht|"
8329,8329,"C1=CC(=CC(=C1)Cl)CC(C2=C(C=C(C=C2F)F)F)N |$;J;T1;;;;;;;;;;;;;;;;M3$,Sg:n:7:d:ht|"
8330,8330,"C1C(CN1)C(=O)NCCC2=C(C=CC(=C2)F)F |$;;;;;;;;;;;;Q;;;;$,Sg:n:7:Z:ht,Sg:n:7,8:U:ht|"
8331,8331,"C[C@H](CC1=CC=CC=C1)C(=O)NCCF.CN(C)N(C)C(N)=S |$;;;;;;;Y5;;;;;;;;;;;;;;;$,m:15:3.8.7.6.5.4,Sg:n:12,13:F:ht|"
8332,8332,CCC1=CC(=C(C(=C1F)F)COC)F |$;;;;;;;;;Q;;;;Q1$|
8333,8333,"CN(CCCOC)C(=O)C1=C(C=CC(=C1)F)S(=O)(=O)N |$;L;Z4;;;;L;Q;A;;;;;;;;;;;Q3$,Sg:n:12:I:ht,Sg:n:3,4:P:ht|"
8334,8334,"C1=CC(=CC=C1CCN)S(=O)(=O)CCF |$B1;;;D;;;Z6;T2;;;;;;;$,Sg:n:2:X:ht,Sg:n:12,13:y:ht|"
8335,8335,CNCC1=CC=C(S1)S(=O)(=O)NC2=C(C=C(C=C2F)F)F |$T;;;;;;;;;;;;;;;;;;;E;$|
8336,8336,"CCNCC1CCCN(C1)CC2=CC(=CC=C2)F.CN=CN(C)C(C)=N |$;;;;;;;Z2;;;;;;;;D5;;;;;;;;;;$,m:18:12.13.14.15.16.11,Sg:n:5:i:ht,Sg:n:2:u:ht|"
8337,8337,"C[C@@H]([C@H](C1=CC(=C(C=C1)OC)F)N)N.CN=CC(=O)O |$;;;;;;;;;;;;L;;;;;;;$,m:14:3.8.7.6.5.4|"
8338,8338,"CNC(=O)N(C1=C(C=C(C=C1)F)C#N)N.CSC=N |$E0;;;;;;;;;;;;;;;;;;$,m:15:5.10.9.8.7.6|"
8339,8339,"C1=CC(=CC(=C1)F)C2=C(C3=CC(=C(C=C3NC2=O)Cl)I)O.CC.CC |$U1;;;;;;;;;V8;;;;;;;X9;;;;;;R;;R$,m:21:0.5.4.3.2.1,m:23:8.9.14.15.16.7|"
8340,8340,"C1=CC=C2C(=C1)NC(=N2)CC3=NC4=C(C=C(C=C4N3)F)N.COP(C)(N)=O.CC=NC(C)=NN(C)C.CC |$;;;;;;;;;;;;;;;;Q;;;;;;;;;;;;;;;;;;;;;T85$,m:21:0.5.4.3.2.1,m:27:6.4.3.8.7,m:36:11.10.18.17.12|"
8341,8341,"C1=CC(=C(C=C1F)CNCCC(=O)N)Br.CC |$;;;;;;;;;;;;;;;;R$,m:15:0.5.4.3.2.1,Sg:n:3:N:ht,Sg:n:9,10:P:ht|"
8342,8342,"C1=C(C=C(C=C1F)F)C2=CN=C(O2)N.CC |$;;;;;;;;;;;;;;;M$,m:14:0.5.4.3.2.1|"
8343,8343,CN1C2=CC=CC=C2[C@@](C1=O)(CC(=C)C3=CC=C(C=C3)C(F)(F)F)O |$;;;;X;;;;;;;;;V9;;;;;;;;;;;$|
8344,8344,"CN=C(NCCC1=CC=CC=C1F)N(C)CCC2=CC=CS2 |$;;;;;;;U;;;;;;;;;;;;;;M$,Sg:n:4,5:y:ht|"
8345,8345,"CCC(C)(C(=O)O)NCCOC(F)(F)F |$;;;;;;;W;;;;;;U;$,Sg:n:8,9:x:ht|"
8346,8346,C1=CC2=C(N=C1)N(C(=N2)CCl)C3=CC(=C(C=C3F)Br)F |$;;;;;;;;;;;;;;;U5;;;;$|
8347,8347,CC(C)(/C=C(\C(=N/C=C/F)F)/Cl)NC |$;;;;;;;;;;;J;W;$|
8348,8348,"C1CN(CCC1C2(OCCO2)C3=CC=C(C=C3)F)CCC#N.CC |$L6;;;X8;;;Q;;;;;;;;;;;;Y9;;;B;;E$,m:22:7.6.10.9.8|"
8349,8349,"C1[C@@H]2[C@]1(CNC2)C3=CC(=C(C=C3)C(F)(F)F)F.CNC(=S)N(C)N=C(C)C.CC |$;;;;;;Q;;;;;;;;Y;;;;;;;;;;;;;;R$,m:17:0.1.2,m:27:7.8.9.10.11.6|"
8350,8350,"COC1=NC(=C(C(=C1)[N+](=O)[O-])C(F)(F)F)C(F)F.CC=NN(C)N(C)C |$;;;G4;;;;;L2;;;;;;;;;;;;;;;;;$,m:18:2.7.6.5.4.3|"
8351,8351,"C1=C(C(=C(C(=N1)C(F)F)F)CO)[N+](=O)[O-].CC |$;;;D1;;;;;;;;;;Y;;;M$,m:15:0.5.4.3.2.1|"
8352,8352,CS(=O)(=O)C1=NNC(C1)C(F)(F)F |$;;;;;V;;;;;;;Q$|
8353,8353,"C1=CC(=CC(=C1)F)[C@H](C2=NNN=N2)N.CN=C(C)C(C)=NC |$;;;;;Q;;;;E3;;;;;;;;;;;;$,m:14:9.8.12.11.10|"
8354,8354,"C1=CC(=CC(=C1)F)C2=CC=CC(=N2)CBr.CC(C)(N)S |$;;;;;;;;;;;;;;;;;;;$,m:15:0.5.4.3.2.1|"
8355,8355,"C(CC(=O)O)CC(C(=O)O)(F)F |$;A;L;;V;;;;;;;$,Sg:n:1,0:K:ht|"
8356,8356,CC1=CC(=C(C=C1)C)C(C(F)(F)F)N |$;;B0;;;;;;;;D;;;$|
8357,8357,"CN(C1=CC(=CC=C1)F)C2=NC=C(C(=N2)OC3CCCC3)C(F)(F)F.CC.CN=NC(C)=S |$;;;;;;;;;;;;;;;G0;;;;;;;;;;;T;;;;;;$,m:25:10.11.12.13.14.9,m:27:17.16.20.19.18|"
8358,8358,"C1C(=O)C=C(C=N1)C2=CC(=CC=C2)F.CSP(C)(C)=S |$;;;;;;;;;;;;;;;;;;;$,m:14:0.6.5.4.3.1|"
8359,8359,"C1=CC(=CC=C1C2=CN=C(C=C2Cl)Br)F.CC |$;;;;;;;;;;;;;;;;E$,m:15:7.8.9.10.11.6|"
8360,8360,"C1CCC(C1)OC2=C(C=C(C=C2)Cl)F |$;;;;;;;;;V;;;;$,Sg:n:10:K:ht|"
8361,8361,"COC(=O)C1=C(C(=CC(=C1)F)Cl)Br |$;;;;M8;E1;;;;;;;$,Sg:n:5:L:ht|"
8362,8362,"C1=CC=C2C(=C1)C=CC3=C2C(=O)C4C=CC(=C(C4O3)F)F.COOC |$L0;;;;;;;;;;J6;;;;;;;;;;J;;;;$,m:21:0.5.4.3.2.1|"
8363,8363,"CCOC1(CCC(CC1)(F)F)CN |$;E7;;;;;;;;;;;$,Sg:n:5:g:ht,Sg:n:0:P:ht|"
8364,8364,"CC(C1=C(C=CC(=C1)F)N2CCCC(C2)C(=O)N)O.CN=C(C)N(C)SC.CC |$;;;;;;;;;;Q;;;;;;;;;;;;;;;;;;A5$,m:19:2.7.6.5.4.3,m:27:10.11.12.13.14.9,Sg:n:8:v:ht,Sg:n:15:H:ht|"
8365,8365,CC1C(CCO1)C(=O)C2=C(C=C(C=C2)C(F)(F)F)C |$;B;;;;;;;;;;;;;;;;;$|
8366,8366,"CC1=CNC2=C1C=C(C=C2)C(F)F.CC(C)=NN=C(C)N(C)C.CC |$;;;M;;;;;;;;;;;;;;;;;;;;;E7$,m:13:1.2.3.4.5,m:23:6.7.8.9.4.5|"
8367,8367,"CC1=CSC(=N1)CN[C@H]2CCC[C@H]2F.CC.CC |$;;;;;;;;;;;;;;;R;;R6$,m:14:1.2.3.4.5,m:16:9.8.12.11.10|"
8368,8368,CC(C)(C1=CC=CC=C1F)SC2=C(C=C(C(=C2)N)F)OC |$;;;V;;;;;;;;;;;Y1;;Y;;;;$|
8369,8369,"CCCC1([C@@H](C2=C(O1)C=CC(=C2)F)N=C(C3=CC=CC=C3)C4=CC=CC=C4)CCC=N.CN(C)C(=O)ON.CC |$;;;;;;;;;;;;;;;;;;;;;;;;;;;;;;X6;;;;;;;;;R$,m:31:3.4.5.6.7,m:38:8.9.10.11.5.6,Sg:n:10:p:ht,Sg:n:16:h:ht,Sg:n:27,28:s:ht|"
8370,8370,C1=C(C=C(C(=C1C(F)F)F)Br)C(F)F |$;;;;;;;G;;;;;;$|
8371,8371,"C1CC1NC(=O)[C@H](C2=CC=C(C=C2)F)OC3=CC(=CC=C3)Cl.CS(=N)(N)=O |$;;;;;;;;;;;;;;;;;;;;;;;;;;$,m:22:8.9.10.11.12.7,Sg:n:16:z:ht|"
8372,8372,"CC1=C(C=CC(=C1)N(C(C(F)(F)F)(C(F)(F)F)F)S(=O)(=O)C2=CC=CC=C2)S(=O)(=O)O.CC.CC |$;;;;;;X5;;;;;;;;;;;;;;;;D4;;;;;;;;;;R04;;R87$,m:31:1.6.5.4.3.2,m:33:22.23.24.25.26.21|"
8373,8373,C1CCC(=O)N(CC1)CC(=O)C2=CC(=CC=C2)F |$;;;;;D2;;;;;W4;;;;;;;$|
8374,8374,"CCCC(CC1=C(C=CC(=C1)F)C)CBr |$;;;X9;;;;T8;;;L4;;;;$,Sg:n:1,2:N:ht|"
8375,8375,COC=CC1=CC=CC=C1F |$;;;;D5;;;;;;$|
8376,8376,CC1=CC(=NC=C1)N2C(=C(C=N2)CBr)C(F)(F)F |$;;;M;;;;;;;;;;;;;;$|
8377,8377,"CCCOC(=O)OCC(C(F)F)(F)F |$;;;;;;;;;Q9;;;;$,Sg:n:3:Q:ht,Sg:n:1,2:E:ht|"
8378,8378,"C1[C@@H](NO[C@@]1(C(F)(F)F)O)C2=CC=CS2.CC |$;;;;;;;;;;;;;;;;L48$,m:15:0.1.2.3.4|"
8379,8379,"CC(C)C(C1=CC(=C(C=C1)C(C)F)F)O.CN=C(NC)NO |$;;;;;;;;;;J;;;;;;;;;;;$,m:15:4.9.8.7.6.5|"
8380,8380,C1=CC(=C(C=C1F)N2N=CC=N2)N=[N+]=[N-] |$;Y4;;;;;;;;;;;;W;$|
8381,8381,"C1CC(C1)NC(=O)C2=C(C=CC(=C2)S)F.CC.CC |$;;;;;;;M1;;;;;;;;;R;;L$,m:15:0.3.2.1,m:17:8.9.10.11.12.7|"
8382,8382,C(C(C(N=[N+]=[N-])(F)F)(F)Cl)(F)F |$;U;;;Y;;;;;;;$|
8383,8383,"CC1CCCC(C1)C2=C(C=CC(=C2)F)N.CC |$;;;;;;;;;;T;;;;G;;Z$,m:15:1.6.5.4.3.2,Sg:n:6:R:ht|"
8384,8384,"CCCC1CC1NC2=C(C=C(C=C2)F)N.CC=NN(C)N=CC |$Y;;;;;;;;;;;;;;;;;;;;;;$,m:15:3.4.5,Sg:n:12:Z:ht,Sg:n:1,2:j:ht|"
8385,8385,"C1=CC(=CC(=C1)Cl)C(C2=CC(=CC(=C2)F)C(F)(F)F)O.CNC(=S)NN(C)C |$;;;;;Q0;;;;;;K1;K;;;;;;;;;;;;;;;$,m:20:0.5.4.3.2.1|"
8386,8386,C1CCC(C(C1)C(=O)N2CCOC(C2)CN)C(F)(F)F |$;;;;;;;;;;;;;K;;;L9;;;$|
8387,8387,"CC1=C([C@@H](NC(=S)N1)C2=C(C=C(C=C2)F)F)C(=O)OCCOC.CN=C(C)C(=O)OC.CC |$;;;;Y8;;;;;;;;Q2;;U7;;;;;;;;;;;;;;;;;;J$,m:23:1.7.5.4.3.2,m:31:9.10.11.12.13.8,Sg:n:1:u:ht,Sg:n:9:z:ht,Sg:n:19,20:e:ht|"
8388,8388,"CC(CCC(C)(C)C#N)C(F)F |$;;;;;;;M5;;;;Q4$,Sg:n:2,3:C:ht|"
8389,8389,"CC1=C(C=C(C=C1)CC(=O)N(C)OC)F.CN(N)N=O |$;;;;;;;;;;;;;;;;;;;$,m:15:1.6.5.4.3.2,Sg:n:10:r:ht|"
8390,8390,CC(C)C1=CC(=C(C=C1F)OC)NC |$B;;;;;;;;;;;;;$|
8391,8391,"CC1(CC(C(N(C1=O)C(CC(F)(F)F)C2=CC=CC=N2)C3=CC=C(C=C3)Cl)C4=CC(=CC=C4)Cl)CC(=O)O.CC=NNC(=NC)N(C)C |$;;;;Y5;;;Y;;;;;;;;;;;;;;A;;;;;;;;;;;;;;;;;;;;;;;;;;$,m:38:21.22.23.24.25.20|"
8392,8392,CCN(C)C(=O)CNCCC(F)(F)F |$U;;E2;;;;;;;;;;;$|
8393,8393,"CC1=CC2=C(C=CC(=C2)F)NC1.CN=C(C)N=O |$;;;;;;;;;;;;;;;;;$,m:12:1.11.10.4.3.2|"
8394,8394,"C1CC(CCC1CC(C(F)(F)F)F)CBr.CC |$;;;;;;;;;;;;G;;;;R$,m:15:0.5.4.3.2.1|"
8395,8395,"CC1=CC=C(O1)C(C)NC(=O)C2=CC(=CC(=C2)F)F.CC |$;;;;;K;E9;;;;;;;;;;;;;;X$,m:19:12.13.14.15.16.11|"
8396,8396,"CC1CCCCC1(CN)NC2=CC(=C(C=C2[N+](=O)[O-])F)Br.CC |$G0;J4;;X4;;;;;;;;;;;B5;;;;;L;M;;R1$,m:21:11.12.13.14.15.10|"
8397,8397,"CC1C(OC2=C1C(=C(C=C2)N=[N+]=[N-])C3=CC4=C(C=C3)OC(O4)(F)F)C.COOC=O.CONC(=O)O.CC |$;;;;;;A9;;;T5;;W5;D5;;T;;;;;J4;;;;;;;;;;;;;;;;;;M$,m:25:1.2.3.4.5,m:30:7.8.9.4.5.6,m:36:14.15.16.17.18.13,Sg:n:10:E:ht,Sg:n:16:r:ht|"
8398,8398,C1=CC(=C(C=C1NC/C=C/CCl)F)F |$K3;;;;;;;;;;;;;$|
8399,8399,"COC(C(C1=C(C(=C(C=C1)Br)Cl)F)NN)OC.CC |$;;;;;;;B;;;;;;;T;;;;T$,m:17:4.9.8.7.6.5|"
8400,8400,"CC(C)(C)C1=C(C(=NC=N1)NCCN)F.CC |$;;M9;J;;;;;;Q2;;;;;;;R6$,m:15:4.9.8.7.6.5,Sg:n:11,12:l:ht|"
8401,8401,"COC(=O)C1CN2CC(CC2CN1)(F)F.CC=NC(C)=NN(C)C |$;;;;;;;;;;;;;E0;;;;;;;;;;$,m:15:7.6.10.9.8,Sg:n:8:z:ht|"
8402,8402,"C1=CSC(=C1)[C@H](C(F)(F)P(=O)(O)O)N.CC |$;;;;;A8;;D;;;;;;;;R$,m:14:0.1.2.3.4|"
8403,8403,"CC1(C[C@@H](C2=C1C(=CC(=C2F)F)F)N)C.CNC(=S)S |$;;;;;;;E3;;;;;;;A;;;;;$,m:15:6.7.8.9.4.5|"
8404,8404,C1[C@H](N=C(O1)N)C2=C(C(=C(C=C2)F)Br)F |$;Q;;;;;;;;;;;L2;;$|
8405,8405,"CC(=N)C1=CC(=C(C=C1)F)[N+](=O)[O-].CC(C)=NC(C)=NN(C)C |$;;;;;;;;;;;;;;;;;;;;;;$,m:13:3.8.7.6.5.4|"
8406,8406,"CC1CNCCC1(CC2=CC=C(C=C2)F)C#N.CS(C)(C)C |$;;;;;;;;;;;;;;;J;;;;;;$,m:17:1.6.5.4.3.2,Sg:n:11:W:ht,Sg:n:12:j:ht|"
8407,8407,"C1CC1NCC2=NC=CN2CC(F)F.CN=C(C)N.CNNC=O |$;;;;;;;;;X;D;;;;;;;;;;;;;$,m:14:0.1.2,m:19:6.5.9.8.7|"
8408,8408,"CC(C(=O)N[C@@H]1CCCNC1)(F)F.CSC(=O)C(C)O |$;;;;;;;;;J;;V;;;;;;;;$,m:13:5.10.9.8.7.6,Sg:n:10:B:ht,Sg:n:8:l:ht,Sg:n:2:n:ht|"
8409,8409,CNC(C#N)C1=CC(=C(C=C1F)OC)F |$;;;G1;;;;;;;;;;;$|
8410,8410,"CC1=CC(=C(C=N1)CC(=O)OC)F.CN=C(C)N(C)C(C)=NC |$;;;;;;;;;;;;;;;;;;;;;;$,m:13:1.6.5.4.3.2|"
8411,8411,CC(=CC(C)(C1=CC(=CN=C1)F)O)C |$;;;;;;;E;;;;;;$|
8412,8412,C1=C(C(=C(C(=N1)CC#N)F)F)C(F)F |$;;;;;;;G;J5;;;;;$|
8413,8413,"CC1CCOC1C(=O)C2=CC=C(C=C2)F.CN=CN(C)C(C)=N.CN=NC(=S)NC |$;;;;;;;T;;Y;;;J;;;;;;;;;;;;;;;;;$,m:15:1.2.3.4.5,m:23:9.10.11.12.13.8|"
8414,8414,"C1C(CN1C(=O)C2=C(C(=CC=C2)Br)F)O.C=NSC |$;;T;;;;;;;;Q;;;;;;;;$,m:15:7.8.9.10.11.6|"
8415,8415,"C1=CSC(=C1)C2/C(=C(\C3=CC=NC=C3)/O)/C(=O)C(=O)N2C4=CC(=C(C=C4)F)F.CC.CC.CC |$;;;;;Q7;;;;;J;;;Q;;E7;;;;;G;;;;;;;;;U;;Q8;;G0$,m:28:0.1.2.3.4,m:30:9.10.11.12.13.8,m:32:21.22.23.24.25.20|"
8416,8416,"CCNC(=NCC1=CC=CC=C1F)N2CCCC(C2)C(=O)OCC.CN(C)P(C)(=O)N(C)C |$;;;;X;;M7;B0;;;;;;;;;G2;;;;T8;;;;;;;;;;;;$,m:24:14.15.16.17.18.13|"
8417,8417,"C1=CC=C(C(=C1)[N+](=O)[O-])OC2=NC(=NC=C2F)N.CNOSC.CC |$;;;;;;;;;;;;;;;;;;;;;;;;R72$,m:18:0.5.4.3.2.1,m:23:11.12.13.14.15.10|"
8418,8418,CC(C)(C)OCN1C=C(C(=O)NC1=O)F |$;;;;X;;;;;;;;;;$|
8419,8419,"C1C(=CC=C=N1)C2=CC=C(C=C2)F.CC |$;;;;;;;;;;;W8;;;R06$,m:13:0.5.4.3.2.1|"
8420,8420,"CCC(C)(C)C[C@@H](C(=O)NC1(CC(C1)F)C(=O)C(=O)N)NC(=O)C2CC2.CN(C)S(N)(=O)=O |$;M7;;;;;;;;;;;;;;;;;;;;;;;;;;;;;;;$,m:26:24.23.25,Sg:n:15:T:ht,Sg:n:11:v:ht|"
8421,8421,C1=CC(=C(C=C1C(CC2=C(C=CC(=C2)Br)F)N)Cl)Br |$;;;;;;B;;;;;;M;;;;;;G$|
8422,8422,"CN/C(=C(/C(=O)NC1=CC=C(C=C1)F)\N)/N.CC |$;;;;;;;;V7;;;;;;;;;Z37$,m:16:7.12.11.10.9.8|"
8423,8423,"CN(C1=CC=CC(=C1)N)C(=O)C(F)(F)F.CC |$;;T8;;;;;;;;;;;;;;Y$,m:15:2.7.6.5.4.3|"
8424,8424,"C1=CC(=C(C=C1C(=O)N)NCC2=CN=CN=C2)F.CN=S(C)N.CNNC(=O)OC |$;;;;;;;;;;;;K6;;;;;;;;;;;;;;;;;$,m:18:0.5.4.3.2.1,m:23:12.13.14.15.16.11|"
8425,8425,CNC(CC1OCCO1)CC2=CC(=C(C=C2)OC)F |$;;;;;Q;;;;;;;;;;;;;$|
8426,8426,C1=C(C=NC(=C1O)C#N)OC(F)(F)F |$;;;;;;;;;;K;;;$|
8427,8427,"CC(C)(C)C(=O)N1CC2CC(C2C1)(F)F.CC(O)C=N |$;;;;;;;;;;;;;;;;;;;$,m:15:6.7.8.11.12|"
8428,8428,C(C(C(C(C(F)(F)F)F)(F)F)(C(C(C(C(F)(F)F)F)(F)F)(C(C(C(F)(F)F)F)(F)F)O)O)O |$;;;;;;;Z3;;;;;B;;A;;;;;;;;;;;D7;;;;D;;;V0$|
8429,8429,"CCOC(=O)CC1=C(C=C(C=C1C#N)OC(F)F)CN |$;;;;;;;;;;;;;;;;;;;X3$,Sg:n:9:l:ht,Sg:n:14:y:ht|"
8430,8430,"CN(CC1CCCCC1O)C(=O)C2=C(C=CC(=C2F)OC)F.CC=NOS(C)(=O)=O.CC |$;;;;;;;;;;V8;;;;;;;;;;;;;;;;;;;;;Z$,m:22:4.5.6.7.8.3,m:30:13.14.15.16.17.12,Sg:n:12:R:ht,Sg:n:9:Y:ht|"
8431,8431,"C1=NC2=C(N1)C(=NC=N2)NSC(F)(F)F.CNP(=O)(O)O.CC |$;;;;;;;;;;;;;A;;;;;;;;;X$,m:15:0.1.2.3.4,m:21:5.6.7.8.2.3|"
8432,8432,"CN1C[C@@H]2CN(C[C@@H]2C1)CC3=C(C(=CC=C3)OC)F |$L;;;;;;;;;;;;U9;;;;;;$,Sg:n:0:O:ht|"
8433,8433,"CCC(C1=CC=CC=C1F)NC2CCS(=O)CC2.CC |$;;;;;M;;;;;;;;B;;;;;;R8$,m:18:4.5.6.7.8.3|"
8434,8434,CCNC(CC1=C(C=C(C=C1)[N+](=O)[O-])F)C2CC2 |$;;;;;;;;;B;;;W;;;A;;$|
8435,8435,"CCC1C[C@H]1C2CC(=C(C=C2)F)F.CC.CC |$;;K1;;;;V2;;T3;;;;;;R4;;R05$,m:13:2.3.4,m:15:6.7.8.9.10.5|"
8436,8436,"C1=CC(=C(C=C1CCC(=O)O)F)O.CC |$;;;;;;;;;;;;;;R$,m:13:0.5.4.3.2.1,Sg:n:5:C:ht,Sg:n:6,7:w:ht|"
8437,8437,C1CC1C(C=O)C2=CC(=C(C=C2)Cl)F |$;;;;;;;;;;;;X2;$|
8438,8438,"CN1CCC(C(C1)F)(CC2CC2)C(=O)O.CN(C)C(=S)NN |$;;;;M5;;;D2;;;;;;;;;;;;;;$,m:15:10.9.11,Sg:n:4:f:ht|"
8439,8439,"CC1=C(C(=CC=C1)NC2=NC=CC(=C2)C#N)F.CC |$;;;M4;;;;;;;;;;;;;;;T35$,m:17:9.10.11.12.13.8|"
8440,8440,CC1=C(C=C(C=C1)F)NC(=O)CC(C)N |$;;;K;;;;;;;;;;;W8$|
8441,8441,"CC(C1=CN=CS1)NC2=C(C=C(C(=C2)C(=O)N)F)F.CC |$;;;;;;;G6;;;;;;;;;;;;;M92$,m:19:9.10.11.12.13.8,Sg:n:10:n:ht|"
8442,8442,"C1=COC=C1C(C2=C(C=CS2)F)N.CNC(=S)N(C)N.CN(O)C(=O)O |$J5;;;;;;;;E8;;;;;;;;;;;;;;;;;$,m:13:0.1.2.3.4,m:20:7.6.10.9.8|"
8443,8443,"CC(C1=C[N+](=C(C=C1)C(F)(F)F)O)SC.CC |$;;;;;;;;;;;;K1;;;;L9$,m:15:2.7.6.5.4.3|"
8444,8444,CC1=C(C=CC(=C1)OCC(C(C)C)N)F |$;;;E;;J8;;;;;;;;;$|
8445,8445,"C1=CC(=C(C=C1F)F)CC(=CF)CN.CC |$;D0;;;;;;;;;;;;J4;;Y82$,m:14:0.5.4.3.2.1|"
8446,8446,"COC1=CC=C(C=C1)C(=O)C2=C(C=C(C=C2)F)Cl.COC(C)O |$;;;;;;;;;;;;;D;;;;;;;;;$,m:18:11.12.13.14.15.10|"
8447,8447,"CC1CCN(CC1N)C2=CC(=C(C=C2[N+](=O)[O-])Br)F.CC |$D;;J7;W;;T;;;Z0;E0;;;;;J0;L5;A;;;;G$,m:19:1.6.5.4.3.2|"
8448,8448,"CC1=NN=C(C=C1)O[C@@H]2CCN(C2)C(=O)NCC3=CC=C(C=C3)F.CC |$;;L0;;;;;;;;;;;;;;;;;;;;;;;K$,m:24:9.8.12.11.10,Sg:n:13:a:ht|"
8449,8449,"CCCCCCC1(CCC(C1)N)F |$;;;;;;;;;;;;$,Sg:n:8:a:ht,Sg:n:9:b:ht,Sg:n:2,3,4:Q:ht|"
8450,8450,"CNC(C1=CC=CC=C1COC)C(F)F.CC |$;;;;;B0;;;;;;;;;;;R$,m:15:3.8.7.6.5.4|"
8451,8451,CC1=CCC(C(=CC1)OC)C(F)(F)F |$W5;;;;;;;Z5;;;;;;$|
8452,8452,C1=CC(=C(C=C1F)F)NS(=O)(=O)C2=C(OC(=C2)CO)Br |$;K;;;;;Y;;;;;;;;;G8;;;;T$|
8453,8453,"C1=C(C=C(C(=C1F)CCC(=O)O)Br)Cl.COC(=O)NN=C(C)C |$;;;;;;;;;;;;;;;;;;;;;;$,m:14:0.5.4.3.2.1,Sg:n:7,8:j:ht|"
8454,8454,CN1C2=C(C=C(C=C2)C(F)(F)F)N(N1)C |$;G5;;;;;;;;;;L;;;$|
8455,8455,"CCCC(CCC)OC(=O)N1C=C(C(=O)NC1=O)F.CON=C(C)N |$;;;;;;;;;;;;;;;;;;;;;;;;$,m:19:10.16.15.13.12.11,Sg:n:4,5:Z:ht|"
8456,8456,C1CN(CC1CO)C(=O)NC2=CC=CC=C2OC(F)F |$T7;;;;;;;;;U;;B7;;;Y9;M;;;;Z$|
8457,8457,"C1C[C@H]([C@@H](C1)N)CC(=O)NCC(F)F.CC |$;;;;;;Z6;;;;;;;;;R$,m:14:0.1.2.3.4|"
8458,8458,"C1=CC(=CC=C1CC(CC(=O)O)(F)F)N |$M;;B4;G8;;;;;;;;;;;L$,Sg:n:7:i:ht|"
8459,8459,"C1=C(C=C(C(=C1C#N)N)F)C(CO)N.CNC(C)(C)O |$;;;;;;;X;;;;;;;;;;;;$,m:14:0.5.4.3.2.1|"
8460,8460,"C=CC(=O)OCC(=O)OC12CC3CC(C1)C(C(C3)C2)(OC(=O)C(C(C(F)(F)F)(F)F)(F)F)OC(=O)C(C(C(F)(F)F)(F)F)(F)F.C[N+](C)(C)[O-].C[N+](C)([O-])O.CC.CN(N)C(=O)O |$;;Q;;;;B;;;;;;;;;;;;;;X;;;Z;;;;W;;;;W7;;;;;;;;G4;;;;;;;;;;;;;;;;;R;;;;;;$,m:45:10.11.12.13.14.9,m:50:10.11.17.16.18.9,m:55:12.13.15.16.17.11,m:57:14.9.18.16.15.13|"
8461,8461,"CC1=CC(=CC(=C1N)C(C)(C(F)(F)F)O)C(=O)C2=CC(=C(C(=C2)C)N)C(C)(C(F)(F)F)O.CC |$;;;;;X;;;B;;;;;;L6;;;;;;;;;;;;;;;;;;;R$,m:32:1.6.5.4.3.2|"
8462,8462,"C1CCC(=NOS(=O)(=O)C(F)(F)F)CC1.CC |$;;;;;;;;;;;;;;;;Y15$,m:15:0.14.13.3.2.1|"
8463,8463,C1=NN=CN1CC(C(F)(F)F)O |$;;;;;;;;;;W8;$|
8464,8464,CC(=O)CC1=C(C(=C(C=C1)O)F)O |$;;L3;;;E7;;;;;;;$|
8465,8465,"CC(C)C1=C(C(=CC(=C1)C2(CCCC2)N=C=O)Cl)F.CNNC(C)=S.COP |$;B;;;X;;;;;;;;;;;;;;;;;;;;;;;$,m:19:3.8.7.6.5.4,m:25:10.9.13.12.11|"
8466,8466,"CC(CO)NC(=O)C1=C(N=CC=C1)NC2=CC=CC(=C2)C(F)(F)F.COC(=O)N(C)O |$;;;Y8;;;;;;;;;D;;;;;;;;;;;;;;;;;;$,m:24:15.16.17.18.19.14|"
8467,8467,CC1=CC(=CC(=N1)C=O)C(F)F |$;;Y;;;;;;;;;$|
8468,8468,CC1=CC(=N)N(C=C1)C(C)(C)C(=C)F |$;;;;;;;L;;;;;;$|
8469,8469,C[C@@H](C/C=C(\C=C\F)/OC)F |$;;;;;;;X;V7;;$|
8470,8470,"C1CC(C1)(C2=C(C(=CC(=C2)F)Br)OCC3CC3)C(=O)O.CN=C(NN)SC |$;L2;;G;;;;;;;;;;;;K;;;;;;;;;;;$,m:20:0.3.2.1,Sg:n:14:u:ht,Sg:n:6:L:ht|"
8471,8471,"COCCCOC1=C(C=C(C=C1)F)CBr |$;;;;;;Z1;;;;;;;;$,Sg:n:3:M:ht|"
8472,8472,CC1(COC1)CO/C(=C(/C(F)(F)F)\F)/F |$;Q;;;T3;;;;;;;D4;;;$|
8473,8473,"COC1=C(C(=CC(=C1)[C@@H]2CCNC2)F)F.CC |$;;;;;;;;;;;;;;;;Z9$,m:15:2.7.6.5.4.3,Sg:n:2:m:ht|"
8474,8474,CCOC(=O)C(C)CNC1=C(C=C(C=C1F)F)F |$;;;;M;;;;;;;;;;;;;$|
8475,8475,"CC(C)(CCCl)CNCC(F)F |$B4;;;;;;;;;;;$,Sg:n:3,4:y:ht|"
8476,8476,"C1C2CN(CC1OC2)C(=O)C(F)F.CC.CC |$;;;;;;K;;;;;;;;M;;X0$,m:13:0.1.7.6.5,m:15:2.3.4.5.0.1,Sg:n:0:c:ht|"
8477,8477,"C[C@@H]1[C@@H]([C@@H](CN1C(C)(C)C)F)OC.CC |$;;;;;;;;;;;;;;L76$,m:13:1.2.3.4.5|"
8478,8478,"CC(C(=O)NC1=CC=CC=C1F)SC2=NC(=C3C=CSC3=N2)N.CC.CC |$;;;;;;;;;;;;;;;;;;U;;;J;Q;;V5;;L$,m:23:6.7.8.9.10.5,m:25:14.15.16.20.21.13,Sg:n:17:g:ht|"
8479,8479,CCN(CC1=CC=C(C=C1)C(F)(F)F)C(=O)C |$V;;;;;;;;;;;;;;;;D9$|
8480,8480,"CC1=C(N=C(S1)N=[N+]=[N-])CCF |$;;;;;;G0;;;;;$,Sg:n:9,10:t:ht|"
8481,8481,"CCOC(N1C=C(C(=O)NC1=O)F)O.CC |$;;;;;;E;Q0;;;;V6;;;;V1$,m:14:4.10.9.7.6.5|"
8482,8482,"CCC1=NN(C=C1NC2=C(C=C(C=C2)[N+](=O)[O-])F)C.CN=C(C)N(C)N.CC=NN(C)NC |$;;;;;;T;;;Q;;;;;;;;;;;;;;;;;;;;;;;$,m:19:2.3.4.5.6,m:26:9.10.11.12.13.8|"
8483,8483,"CC1=NN(C2=C1NC(=S)N2C3=C(C=C(C=C3)F)F)C.CC.CC |$;;;;T;;;;;;;;;;;;;;;;R;;A9$,m:19:1.2.3.4.5,m:21:11.12.13.14.15.10|"
8484,8484,CCNC(CCOCC(F)F)CC=C |$;;;;X;;;;;;;;;$|
8485,8485,C1=CC(=C(C=C1Cl)C=CC(=O)O)OC(F)(F)F |$;;;;;;;Y;;;;;;;;;$|
8486,8486,"C1=CC(=C(C(=C1)C(F)(F)F)F)C(=O)C2=CSC=C2Br.COP(O)(O)=S |$;;;;;;;;;;;;;;;;;;;;;;;;$,m:19:0.5.4.3.2.1|"
8487,8487,"CSCS(=O)(=O)OC1CCNCC1(F)F.CN=C(SC)N(C)NC |$;;B7;L6;;;;;;;;;;;;;;;;;;;;$,m:15:7.12.11.10.9.8|"
8488,8488,"C(CSC(C(F)(F)F)SN=[N+]=[N-])F |$;;;;;;;;;K3;;;$,Sg:n:1,0:V:ht|"
8489,8489,"CCC(C)/C(=N\O)/C1=CC=C(C=C1)C(F)(F)F.CC(=O)NC=N |$;;;V3;;;;;;;;;;;;;;;;;;;$,m:17:7.12.11.10.9.8|"
8490,8490,CC1=CC(=CN=C1C)C2=CC(=NC=C2)F |$;;;;A0;;;;;;;;;;$|
8491,8491,"C1=CC2=C(C=CN2CC#N)C=C1F.CN=S |$U;;;;;U6;;;;;;W;;;;$,m:13:0.11.10.3.2.1|"
8492,8492,CNC1=NN=C(S1)C2=C(C=CC(=C2)F)Cl |$;;Y9;;;;;;;;;;;;Z$|
8493,8493,CC1=CC=CC=C1/C=C(\CO)/F |$E;;;;;;;;Z3;;;$|
8494,8494,C=C(CC1=CC=C(C=C1)C=S)F |$;;;;M;;;;;;W2;E$|
8495,8495,"C1=CC=C(C=C1)S(=O)(=O)N(CC(=O)O)C2=CC(=C(C=C2)F)F.CN(C)N=[N+]=[N-] |$;;;;Y;;T;;;;;;;;;;;;;;;;;;;;;$,m:22:0.5.4.3.2.1|"
8496,8496,CC1(C(CCCC1(N=[N+]=[N-])F)F)F |$;;D8;;;;;;;;;;$|
8497,8497,"C1C(=O)NC2=C(O1)C(=C(C=C2)F)F.CC |$;;;;;;;G;;;;;;;R$,m:13:7.8.9.10.4.5|"
8498,8498,"CC1=CC(=C(C(=C1)C(F)(F)F)C)C(C)C.C=NNC(C)=NC |$K8;;U0;;;;;;;;;;;;;;;;;;;$,m:15:1.6.5.4.3.2|"
8499,8499,"B(=C)C1=CC=C(S1)C(=O)C(F)(F)F.CC |$;L8;;;;;;;;;;;T4;;W18$,m:13:2.3.4.5.6|"
8500,8500,"CCN(CCC(C)C)C(=O)C1=CC=CC=C1C(F)(F)F.CC |$;;;;;;;;;;;;;;;;;;;;;R1$,m:20:10.15.14.13.12.11,Sg:n:3,4:F:ht|"
8501,8501,CC(C)(C)[S@@](=O)N=CC1=C(C(=CC=C1)F)F |$;;;;;;;;B3;;;;;;;$|
8502,8502,"C1CC2=C([C@@H]1N)C=C(C=C2)C(F)(F)F |$;;;;;;;K;;B1;;K3;Q;$,Sg:n:9:G:ht|"
8503,8503,"CC1=C2C(=C(C=C1)F)C(=C(N2)C)CCl.CN=CC=NC |$;;;;;;;;;;;;;L;;;;;;$,m:14:1.6.5.4.3.2|"
8504,8504,"CCC1C(=O)N(C(C(=O)N1)(C)C2=CC=CC=C2)CCF |$;;;;;;;;;;;B;;;;;;;;$,Sg:n:17,18:S:ht|"
8505,8505,"CC1=CN(C=N1)C2=CC(=CC(=C2)C(F)(F)F)C#N.CC.CNP(C)(=O)O |$;;;;;;;A;;;;;;;;;;;;R;;;;;;$,m:18:1.2.3.4.5,m:20:7.8.9.10.11.6|"
8506,8506,"CCOC(=O)C1=C(N=C(C=C1)[N+](=O)[O-])C(F)(F)F.CC |$;;;;;;;;;;Q;;;B;;;;X8;;E$,m:18:5.10.9.8.7.6|"
8507,8507,"CC1=CC(=C(C=C1OC)C)C(=O)C(F)F.CC |$;;;;U7;;;W8;;;;;;;;;G$,m:15:1.6.5.4.3.2|"
8508,8508,"CCCNC1=CC=C(C=C1)SC(F)(F)F.CN=C(NN)SC |$;;;;;;;;;;;;;;;;;;;;;$,m:15:4.9.8.7.6.5,Sg:n:9:D:ht,Sg:n:1,2:v:ht|"
8509,8509,"C1C(=O)CC1(C#N)C2=C(C=CC=N2)C(F)(F)F |$;;Q;M;;;;;;;;;;;;;A5$,Sg:n:10:K:ht,Sg:n:2:v:ht|"
8510,8510,CC1=CC(=CC=C1)OC(C(=O)O)F |$;;;;;;;;;;;;E7$|
8511,8511,"CC(C)(C)C1CCC(CN1C)F.CP(N)(=O)O |$;X;;;;;;;;;;;;;;;$,m:12:4.9.8.7.6.5|"
8512,8512,"CC1(CCCC(C1)ON=[N+]=[N-])F.CO |$;;;;;;;;A;;L;A;;$,m:12:1.6.5.4.3.2|"
8513,8513,"CCC(C)(C)C1=C(N=C(C=C1C(C)C)F)C(C)C.CC |$;;;;;;;;;;;;;;;L7;J;;;R$,m:18:5.10.9.8.7.6|"
8514,8514,"C1=CC(=CC=C1SC[C@@H](C(F)(F)F)O)Br |$;;;Z8;;;;;;U7;;;;;$,Sg:n:0:V:ht|"
8515,8515,"CC1(CC1)NCCCF.C[N+](=O)[S-] |$;;;;;;;;;;;;$,m:9:1.2.3,Sg:n:5,6:o:ht|"
8516,8516,"CCCC(C1=CC(=C(C=C1)F)Cl)N=[N+]=[N-].CC |$;;;;;;;;;;;;;;;;L$,m:15:4.9.8.7.6.5,Sg:n:1,2:G:ht|"
8517,8517,"C1CC(CC1N)(CC2=CC=NC=C2)F.CN=C(SC)N(C)N |$;;;Q9;;;;;;;;;;J;;;;;;;;$,m:14:0.1.2.3.4,Sg:n:13:Q:ht,Sg:n:13:k:ht|"
8518,8518,"CN1[C@@H]([C@@H](CCC1=O)C(=O)NCC(=O)O)C2=CC=C(C=C2)C(F)(F)F.CNN=CN(C)C |$;;;;D3;D;;;;;;;;;;;;;;;V4;;;;M6;;;;;;;$,m:25:1.6.5.4.3.2,Sg:n:22:F:ht|"
8519,8519,C1COC(O1)C2=C(C=C(C=C2)Cl)C(F)(F)F |$;U3;;;;;;;;W7;;;;W7;;$|
8520,8520,"C#CCCC(C1=CC(=C(C=C1)F)Br)O |$K1;;;;;X;;;;;;E;D9;$,Sg:n:2,3:L:ht|"
8521,8521,C(F)(F)(F)S(=O)(=O)[N-]S(=O)(=O)C(F)(F)F |$;;;M7;;;T5;;;;;;;;K0$|
8522,8522,"C1=C(C(=CC2=C1NC=N2)C(F)(F)F)CO.CC.CC |$;;;;;;W;;;;;;D7;;;;U;;K$,m:15:0.5.4.3.2.1,m:17:6.5.4.8.7|"
8523,8523,"CC1=C(C=C(C=C1)CCCN2CCCC2)F.CN=C(SC)SN |$;;;;B;;;;;;Y;;;;;;;;;;;;$,m:16:1.6.5.4.3.2,Sg:n:2:O:ht,Sg:n:7,8:a:ht|"
8524,8524,"CC1=CN(C2=C1C=C(C=C2)F)C(C)C.CC(=S)SN(C)C.CC |$M4;;;;;;;;;;;;;;;;;;;;;;R$,m:14:1.2.3.4.5,m:21:6.7.8.9.4.5|"
8525,8525,"CC(=C)N1CC2=C(C1)C(=CC=C2)F.CC |$;;;;T;;J2;;;;;;;;L$,m:13:3.4.5.6.7|"
8526,8526,"CC(CNCCCC(F)(F)F)(CSC)O |$;;;;;;;;;;;K8;;;$,Sg:n:11:f:ht,Sg:n:0:L:ht,Sg:n:5,6:Q:ht|"
8527,8527,C(C(=O)C(C(=O)C(O)(F)F)(F)F)(F)F |$;;;;A1;;;;;;A0;E1;;$|
8528,8528,"CCCNC1=CC(=C(C=C1)OC)F |$;;;;;;;;;;;;$,Sg:n:1,2:R:ht|"
8529,8529,"C1CCC(C1)(C2=CC=C(C=C2)F)C(=NC3C4CC5CC3CC(C5)(C4)C(=O)N)NC#N.CC.CC.CC.CC |$E2;K3;;;;;;;;;;;;;;;;;;;;J7;U5;;B6;;Y;;;;;Z;;M2;;Z6;;R9$,m:30:6.7.8.9.10.5,m:32:16.17.18.19.14.15,m:34:16.17.22.21.23.15,m:36:18.19.20.21.22.17,Sg:n:13:U:ht|"
8530,8530,CC1=C(C2=CC(=C(C=C2N1)Cl)F)C(C)N |$;;;K;;;;;;;;;;;$|
8531,8531,"CCCCOC1=CNC(=C1)C(F)(F)F.CC=NN=N |$;;;;;;;T4;;;Y0;;;K2;;;;;$,m:14:5.6.7.8.9|"
8532,8532,"CN(C1=CC(=CC=C1)F)C2=NN=C(O2)CCCl.CC |$;;;;;;;;;;;;;;;;;;U02$,m:17:10.9.13.12.11,Sg:n:14,15:G:ht|"
8533,8533,"COC1=C(C(=C(C=C1)CC#N)O)F.CC |$;;;;;;;;;;;V6;;;J7$,m:13:2.7.6.5.4.3|"
8534,8534,"C1COCC(N1)C=CC2=CC=CC=C2F |$;;;;;;;;;;;;X;;$,Sg:n:1:e:ht|"
8535,8535,C1=CC(=CC(=C1)F)C2=C(C(=S)C2=S)S |$;;;;;;J1;;;;U;;;$|
8536,8536,"CC(C)C(=O)N1CCN(CC1)C(=O)C2=C(C(=CC=C2)OC)OC(F)F.CN=C(C)NNC |$;E;;;;K;;;;;;;;;;;;;;;;;;;;;;;;;;$,m:25:14.15.16.17.18.13|"
8537,8537,COC1=C(C=C(C=C1)Cl)C(C2=CN=C(S2)C(F)(F)F)N |$;;;;;;;;;Y;;;;;;;T;;;$|
8538,8538,"C1=CC(=CC(=C1)F)C2=C(ON=C2N)C3=CC(=C(C=C3)I)Cl.CC |$;;;;;;;;E;;;;;;;;;;;;;;J$,m:21:14.15.16.17.18.13|"
8539,8539,"C1=CC=C(C(=C1)C2=C(C=CC=C2F)O)O.CC(C)=NC(=O)N(C)C |$;;;;;;;;;;;;;;;;;;;;;;;$,m:15:7.8.9.10.11.6|"
8540,8540,"CCCC(CC)OCC(C(F)(F)F)(F)F |$;;;;;;;;;;;;;;$,Sg:n:1,2:n:ht|"
8541,8541,"CC1=NC=CC(=C1)C2=CC(=C(C=C2)F)Cl.CC.CCl |$;U3;;;J;;;;;;;;;;;;R9;;$,m:15:1.6.5.4.3.2,m:17:8.9.10.11.12.7|"
8542,8542,CC(C)(C)OC(=O)/C(=C(/CF)\F)/F |$;;;Z3;;;;;;;;L;$|
8543,8543,"COC1=NC=C(C(=C1Br)N)C(F)F.COOOC |$;Q;;;;;;B9;;;;;;;;;;$,m:13:2.7.6.5.4.3|"
8544,8544,"C1COCC1C(C2=C(C=CC=C2Br)F)O.CN(C)C(N)=S |$;;;;;;;;V5;;U2;;;Y5;T;;;;;;$,m:15:0.1.2.3.4,Sg:n:9:o:ht|"
8545,8545,"C1CSCC2=C([C@@H]1O)C=C(C=C2F)Br.CNC(=O)C(C)=O.CN(C)P(C)(C)=O |$;;V;;;;;;;Z;;A;;;;;;;;;;;;;;;;$,m:14:0.1.2.3.4.5.6,m:21:8.9.10.11.4.5,Sg:n:8:n:ht|"
8546,8546,"C1=NNC(=C1C(F)(F)F)C(=O)NN=[N+]=[N-].CC(C)=NC=O |$;;;;;;;;;;;;;;;;;;;;$,m:15:0.1.2.3.4|"
8547,8547,"C(COCON=[N+]=[N-])CF |$;;;;;;;;;$,Sg:n:1,0,8:H:ht|"
8548,8548,"C1=C(C=C(C(=C1N)OC(F)(F)F)Cl)CCl |$;;;;;;;;Z3;;;;L8;;$,Sg:n:0:P:ht|"
8549,8549,"CCCNCC1=CC(=CC=C1)SC(F)F |$;;;;;;;;;;;;;;$,Sg:n:1,2:L:ht|"
8550,8550,CCOC1=C(C=C(C=N1)C)C(F)(F)F |$;;;;;Q4;B1;;;M;;;;$|
8551,8551,CCOC(=O)CC1=C(C=CC(=C1Br)F)Br |$;;;;;;;;;;;;;D9;$|
8552,8552,"CCC1CCC(C(C1)C2=C(C=C(C=C2F)C)C)CNCC.CC.CN=C(N(C)C)N(C)NC |$;;;;;;;;;M3;;;;;;;;;;;;;W;;;;;;;;;;$,m:21:2.7.6.5.4.3,m:23:9.10.11.12.13.8,Sg:n:0:Q:ht,Sg:n:11:t:ht|"
8553,8553,"C1CN(CC(C1F)F)N=[N+]=[N-] |$;Z;;;V;;;J5;;D4;$,Sg:n:8:N:ht|"
8554,8554,"CC1CC(C1)(CN)SC2=CC=CC=C2F.CC |$;M;;;;;;;;;;;;;;;R23$,m:15:9.10.11.12.13.8,Sg:n:3:J:ht|"
8555,8555,"C1CN(CCC1O)CC2=CC=CC=C2C(F)(F)F |$;;;;T3;;;;;J3;;;;;;;;T9$,Sg:n:6:W:ht|"
8556,8556,"C1=CC(=C(C=C1F)CCN)OCC(=O)N |$;;;;;J;;;;;;;;K;$,Sg:n:8:J:ht,Sg:n:12:i:ht|"
8557,8557,C[C@H]1CN(CCN1)S(=O)(=O)C2=C(C=CC(=C2)C)F |$;;;Z0;;;;;A;;;;;;E5;;;$|
8558,8558,"C1=CC(=C(C=C1F)F)SCC(CO)N.CNB(C)OC |$;;;G;;;;;;;;;;;;;;;;$,m:14:0.5.4.3.2.1|"
8559,8559,"CCC1=CC=C(C=C1)CC2CCCCC#CC2(F)F.CNPC.CC |$K;;;;;;;;;A;;;;;;;;;;;;;;;R$,m:19:2.7.6.5.4.3,m:23:10.11.12.13.14.15.16.9|"
8560,8560,"COC1=C(C=C(C(=C1)CC2CCCCN2)F)O.CC |$;;;;;;;;;;;D4;;;;;;;R44$,m:17:2.7.6.5.4.3,Sg:n:2:a:ht|"
8561,8561,"C1CC(COC1)NC(=O)C(F)F.CN=CNOC |$;;;;;;;;;;;;;;;;;$,m:12:0.5.4.3.2.1|"
8562,8562,"CCC(C1=NC=CN1)NC2=C(C=C(C=N2)C(F)(F)F)Cl.CPN(C)C.CN=NC(=O)N(C)C |$;;V6;;;;;;;;;;;;Q;M;;;;;;;;;;;;;;;;;$,m:20:4.3.7.6.5,m:25:10.11.12.13.14.9|"
8563,8563,"CC(CCCN(C)CC(F)F)(CN)O |$;;;;;;T;;;;;;;$,Sg:n:1:F:ht|"
8564,8564,"CC1=C(C(=NO1)C2=C(C=CC=C2Cl)F)C(=O)NC3=CC=CC(=C3)C(=O)OC.CC |$T9;;;;;;A9;Q2;;;;;;;;;;;;;;;U;;;Q7;M;;J$,m:27:18.19.20.21.22.17|"
8565,8565,CC(=O)O[C@@H](CC(F)(F)F)C#N |$;;;;;;U;;;;;$|
8566,8566,"CC1=C(OC(=N1)C(F)(F)F)C2CCCN2.CC |$;;;;;;;;;;;Y;;;;;A4$,m:15:1.2.3.4.5|"
8567,8567,"CC(C)(C)CCCC(C)(F)F |$;;B;;;;;;;;$,Sg:n:4,5,6:V:ht|"
8568,8568,C[C@H](C1=CC(=C(C=C1)OC(C)C(F)(F)F)Cl)N |$;;;;;;;J;;;;A8;;;;;$|
8569,8569,"CC1=C(C=C(C=C1F)C2(CC2)C(=O)O)C(=O)O.CC |$;;;;;X;Y;;;;;;;;;;;;K$,m:17:9.8.10|"
8570,8570,"C1[C@@H](CN([C@H]1C2=CC(=CC=C2)F)CCN3C=CC=N3)O.CC.CN=CN(C)O |$;;;;;;;;;;L;;;B9;;;;;;;;V71;;;;;;$,m:20:0.1.2.3.4,m:22:15.14.18.17.16,Sg:n:12,13:W:ht|"
8571,8571,CC1CCC(CC1)C2CCC(C=CC2)F |$;;;;;Z;;U;;;;;;;U2$|
8572,8572,"C1C([C@@H]2[C@H](O1)C(=O)CO2)OC3=C(C=CC(=C3)F)[N+](=O)[O-].CC |$;;;;;;;;;;;;;;;;;;K;;;R5$,m:20:0.1.2.3.4|"
8573,8573,"CCC1=NOC(=C1C2=CC=C(C=C2)F)N.CNC(C)=NO.CN(S)C(N)=O |$;;T;;;;L6;;;X4;;;;Z7;;;;;;;;;;;;;$,m:15:2.3.4.5.6,m:21:8.9.10.11.12.7|"
8574,8574,"CN1C(=NN=N1)CC(=O)NC2=CC=CC=C2F.CC.COP(C)(=S)N(C)C |$;;;;;;;;;;;;;;;;J;;R00;;;;;;;;$,m:17:1.2.3.4.5,m:19:11.12.13.14.15.10|"
8575,8575,"C1CCC(CC1)NS(=O)(=O)C2=C(C=CC(=C2)S(=O)(=O)C3=CC=CC=C3)C(F)(F)F.CC(=N)N(C)C.CC.CC |$X;;;;;;;;;;;;;;;;;T;;E;B4;;;;;X;;;;;;;;;;;R;;R43$,m:29:0.5.4.3.2.1,m:35:11.12.13.14.15.10,m:37:20.21.22.23.24.19|"
8576,8576,"CC(=O)OCCC(CCO)(CF)O |$;Z;;;;;;;;M1;Q;;$,Sg:n:7,8:M:ht|"
8577,8577,"CNC1CCN(C1)CC(C(F)F)(F)F.CSC#N |$;J1;D1;;;;W8;;;;;;;;;;;$,m:14:2.3.4.5.6,Sg:n:2:V:ht|"
8578,8578,"CCC1(CC1)CNCCOC(F)(F)F.CC |$;;;D;;;;;B;;Q4;B;;;;R92$,m:14:2.3.4,Sg:n:10:m:ht,Sg:n:7,8:V:ht|"
8579,8579,"CC1=CSC=C1C(C2=CC=CC=C2F)N.CC.CN(C)S(=O)(=O)O |$;;;;;B1;;;;K;;;;;Q3;;R23;;;;;;;$,m:15:1.2.3.4.5,m:17:8.9.10.11.12.7|"
8580,8580,"CC(/C(=C/C1CCCC1)/C=C)(F)F.CN=NS(C)(=O)=O |$A9;;T9;;;;;;;;;;;;;;;;;$,m:13:4.5.6.7.8|"
8581,8581,"CC1=C(C(=C(C=C1)C(=O)C2=CC=C(C=C2)N)F)F.CO |$;;Q;;;;;;;;;;;;;;;;;$,m:18:1.6.5.4.3.2|"
8582,8582,CCC(CNC1=C(C=C(C=C1)F)C#N)N |$;;;;;;;;;;X9;K;;;$|
8583,8583,"C1=CC(=CC=C1/C=C(\C#N)/C(F)(F)F)Cl.CC=[NH2+] |$;;;;;;;;;;;;;;;;;$,m:15:0.5.4.3.2.1|"
8584,8584,"C1=CC(=C(C(=C1C2=NNC(=O)N2)Br)F)F.CC(=O)C(=O)N(C)C |$;J6;V;;;;;;;;;;;;;;;;;;;;$,m:15:0.5.4.3.2.1|"
8585,8585,"CC1=C(C=C(N=C1OC(F)(F)F)CBr)[N+](=O)[O-].CC |$;;;A8;W1;;;;;;;;;;;;;;R23$,m:17:1.6.5.4.3.2|"
8586,8586,CCOC1=C(C=C(C=C1)CN(C)C(=O)CC(=O)C)F |$;;;;;;;;;;;;;;;W;;;$|
8587,8587,"CN1C=CC(=N1)NC(=O)C(F)(F)F.COOSC |$;;;;;;;;;G3;;V9;;;;;;$,m:13:1.2.3.4.5|"
8588,8588,C/C(=C/C=C(\C=C)/F)/CF |$;K;;;;Z0;;;;$|
8589,8589,"CC1=C(C=C(C=C1)OC2=C(C=C(C=N2)C(=O)O)N)F.CC(=N)N(C)C(C)=O |$;;;;;;;;;;;;;;;;;;;;;;;;;;$,m:19:9.10.11.12.13.8|"
8590,8590,"CC(C#N)N1CCN(CC1)C(=O)C(F)F |$;;;E4;;;;;;;;;;Q;$,Sg:n:14:h:ht|"
8591,8591,"C1=CC(=C(C=C1NC(=O)C2=C(OC=C2)Br)C(F)(F)F)N.COP(C)(=S)OC |$;;;;;;;;M4;;;;;;;;;;;;;;;;;;$,m:20:10.9.13.12.11,Sg:n:16:x:ht|"
8592,8592,"CN(CCOC)C1=C(C=C(CC1)N)F.COS(=O)O |$L7;;;;;U9;;;;;;;;;;;;;$,m:14:6.11.10.9.8.7,Sg:n:8:m:ht|"
8593,8593,"C1C[C@H](NC1)C(C2=CC(=CC(=C2)F)F)O.CC.CC |$;;Y6;T5;;;;;;;;;;;;;J;;X$,m:15:0.1.2.3.4,m:17:7.8.9.10.11.6|"
8594,8594,"B1(OC(C(O1)(C)C)(C)C)C2=C(C=C(C=C2F)[N+](=O)[O-])F.CC(C)=[N+]=[N-] |$;;;;;;;;;B;;J4;;;;;;;;;;;;;$,m:20:1.0.4.3.2|"
8595,8595,C1C(C(CO1)O)NC2=C(C=C(C=C2)F)Br |$;;;;;;;;;;;J;;;$|
8596,8596,"CCN1C2=CC(=C(C=C2C(=O)NC1=O)F)N3CCCC3.CC(=S)C(C)N |$;;;;;;;;;;;;;;;;;B;;K1;;;;;;$,m:20:4.5.6.7.8.3,Sg:n:2:U:ht|"
8597,8597,"CN(CCC(F)(F)F)CC(=O)C1CCCCC1 |$;;;;;;;Y;;;X3;;;Q;;;$,Sg:n:7:Y:ht,Sg:n:4:W:ht|"
8598,8598,"COC(=O)C1=CC(=C(C=C1I)F)N.CN=C(C)N(C)C=N |$;;;;;;;;;;;;;;;;;;;;$,m:13:4.9.8.7.6.5|"
8599,8599,"C1NC(C(O1)C(=O)O)C2=CC=C(C=C2)F.CN=C(NN(C)C)OC |$;;;;;;;;;X;;G9;;;;;;;;;;;;$,m:15:9.10.11.12.13.8|"
8600,8600,"C1=CC(=NC=C1Br)N(CCBr)CC(F)F |$D6;;;;;;;;;;;;;;$,Sg:n:8,9:J:ht|"
8601,8601,"CC1=CC(=C(C(=C1)C(=O)OC(C)(C)C)NC(=O)C(F)(F)F)C |$;;;;;;;;;;;;;J;;;;;;;;$,Sg:n:16:f:ht|"
8602,8602,"C[C@@H](C1=CC=CC=C1)NCC2=C(C=CC(=C2)F)F.CN=C(N(C)C)N(C)C |$;;;;;;;;;Y5;;;;K;;;;;;;;;;;;;$,m:18:3.4.5.6.7.2|"
8603,8603,"C1C(CC1O)C(=O)OC2=CC=CC=C2F.CC=NNC(N)=O |$;;;Q;;;;;;;;;;;;;;;;;;$,m:15:9.10.11.12.13.8,Sg:n:0:L:ht|"
8604,8604,"C1=CC(=CN=C1)C=N/N=C/2\NC(=O)C(S2)CC3=CC=C(C=C3)SC(F)F.CC.CC |$;J9;;;U7;;;;;;;;;;;;L;;;;;;;;;;;R74;;Z$,m:26:0.5.4.3.2.1,m:28:10.9.14.13.11|"
8605,8605,"C1=CC=C(C=C1)SCCNCC(F)F |$;;;;;;;;;;;;;$,Sg:n:1:D:ht,Sg:n:3:K:ht,Sg:n:7,8:Y:ht|"
8606,8606,"CC1=C(C=C(C=C1)F)OCC2=C(C=CC(=C2)C(=O)N)F.CC |$;;;;E;;K1;;;;;;;;;;;;D;;;R79$,m:20:1.6.5.4.3.2,Sg:n:1:C:ht|"
8607,8607,"CC1CCC2CC(C(C(C2C1F)F)C)C |$;;W3;;X;;;;;;;D7;;;$,Sg:n:3:v:ht|"
8608,8608,"CCN(CC)[Si](C)(C1=CC=C(C=C1)C(F)(F)F)C2=CC=C(C=C2)C(F)(F)F.CN=C(SC)N(C)OC |$D4;;W5;;L9;;;;U;B5;;;;;;;;;;;;;;;;;;;;;;;;;;$,m:27:8.9.10.11.12.7|"
8609,8609,"C1=CC(=CC=C1OC2=NC=NC=C2N=[N+]=[N-])F.CN=CC=NC.C=NN(C)N=CC |$;;;;;;;;;;;;;D;;;;;;;;;;;;;;;;$,m:17:0.5.4.3.2.1,m:23:8.9.10.11.12.7|"
8610,8610,"CC(C)C1=CC(=C(C(=C1N)C2CC2)F)Cl.CC |$;;;;;;;;;W;;;;;;;R54$,m:15:11.10.12|"
8611,8611,"CCC1(CNC2=C(N1)C=CC=C2F)C.CC(S)N(C)C |$;;;;;;;;;;;;;;;;;;;$,m:14:8.9.10.11.5.6,Sg:n:5:D:ht|"
8612,8612,"C1=CC(=CC=C1CNC2=CC(=CC(=C2)N)F)Br.CC |$;;;;;Y0;;;;;;X;Y;U;;;;;T8$,m:17:9.10.11.12.13.8|"
8613,8613,"C1=C(C(=CC(=C1F)Cl)F)[C@H](CN)N.COP(N)(=O)SC |$;;;;;;;;X4;;;;;;;;;;;$,m:13:0.5.4.3.2.1|"
8614,8614,"C1CC(C1)(CN2CCN3C(=NN=C3C(F)(F)F)C2)CS |$;;M;;;;;;;;;;;;;;;;;$,Sg:n:17:b:ht|"
8615,8615,CC(=O)C1=CC=CC(=C1)C2CC(C2)(F)F |$;;;;G4;;;;;;;;;;K$|
8616,8616,CCN(CC(C)(C)O)C(=O)C1=CC(=C(C=C1)N2C=CC=C2)F |$;;;;;;B4;;;;;;Z;;;;G;;;;;$|
8617,8617,C1=CNC(=C1)C(=O)C2=C(C=CC(=C2)F)Br |$;G8;;;Z5;;;;;;;;;;E$|
8618,8618,C1=C(C=NC(=C1N)F)[C@H](C(F)(F)F)N |$;;Y;;;;;;;;D9;;;$|
8619,8619,"CN=C1N(C(=CS1)C2=CC=C(C=C2)F)C.CNC |$;;;;;;;;;;V;V9;;;;;;$,m:15:2.3.4.5.6|"
8620,8620,"C1=CC(=C(C=C1C(F)(F)F)Br)CCCO.COS(=O)O |$;;D;;;;;;;;;;A8;;;;;;;$,m:15:0.5.4.3.2.1|"
8621,8621,"COC1=C(N=C(C(=C1)C(F)F)OC(F)(F)F)CC(=O)O.CC |$;;;;;;Q1;;;;;;;;;;;;;;;R$,m:20:2.7.6.5.4.3,Sg:n:16:I:ht|"
8622,8622,"C1=CC(=C(C(=C1)F)Cl)C2C(=C(NC(=N2)C3=NC=CS3)CBr)C(=O)O.CC.CC=NOC |$;;;L;;;;T;;;;;;;;G1;;;;;;Y0;;;;T;;;;;$,m:24:0.5.4.3.2.1,m:26:9.10.11.12.13.8,Sg:n:11:X:ht|"
8623,8623,"CN1C(=CC(=N1)C(=O)N)OC(F)F.CC |$;;;;X0;;;;;;;;;;M77$,m:13:1.2.3.4.5|"
8624,8624,"CC1=C(C=CC(=C1)F)C2(CCC(C2)N)O.CC.CSC(N)=S |$;;;;;;T3;;;;;;;Y7;;;X2;;;;;$,m:15:1.6.5.4.3.2,m:17:9.8.12.11.10|"
8625,8625,"COCC[NH2+]CC(F)(F)F |$;;Q4;;;J3;;;E;$,Sg:n:1:Z:ht,Sg:n:2,3:x:ht|"
8626,8626,"CC(=C)C(=O)OC1(CCCC1)C(C(F)(F)F)(C(F)(F)F)OC(=O)C(C)(C)C |$D6;;;;;;;;;;;W;;;;;;;;L;;;;;;;$,Sg:n:17:U:ht|"
8627,8627,"C1C(C(CN1C2=NN=C(C=C2)C(F)(F)F)O)O.CN(C=O)C=O |$E;;;;;;;;;L;;;;;;;;;;;;;$,m:17:6.7.8.9.10.5|"
8628,8628,"C1=C(C(=C(N=C1C(F)F)C(=O)Cl)O)F.CNC(C)(C)SC |$B;;;;;;;;;;;;;;;;;;;;$,m:14:0.5.4.3.2.1|"
8629,8629,"CCCCC1=NC(=CC2=CC=CC=C21)F.CNC(C)=N.CC |$;;;;;;;;;;;W2;;;;;;;;;;R$,m:15:4.13.8.7.6.5,m:20:9.10.11.12.13.8,Sg:n:11:c:ht|"
8630,8630,"C1=CC(=C(C=C1F)C#N)OC(=O)N.CNN(C)N=C(C)C |$;;;Q;;;;;;;;;;;;;;;;;$,m:13:0.5.4.3.2.1|"
8631,8631,"CN1C=CN=C1C(C2=CC(=CC=C2)O)F.CC |$;;;;;;;;;;;;;;;;R3$,m:15:8.9.10.11.12.7|"
8632,8632,CC1=CC=C(C=C1)C2(CNC2)F |$;;;;;;D;;;B;L4;$|
8633,8633,CC(=C(C=[NH2+])C(=C)N1CC=C(C1)F)C |$;;K;;;;;;;;;;;$|
8634,8634,"CCC(SCCCC(C(F)(F)F)(F)F)Cl |$;;;;;;Q0;;;;;;;;$,Sg:n:7:D:ht|"
8635,8635,"C1CC1COC2=C(C=CC(=C2)C(=O)O)F.CC.CC |$;;;Q2;X5;;;;;M7;;E;;;;;J;;R5$,m:15:0.1.2,m:17:6.7.8.9.10.5|"
8636,8636,"C[C@@H](C1=C(C(=CC=C1)F)F)NO.CC |$;;;;;;;;;;;;;M$,m:12:2.7.6.5.4.3,Sg:n:2:y:ht|"
8637,8637,"CC(C)C/C=C/C(F)(F)S1(CS1)C.CC |$;;W3;;;;;;;;;L;;;G68$,m:13:9.10.11|"
8638,8638,"C1=C2C=NN(C2=C(N=C1Cl)I)C(F)F.CPSC |$;;;;;;;;;;;;;;;;;$,m:14:0.8.7.6.5.1|"
8639,8639,"C[C@@H](C1=CC=CC=C1Cl)NC(C)C(F)F.CC |$;;;;;;K;;T9;;D;Z2;;Q;;;R$,m:15:2.7.6.5.4.3|"
8640,8640,"CC1=C(C=CC=C1F)C(F)(F)P(=O)([O-])[O-].CC |$;;;B;;W0;;;;;;;X0;;;;R4$,m:15:1.6.5.4.3.2|"
8641,8641,"COC1=CC(=CC(=C1)N2CCNCC(C2)C(F)(F)F)OC.CN=C(C)C.CN=C(SC)N(C)N=C(C)C |$;;;;;;;;;;;;;;;;;;;;;;;;;;;;;;;;;;;;$,m:21:2.7.6.5.4.3,m:26:9.8.14.13.12.11.10,Sg:n:5:E:ht|"
8642,8642,"CSC1=C(C=C(C=C1)[N+](=O)[O-])F |$;;;;;;;;;;;$,Sg:n:9:o:ht|"
8643,8643,"C1CC2(CC1C(=O)C2)CCOC(=O)CF.CC |$;;;;;;;;;;;;;;;;A72$,m:15:0.1.2.3.4,Sg:n:5:c:ht|"
8644,8644,"CC1=CC(=NC(=N1)OC2=C(C=CC(=C2F)C3=NC=CN=C3)C4CCC4)C.CP(C)(=O)O.CSC(C)(C)N(C)C.CN=C(C)N(C)C=O |$;;;;;;;T;;;;;;;;;;;;;;;;;;;;;;;;;;;;;;;;;;;;;;;$,m:26:10.11.12.13.8.9,m:31:16.17.18.19.20.15,m:39:22.23.24.21|"
8645,8645,"CC1CC(CN1C)(CN)NCC(F)F.CC |$;;;;;;;;;;L;;;;;G01$,m:14:1.2.3.4.5|"
8646,8646,"CC1=CC(=C(C=C1Cl)Cl)N2C(=O)C=C(N3C2=NCC3)F.CNOO.CON(C)N.CC |$;;L;;;;;;;;;;;;;;;;;;;;;;;;;;;;A$,m:20:1.6.5.4.3.2,m:24:10.12.13.14.15.9,m:29:16.15.14.18.17|"
8647,8647,"CCCCCC(C)NC1=C(C=CC=C1Cl)C(F)(F)F |$;;;;;;;;;;;;;;Q;;;;$,Sg:n:9:I:ht|"
8648,8648,"C=CCCCC1=CC=CC=C1C(F)(F)F |$;;;;T;;;;;;Z;;;;$,Sg:n:2,3:A:ht|"
8649,8649,C(C(OC(C(C(F)(F)F)(F)F)(F)F)F)F |$;;;;;;;M;;;;;;;$|
8650,8650,"C1=CC2=C(C=C1F)C(=O)C=C(N2)N.CC(=N)ON(C)C.CC |$;;;;;;;;;;;J;;;;;;;;;;G$,m:13:0.5.4.3.2.1,m:20:7.9.10.11.2.3|"
8651,8651,"CC(CCO)(CN)C1=C(C=C(C=C1)F)Cl.CN(C)N(C)N=O |$J;;;;;;;;;;;;;;;;;;;;;$,m:15:7.12.11.10.9.8|"
8652,8652,"C1=CC=C(C(=C1)C2=NC=C(O2)CBr)F.CSC(=O)C(C)O |$;;;;;K;;;;;;;;;;;;;;;$,m:14:0.5.4.3.2.1|"
8653,8653,"CN1C(=O)/C(=C\C2=CC=CC=C2OC)/SC1=NC3=CC=CC=C3F.CNNN.CC |$;M0;;;;;;;;;E;;;;;;;;;B0;;;;;;;;;;R8$,m:24:1.2.4.14.15,m:28:7.8.9.10.11.6|"
8654,8654,"C1=CC(=CC=C1F)S(=O)(=O)NCCC#N.CC |$;;;V;U8;;;;;W7;;;;;;;J21$,m:15:0.5.4.3.2.1,Sg:n:11,12:V:ht|"
8655,8655,"C1[C@H](CN[C@@H]1C2=NC=CN2)F.CC |$;;;;;;X7;J2;;;;;R$,m:11:0.1.2.3.4,Sg:n:7:K:ht,Sg:n:9:q:ht|"
8656,8656,"COC(=O)CC1=C(C=CC(=C1F)Br)Br.CC |$;;;;;L9;;;;;;;;W;;X24$,m:14:5.10.9.8.7.6|"
8657,8657,"C1CNC2=C(C=CC(=C2)C(F)F)OC1.CC |$;;Z;;;Z7;;;;L4;;;;;;R69$,m:14:5.6.7.8.3.4,Sg:n:3:i:ht|"
8658,8658,"C1=C(N(N=C1C(F)F)CCN)C(F)F |$;;E;M;;;;;;;;;;$,Sg:n:8,9:l:ht|"
8659,8659,"C[C@]12CCC(=O)N1[C@@H](CS2)C(=O)NC3=C(C=CC(=C3)C(F)(F)F)N4CCCCC4.CC |$;;;;;;;;;;;;;;;;;;;;;;;;;;;;;;R56$,m:29:24.25.26.27.28.23,Sg:n:9:k:ht,Sg:n:14:j:ht|"
8660,8660,CNCC1=CN=CN1CC(C(F)F)(F)F |$L7;;;;;;;;;;;J3;;;V5$|
8661,8661,"CN1CCC2=C(C1)C=CC(=C2)F.CC |$;;;;V5;;;;;;;;;W53$,m:12:1.6.5.4.3.2|"
8662,8662,"CC(C)(C)NC(=O)COC1=C(C=CC=C1F)CCN |$;;;;;;;;;;;;;;L4;;;;$,Sg:n:16,17:C:ht|"
8663,8663,"CCC(C#C)NC1=C(C=C(C=C1Cl)F)Cl.CC |$;;;;;;;;;;;;;;;;R$,m:15:6.11.10.9.8.7,Sg:n:10:r:ht|"
8664,8664,"CC(C1=CC2=C(C=C1)N(C(=C2)C(F)(F)F)CC3=CC=CC=C3)N.COOS.COOS |$;;;;;;;;U9;;;;;;;;;;;;;J;;;;;;;;;$,m:23:2.7.6.5.4.3,m:27:9.8.5.4.10|"
8665,8665,"C[C@@H]1C=C(CN1C)OS(=O)(=O)C(F)(F)F.CC |$;;;;;;;;G;;;;;;;;R$,m:15:1.2.3.4.5|"
8666,8666,"CC(C)CC(=O)NC1=CC(=C(C=C1)N(C)C)CN(CC2=CC(=CC=C2)F)C(=O)C3=CC=C(C=C3)F.CC.CC=NC(=NC)SC |$;;;;;;;;;;;;;;;;;;;X;;;;;;U8;;;;;;;;;;;E55;;;;;;;;$,m:35:7.12.11.10.9.8,m:37:29.30.31.32.33.28|"
8667,8667,"CCN(CC1=CC=C(C=C1)OC)C(=O)CCC2=CC(=CC=C2)F.CC.CC |$;;;;G;;;;;;;;;W4;;;;;;;;;;;R06;;G$,m:23:5.6.7.8.9.4,m:25:17.18.19.20.21.16,Sg:n:14,15:l:ht|"
8668,8668,"CN1CCC(CC1)C2=NC=C(O2)C3=CC=C(C=C3)F.CC |$;;;;;;;;;;;M;;;;;;;;;L$,m:19:8.7.11.10.9,Sg:n:12:W:ht|"
8669,8669,"C[C@]1(CN2C(=CN=C2O1)[N+](=O)[O-])COC3=CC=C(C=C3)N4CCC(CC4)OC5=CC=C(C=C5)OC(F)(F)F.CC |$;;;;A3;;;;;G0;;U;;;;;;;;;;;Q4;;Y5;;;;;;Q;;;;;;;;;T4$,m:38:4.3.7.6.5|"
8670,8670,"CC(C)(C)C1=NC(=CC(=N1)N2CCN(CC2)CCCCC3=NC=CC(=O)N3)C(F)(F)F.CN=CN(C)N |$;;;;;;;;;;;;;;;;;;;;;;;;;;;;;;;;;;;;$,m:31:21.22.23.24.26.20,Sg:n:16,17,18:q:ht|"
8671,8671,"CCC1=CC=CC=C1N2CN3C(=O)C[C@H](C(=C3SC2)C#N)C4=CC=C(C=C4)F.CC.CC.CC |$;;;;;;;;;;;;;;;;;;;;;;;;;;K;;;R;;R;;R31$,m:28:9.10.16.17.18.8,m:30:11.13.14.15.16.10,m:32:22.23.24.25.26.21|"
8672,8672,"CC1=NN=C(N1C)CNC(=NCC2=CC=C(C=C2)OC)N3CCC4=C(C3)C=C(C=C4F)F.C=BC |$;;;;W;Q;;;;;;;;;A;;;;;;;;;;;;;;;;;;;;$,m:32:1.2.3.4.5,Sg:n:17:B:ht|"
8673,8673,"CCOC1CCC(CC1)C2=C(C(=C(C=C2)/C=C/C3=CC=C(C=C3)C4=CC(=C(C=C4)OCC=C)F)F)F.CC |$;;;;;;;;;;;Y;;;;;;;;;;;Q;;;;;;;;;;;Z;;J;;R$,m:36:24.25.26.27.28.23,Sg:n:11:J:ht|"
8674,8674,"CCN(CC)CC1=CC(=CC=C1)NC(=O)C2=CC(=CC=C2)C(F)(F)F.CC |$;A2;;;;;;;M5;;;;;;;;;;;;;;;;;;G$,m:25:6.11.10.9.8.7|"
8675,8675,"CCCC[C@]1(CN(C2=CC(=C(C=C2S(=O)(=O)C1)OC[C@H](C(=O)O)O)SC)C3=CC=C(C=C3)F)C.CC |$;;;;K;;;;X8;;;;;;;;X0;L;;;;;;G1;;;;;B;;;;;;;M$,m:34:27.28.29.30.31.26,Sg:n:1:I:ht,Sg:n:19:s:ht,Sg:n:1,2,3:H:ht|"
8676,8676,"CCCCCCN1CC(C(CC1C2=CC=CC=C2)N3C=C(N=N3)C4=CC=C(C=C4)F)O.COS(C)=O.CC.CC |$;Z7;;;;;;;;;;;;;;;;;;;L;;;;;;;;Z;;;;;;;;;W65;;R$,m:31:6.11.10.9.8.7,m:36:13.14.15.16.17.12,m:38:24.25.26.27.28.23,Sg:n:2,3,4,5:c:ht|"
8677,8677,"CC(C)(C)[Si](C)(C)OC1C(CCC2=C1C=CC(=C2)C3=NOC(=N3)C4=C(C(=NO4)C5=CC=CC=C5)C(F)(F)F)N=[N+]=[N-].CC(C)=NN=C(C)N.CN(C)C(=S)N(C)N |$;;;;;;;;;;;;;;Y0;;;A;;;;;;;;;;;K;;;;;;;;;;;;;;;;;;;;;;;;;;;;$,m:41:24.23.27.26.25,m:49:29.30.31.32.33.28,Sg:n:33:T:ht|"
8678,8678,"CC1=CC(=C(C=C1)NC(=O)C(C)N2CCCC(C2)C3=NC(=NO3)C4=CC(=CC=C4)F)C |$G;;;;;;;;;;G4;;M;;;;;;;;;W;;;;;;;;;$,Sg:n:5:X:ht|"
8679,8679,"C1=CC(=CC(=C1)OC2=C(C=C(C=C2)F)S(=O)(=O)C(F)(F)F)C3=NN=CO3.CC.CC(=O)S(C)(=O)=O |$;;;;;;;;E5;;;M3;;;;;;;;;;;;;;;;R80;;;;;;;$,m:26:0.5.4.3.2.1,m:28:22.21.25.24.23,Sg:n:14:B:ht|"
8680,8680,"COCCN1C(=O)/C(=C\C2=CC=C(C=C2)OC(F)F)/SC1=NC3=CC=C(C=C3)Cl.CC |$;;;;;;;;;;;;;;;;;;;;M;;D;;;;;;;;R3$,m:29:4.5.7.19.20|"
8681,8681,"CC1=C(C=C(C=C1)C(F)(F)F)OC2=CC=C(C=C2)C3CCCN4C3=NSCC4.CC.CC.CNP(=O)(OC)OC |$;;;;;;;;;;;;;;;;;;;K4;;;Y2;;;;;;;Y;;Q2;;;;;;;;$,m:28:1.6.5.4.3.2,m:30:19.20.21.22.23.18,m:32:24.25.26.27.22.23,Sg:n:18:u:ht|"
8682,8682,"COC1=CC2=C(C(=CN=C2C=C1)F)[C@@H](CCC3CCN(CC3CC(=O)O)CCSC4=CC=C(S4)F)N.CC.CC.CC.CC |$;;;;;;;Z;;;;;;;;;;;;;E0;;;;Z;;;;;;;;;;;;;G06;;W4;;R91;;R$,m:36:2.11.10.9.4.3,m:38:6.7.8.9.4.5,m:40:17.18.19.20.21.16,m:42:30.29.33.32.31,Sg:n:14,15:v:ht|"
8683,8683,"C=CCC1CCC2CC(CC2CC1)C3CCC(CC3)C4=CC=C(C=C4)C5=CC(=C(C=C5)F)F.CN(C)S(C)(=N)=O.CC |$;Q;;;;;Q8;;;U;;;;;Z4;;;;;;;;;;;;;;;;;;;;;;;;;;;R$,m:33:7.6.10.9.8,m:40:26.27.28.29.30.25|"
8684,8684,"CCCCNC(=S)N(C)N=CC1=CC=C(C=C1)F |$;;;;;;;E;;;T8;;;;Y9;;;$,Sg:n:1,2,3:Q:ht|"
8685,8685,"CC1=C(C(=NC=C1)CN2C=CC=C(C2=O)C(F)(F)F)COC3=CC=CC4=C(C=C(N=C43)C)C5=CN=CS5.CNN=C(C)N(C)C |$;;;;;;;;;;;;;;;T;;;;B7;;;;;;;J2;;;;;;;;;;;;;;;;;;$,m:37:33.32.36.35.34|"
8686,8686,"CC1=CC(=CC=C1)N2C(=C(C=N2)C(=O)NCC(C(=O)O)OC)C(F)(F)F.CC(C)(O)S |$;;D;;;;;;;;;K1;;;;;;;;;;;;W;;;;;;;$,m:26:1.6.5.4.3.2|"
8687,8687,"CCN(CC(C1=CC=C(C=C1)C(C(F)(F)F)(C(F)(F)F)F)S(=O)(=O)C2=CC=C(C=C2)Br)C(=O)C3CCC(CC3)C(=O)O.CC(=S)N(C)N.CC.CC |$;;E;;;;;;;;;;;;;;;;;;;;;;;;;;;;;;;;;;;;;;Y6;;;;;;;;;R1;;R4$,m:42:6.7.8.9.10.5,m:48:25.26.27.28.29.24,m:50:34.35.36.37.38.33|"
8688,8688,"CC(C)COC1=CC=C(C=C1)N2CC(=C(C2=N)C3=NC(=CS3)C4=CC=C(C=C4)F)O.CN=C(NC)NO.CN(C)C=NN(C)C |$;;;;;;;;;;;D;;;;;;;;;;;;;;;;;;;;;;;;;;;;;;;;;$,m:30:5.10.9.8.7.6,m:37:18.17.21.20.19,Sg:n:12:Z:ht|"
8689,8689,"CC1=CC(=CC(=C1)N2C(=O)/C(=C/C3=CC=C(C=C3)OC)/N=C2SCC(=O)NCC(F)(F)F)C.CC.CN=NC=O |$;;;;;;;;;;;;;;;;;;;;U4;;;;;;T;;Y9;;;;;;R0;;;;;$,m:33:1.6.5.4.3.2,m:35:13.14.15.16.17.12,Sg:n:30:V:ht|"
8690,8690,"CC(C)C(=O)OC(C)OC(=O)CCCNC1=C(C=CC(=C1)C(F)(F)F)CN2CCN(CC2)C(=O)OC(C(F)(F)F)C(F)(F)F |$;;;;;;;;;;;;;B2;;;W4;;;A;;;;Z9;;;;;;;;;;;;;;;;;;;;$,Sg:n:7:C:ht,Sg:n:27:b:ht,Sg:n:14:S:ht,Sg:n:11,12:I:ht|"
8691,8691,"CCNC(=O)N1CCN(CC1)C(C)C2=NC3=CC=CC=C3C(=O)N2C4=CC=C(C=C4)F.CC.CC |$A;;V;;;;;;;;;;;;;L;;;;;;;;;;;;;;;;;R;;R0$,m:31:14.15.20.21.23.13,m:33:25.26.27.28.29.24|"
8692,8692,"CCC(C)C(=O)OCC(=O)OCC(C(C(C(C(C(F)(F)F)(F)F)(F)F)(F)F)(F)F)(F)F |$;;;;;;;;;;;;;;;;;;;;;;;;;;;;;Z;$,Sg:n:24:V:ht|"
8693,8693,"CC1=CC=C(C=C1)S(=O)(=O)N(CC(=O)N(CC2=C(C=C(C=C2)Cl)Cl)C(C)C(=O)NC(C)C)C3=CC=CC=C3F.CSC(C)=N.CN(C)C(=S)N(C)N(C)C |$;;;;;;;;;;;;;;;;;;;;;;D8;;;;;;;;;;;;;G0;;;;;;;;;;;;;;;;;;$,m:39:1.6.5.4.3.2,m:44:33.34.35.36.37.32,Sg:n:10:e:ht|"
8694,8694,"CCCCC/C=C/C1=CC2=C([C@@H]3CC(=CC[C@H]3C(O2)(C)C)C)C(=C1)F.CC.CC |$;;;;;;L;;;;;;;;;;;;;;;;;;;;R56;;W7$,m:25:12.13.14.15.16.11,m:27:17.18.9.10.11.16,Sg:n:12:L:ht,Sg:n:5:J:ht,Sg:n:1,2,3,4:K:ht|"
8695,8695,"CC(C)(C)OC(=O)CC(C(=O)OC(C)(C)C)NC(=O)C1=CC(=C(C(=C1)F)N(CCBr)CCBr)F.COP(N)(=O)OC |$;;K;;;;;;;V;;;;;;;;L;;;;;;;;A;;;;;;;;;;;;;;;$,m:34:19.24.23.22.21.20,Sg:n:6:O:ht,Sg:n:30,31:U:ht|"
8696,8696,"C=CCCC1=CC2=C(C=C1)C(=C(C=C2)C3=CC=C(C=C3)C4=CC(=C(C=C4)OC(F)(F)F)F)F.CC.CC(=S)NN=[N+]=[N-].CNC(=O)N(C)N |$;;;;;;Y;D0;;;;;;;;;;;;;;;;;;;;;;;;;;;R;;;;;;;;;;;;;;$,m:33:4.9.8.7.6.5,m:35:10.11.12.13.6.7,m:42:21.22.23.24.25.20,Sg:n:2,3:f:ht|"
8697,8697,"C1CCN(CC1)CCOC2=CC=C(C=C2)C3C4=C(C=CC5=C4C=CC(=C5)O)C6=C(S3)C=C(C=C6)F.CN=C(SC)N(C)NC.COP(=S)(SC)SC.COPC.CC=S(=O)=O |$;;;;;;;;;;;;;;;;;U7;;;;;;;M5;;;;;;;;;Y7;;;;;;;;;;;;;;;;;;;;;;;;;;;$,m:35:10.11.12.13.14.9,m:44:22.23.24.25.20.21,m:52:29.15.16.17.27.28,m:56:30.31.32.33.27.28,Sg:n:6,7:J:ht|"
8698,8698,"COCCOCC(=O)NC1=C(C=C(C=C1)F)C#N.CNNS(C)(=O)=O |$U8;;;;;Z;;;;;;;;;;;;;;;;;;;$,m:18:9.14.13.12.11.10|"
8699,8699,"C/C=C(/C)\C(=N)N(C1CCC(CC1)C(=O)N2CCC(CC2)N3CCCC3)C(=C)NC4=C(C=C(C=C4)F)F.CNOC(C)=N.CNC(=S)N=[N+]=[N-].CNP=O |$;;;;;;;;;;;;;;;;;;;;;;;K2;;;;;W;;;;;;;;;;;;;;;;;;;;;;;;;$,m:37:16.17.18.19.20.15,m:43:22.21.25.24.23,m:50:30.31.32.33.34.29,Sg:n:17:j:ht,Sg:n:28:E:ht,Sg:n:8:g:ht|"
8700,8700,"C1CN(CCN1CC2=CN3C=C(C=CC3=N2)C(F)(F)F)C4=C(C=C(C=C4)Cl)Cl.CC.CN=C(NC)NN=C(C)C.CC.CONN(C)C |$;;;;;M;E;;;;;;;;;;;T8;M;;;;;Q3;;;;;;R8;;;;;;;;;;;;E79;;;;;;$,m:28:0.5.4.3.2.1,m:30:8.7.15.14.9,m:40:10.11.12.13.14.9,m:42:21.22.23.24.25.20|"
8701,8701,"CCOC1CC(C1(C)C)(C(=O)N2CCN(CC2)C(C)C(F)(F)F)N.COS(=O)(=O)O |$;;;;;;;;;;;;T4;;;;;G1;;;;;;;;;;;;$,m:24:12.13.14.15.16.11,Sg:n:3:y:ht|"
8702,8702,"CCCCNC(=O)[C@H](CC1=CC=CC=C1)N(CC2=CC=CC(=C2)C)C(=O)CCCN(C3=CC(=C(C=C3)F)F)S(=O)(=O)C.CNNC(=O)NC.CN(C)P(N)(=O)N(C)C.CC |$;;;T;;;;;;;;E7;;;;;;;;A;;;Y0;;;;;;;;;B5;;;;;;;;;;;;;;;;;;;;;;;;;;;;Y49$,m:42:10.11.12.13.14.9,m:49:18.19.20.21.22.17,m:58:31.32.33.34.35.30,Sg:n:39:p:ht,Sg:n:1:m:ht|"
8703,8703,"C1CC1C2=CC(=NN2)NC3=NC(=NC=C3)N4CCN(CC4)CC5=CC=C(C=C5)NC(=O)C6=C(C=CC=N6)C(F)(F)F.CC(=O)NN.CC.CC=NC(=O)NC |$;E;;;;;;;;;;;;;;;;;;;;;J;;;G;;;;;;U3;A9;;;;;;;;;;;;;;;Y86;;;;;;;$,m:41:0.1.2,m:46:4.3.7.6.5,m:48:16.17.18.19.20.15,Sg:n:26:M:ht|"
8704,8704,"C[C@@H](C(C1=C(C=C(C=C1)C(F)(F)F)OC)C2=C(C=C(C=C2)C(F)(F)F)OC)OC(=O)[C@H](C)NC(=O)OC(C)(C)C.COC(=O)ON(C)C |$;;;;;;;;;;;;;;;;;;;;;;;;;;;;;;;;;;;;;;;;;;;;;;;$,m:40:4.5.6.7.8.3|"
8705,8705,"CCCCCCCCN(CC1=CC(=CC=C1)F)C2=C(C=C(C=C2)[N+](=O)[O-])O.CC |$;;;D4;;;;;;;;;;;;;;;;;;;;;;;;;R$,m:27:18.19.20.21.22.17,Sg:n:15:Y:ht,Sg:n:11:M:ht,Sg:n:5,6:q:ht|"
8706,8706,"C1COCCN1C2=CC(=CC(=C2)C3=NC(=NC=C3)NC4=CC=C(C=C4)C5=NN=C(O5)C(F)(F)F)C#N.CNS(C)(C)C |$;J;;;;;;;;A8;;;;;E;;;;;;;;;;;;;;;Q5;;;;;;;;;;;;$,m:36:26.25.29.28.27,Sg:n:28:d:ht,Sg:n:34:w:ht|"
8707,8707,"C[C@@H]1CC[C@H](N1)C(=O)NCC2=CC(=NC=N2)C3=CN=C(C=C3)C(F)(F)F.CC |$;;;;;;;;;;;;Z;;;;;;;;;;;;;;;Y$,m:26:1.2.3.4.5,Sg:n:19:Y:ht|"
8708,8708,"CCCN1C(=NC=N1)CN(C)C2CCN(CC2)C3=CC=CC=C3C(F)(F)F.CN(C)S(N)=O |$;;G8;;;;;;;;;;;;B8;;;;;;;;;;;;;;;;;;$,m:27:18.19.20.21.22.17,Sg:n:1,2:t:ht|"
8709,8709,"CCCC(C)(C(=O)NC1=NN(C(=C1)C)C2=CC=C(C=C2)F)O.CC |$;K;;;;;;;;;;;;;;;;;;;K5;;;A28$,m:22:8.9.10.11.12,Sg:n:1,2:A:ht|"
8710,8710,"COC1=CC(=C(C=C1)N2C3=CSSC3C(C2=O)NC(=O)NC4=CC(=CC(=C4)C(F)(F)F)C(F)(F)F)OC.CC |$;;;;Y6;X4;X;Z1;;;;;;T8;;;;;;;;;;;;;;;;;;;;;;;A8;;W73$,m:37:2.7.6.5.4.3,Sg:n:17:z:ht|"
8711,8711,"C1CN(CCN(C1)S(=O)(=O)C2=CC=C(C=C2)F)C(=O)NCC3(CC3)C4=CC=CC=C4.CP(C)(=O)O.CC.CC.CNN(C)C(C)=S |$;;;;;;T6;;;;;;Y;;;;;;W1;;;;;;;;;;;;;;;;;;V50;;R14;;;;;;;$,m:30:0.1.2.3.4.5.6,m:35:11.12.13.14.15.10,m:37:22.21.23,m:39:25.26.27.28.29.24|"
8712,8712,"CC1=C(SC=C1)CN(CC2=CC=C(C=C2)F)C(=O)CN(CCN3CCCC3)C(=O)NC4=CC=C(C=C4)SC.CNC(N)=S.CC |$T;;T;;Y;;;;;;;;;;;;Q;;;;W5;;;;;;V9;;;;;;;;;;;;;;;;;;R09$,m:38:10.11.12.13.14.9,m:43:23.22.26.25.24,Sg:n:27:R:ht,Sg:n:20,21:n:ht|"
8713,8713,"C[C@H](C#CC1=C(C=C(C=N1)F)C2CCCN2C3=NN4C(=NC=C4C(=O)NN)C=C3)N.CC.CSN=C(C)SC.CC.CNC(=S)N=[N+]=[N-] |$;;;;;;;;;;;;;;;;;;;;;;;;;;;;;;;U;;;;;;;;;E23;;;;;;;$,m:30:4.9.8.7.6.5,m:32:12.11.15.14.13,m:39:17.18.19.27.28.16,m:41:20.19.18.22.21,Sg:n:6:Y:ht|"
8714,8714,"C1=CC=C(C(=C1)C2=CC=C(C=C2)C(F)(F)F)C(=O)C3=CC=C(C=C3)F.C=NC=NC |$;K;;;;;X;;;;;;;;;;;;;;W;;;;V;;;;;$,m:25:7.8.9.10.11.6|"
8715,8715,"C1=CC=C2C(=C1)C(=C(N2)O)/C=C(/C3=CC=C(C=C3)F)\N=NC(=O)N.CN(C)P(C)(=S)N(C)C |$G1;;;;;;;;Q;;;;;;;J;;;;;;;;;;;;;;;;;$,m:24:7.6.4.3.8|"
8716,8716,"C1=CC=C(C=C1)[C@H](C(=O)NC2=NC(=O)N(C=C2)CCCCC3=NN=C(C=C3)NC(=O)CC4=CC(=CC=C4)OC(F)(F)F)O.CC.COP(C)(=O)SC |$;;;;;;;;;;;;B;;;;;;;;V;;;;;;;A0;;;;;;;;;;;;;;;;;K;;;;;;;$,m:43:11.12.14.15.16.10,m:45:32.33.34.35.36.31|"
8717,8717,"CCCCC1CCC(CC1)C2(CCCCC2)C(C)C3=C(C=C(C=C3)OC(F)F)F.CSC(=S)N(C)N.CC(N)=S |$;;;;;;;;;;M;K8;;;;;;;K;;;;;;;;;;;;;;;;;;;;;$,m:29:4.9.8.7.6.5,m:36:19.20.21.22.23.18|"
8718,8718,"C1=CC(=CC=C1C2=CSN=N2)NC(=O)COC3=C(C=CC(=C3)F)F.CC(=NN(C)C)N(C)C |$;;;;;;;;;;;;;;;;;;;;;;;;;;;;;;;;$,m:24:17.18.19.20.21.16|"
8719,8719,"CCCCCCCCC1=CC2=C(C=C3C=C(C=CC3=C2C=C1)C(CCCC)C(=O)O)F.CC(N)N |$;;;;;;;;;;;U4;;;;;;;L2;;;;;W;;L9;;;;;;;;;$,m:31:14.15.16.17.18.13,Sg:n:2:s:ht,Sg:n:30:A:ht,Sg:n:3,4,5:I:ht|"
8720,8720,"C[C@H](C1=NC(=NO1)C2=CC(=C(C=C2)C(=O)N[C@@H]3CCNC3=O)F)OC4=CC=C(C=C4)C(=O)C5CC5.CNP(N)(N)=O |$;;M3;Z1;;;;;;;;;;;;;;;;;;;;;;;;;;;;;;;;;;;;;$,m:35:33.32.34,Sg:n:28:A:ht|"
8721,8721,"CCC(=O)N1CC2=C(C1)C=C(C=C2)C3=C(C=C(C=C3)F)OC.CN=C(NSC)N(C)C |$;;;;;;;;;;;;;;;;;;Z;;;;;;;;;;;;$,m:22:4.5.6.7.8|"
8722,8722,"C1C(=O)/C(=C(\C2=CN=CC=C2)/O)/C(N1C3=NC4=C(S3)C=CC=C4Cl)C5=CC=CC=C5F.CN.CC.CC.CSSS |$;;;;;;;;;;;;;;D;;;;;;;;;;;X3;;;;;;;;;R;;Q;;;;$,m:31:0.1.3.12.13,m:33:15.14.18.17.16,m:35:19.20.21.22.16.17,m:37:25.26.27.28.29.24|"
8723,8723,"CC1=CC(=CC=C1)CNC2=NC(=NC(=C2)C3=CC(=CC=C3)OC(F)(F)F)N[C@H](CO)C(C)C.CC.CC.CC(=O)ON(C)C |$;;;;;;;;;;;;;;;;J;;;;;;;;;J3;;;;;;;;;V9;;W;;;;;;;$,m:33:1.6.5.4.3.2,m:35:10.11.12.13.14.9,m:37:16.17.18.19.20.15,Sg:n:18:D:ht,Sg:n:3:p:ht|"
8724,8724,"CC1=C(C=CC(=C1)OC2=NC(=CO2)CNC3CC3)F.CC.CC.CC |$;;;;;M4;;Y;;;;;;;;;;;;;R;;L37;;R$,m:19:1.6.5.4.3.2,m:21:9.8.12.11.10,m:23:16.15.17,Sg:n:16:k:ht|"
8725,8725,"CC1=CC=C(C=C1)N2C3=C([C@@H]([C@@H](C(=O)N3)NC(=O)C4=CC=CC=C4)C5=CC=C(C=C5)F)C(=N2)C.CC=NC(=NC)N(C)C.CC=PC.CNC(=O)C(C)N |$;;;;;;;;;;;;;;;;;;;;E0;;;;;J3;;;;;J1;;;;;;;;;;;;;;;;;;;;;;;$,m:34:1.6.5.4.3.2,m:43:19.20.21.22.23.18,m:47:25.26.27.28.29.24|"
8726,8726,"CCOC1=C(C=C(C=C1)C(C(C)C)NC(=O)CN(C)S(=O)(=O)C2=CC=C(C=C2)F)OCC.CC(=S)NN(C)C |$B9;;;B6;;;;;Q7;;;;;;;;;;G;;;;;;;;;;;;;;;;;;;;$,m:32:23.24.25.26.27.22|"
8727,8727,"CN(C(=O)COC(=O)C1=CC(=CC=C1)F)C2(CCCCC2)C#N.CC |$;;;;;;;;;B3;U7;;;;;;;;;;;;;;R$,m:23:16.17.18.19.20.15|"
8728,8728,"C1CN(CCC1(C2=CC(=CC=C2)F)NC(=O)CCCCl)CC3=CC=CC=C3 |$;;;;;;;M;;;;;;;;;;;L;;;;G1;;;;$,Sg:n:16,17,18:o:ht|"
8729,8729,C1CNCCN2C1=NN=C2CNC(=O)C3=CC(=CC=C3)F |$;;;;;;;;;;;;;;;;;A;;;$|
8730,8730,"CCOC1=CC=C(C=C1)CCC2=CC3=C(C=C2)C(=C(C=C3)CCC4=CC(=C(C(=C4)F)Cl)F)F.CC.CC(C)=NNC(=S)N(C)C |$;;;;;;;;;;;;;;;A;;;;;G;;;;;A;;;;;;;;;E9;;;;;;;;;;$,m:33:3.8.7.6.5.4,m:35:17.18.19.20.13.14|"
8731,8731,"C/C=C(\C1=C(C=C(C=C1)C2=CC(=C(C=C2)N3C=C(N=C3C4=C(C=CC=C4Cl)F)C(C)(C)O)Cl)SC)/N(C)C.CC.CC(=S)ON(C)C.COOS |$;;;;;;;;;;K;;;;;;D;;;;;;;;;;;;;;;;;;;;L;;;A;;;;;;;;;;;$,m:38:3.8.7.6.5.4,m:40:10.11.12.13.14.9,m:47:16.15.19.18.17|"
8732,8732,"CC(C(=O)NC1=CC=C(C=C1)C(F)(F)F)N(C)CC(=O)O.CNN(C)C |$;;;;;;;;;;;;;;W2;;;;;;;;;;;$,m:21:5.10.9.8.7.6|"
8733,8733,CN(C)CC1=CC=C(C=C1)C(=O)N2CCC[C@@H](C2)C3=CC=CC(=N3)C4=CC=C(C=C4)F |$;;;;;;;;;;;;K;G;Y3;;;;;;;;;;;;;J8;M5;;$|
8734,8734,"CSC1=NC=CN1C2=CC=C(C=C2)C(=O)N3CCN(CC3)C4=C(C=C(C=N4)C(F)(F)F)Cl.CC |$G8;W9;;;;;;;;;;;;;;T9;;;;;;;;;;K5;;;J;Q7;;;;G0$,m:32:8.9.10.11.12.7|"
8735,8735,"CCCCOC(=O)C1=CC=C(C=C1)NC(=O)C2=CN(C(=O)C=C2)CC3=CC=CC=C3F.CC.CC.CN=NNC |$;;;;;;;;;;;;;W;;;;;V9;;;;;;;;;;;;;;R;;R;;;;;$,m:31:7.12.11.10.9.8,m:33:17.18.19.21.22.16,m:35:25.26.27.28.29.24,Sg:n:1,2,3:a:ht|"
8736,8736,CC(C)(C)OC(=O)N1CCC(CC1)S(=O)(=O)N2CCC(CC2)OC3=CC=C(C=C3)C(F)(F)F |$;;;;;;;;;;;;;Q;;;M4;;D9;;;;;;;;;;;;;;$|
8737,8737,"CC[C@@H](C)N(CC(=O)N1CCC2=C([C@@H]1COC3=CC=C(C=C3)C)C=CS2)C(=O)C4=CC(=CC=C4)F.CNP(C)(=S)OC.CC.CC(C)=NNS(C)(=O)=O.CC |$;;;;;;;;;;;;;;A7;;;;V;;;;;;;;;;;;;;;;;;;;;;;;;R95;;;;;;;;;;;R54$,m:35:9.10.11.12.13.8,m:42:17.18.19.20.21.16,m:44:23.12.11.25.24,m:53:29.30.31.32.33.28|"
8738,8738,"CC1=CC(=CC(=C1)C(C)(C)C(NC2C3CC4CC2CC(C4)(C3)F)O)CCC(=O)O.CN=NN(C)C.CC.CC(=O)[O-] |$;;;;;;K;;;;;;;;;;;;;;;;;;;;;;;;;;;;;;R;;;;$,m:29:1.6.5.4.3.2,m:35:14.15.16.17.12.13,m:37:14.15.20.19.21.13|"
8739,8739,"CC1=CC=C(C=C1)S(=O)(=O)CCCN2C(=O)C(NC2=O)(C)C3=C(C=C(C=C3)F)F.COSC.CN=CN(C)C(C)=NC |$;;;;;;;;;;;;;;;;;;;X;;T8;;;;;M9;;;;;;;;;;;;;;;$,m:29:1.6.5.4.3.2,m:33:14.13.18.17.16,Sg:n:10,11,12:F:ht|"
8740,8740,"CCOC1=C(C=CC(=C1)[C@@H]2C(=C(NC(=O)N2)C)C(=O)OC)OC[C@H](N/N=C\C3=CC(=C(C(=C3)Br)OCC4=CC=C(C=C4)F)Br)O.CC.CNOOC |$;;;;D;;;;W;;;;;;;;;;;J;;;;;;;;;;;;;;;;;;;;;;;W;A1;;;E8;;;;;$,m:45:3.8.7.6.5.4,m:47:10.11.12.13.15.9,Sg:n:40:Y:ht|"
8741,8741,"CN(C1CCCCC1)C(=O)C2=NN(C(=O)N(C2=O)CC3=CC(=CC=C3)C(F)(F)F)C4=CC=CC=C4.CC |$;;;;;;A1;;W;;;;;G;;;;;;;;;;;;;;;;;;;;;;;R$,m:35:3.4.5.6.7.2|"
8742,8742,"COC1=C(C=CC(=C1)C(=O)NC2=CC(=C(C=C2)Cl)C3=NN=C4N3CCCCC4)OC(F)F.CC.CN=C(N(C)C)N(C)S(C)(=O)=O.CC |$T0;;;;;;;;;;;;B;;;;;;;;E;L;;D;;;;D;;;M;;;V;;;;;;;;;;;;;;K4$,m:32:2.7.6.5.4.3,m:34:19.18.22.21.20,m:46:23.22.21.27.26.25.24|"
8743,8743,"C1[C@H]2[C@@H](CS1(=O)=O)SC(=N2)NC3=CC=C(C=C3)C(=O)NC4=CC=C(C=C4)OC(F)(F)F.COC#N.CC |$M;;;;;;;;;;;V6;;;;;;;;;;;;;;;;;;;;;;;;;T$,m:31:0.1.2.3.4,m:35:21.22.23.24.25.20,Sg:n:6:p:ht|"
8744,8744,"CN1C(=NC=N1)COC2=NN3C(=NN=C3C4=CC=CC=C4F)C=C2C5CC(C5)F.CC(C)=NC(C)=NN(C)C.CC.CNOC(N)=O |$;;;;;;;;;;;;;;G8;;;;;;;;;;;;;;;;;;;;;;;;;;R45;;;;;;$,m:29:1.2.3.4.5,m:39:12.11.10.14.13,m:41:25.26.27.24,Sg:n:20:B:ht|"
8745,8745,"CCC1(C[C@H]2CC[C@H](N2C1=O)C3=CC(=CC(=C3)C#N)F)C(F)F.CC |$;;;G9;;;;;;;;;;A2;;;;;;;;;;;R03$,m:23:5.4.8.7.6|"
8746,8746,"CC(=O)N([C@@H](CC(C)(C)COP(=O)(O)O)COC(=O)NC1=CC2=CC=CC=C2C=N1)NCC3=C(C(=CC=C3)F)Cl.CN=C(N)SC |$;;;;;;;;;;J9;;;;;;;;;Z;W;;;;;;;;;;;;;;;;;;;;;;;;;$,m:40:23.24.25.26.27.22|"
8747,8747,"CCNC(=NCC1=CC(=C(C=C1)F)CN(C)C)NCC2=C(C=CC(=C2)F)F.CS(=O)(=O)NN.CC |$;;X;Q5;;;;;;;;;;;;K;;;;;;;;;;;;;;;;;;;R$,m:27:7.8.9.10.11.6,m:33:20.21.22.23.24.19,Sg:n:17:S:ht|"
8748,8748,"CC1=CC(=CC(=C1)C(C2=CC3=C(S2)C=C(C=C3)F)N)C.CC.CC |$;;;;;;;;X1;;;;Y;;;;;;;;;R14;;K$,m:20:9.8.12.11.10,m:22:13.14.15.16.10.11|"
8749,8749,"CN1C=C(C2=CC=CC=C21)C3=NN4CCC(=O)N(C4=C3)CC(=O)NC5=C(C=C(C=C5)F)F.COC(C)S.CC.CSC(C)O |$;;;;;;;;D;;;;;;;;;E;;;;;;;Z2;;;L9;;;;;;;;;;;T;;;;;$,m:32:5.6.7.8.9.4,m:37:13.14.15.17.18.12,m:39:25.26.27.28.29.24|"
8750,8750,"CNC(C1=CC=C(C=C1)F)C2=CC3=C(C=C2)NC(=O)O3.CSON.CS(=O)(=O)NO.CC |$L1;;;;;;Y;;;;;;;;;;;;;;;;;;;;;;;;;V$,m:20:4.5.6.7.8.3,m:24:11.12.13.14.15.10,m:30:16.13.12.19.17|"
8751,8751,"COCCCOC([C@@H]1CCCN(C1)C(=O)N[C@@H](CC2CCCCC2)CN)C3=CC=C(C=C3)F.CC.CN(C)S(C)=N |$;;;;;;;;;;;;;;;E4;;;;;;;;;B;;Z;;;;;;;;R;;;;;;$,m:33:8.9.10.11.12.7,m:35:19.20.21.22.23.18,Sg:n:16:k:ht,Sg:n:2:W:ht,Sg:n:28:e:ht,Sg:n:2,3,4:a:ht|"
8752,8752,CC1=C(C=CC=C1F)[C@@H]2[C@H](CN(C[C@H]2C(=O)N(C)CCO)CCOC)C(=O)C3=CC(=CC=C3)O |$;;;K1;;;;;;;;;;;;;;;;;;;M;;;;;;;V8;;;;$|
8753,8753,"C1=CC(=CC(=C1)C(F)(F)F)C=NNC2=NC=C(C=C2)C(F)(F)F.CN(C=O)C=O |$;;;;;;;;;;;;;;;;;;;;;;;;;;;;$,m:23:0.5.4.3.2.1|"
8754,8754,"CC1=CC=CC=C1C(CCCOC2=CC=CC=C2F)CN |$D;;;;;;;;U6;;;;;;;;;;M8;;$,Sg:n:1:h:ht,Sg:n:8,9:N:ht|"
8755,8755,"CC(=O)CNC1=CC2=C(C=C1)C(=CN2CC3=CC(=CC(=C3)F)F)SC4=CC=CC=C4[N+](=O)[O-].CC.CC.CSP(C)(=O)O |$Y8;Q;;;D3;;;U6;;;;;;;;;;;;;;D;;;;;;;;;;;;;V;;L3;;;;;;$,m:33:5.10.9.8.7.6,m:35:12.11.8.7.13,m:37:25.26.27.28.29.24|"
8756,8756,"CSC1=NN=NN1C2=CC=CC(=C2)NC(=O)C3=CC=CC=C3C(F)(F)F.CC |$;;Y;;;B2;;;;;X3;X;;;;;;;;;G8;;;;;;;R6$,m:26:8.9.10.11.12.7|"
8757,8757,"CC1=CC=C(C=C1)NC(=NCC2=NN(C=C2)C3=CC=C(C=C3)F)N.CON(C)C(=O)N(C)C.CC.CC=NNC(C)=NC |$;;;;;;;;;;;;;;;E;;;;V;;;;;;;;;;;;;;;K5;;;;;;;;$,m:24:1.6.5.4.3.2,m:33:12.11.15.14.13,m:35:17.18.19.20.21.16,Sg:n:16:m:ht|"
8758,8758,"COC1=C(N=CC(=C1)C2=C(C=NN2)C3=NCN(C=C3)CC(F)F)N.COC(=O)N(C)S |$;;;;;;;;;;;E5;;;;;;;;;;;;;;;;;;;$,m:24:2.7.6.5.4.3|"
8759,8759,"C1=CC(=NC=C1CNCCF)N=[N+]=[N-].CSN(C)C(C)=S |$;;;;;;;;;;;;;;;;;;;;$,m:14:0.5.4.3.2.1,Sg:n:8,9:S:ht|"
8760,8760,"CCC1CN(C2=C(N1C(=O)OCC(C)C)C=CC(=C2)C(F)(F)F)C(C3=CC(=CC(=C3)C(F)(F)F)C(F)(F)F)C4=NN(N=N4)C.CN=C(NC)N(C)C.CC |$;;;;;;;;;;;;;;;;;;;;;;;;;;;;;;D;;;;;T9;;;;;;;;;;;;;;;;;;R$,m:44:15.16.17.18.5.6,m:52:25.26.27.28.29.24|"
8761,8761,"CC1=C2C=CC(=CC2=NC(=C1C(=O)NC3C4=CC=CC=C4C=C3C5=CC(=CC=C5)F)C6CCCC6)C(F)(F)F.C=NC(=NC)SC.CC(N)C(=S)N(C)C.CN(C)S(C)(=O)=O.CC.CN=C(NC)N(C)NC |$;;K;;;;;;;;;;;;;;;;;;;;;;;;;;;;;;;;;;;;;;;;;;;;;;;;;;;;;;;;;;;;R;;;;;;;;;$,m:39:1.10.9.8.7.2,m:46:16.17.18.19.20.15,m:54:21.20.15.14.22,m:61:24.25.26.27.28.23,m:63:31.30.34.33.32|"
8762,8762,"CN1CCN(CC1)CCN2CCC3C(=C4C=C(C=CC4N3CC5=CC=C(C=C5)C(=O)NO)F)C2=O.CC.CC |$;;;;;L5;;;;;;;M2;;;;;;;;;;Y7;;;;;;;;;Q;;;A;;J;;R$,m:35:10.11.12.13.33.9,m:37:15.16.17.18.19.14,Sg:n:7,8:z:ht|"
8763,8763,"C1=CC(=CC=C1C2C(=C(OC3=C2C(=O)NC(=O)N3)N)C#N)OC4=C(C=C(C=N4)C(F)(F)F)Cl.CC.CN=C(C)N=[N+]=[N-].CC |$;;;;;;;;;;;Z;;;;;;;Q3;;;;;;;;;;;;;;;;W;;;;;;;;;Z46$,m:33:7.8.9.10.11.6,m:35:12.14.15.17.10.11,m:42:23.24.25.26.27.22|"
8764,8764,"CC1(C(=O)N(C(=O)N1CC2=CC=C(C=C2)NC(=O)NC3=CC=CC=C3F)N=[N+]=[N-])C.CC |$U5;;;;;;;;W7;Q;;;;;;;;;;;;D1;;;;;;;;;;U35$,m:30:10.11.12.13.14.9,Sg:n:23:G:ht|"
8765,8765,"CC1CC(C2=C(C=CC(=C12)C)O)NCCOCC(F)(F)F.CC |$;;;G;;;;;;;;;;K;;;;;;;;;R20$,m:21:1.2.3.4.9,Sg:n:13,14:W:ht|"
8766,8766,"COC1=CC2=C(C=C1)SC(=N2)N(CC3=CC=CC=N3)C(=O)C4CCN(CC4)S(=O)(=O)C5=C(C=CC(=C5)F)F.CC.CC.CN=C(N)OC |$;;;;;;L;;;;;;;;;;;;;T;;;;U1;;;;;;W1;;;;;;;;;;R9;;X;;;;;;$,m:38:14.15.16.17.18.13,m:40:22.23.24.25.26.21,m:42:31.32.33.34.35.30,Sg:n:27:u:ht|"
8767,8767,"CC(C)(C)CCCCCCCCCC#CC1=CC(=C(C=C1)O)C(=O)NC2=CC(=CC(=C2)C(F)(F)F)C(F)(F)F.CC.CC |$;;;Q4;;;;;;;;M0;;;;;G3;;;;;;;;;;;;;;;;;;;;Y3;X4;;;J5;;K$,m:39:15.20.19.18.17.16,m:41:26.27.28.29.30.25,Sg:n:36:C:ht,Sg:n:9,10,11,12:H:ht|"
8768,8768,"C[C@@H](C(=O)NC1C(=O)N(C2=CC=CC=C2C(=N1)C3=CC=CC=C3)CCCC(F)(F)F)NC(=O)OC(C)(C)C.CNC(C)=NN(C)C |$;;;L;;;;;;;;;;;;;;;;;;;;;;;;;G0;;;;;;;;;;;;;;;;;$,m:38:5.6.8.9.14.15.16,Sg:n:26:y:ht|"
8769,8769,C1=CC=C2C=C(C=CC2=C1)/C=N\NC(=O)C3=CC=C(C=C3)C(F)(F)F |$;;;;;;;;;;;;U8;;;;;;;;;;;;$|
8770,8770,"C1C[C@]2(CCN(C2=O)C3CCOCC3)CN(C1)C4=NC=C(C=N4)F.CC(=O)C=S.CC=NC(=NC)NC.CC |$;;;;;;;;;;;;;;;;;;;;;;;Z7;;;;;;;;;;;;;;;G22$,m:24:0.16.15.14.2.1,m:29:3.2.6.5.4,m:37:18.19.20.21.22.17|"
8771,8771,"C1CCC2=C(C(C1)C(=O)N)C3=C(N2CC4=C(C=C(C=C4)F)F)C=CC=C3OCC(=O)O |$;;;;L9;;;;;;;;K;;A5;L1;;;;;E;;;B;;M;;;;;$,Sg:n:8:j:ht|"
8772,8772,"CC(=C)C[C@@H](C(=O)N)NC(=O)CC1=CC(=CC(=C1)C(F)(F)F)C(F)(F)F |$;;;;;;W;M3;;;;;;;;;;;;;;;;;Z;$,Sg:n:11:U:ht|"
8773,8773,"CC(C)OCCCN=C(C)C1=C(NN(C1=O)C2=CC=C(C=C2)F)C3=CC=CC=C3 |$;;;;;;;X0;;;;;;;;;;;;;;;V;;;;;;$,Sg:n:4,5,6:U:ht|"
8774,8774,"C1=CC=C2C(=C1)C(=O)C3=C(C=C(C(=C3C2=O)O)C(C4=CC=C(C=C4)F)N(CCCl)CCCl)O.CS(=O)(=O)NS(C)(=O)=O.CC=N.CC |$;;;;;;;;;;;;;;;;;;;;;;;T7;;;M;;;;;L7;;;;;;;;;;;;;;;T$,m:33:0.5.4.3.2.1,m:42:9.10.11.12.13.8,m:45:19.20.21.22.23.18,Sg:n:26,27:r:ht|"
8775,8775,"C1CC(CN(C1)CC2=C(C3=NN=C(N3C=C2)CC4CC4)C(F)(F)F)C5=CC=CC=C5.CC=NNC(=S)NC.CC.CC |$;;;L;;;;;;;;;;;;;;;;Y;;;;;;;;;;;;;;;;;;;;W57;;R20$,m:30:8.9.13.14.15.7,m:38:10.9.13.12.11,m:40:25.26.27.28.29.24|"
8776,8776,"COC1=C(C=CC(=C1)F)CNC2=CC=C(C3=NN=CN23)C4=CC=C(C=C4)NS(=O)(=O)C.CC.CC |$;;;;;;;V2;;;;;;;;;;;;;;;;;;;;;;;;;Z;;X$,m:31:12.13.14.15.19.11,m:33:21.22.23.24.25.20,Sg:n:12:e:ht|"
8777,8777,"CCOC(=O)C1(CCN(CC1)CCCl)CCCC2=C(C=NC3=CC=CC=C32)F.CC |$;;;;;;;;;;;;W;;;;;;;;;;;;;;;;;U$,m:28:6.7.8.9.10.5,Sg:n:23:d:ht,Sg:n:23:Q:ht,Sg:n:11,12:E:ht|"
8778,8778,"CS(=O)(=O)N1CCN(CC1)C(=O)CSC2=NN=C(N2CC3=CC=CC=C3)C4=CC=C(C=C4)F.CN=C(C)N(C)C.CON(C)C(C)=O.C[N+](=O)[S-] |$;;;;;;;;;;;;;;A3;;;;;;;;;;;;;;;;;;;;;;;;;;;;;;;;;;;;$,m:33:15.14.18.17.16,m:40:21.22.23.24.25.20,m:47:27.28.29.30.31.26|"
8779,8779,"CC1=C(N2C=NC(=CC2=N1)C(F)(F)F)C3=NC(=NC=C3)C4(CC4)C5=CC=C(C=C5)C(=O)NO.CC.CC.CC.C[N+](C)(C)C |$;;D9;;;Y;;;;;Z4;;;;;V;;;;K;;;;;;;;Y;;;;;;;R01;;W;;R;;;;;$,m:33:4.5.6.7.8.3,m:35:15.16.17.18.19.14,m:37:21.20.22,m:39:24.25.26.27.28.23|"
8780,8780,"CCCCCCCCCCC1=CC2=C(C=CC=C2N1S(=O)(=O)C3=CC=C(C=C3)C)C4=CC=C(C=C4)C(F)(F)F.CN=CN(C)NC |$;J9;;;;L;;;;;B;;;;;;;;;Q;;;;G1;;;;;;;;;;;;;;;;;;;;;;$,m:39:23.24.25.26.27.22,Sg:n:6,7:a:ht|"
8781,8781,"CC(=O)N(CC1=CC(=C(C(=C1F)F)NC2=C(C=C(C=C2)I)F)C(=O)NOCCO)OCCCO.CC |$;;;;;;;;;;;;;;;U9;;;;;;;Y;;;;;;;;;;;;;R$,m:34:5.10.9.8.7.6,Sg:n:26,27:U:ht|"
8782,8782,"C1=CC=C(C=C1)/C(=C/CSC2=C(C=C(C=C2)OCC(=O)O)I)/C3=CC(=CC=C3)C(CF)(F)F.CC |$;;;;;;T1;;;;;;;;;;;;;;;;L;;;;;;;;;;;;R87$,m:33:0.5.4.3.2.1,Sg:n:2:p:ht|"
8783,8783,"C1=CC(=CC=C1C(=O)NC2=NC(/C(=C(/C(F)(F)F)\F)/S2)(C(F)(F)F)C(F)(F)F)OC(F)(F)F.COB(O)OC.CC |$;;;;D;;;;;;;;;;;;;;;D5;;;;;;;;J8;;B;;;;;;;;;;;Q$,m:33:0.5.4.3.2.1,m:39:10.9.19.12.11|"
8784,8784,"CCOC(=O)C1=C(N=C2N([C@@H]1C3=CC=C(C=C3)OC)C(=O)/C(=C/C4=CC(=CC=C4)OCC5=C(C=CC=C5Cl)F)/S2)C.C[Bi].CNC=NS(C)(=O)=O |$;;;;;;;;;;;;;;;D;;;;;;;;;;;;G8;;;;;;;;;;;;;;;;;;;;;;;$,m:41:12.13.14.15.16.11,m:43:19.9.8.39.21|"
8785,8785,"CC1=C(C=CC=C1O)C(=O)N[C@@H](CC2=CC=CC=C2F)[C@@H](C(=O)N3C[C@H](C[C@H]3C(=O)O)Cl)O |$;;;;;;;;;T5;;;;;;;;;;;;;;;;;B5;;;;;;X4$,Sg:n:14:n:ht,Sg:n:17:G:ht|"
8786,8786,"C1C(CN1C(=O)C2=CC(=NC=C2)NC3=NC(=C4C=NNC4=C3)CC5=CC=CC=C5F)C#N.CC.CSC(=S)NN(C)C.CC.COC |$;;;;;;;;;;;;;;;;;;D3;;;;;;U;;;;;;;;;W;;;;;;;;;;L;;;$,m:32:0.3.2.1,m:34:7.8.9.10.11.6,m:42:14.15.16.20.21.13,m:44:17.16.20.19.18,Sg:n:8:I:ht,Sg:n:14:e:ht|"
8787,8787,"CN(C)CCOC1=CC=CC(=C1)NC2=NC=CC(=N2)C3=C(N=C4N3C=CC=C4)C5=CC(=CC=C5)C(=O)NC6=C(C=CC(=C6)Cl)F.CC.CC.CN=NC(=S)N(C)C.CSC(C)O |$;;G;;;;;;;;;;;;;;A;;;W;;;;;;;;;;;;;;;;;;;A;G;;;;;;;R;;A;;;;;;;;;;;;;$,m:45:6.11.10.9.8.7,m:47:21.20.19.23.22,m:49:24.25.26.27.22.23,m:57:38.39.40.41.42.37|"
8788,8788,"CC1=NC=C(C=N1)C2=CC3=C(C=C2)N(N=C3C(=O)C)CC(=O)N4C[C@@H](C[C@H]4C(=O)NC5=NC(=C(C=C5)F)Br)F.CC.C=[NH+]C |$;W7;;G;;;;;;;;;;;;;;;;;L;;;;;M5;;;;K0;;;;;;;;;;;M;;;$,m:39:14.13.10.9.15,m:41:31.32.33.34.35.30|"
8789,8789,"CC(C(=O)NC1CCCC1)OC(=O)C2=CC3=C(C=CC=C3S2)F.CC |$;;B;;;;;;;;;;Q5;;;;;;;;;;;;Y1$,m:23:16.17.18.19.20.15,Sg:n:21:s:ht|"
8790,8790,"COC(=O)C1=C(C=C(C(=C1)C2CC2)OC3CCCN(C3)CC4=C(C=CC(=C4)F)C(F)(F)F)F.CC |$;;;;;;;;;;;;;;;;;;;W;;;;;;;;;;D1;;;;;R4$,m:33:11.10.12,Sg:n:23:M:ht|"
8791,8791,"CCCC1CCC(CC1)C2CCC(CC2)C(OC3=CC(=C(C(=C3)F)C(F)(F)F)F)(F)F.CNC(=S)NN(C)C |$;;;Q;;;;;;;;;;;;;;;;;;;;;;;;;;;;;;;;;;;$,m:31:3.8.7.6.5.4,Sg:n:10:S:ht,Sg:n:27:c:ht,Sg:n:12:V:ht,Sg:n:1,2:J:ht|"
8792,8792,"CCCC(CN)N1CCN(CC1)C(=O)C(C(F)(F)F)(F)F |$;;;;;;;;;B9;D0;V;;;;;;;;;$,Sg:n:10:l:ht,Sg:n:1,2:O:ht|"
8793,8793,"C[C@H](C1=CC=C(C=C1)F)[NH+]2CCN(CC2)S(=O)(=O)C3=CC=C(C=C3)Cl.CSP(C)(C)=O |$;;;;;;;;L8;;;;;;;;;;;;;;;;;;;;;;$,m:25:3.4.5.6.7.2,Sg:n:14:Z:ht|"
8794,8794,"C[C@H](CC(=O)C1=C(C(=NC=N1)N)CN2CCCC2)C3=NC=C(S3)C(=O)NC4=CC(=C(C=C4)Cl)C(F)(F)F.CC.CN=C(C)N(C)N=C(C)C.CC.CC |$;;;;;;;;;;;;;;Z;;;;;;;;B7;;;;;;;;;;E1;;A;B;;;K3;;;;;;;;;;;;R;;R58$,m:37:7.8.9.10.5.6,m:39:14.13.17.16.15,m:49:19.18.22.21.20,m:51:27.28.29.30.31.26|"
8795,8795,"CC(C)C1=C(C=NN1C2CCC(CC2)(C)C(=O)O)C(=O)N(CC(=O)C3=C(C=C(C=C3Cl)F)Cl)C4CCC(CC4)(C)C.CC.CN=CNO |$;;;;X9;;;;;;;;;;;;;;;;;;;;;;;;;K;;;;;E6;;;;;J;;;R12;;;;;$,m:41:3.4.5.6.7,m:43:25.26.27.28.29.24|"
8796,8796,"CCC1=CC=C(O1)CN[C@@H](C)C2=C(N(N=C2)C3=C(C=C(C=C3)F)F)C.CN=C(N)NNC |$;;;;;;Z1;;;;;;;;;;;V;;;;;;;;;;;;;;$,m:25:2.3.4.5.6|"
8797,8797,"CC(C)C(C(=O)O)NC(=O)C1CCN(C1=O)C2=CC=C(C=C2)F.CC.C=NN=C(C)C |$;;;;T;;;;;;;;V6;;;;;;X5;;J;;;;R25;;;;;;$,m:23:10.11.12.13.14,m:25:17.18.19.20.21.16,Sg:n:19:U:ht,Sg:n:7:L:ht|"
8798,8798,"CC1=NC=C(C=C1)CNC2=NC=C(C=C2)F.CC=NN(C)C |$;;;;;;;;;;;;;;;;;;;;;$,m:16:10.11.12.13.14.9|"
8799,8799,"C1CN(CCC1CNCC2=NC(=CC=C2)C3=CC=C(C=C3)C(F)(F)F)C4=NC=CC(=N4)/C=C\5/C(=O)NC(=O)S5.CN(C)C(=N)N(C)C.CC.CNS(C)(C)C |$;;;;;;;;;;;;;K;;;;Y;A;;;;;;;;;;;;;;;;;Z7;;;;;;;;;;;;;V;;;;;;$,m:39:10.11.12.13.14.9,m:47:26.27.28.29.30.25,m:49:33.32.38.36.35,Sg:n:5:S:ht|"
8800,8800,"CC1=CC(=CN=C1)C2=C(C=C3C=CC(=C(C3=N2)C)F)/C=N/S(=O)C(C)(C)C.CNS(C)(=O)=O |$E8;;;;;;;;;K6;;;;;;;;;;;;;;;;U;;;;;;;$,m:27:1.6.5.4.3.2|"
8801,8801,"CC(=O)NC(CN1CCC(CC1)C2=CC=C(C=C2)OC)C3CCN(CC3)C(=O)/C=C/C4=CC(=C(C(=C4)F)F)F.CC |$;;;;;;;;;;;;;;;;;;;;;;;;;;;;;;;;;;;;;;;;R8$,m:39:21.22.23.24.25.20,Sg:n:0:G:ht|"
8802,8802,"COC(=O)CC1=CC=CC=C1CN(CC(F)(F)F)C2CC2.COC(=N)N(C)C |$;;U9;;L;;;;;;;;;;;;;B;B0;;;;;;;;;$,m:21:5.10.9.8.7.6|"
8803,8803,"C1=CC(=C(C=C1Cl)C(F)(F)F)NCCCN2C=CN=C2.CC |$;;M1;;;;;Z;;;;;;;;;G;;;;;R$,m:20:16.15.19.18.17,Sg:n:14:L:ht,Sg:n:12,13,14:b:ht|"
8804,8804,"CC1C(OC2=CC=CC=C2O1)C(=O)N(CCN(C)C)C3=NC4=C(S3)C=C(C=C4)F.CON.CC.COP(N)(=O)O |$;L;E2;V;;;;;;;;;;;;;;;;;;;;;;;;;;;;;;R;;;;;;$,m:29:1.10.9.4.3.2,m:32:5.6.7.8.9.4,m:34:20.19.23.22.21,Sg:n:3:L:ht,Sg:n:4:c:ht,Sg:n:14,15:J:ht|"
8805,8805,"C1=CC(=C(C=C1NC(=O)C2=C(C=CC(=N2)Cl)Cl)Cl)OC(F)F.CC |$;;;;;W;;;;;;;;;U0;;;;;;;;;M$,m:22:0.5.4.3.2.1|"
8806,8806,"CC1=C(C2=C(N1C)C=CC(=C2)OC)[C@H](CN3CCC[C@@](CC3)(C4=CC=C(C=C4)F)O)O.CC.CC(=O)SC(C)=O |$;;;;V;;;;;;;;;;;;;D;;;;;;;;;;;V;;;;R;;;;;;;$,m:31:1.2.3.4.5,m:33:16.15.21.20.19.18.17,Sg:n:4:t:ht|"
8807,8807,"CC(C)N1C2=CC(=NC=C2N=C1C(F)F)NC3=NC(=NC=C3)C4=CN(N=C4)S(=O)(=O)C(C)C.CS(C)=O |$X9;;;;;;;M;;;Z;;;;;;;Q;;;;B8;;;;;;;;;;;;;;;$,m:33:23.22.26.25.24|"
8808,8808,"CCC(C)C(C(=O)NCC1=CC(=CC=C1)NC(=O)C2=CC=C(C=C2)F)NC(=O)C3=CC=CC=C3.CC |$;;;;;;;;;;;W;Z;;;;;;;B1;;;;;;;;;;;;;;;;Q73$,m:34:29.30.31.32.33.28,Sg:n:18:w:ht|"
8809,8809,"C1CCCN(CC1)C(=O)CSC2=NN=C3N2N=C(C=C3)C4=CC=C(C=C4)F.CC |$;A;;;;;;;;;;;M1;;T3;;;;;;;;;;;;;;R9$,m:27:21.22.23.24.25.20,Sg:n:26:R:ht,Sg:n:20:M:ht|"
8810,8810,"CC1=CN=CC(=C1N(C)S(=O)(=O)C)CNC2=NC(=NC=C2C(F)(F)F)NC3=CC4=C(C=C3)NC(=O)C4.CNC(=O)NN(C)C |$M;;;V8;X;X8;;G;;;Y3;L5;;;;;;;V;;;;;;;;;;;;;;;;;;;;;;;;;$,m:36:16.17.18.19.20.15|"
8811,8811,"C[C@@H]1CN(C(=O)C2=C(C=CC(=C2)NC(=O)NC3=CC=C(C=C3)C(F)(F)F)O[C@H]1CN(C)S(=O)(=O)C4=CC=C(C=C4)F)[C@H](C)CO.CN(C)S(C)(=O)=S.CNN(C)C(=S)SC |$;;D;;L5;;;;;;T8;;;;K2;J2;;;;;;Y5;;;;;;;;;;;;;;;;;;;;;;;;;;;;;;;;;;;;;;$,m:45:1.27.26.7.6.4.3.2,m:52:17.18.19.20.21.16|"
8812,8812,"C/C=C(/C)\C(=O)N1CCC(C1)N.CC |$;;;;;;;;;L;;;;T$,m:12:6.7.8.9.10|"
8813,8813,CN1C(=O)C(=C(NC1=O)Cl)[N+](=O)[O-] |$V3;;;;;;;;;;;;T$|
8814,8814,CC(C(C)(C)N1C(=O)COCC1=O)O |$;;;;;;X1;;;K;;;;$|
8815,8815,CC(C)C(=O)N1C(COC1=O)C[P+]#C |$;;;;;;;;Q7;;;;;$|
8816,8816,"C1[C@@H](O1)CN2C=C(C=CC2=O)Br |$;;;;;;;;;;;$,Sg:n:5:F:ht|"
8817,8817,"CC(C)(C#N)N(C)C(=O)C1CC1.CN=C(C)NN(C)C |$;;;M;;;W4;;;;;;;;;;;;;$,m:12:9.10.11|"
8818,8818,"CCCC1(CCCCC1)C(=O)N(C)C |$;V;;;M;;;;;;;;;$,Sg:n:5:z:ht|"
8819,8819,CCC(=O)N(C)C(C)CNC |$;;;;;;;;;T;$|
8820,8820,"C=CN1C=CCCC1=O.CP(C)(=O)O |$;;;X2;;;;;;;;;;$,m:9:2.7.6.5.4.3|"
8821,8821,C1CC2=C(C=CC(=O)N2CC1N)Br |$;;;;;;;;;;V;;$|
8822,8822,"C1CNC2=CC=CC=C2N3C1CC3=O.CN=C(C)C(C)=NC |$;;;;;;;;;;;;;;;;;;;;;$,m:14:0.1.2.3.8.9.10|"
8823,8823,"CC(C)[C@@H]1N(C(=O)CS1)C2=NN=CS2.CN=C(N)N(C)NC |$X0;;;L7;;;;;;;;;;;;;;;;;;$,m:14:10.9.13.12.11|"
8824,8824,"CN1C(=O)C2=C(C=CC(=C2C1=O)Cl)Cl.CC.CC(=O)ON=C(C)C |$;;;;;;;;;;Q7;;;;;R;;;;;;;;$,m:14:1.2.4.9.10,m:16:5.6.7.8.9.4|"
8825,8825,C1CC2CN(C1)C(=O)C(N2)CCl |$;;M;;;;;X;;;;$|
8826,8826,"CC(C(C)N)C(=O)N(C)CCO |$;;;;A9;;;;;;;$,Sg:n:9,10:z:ht|"
8827,8827,"CN1CC[C@@H](C1=O)N.CC |$;;;D7;;D;;;;M3$,m:8:1.2.3.4.5|"
8828,8828,"CCN1C(=O)CNC(=O)C2=CC=CC=C21.COSC |$;;;;;;;;;;;;;;;;;;$,m:15:2.3.5.6.7.9.14,Sg:n:7:I:ht|"
8829,8829,"CC(C(=O)N1CCCCC1CN)OC.CNC(=O)C(C)O |$;;;;;;;;;;;;;;;;;;;;$,m:14:4.9.8.7.6.5,Sg:n:9:G:ht|"
8830,8830,"C=CN1C(CCC1=O)O.CC |$;;;;;;;;;;T82$,m:9:2.3.4.5.6|"
8831,8831,"CCN1C2=C(C=CC=C2N)C(=O)C1=O.CC(=O)S.CNNC(=S)S |$;;;;;;;;;;;;;;;;;;;;;;;$,m:14:2.3.4.10.12,m:18:5.6.7.8.3.4|"
8832,8832,"CC1CN(C(=O)CO1)CC#N |$;;;;;;;;;;$,Sg:n:7:w:ht|"
8833,8833,"CC1CC2C(C(=O)N2C(=C1)C(=O)O)N.CC |$;;;;Z7;;;;;;;;;;;R6$,m:14:1.9.8.7.3.2|"
8834,8834,CC(CC(=O)N(C)C)NC |$;;;Y;;;;;L3;$|
8835,8835,CN1C(CC(=O)N(C1=C)C)N |$;;L9;;;;;;;;$|
8836,8836,"CN1CN(C(=O)CC1=O)C.CC |$;;;;Y2;;;;;;;W22$,m:10:1.7.6.4.3.2|"
8837,8837,"CN1C=C2CNCCC2=CC1=O.CC=C=NC |$;;;;;;;;;W;;;;;;;$,m:12:1.10.9.8.3.2,Sg:n:0:p:ht|"
8838,8838,"C1CC2(CCC(=O)N2C1)C=O.CC |$;;;;;;;;;;;;V$,m:11:0.1.2.7.8|"
8839,8839,"C[C@H]1CN2C(S1)[C@@H](C2=O)C.CC |$Y;;Q4;;;T;;;;;;K34$,m:10:6.7.3.4|"
8840,8840,"CCC1(CCCN1)C(=O)N(C)CC(=C)C |$;;;;;;;;;;;;;T2;$,Sg:n:12:t:ht,Sg:n:3:N:ht|"
8841,8841,"CC(C(=O)O)N1CCCCC1=O.CC(=S)N(C)N(C)C |$;Q3;;;;;;;;;;;;;;;;;;$,m:12:5.10.9.8.7.6,Sg:n:5:w:ht|"
8842,8842,"C1=CC(=O)N2C=C(NC2=C1)N.CC |$;W1;;;;;;;;;;;R2$,m:11:0.9.8.4.2.1|"
8843,8843,"CN1C=NC2=C(C1=O)CNCC2.CP(C)S.CC |$;;;;;;;;;;;;;;;;;K$,m:12:1.6.5.4.3.2,m:16:8.9.10.11.4.5,Sg:n:2:V:ht,Sg:n:7:K:ht,Sg:n:10:H:ht|"
8844,8844,"C1CCC(C1)N2CCCCC2=O.CC.CN=C(OC)N(C)C |$;G3;;;;;;;E;;;;;R;;;;;;;;$,m:12:0.1.2.3.4,m:14:6.7.8.9.10.5,Sg:n:0:U:ht|"
8845,8845,"CCC1=CC(=O)N(C(=S)N1)C.CC |$;;;;;;;;;;;;R$,m:11:2.9.7.6.4.3|"
8846,8846,"CCN1C(=O)C2(CCCC2)C(=O)NC1=O |$;;;;;;;;;;;;;;$,Sg:n:12:Z:ht|"
8847,8847,CC(=O)N1CCNC=CC1 |$;;E5;;;;;;;$|
8848,8848,"CCC1NCC(=O)N1C.CC |$;U9;;;;;;;;;W7$,m:9:2.3.4.5.7,Sg:n:3:Q:ht|"
8849,8849,CCN(C)C(=O)C1=CC(=CC=C1)O |$;;;;;;;;;;;;K7$|
8850,8850,"CCN1CCCC(C1=O)C[NH3+].CC |$;;;;K2;;;;;D;;;R66$,m:11:2.7.6.5.4.3,Sg:n:6:T:ht|"
8851,8851,"C=CC1(CCC(=O)N1CCO)O.CC |$X5;;;;;;;M0;;;;;;R24$,m:12:2.3.4.5.7,Sg:n:8,9:U:ht|"
8852,8852,"CN1CNC2=C(C1=O)SC=C2.CC.CC |$;;;;;;;K6;;;;;V21;;X$,m:11:1.6.5.4.3.2,m:13:8.5.4.10.9|"
8853,8853,C/C=C(\C)/N(CC=O)C(=O)C |$;;;;K9;;;;;;$|
8854,8854,"C1CC(=O)N2CC3CC(C2=C1)C=C3.CC.CC.CC#[N+][O-] |$;;;;;;;;;;;;;;A6;;R;;;;$,m:13:0.10.9.4.2.1,m:15:5.6.7.8.9.4,m:17:7.6.12.11.8|"
8855,8855,"CC1=CC(=C(C=C1)N(C)C)C(=O)N(C)C.CN=CN(C)C |$;;;;;;;;;;;;;;;;;;;;$,m:15:1.6.5.4.3.2|"
8856,8856,C1C[C@H]2CNC[C@@H]1N2C(=O)C3CC3 |$;;;;Y1;;;;;;;;J$|
8857,8857,CCC(=O)N(C)CC(=O)O |$B8;;;;;;;;;$|
8858,8858,CC(C)N(CC1CC1)C(=O)C(=O)O |$;;;;;;A;;;;;;$|
8859,8859,"CC1=COC=C1C(=O)N(C)C.CC |$;;;;Y3;;;;;;;;L$,m:11:1.2.3.4.5|"
8860,8860,"C1CC1C(=O)N2C3=C(CNCC3)C=C2Br.CC |$;;;G9;;;;;;;;;;;;;G98$,m:15:12.7.6.5.13|"
8861,8861,"CN1C=NC2=C(C1=O)C(=CS2)Br.CC |$V;Q8;;W;;;;;U1;;V;;;R$,m:12:8.5.4.10.9|"
8862,8862,"CC(C)N1C(=O)CC2=C1C(=CC=C2)OC.CC |$;;E3;;;;;;;;;;;;;;R2$,m:15:9.10.11.12.7.8|"
8863,8863,"C[C@@H](CN1CCNCC1=O)O.CN=S=O |$;;;;;;;;;;;;;;$,m:11:3.8.7.6.5.4,Sg:n:0:T:ht|"
8864,8864,CCC(CC(=O)O)N(CC)C(=O)C |$;V6;;;A;;;;;;;;$|
8865,8865,"C1CN(C1C(=O)O)C(=O)CN.CC |$G;;;;;;;;;;;;R$,m:11:0.3.2.1|"
8866,8866,"COC(=O)C1=CC=CC=C1N2CCC2=O.CS(=O)(=O)C#N |$;;;;J;;;;;;;;;;;;;;;;$,m:15:4.9.8.7.6.5|"
8867,8867,CC(CN)N(C)C(=O)[C@@H]1CSC(=O)N1 |$M;;;;;;;;;B9;;;;$|
8868,8868,CC1=NC(=CS1)C(=O)N(C)C2CC2 |$;;;;K2;;;;;;;;$|
8869,8869,"CN1C(=O)CC(C2=CC=CC=C21)N.CC |$;;;B;;;;;;X;;;;;R$,m:13:7.8.9.10.11.6|"
8870,8870,"CN1C2CC/C=C\CCC2C1=O.CC |$;;B8;;;;;A;V;;;W;;J0$,m:12:1.10.9.2|"
8871,8871,"CCC(C#N)N1CCNCC1=O |$;;;;;;;;;;;$,Sg:n:11:q:ht|"
8872,8872,C=CC(=O)N1C=CC=C[C@H]1C(=O)O |$;;;;;;;U;;;;;$|
8873,8873,CC1C[C@H]2COC(N2C1=O)(C)C |$;;;;;;;;;;;L$|
8874,8874,"C[C@H]1C[C@H]2CCCC(=O)N2[C@@H](C1)C=O.CSC(C)N |$;;;;;;M;;T3;;J6;;;;;;;;$,m:14:4.5.6.7.9.3|"
8875,8875,"CCN1C(=O)C(NC1=S)C |$;;;;;;W0;K4;;$,Sg:n:1:f:ht,Sg:n:4:x:ht|"
8876,8876,CC1(C(=O)N(C(=O)C1(C)SC)C)C |$G9;;;;J;;;;;;L;;$|
8877,8877,"CC(=O)N1CCNC[C@@H]1C(=O)OC.CNC(=O)C(C)S |$;;;;;;;G;;;;;;;;;;;;$,m:13:3.8.7.6.5.4|"
8878,8878,CC(C)(C)C(=O)N(C)C |$;;;K6;;;;;$|
8879,8879,"CC1(CCNC1)C(=O)N2CCCC2CO.CC |$;;;;;;;;;;;X;;;;;T$,m:15:2.1.5.4.3,Sg:n:7:k:ht|"
8880,8880,"C1=CN2C(=O)C=COC(=O)C2=C1.CC |$A6;;;;;U7;;;;;;;;R61$,m:12:3.2.10.8.7.6.5|"
8881,8881,CCC(CC)N(CC(F)(F)F)C(=O)CC |$;;;;;;;;L4;;;;;;B$|
8882,8882,CC(C)N1C(=CC(=CC1=O)Cl)C(C)(C)C |$;;;;;;;;;;Q2;;;;$|
8883,8883,"CC1CC2=C(CCCC2)N(C1=O)C(C)C.CN(C)N=CN |$L;;;;;;;;;;;;;;E3;;;;;;$,m:15:1.10.9.4.3.2|"
8884,8884,"CC(C)C(=O)N1CC(=O)CC1C(=O)O.CC |$;;;M;;;;;;;;;;;;K$,m:14:5.6.7.9.10|"
8885,8885,CCN(C)C(=O)C1=NC(CC=C1)C |$;;;Z0;;;;;;;T3;;$|
8886,8886,"CC1(C(=O)N2C(CCC2=O)C(=O)N1)C.CNP(C)(C)=O |$;;;;;K6;;;;;;;;;;;;;;$,m:14:1.12.10.5.4.2,Sg:n:9:B:ht|"
8887,8887,"C=C(CN1CCCCC1=O)CS |$;;;;;;;;;;;G$,Sg:n:6:o:ht|"
8888,8888,CC(=O)N(C)C1(CC1)C(F)F |$;;;L;;;;;;;$|
8889,8889,CC(=C)N(C)C(=O)C |$;;;G4;;;;$|
8890,8890,"C1CC(=O)N2CCC3=CC=CC1=C32.CC |$;;U;;;;;;;;;;;;R35$,m:13:8.9.10.11.12.7,Sg:n:3:S:ht,Sg:n:0:K:ht|"
8891,8891,"CCCN(CC)C(=O)CC |$U;;;;;;;;;$,Sg:n:1,2:N:ht|"
8892,8892,CC1C(=O)NC(=O)C(=O)N1C |$;;;V;;;;;;;$|
8893,8893,CC(=O)N(C)C(=NC)OC |$;;;;;;;;Y5;$|
8894,8894,"CC(C)(CCl)C(=O)N1CCCCC1 |$;;;;Y;;;;;;;;$,Sg:n:3:b:ht|"
8895,8895,"CN1C(=O)CNC2=CC=CC=C21.CNC(=O)N=C(C)C |$;Q5;;V1;;;;;;;J;;;;;;;;;$,m:12:1.11.6.5.4.2|"
8896,8896,"CC(C)N1C(=CC(=CC1=O)N)C2CCC2.CN=C(N=C(C)C)NC.CN=NC(=NC)OC |$;;Z;;G;;X1;;;;;;;;;;;;;;;;;;;;;;;;;$,m:15:3.8.7.6.5.4,m:24:12.13.14.11|"
8897,8897,"CC1=CC(=NC=C1)N(C)C(=O)C.CC |$E1;;;;;;;;;;;;;Y8$,m:12:1.6.5.4.3.2|"
8898,8898,CC(C1=C(C=CC=N1)C(=O)N(C)C)O |$;;;;;;V;M;;;W2;;L2;$|
8899,8899,CC(=O)C1CCCCC(=O)N1C(=O)C |$D;;;;;;;;;;;;;$|
8900,8900,"CC(C1(C2=CC=CC=C2C(=O)N1C)O)O.CNC(=O)N=N |$;;;;;;;;;;;;;;;;;;;;$,m:15:2.3.8.9.11|"
8901,8901,"CC(C)(C(=O)N1C2CCC1C2)N.CC.C=NN=C(C)C |$;;;;;;;;;;;;;R64;;;;;;$,m:12:7.6.5.9.8,m:14:7.6.10.9.8|"
8902,8902,"C[C@]1([C@H](N2[C@H](S1)CC2=O)C(=O)OC)CCl.CC |$;;;;;;;;;;;;;;;;R5$,m:15:6.7.3.4,Sg:n:11:Z:ht|"
8903,8903,"C1C(=O)NC2=CC=CC3=C2N(C1=O)CN3.CN(N)N=[N+]=[N-] |$;W;;;;;;;;;;;K0;A;;;;;;;$,m:15:13.10.9.8.14|"
8904,8904,"CN(C1CCC1)C(=O)C2=NON=C2.CC(=S)N(C)C |$;Q;;;;;;;;;;;;;;;;;$,m:13:9.8.12.11.10,Sg:n:7:i:ht|"
8905,8905,"CC1CNC(CN1C(=O)C(C)(C)N)C.CC |$;;;;;;;;;;;;;;;M7$,m:14:1.6.5.4.3.2,Sg:n:11:T:ht|"
8906,8906,"CC1=CC(=C(O1)C)C(=O)N2CC2.CC(=O)C#N |$;B;G;;;;;;A;;;;;;;;$,m:12:10.9.11|"
8907,8907,"C1CN2C(=O)C=CC(=C2C1F)C=O.CNC(=O)OC |$T5;;;G5;;U1;;;;;;;;;;;;;$,m:13:3.5.6.7.8.2|"
8908,8908,"CC[C@H]1C2=CC=CC=C2CN(C1=O)C=C.COP(C)(=O)OC.CC |$W1;;;;;;;;;A;;;;;;;;;;;;;;R$,m:15:2.11.10.9.8.3,m:22:4.5.6.7.8.3,Sg:n:3:x:ht|"
8909,8909,"CC(=O)N1CCCCC1C(=O)OC |$;;;;;;;;;;;;$,Sg:n:2:F:ht|"
8910,8910,"C=C[C@@H]1CCCN1C(=O)CI.CC |$;;;;M9;;;;;;;;V$,m:11:2.3.4.5.6|"
8911,8911,CC(C)(C)N1CCCCC1=O |$;;;;;;;;L;;$|
8912,8912,"CN1C2C=CC=CC2CC1=O.CNC(=N)SC |$;;;;;;L;;;;;;;;;;$,m:11:1.2.7.8.9|"
8913,8913,CCN(CC)C(=O)CC(C)C |$;;G5;;;;;L1;;;$|
8914,8914,CC(=O)N(CC(C)(C)N)CN |$;;;;J6;;;;;;$|
8915,8915,"CC1=NC(=CS1)C(=O)N(C)CCO |$;;;;;;U4;;;;;;$,Sg:n:10,11:S:ht|"
8916,8916,"CC1=CC=CC=C1C(=O)N(C)C2CNC2.CN=NC(C)=S |$;;;;;;;;;;;;;;;;;;;;$,m:15:12.13.14.11|"
8917,8917,"CC1=CC(=C(C(=O)N1C)C=O)O.CC |$;;;;;;;;;;;E;;R6$,m:12:1.7.5.4.3.2|"
8918,8918,"CCN(CC(=O)O)C(=O)CS(=O)(=O)CC |$;;;;Q9;;;;;;;;;;$,Sg:n:7:X:ht,Sg:n:5:A:ht|"
8919,8919,C1C=CC2=NC(=CC(=O)N21)N |$;;;;;;;;;;A$|
8920,8920,"CC1CC(=O)N(C1)CC(C)CBr |$;;;;;;;;;;;$,Sg:n:11:f:ht|"
8921,8921,"CCN1C(=O)C=C(NC1=O)Cl.CC |$;;;E9;K1;;;;;;;;R$,m:11:2.8.7.6.5.3|"
8922,8922,"CCC1=CC(=CC(=O)N1C)C(=O)N.CS(=O)(=O)NO |$Z;;;;;;;;;D;M;;;;;;;;$,m:13:2.8.6.5.4.3|"
8923,8923,"CC1CN(C(=O)CCN1)C.CC |$;;;;;;;;;;;W7$,m:10:1.2.3.4.6.7.8|"
8924,8924,"CN(C1CNC1)C(=O)C2CCOCC2.CC |$;;;;;;;;;;;;K9;;;R$,m:14:9.10.11.12.13.8,Sg:n:6:D:ht,Sg:n:3:R:ht|"
8925,8925,"CCCC(=O)N1C2CC1COC2.CC |$;;;;;;;;;;;;;X6$,m:12:9.10.11.6.7.8,Sg:n:1,2:C:ht|"
8926,8926,"CC1CCC(C(=O)N1C=C)C=C.CNNC(C)=O |$;;;D;;A4;U1;;D;;;;;;;;;$,m:12:1.7.5.4.3.2,Sg:n:10:o:ht|"
8927,8927,"CCCC(=O)N1CC1C.CN(C)C(=O)NS |$;;;;;;;;;;;;;;;$,m:9:5.6.7|"
8928,8928,"CC(=O)N1CCCCC12CC=CC2 |$;;Z;;;;;;;;;;$,Sg:n:12:S:ht|"
8929,8929,"CCN1C(=O)CC2=C1N=CC=C2.CN=CC(C)=NC |$;;;V;;;;;;;;;;;;;;;$,m:12:2.3.5.6.7,Sg:n:8:E:ht|"
8930,8930,"CC1C(=O)N(CCN1)C.C[Sb] |$;;;;;;A;;;;$,m:9:1.7.6.5.4.2|"
8931,8931,CN(CC(OC)OC)C(=O)CCl |$U6;B4;;;;B;;;;;;$|
8932,8932,"CC(C1CCC(=O)N(C1)C)S |$;;;;;;X;;;;$,Sg:n:7:w:ht|"
8933,8933,"CN1C(=O)C2(N(C1=O)C)OCCO2.CC |$;;;;D3;;V4;;;;;;E7;;X46$,m:13:1.2.4.5.6|"
8934,8934,CN(C)C(=O)CCl |$Z;;;;;;$|
8935,8935,CC(C1=CC=CS1)N(C)C(=O)CS |$;;;;;;;;M;;;;$|
8936,8936,"CC(C)CN(CC(C)C)C(=O)C1(CC1)N |$;;;E;;;;;;;;;;;$,Sg:n:6:H:ht|"
8937,8937,"C[C@@H](C=O)N(C)C(=O)C1CCNCC1.CC |$;;Q5;;;;;;;;;;;;;U$,m:14:8.13.12.11.10.9|"
8938,8938,"CC1CC(CC(=O)N1C)OC.CNC(C)(C)NC |$;;;;;;;;;;;;;;;;;$,m:11:1.7.5.4.3.2|"
8939,8939,"CC(C)CN(C)C(=O)C1(CCCCN1)C |$;;K;B1;;;;;;;;;;;$,Sg:n:7:X:ht|"
8940,8940,"CC1CCCCN1C(=O)C2CC2.CC.CN(C)C(=O)NS |$;;;T8;;;;;;;;;;L;;;;;;;$,m:12:1.6.5.4.3.2,m:14:10.9.11,Sg:n:4:L:ht,Sg:n:5:l:ht|"
8941,8941,"CC1C(=O)N(C2=C(C=CC=C2N1)N)C.CNN(C)C.CN=C(C)C(C)=O |$;;;;;V5;;;;;;;;;;;;;;;;;;;;$,m:14:1.11.10.5.4.2,m:19:6.7.8.9.10.5|"
8942,8942,CCN1C(=NC(=C(C1=O)N)C)C |$;;;;;;;A;L7;;;$|
8943,8943,"CN(CCO)C(=O)C1=CC(=CC=C1)S |$;;;;;V7;;;;;;;D;Z$,Sg:n:2,3:j:ht|"
8944,8944,"C[C@H](C(C)C)C(=O)N1CCCC1.CC |$;;;U2;;D;E1;;;;;;;J7$,m:12:7.8.9.10.11,Sg:n:9:A:ht|"
8945,8945,"CCC1=CN(C(=O)C=C1)C |$;;A;;;;;;;$,Sg:n:0:u:ht|"
8946,8946,"CCN1C(=O)C2=NON=C2NC1=O.CN=S(C)(=O)NC.CC |$;;;;;;;;;;;;;;;;;;;;;R$,m:13:2.11.10.9.5.3,m:20:6.5.9.8.7|"
8947,8947,"C[C@@H]1CN([C@](CN1)(C)OC)C(=O)C.CC |$;;;;;;;;;;;;;;R$,m:13:1.6.5.4.3.2|"
8948,8948,"C1CSC2CC(=O)N2C1C(=O)O.CN=C(N)N(C)C |$;;;;;;Y;E1;;;;G;;;;;;;$,m:12:4.5.7.3|"
8949,8949,"C1=C(C(=O)N(C=C1Br)C(F)F)F.CC(C)=NN=N |$;;;;;;;;;;;;;;;;;$,m:12:0.6.5.4.2.1|"
8950,8950,"CN1C(=O)[C@@H]2CC=CC[C@@H]2C1=O.CC.COS(=O)(=O)O |$;;;;;;;;;;;M2;;R;;;;;;$,m:12:1.2.4.9.10,m:14:5.6.7.8.9.4|"
8951,8951,"CCN1C(=O)CNC2=C1C(=CC=C2)OC.CC |$;Z5;;;;Q;;;;;;;;;;;G$,m:15:2.8.7.6.5.3|"
8952,8952,CC(C)(C(=O)N1CC=CC1)Br |$;;;;L;;J;;;;$|
8953,8953,"CC1=C(N=C2NCCCN2C1=O)O |$;T3;;;;;;;;;;;$,Sg:n:6:a:ht|"
8954,8954,"CC(C)C1CC(=O)N(C1)CS.CNN=C(C)N=C(C)C |$;;;;;;;;;Z2;;;;;;;;;;$,m:11:3.4.5.7.8|"
8955,8955,C1=CC2=NC(=C(C(=O)N2C=C1)Cl)N |$;;;;J0;;;;;;;;$|
8956,8956,CC1=C(N(C(=S)N(C1=O)C)C)O |$Y4;;;;U;D4;A1;;;;;$|
8957,8957,"CC1=NNC(=O)C2N1C(=O)CC2.CC |$;;;;Y9;;U5;;;Z;;Y;;L95$,m:12:1.7.6.4.3.2|"
8958,8958,"CC1(CNCC(N(C1=O)C2CC2)(C)C)C.CN(S)C(=O)O.CC |$;;;;;;;;;;;;;;;;;;;;;;R6$,m:15:1.2.3.4.5.6.7,m:21:10.9.11,Sg:n:14:I:ht|"
8959,8959,CC1=NC2=C(C(=CC=C2)Br)N(C1=O)C |$;;;;L2;;;;;;;;;Q4$|
8960,8960,"CC1(C=C(N2[C@@H]1CC2=O)C(=O)O)C.CC=NC(=NC)N(C)C.CC |$;;;;;;D;;;;;;;;;;;;;;;;;J4$,m:13:1.2.3.4.5,m:22:6.7.4.5|"
8961,8961,"C1=CC(=O)N(C1=O)CC(CN)(F)F |$;;;;Y;V0;;;;;;;$,Sg:n:11:X:ht|"
8962,8962,"CCNC1=C(C=CC=N1)C(=O)N(C)C.CC |$;;;;;;;;L7;;;;;;;G2$,m:14:3.8.7.6.5.4|"
8963,8963,CC#CC(=O)N(C)C(C)C(=O)N |$;;;;;;;;;;;T3$|
8964,8964,CC1=C(C(=O)N(C(=O)N1)C(C)C)F |$;;;;Z;;;;A9;;;;$|
8965,8965,"CN(C1CC1)C(=O)C2=NC(=NN2)N.CC |$X;;G;;;;;;;;;;;;R1$,m:13:3.2.4,Sg:n:7:h:ht|"
8966,8966,"CC(=O)N1CC(C1C2CC2)(C)C.CC=NNN(C)C.CC=NS(=O)(=O)N(C)C |$;;;;;;;E5;;;;;;;;;;;;;;;;;;;;$,m:12:3.6.5.4,m:19:8.7.9|"
8967,8967,CCN1[C@H](CCC1=O)C |$;;Z9;;;;;;$|
8968,8968,CN(C)C(=O)C1(CNCC12COC2)F |$;Q;;;;M;;;;;Z3;;;$|
8969,8969,CN(C)C(=O)CI |$;;;;A;;Y$|
8970,8970,"CCC1=C(C(N(C1=O)C(C)C)C)C=O |$;;;;;;;;;;;;;$,Sg:n:12:B:ht|"
8971,8971,"CN1C(=O)CCC1=O.CC |$;;;;;;;;;U$,m:8:1.2.4.5.6|"
8972,8972,"C1CC(C1)C(=O)N2CCC2.CC.CNS(=O)O |$;;K;;;;;;;;;R68;;;;;$,m:10:0.3.2.1,m:12:7.8.9.6,Sg:n:1:T:ht|"
8973,8973,"CC1CCC2N1C(=O)CC(C2)C.CC.COC=O |$;;;;;;;;;;;;;U96;;;;$,m:12:1.2.3.4.5,m:14:6.8.9.10.4.5,Sg:n:8:N:ht|"
8974,8974,"CC1=C2C(=C(C=C1)F)CCN(C2=O)C.CC |$;;;;;;Q8;;G8;X;;;;;;A$,m:14:1.6.5.4.3.2|"
8975,8975,"CCC(=O)N1CCCC[C@@H]1CO.CC(=S)NN |$;;Y4;;X9;;;;;;;;;;;;$,m:12:4.9.8.7.6.5,Sg:n:11:K:ht|"
8976,8976,"CCC(C)(CC)C(C)N(C)C(=O)C |$;;;;;;;;;;;;$,Sg:n:4:h:ht|"
8977,8977,"CC(=O)N1C2=C(C=CC=C2Cl)SC1=S.CC(=S)C(=O)O |$;;;;Y7;;;;;;;;;D;;;;;;$,m:14:3.4.5.11.12|"
8978,8978,"CC(C1=C(C=CC(=O)N1C)N)N.CC |$;;;;;;;M4;;;G;;;R$,m:12:2.8.6.5.4.3|"
8979,8979,C[C@@H](CNC)C(=O)N(C)C |$;;X;;;;;B6;;$|
8980,8980,"C1[C-]=CC(=O)N1C2=CC=CC=C2.CN=C(NC)NS(C)(=O)=O |$;;;;;;;;;;;T;;;;;;;;;;$,m:12:0.1.2.3.5|"
8981,8981,CCN(CC)CC(=O)N(C)C(C)C(=O)O |$;;;;;;;;;;Z;J;;;$|
8982,8982,"CC1=CC(=O)N(C1=O)C2CC2.C[NH+](C)[O-] |$;G6;;;;;;;;E6;;;;;$,m:11:1.2.3.5.6|"
8983,8983,"CC[C@]1(CCCC(=O)N1C(C)(C)C)C(=O)O |$;;Z0;;;B4;J;;;;;;;;A9;$,Sg:n:7:k:ht|"
8984,8984,CN1CCC=C(C1=O)C(=O)N |$;Y5;;;;B4;;;;;J2$|
8985,8985,CC(=O)N(C)C(=S)C(=O)O |$;;Y8;;;;;;;$|
8986,8986,"CC(C1C2CC=CCN2C1=O)O.CN=C(NC)N(C)N(C)C |$;;;W;;;;;;;;;;;;;;;;;;$,m:12:4.5.6.7.8.3|"
8987,8987,"CCC(C)(C)C(=O)N1CC(CC1C)Br.COP(C)(=O)OC |$;Q;;J;;;;;;;;;;;;;;;;;$,m:14:7.8.9.10.11|"
8988,8988,"CSC1CCCC1N2CNCC2=O.CN(C)C(=O)C=O |$;;;;;;;;;;;;;;;;;;;$,m:13:8.7.11.10.9,Sg:n:10:C:ht|"
8989,8989,"CCC1(CN(C1)C)C(=O)N2CCC2.CC.CC |$;;;;;G7;;;;;;;;;E;;Z69$,m:13:3.4.5.2,m:15:10.11.12.9,Sg:n:3:d:ht,Sg:n:2:h:ht|"
8990,8990,CN(CC=C)C(=O)C=[N+]=[N-] |$;;;;;;;B;M;E6$|
8991,8991,CC(C)SC(C)C(=O)N(C)C |$;;;T;;;;;;;$|
8992,8992,"CC(N)N1CCCC1=O.CN(C)NN=[N+]=[N-] |$;;;D;;;;;;;;;;;;$,m:9:3.4.5.6.7|"
8993,8993,"C1C(=O)N(C(=O)N1)C2=CC=CC=C2N.CC |$;;;;;;;;;;;;;;;R$,m:14:0.1.3.4.6|"
8994,8994,"CC(C=C)C(=O)N1CCC1.CC |$;T8;A;E3;;;;;;;;Y26$,m:10:6.9.8.7|"
8995,8995,"CC(C)(C#N)N1C(=O)C=CC1=O.CC |$;;W5;;;;;;;;;;;R$,m:12:5.6.8.9.10|"
8996,8996,"C1C2=CN=CC(=O)N2C=CS1.CON(C)N(C)C.CC |$;V;;;;;;;;;;;;;;;;;;R1$,m:11:0.10.9.8.7.1,m:18:2.3.4.5.7.1|"
8997,8997,"CN1CCOC2(C1=O)CCCNC2 |$;;;;;;K9;;;;;;$,Sg:n:3:G:ht|"
8998,8998,CCCN1CC(CC1=O)(C)CCO |$;;;;;Y;;;;;;;$|
8999,8999,"CC1CNC(=O)N(C1=O)C |$;;;;;;;;;D$,Sg:n:2:k:ht|"
9000,9000,"C1CCC(=O)N2CCCC2C1.CC |$;;;G3;;;;;;;;;J$,m:11:0.1.2.3.5.9.10|"
9001,9001,"CC(=O)N1CCC(=C)CC1.CONC(C)=O |$;;;;;;;;D;;;;;;;$,m:10:3.9.8.6.5.4,Sg:n:3:p:ht|"
9002,9002,"CC1CCCN(C1)C(=O)C(F)(F)F |$;;;;;;;;;;;;$,Sg:n:6:f:ht|"
9003,9003,"CC1=C(N2C(=O)CC2(SC1)C)C.CC |$;;;;;;;;;;;;;R5$,m:12:1.9.8.7.3.2,Sg:n:4:z:ht|"
9004,9004,"CCN1C(=O)C(=C(NC1=O)C)[N+](=O)[O-].CC(=N)C=N |$;Q;;;;;;;;;;;;;;;;;$,m:14:2.8.7.6.5.3|"
9005,9005,"CC(C(=O)N1CCC(C1)Br)C(C)(C)C |$;;;;;;;;;;;;;$,Sg:n:13:v:ht|"
9006,9006,CC1(CCCC1)C(=O)N2CCC(C2)NC |$;;;;;;;Y;;;M7;;;;$|
9007,9007,"CN1C=C(C=N1)C2CCCN2C(=O)CBr.CC |$;;;;;;;;;;;;;;;;R35$,m:15:1.2.3.4.5|"
9008,9008,CC1=C2CN(C(=O)C2=CC=C1)C |$;V;;G4;J2;;;;;E1;;$|
9009,9009,"C[C@@H]1C[C@H]1C(=O)N2CCCC2C |$;M9;;;;;;A;;;;$,Sg:n:1:s:ht|"
9010,9010,"CN(CCN)C(=O)CS(=O)(=O)C |$;;;;;;;;;;;$,Sg:n:2,3:E:ht|"
9011,9011,CC(C)[C@@H](C(=O)NC)N(C)C(=O)C |$;;;A;;;;;;;;L7;$|
9012,9012,"CC1CC(=O)N(C2=CC=CC=C2C1C)C.CNS(N)(=O)=O |$;;;;;U4;;;;;;;;;;;;;;;$,m:15:7.8.9.10.11.6|"
9013,9013,"C1CNC[C@H]1N2C(=O)COCC2=O.CC.CC(=O)NS(C)(=O)=O |$;;;;;;;;;;;;;;U4;;;;;;;;$,m:13:0.1.2.3.4,m:15:6.8.9.10.11.5,Sg:n:9:U:ht,Sg:n:0:r:ht|"
9014,9014,"CN1CCCCC(C1=O)C=O.CC |$;;;;;;;;;;;;R0$,m:11:1.2.3.4.5.6.7|"
9015,9015,"C1CCN2[C@@H](C1)[C@@H](CC2=O)N.CC.CSS(=O)(=O)O |$Q0;;;;;;;B;;;;;J08;;;;;;$,m:11:0.5.4.3.2.1,m:13:6.4.3.8.7|"
9016,9016,"CC1=C2C(=CC=C1)CC=CN2C(=O)C.CC(C)=C=N |$;B9;;;;;;;;;;V;;;;;;;$,m:14:7.8.9.10.2.3|"
9017,9017,"CN1CC(=O)N(C1=O)C(O)O.CC |$;;D0;;;;;;;;;;R$,m:11:1.2.3.5.6|"
9018,9018,CC[C@H](C)[C@H](C)C(=O)N(C)C |$;;;;;;;;;;V3$|
9019,9019,"CCCC(C)N(C)C(=O)CN |$;;;;U;;;;;;L0$,Sg:n:1,2:u:ht|"
9020,9020,C1C=C[C@H]2C=CCN2C1=O |$;;;;;;;A4;;$|
9021,9021,"CC1CC(=O)N2C(CSC2=N1)C.COB(OC)OC.CC |$;;;;Z;;;;;D3;;;;;;;;;;;R$,m:12:1.10.9.5.3.2,m:19:6.5.9.8.7|"
9022,9022,CC(C(=O)N(C)C1CC1)Br |$;;;J;;;;;;$|
9023,9023,CC(=O)N(C1=CC=CC=[N+]1[O-])C(=O)C |$;E5;;;;;;D7;Q6;;;;;$|
9024,9024,CC1=CC(=CN(C1=O)C)C(=C)N |$;M;;;;;;;;B1;;$|
9025,9025,"C1CCC2CNCC(=O)N2CC1.CN=C(C)N(C)SC |$;;;;;;Y;;;;D;;;;;;;;;$,m:12:4.5.6.7.9.3,Sg:n:7:W:ht|"
9026,9026,"CC1C=CC(=O)N1C2CC2.CC.CC |$;;;;;;;;;;;T5;;W$,m:10:1.2.3.4.6,m:12:8.7.9,Sg:n:9:p:ht|"
9027,9027,"CC(C)C1=C2NC=CN2C(=O)C=C1.CSNSC.CC |$;Y3;;;;U3;;;;;;;G6;;;;;;;E$,m:13:3.12.11.9.8.4,m:18:5.4.8.7.6|"
9028,9028,"C1CC(=O)N([C@@H]1C(=O)[O-])C2=CC=CC=C2.CC |$;;;;D;X;;;;K1;;;;;;;R$,m:15:0.1.2.4.5,Sg:n:11:L:ht|"
9029,9029,"CN1C(=O)C=CN(C1=O)CN.CSC(=S)N(C)N |$;;;;;;;;M9;;;;;;;;;$,m:11:1.7.6.5.4.2|"
9030,9030,CC(=O)N(C)C=S |$G5;;;;;;$|
9031,9031,"CCN(C(C)COC)C(=O)C1CNC1.CC |$;E8;;;;;;;;;X4;;;;;L8$,m:14:10.13.12.11|"
9032,9032,"CC1CN1C(=O)C2CC2.CC.CC |$;;;;;;;;;;R;;R3$,m:9:1.2.3,m:11:7.6.8,Sg:n:7:e:ht|"
9033,9033,"CN(CC(=O)N)C(=O)C1(CC1)N |$;;;;Y;;;G;;E8;;$,Sg:n:5:U:ht,Sg:n:10:w:ht|"
9034,9034,CC(C(F)(F)F)N(C)C(=O)C |$;;;;T;;;;;;$|
9035,9035,CC1=CC=CN(C1=O)C(=C)C |$D;;T0;;;;;;;;$|
9036,9036,CCC1=C(C=C(C=C1)O)C(=O)N(C)C |$;;;;;;;D2;;;;;;Z8$|
9037,9037,"CC(CO)N(C)C(=O)C(F)F |$;;;;;;;D;;;$,Sg:n:3:N:ht|"
9038,9038,"CC1CNCCN1C(=O)CI.CC(=O)ON=C(C)C |$;;;;;;;;;;V2;;;;;;;;$,m:11:1.6.5.4.3.2,Sg:n:9:f:ht|"
9039,9039,CC(C)C(=O)N1CCOCC1CCN |$K6;;;;;M3;;D6;;;;;;$|
9040,9040,"C1=CNC(=O)N(C1=O)CCCl |$;;;;;;;;;;$,Sg:n:8,9:d:ht|"
9041,9041,CC1=C[C@H]2CCC(=O)N2CC1=C |$;;;;;;K6;;W9;;;$|
9042,9042,"CC(=O)N1CCCCC1C2CCCN2.CC(=O)NN=[N+]=[N-].CC |$;;;;;;;;;;;;;;;;;;;;;;R$,m:14:3.8.7.6.5.4,m:21:10.9.13.12.11|"
9043,9043,"CC(=O)N1CCCC1C2=NC=CN=C2.CC(C)=NC(=S)N(C)C.CC |$;;;;;;;;;;;;;;;;;;;;;;;;Z$,m:14:3.4.5.6.7,m:23:9.10.11.12.13.8|"
9044,9044,"CC(C)C(C(=O)OC)N1C(=O)C=CC1=O |$;;;;;;U;;;;;K;;;$,Sg:n:12:W:ht|"
9045,9045,C[C@@H](CN1C=CC=CC1=O)N |$;;E4;;;;;;;;$|
9046,9046,"CC(=O)N1CC2(CC2)NC3=C1SC=C3.CN(C)N=N |$Z;;;;;;;;;;;;;;;;;;$,m:14:6.5.7|"
9047,9047,"CC1=CC(=CN(C1=O)C)OC |$;;;;;;;;;;$,Sg:n:5:b:ht|"
9048,9048,C=CN1CCCC1=O |$;;A1;;;;;$|
9049,9049,"C1CC(=O)N(C1=O)C2(CCOC2)CO.CC(=O)ON=C(C)C |$;;;;E9;;;;;;;;;;;;;;;;;$,m:14:0.1.2.4.5,Sg:n:11:b:ht|"
9050,9050,CC(CN1CC(CC1=O)N)OC |$U7;K0;;;;;;;M;;J5;V0$|
9051,9051,CC1CC(=O)N(C1=C)C |$;;U;;;D6;;;$|
9052,9052,"CC1=CS[C@@H]2N1C(=O)C2.CC.CC |$T6;;;T6;;;;;;;R;;R19$,m:9:1.2.3.4.5,m:11:6.8.4.5|"
9053,9053,CCN(CC)C(=O)C(=O)OC |$;V4;;;;;;;;;$|
9054,9054,"CC1CC(=O)N(C2C1O2)C.CC |$;;;;;G;;;;;;R0$,m:10:1.7.6.5.3.2,Sg:n:5:E:ht|"
9055,9055,CC(C)N1CCNCC1=O |$;;;;;;;M;;$|
9056,9056,"CC1(CN(C(=O)CO1)C2CC2)CC(=O)O.CC |$W;A6;;;;M3;;;;;;;;;;;R$,m:15:9.8.10|"
9057,9057,CCN(C)C(=O)[C@@H](C)Br |$;;;J;;;;;$|
9058,9058,"CC1=C(N2C=CSC2=N1)C(=O)N3CCC3.CC |$;;;;;;M;;;;;;W4;;;;X$,m:15:12.13.14.11|"
9059,9059,"CN1CC2CCCC2C1=O.CC(C)=NS(C)(=O)=O |$;;;G;;;L8;;;;;;;;;;;$,m:10:4.3.7.6.5|"
9060,9060,"CC1CCCC(N(C1)C(=O)C)C(=O)O |$;;;B1;;;;;;;;;;$,Sg:n:6:Y:ht|"
9061,9061,"C1=CNC(=O)N(C1=O)C(C(=O)O)N.CPN(C)C |$;;;;;;;;;;;;;;;;;$,m:13:0.6.5.3.2.1|"
9062,9062,"CCN(CCO)C(=O)C(C)(C)OC |$;;;;A;;;;;;;;$,Sg:n:6:V:ht|"
9063,9063,"C1CC2=C(C=C(C(=O)N2C1)Cl)N.CN(C(=O)O)S(C)(=O)=O |$;;;;;;;;L7;;;;;;;;;;;;$,m:12:3.4.5.6.8.2|"
9064,9064,"CN1C2=CC=CC=C2C3(C1=O)CC[NH2+]C34CCCC4.CC.CC |$A;;;;;;;;;K;;;;L5;;;Q;;;;R7;;L$,m:19:3.4.5.6.7.2,m:21:15.14.18.17.16,Sg:n:2:k:ht,Sg:n:7:i:ht,Sg:n:18:I:ht|"
9065,9065,"CN1CCCC1=O.CC |$;;;;;;;;R$,m:7:1.2.3.4.5|"
9066,9066,"CC1[CH-]C(=O)N(C1=O)C.CC |$;;;D0;;;;;;;R$,m:9:1.2.3.5.6|"
9067,9067,"C1CCN(CC1)C(=O)CN.CC |$;;;;;;;;;;;Y10$,m:10:0.5.4.3.2.1|"
9068,9068,"CN1C=C(N=N1)C(=O)N(C)C2CCC2.CS(N)=O.CNS(C)=N |$;;K;Z;;Q6;;;;;;;;;;;;;;;;;$,m:14:1.2.3.4.5,m:18:11.12.13.10|"
9069,9069,"CC1([C@@H](N2[C@H](S1)CC2=O)C(=O)O)C.CS(=O)(=O)C(N)=O |$;;;;;;;;;;;;;;;;;;;$,m:13:1.2.3.4.5|"
9070,9070,"C1CC1(CN2C(=O)C=CC2=O)CO.COS(C)(C)OC |$;;;;;X3;;;D0;;V4;Q3;;;;;;;;$,m:13:0.1.2,Sg:n:9:x:ht|"
9071,9071,"CC(C)N(C)C1=NC=CN(C1=O)C.CN=NC(=O)N(C)C |$;;;;;;;;;B;K;;;;;;;;;;$,m:13:5.10.9.8.7.6|"
9072,9072,"CC1CCC(C(=O)N2[C@H]1COC2)C.CC |$;;;;;J5;;;;Z;;;V;;R$,m:13:9.8.7.11.10|"
9073,9073,"CC(=C)/C(=C(\C)/Cl)/N1CCCCC1=O.CN(C)NC(=O)N(C)C |$;;;;;;;;;;;;;;;;;;;;;;$,m:14:7.12.11.10.9.8,Sg:n:5:B:ht|"
9074,9074,CC(C(=O)N1CCC1)SC |$;;;V;;;;;;$|
9075,9075,"C1C(C1N)CN2C(=O)CC3=CC=CC=C32.CC.COS(C)(C)C |$;;;;;;;;;A;;;;;;;R;;;;;;$,m:15:0.1.2,m:17:10.11.12.13.14.9|"
9076,9076,"CCCN(CC)C(=O)C(=O)C |$;E8;;;;;;;;;$,Sg:n:1,2:O:ht|"
9077,9077,"CCC(C)N1CCOC(C1=O)CO.CN=C(C)ON=C(C)C |$;;;;;;;;;;;;;;;;;;;;;$,m:13:4.9.8.7.6.5|"
9078,9078,"CN1C2=NN=CN2C(=O)C=N1.CC.CC |$K4;;;;;;;;;;;;R74;;R$,m:11:1.10.9.7.6.2,m:13:3.2.6.5.4|"
9079,9079,"CC1=C2CC3=CC=C(C=C3)N(C1=O)C2=O.CC |$;J;;;;;;;;;;V;;;;;R$,m:15:1.2.13.10.11|"
9080,9080,"CN1C(=CC(=O)N(C1=O)C)F.CSON(C)C |$;;;;;;;;;;;;;;;;$,m:11:1.7.6.4.3.2|"
9081,9081,"CN1C2C3CCC(C2Cl)CC3C1=O.COC(=O)N(C)N(C)C |$;;;;;;;;;;;;;;;;;;;;;$,m:13:4.5.6.9.10.3,Sg:n:2:l:ht|"
9082,9082,CN1CCC[C@](C1=O)(CN)O |$;;;;;;;Q2;;;$|
9083,9083,C[C@H]1[C@@H]2[C@@H](O2)C3=CC=CC=C3N1C(=O)C |$;;Q5;;;;;;;;;;;;$|
9084,9084,"CN1C(=O)C=C(NC1=O)N(C)N.COC(=S)S |$;;;;;;;;;;;A;;;;;$,m:12:1.7.6.5.4.2|"
9085,9085,"CC(CN1C(=O)CNC1=O)C2CC2 |$X6;Z3;;;;;W;Y;X;;;;$,Sg:n:4:y:ht|"
9086,9086,CC1C(=O)N(C2(O1)CCNCC2)C |$;;;;;U0;;A;;;;;$|
9087,9087,"CC(C)(C)N1C(=O)C(=C(C1=O)I)I.CN(C)C=O |$;;;V;A6;;;;;;;;;;;;;$,m:13:4.5.7.8.9|"
9088,9088,"CC(C)C1(CC1)N2CCC(C2=O)Br.CC |$;K1;;V;;;;;;;D9;;;;R75$,m:13:7.6.10.9.8,Sg:n:5:V:ht|"
9089,9089,"C1=CN=C2N(C1=O)C(=CS2)C(F)(F)F.C=NC(C)=O |$;;;;;;;;;;;;;;;;;;$,m:14:0.5.4.3.2.1|"
9090,9090,"CN1C(=O)C=C2C=CC=CC2=C1Cl.C=NN(C)C(C)=N |$;;K;;;B;;;;;;;;;;;;;;$,m:13:1.11.10.5.4.2|"
9091,9091,"CN1CN(C2=C1C(=O)N(C(=O)N2C)C)C.C=NOC.COC(C)=O |$;;;;;;;;;;;;;;;;;;;;;;;$,m:15:1.2.3.4.5,m:19:6.8.9.11.4.5|"
9092,9092,"CN1CCNCC1=O.CC(C)=NN=C(C)N(C)C |$;;;;;;;;;;;;;;;;;$,m:8:1.6.5.4.3.2|"
9093,9093,CCN(CC)C(=O)C(C(C)(C)C)N |$;;;;;B;;;;;;;$|
9094,9094,"CC(C)(C)C(=O)N1CCS(=O)C1 |$;G0;X9;;;;;;;;;$,Sg:n:1:j:ht|"
9095,9095,CC(=O)N1C[C@H]2[C@@H](O2)C3=CC=CC=C31 |$;;;;;;;;;;;;;Q4$|
9096,9096,C/C=C\1/C(CN(C1=O)C=C)C=C |$;Y3;;;;;;;;E7;;$|
9097,9097,CCC(=O)N1C(COC1=O)C |$;;;;;;K;;;;$|
9098,9098,"CN1C2CC(C2)C3=CC=CC=C3C1=O.COP(C)(N)=O.CNC=NN |$;;W;;D;A5;;;;;J;;M8;;;;;;;;;;;;$,m:14:7.8.9.10.11.6,m:20:5.4.6.11.12.1.2|"
9099,9099,"CN(C)C(=O)[C@@H]1CCNC1.CC |$K7;;U;;;;;;;;;R5$,m:10:5.6.7.8.9|"
9100,9100,"CN1[C@@H]2[C@@H](CC[C@H]2Br)CC1=O.CC=NS |$;;T;;;U;;;;;;;;;$,m:11:4.3.2.6.5|"
9101,9101,"C=CN1CCCC1=O.CNB(C)OC |$;;;;;;K4;;;;;;;$,m:8:2.3.4.5.6|"
9102,9102,CC1COCC(N1C(=O)C(F)F)C |$;G3;;L2;;;;;;;;;$|
9103,9103,"CC(C)N1C(=O)CN(C1=O)[AlH2].COC(=O)C(=O)O |$;;;D;;;;;;;;;;;;;;$,m:11:3.4.6.7.8|"
9104,9104,"CN(C)C(=O)CN=O |$;L;;;;;;V7$,Sg:n:2:J:ht|"
9105,9105,CCN1C(=O)C=NN(C1=O)[AlH2] |$;;L;;Z;;;M5;;;$|
9106,9106,"CC(C)[C@@H]1N2[C@H](C(S1)(C)C)SCCC2=O.CNC(C)=NO |$;;Q7;;;;;;;V;;;;;;;;;;;$,m:15:10.11.12.13.4.5|"
9107,9107,"CC1=CC=CN(C1=O)C=C.CC |$X8;;;;;;;;;;;X$,m:10:1.6.5.4.3.2|"
9108,9108,CN1C=NC2C(C1=O)NC=N2 |$;;J;;J7;;;;;;$|
9109,9109,CC(C)CN(CC(C)C)C(=O)C(=O)C |$;;D4;;;;;;;;;;;$|
9110,9110,"CCN(CC(=C)C)C(=O)C1(CCNC1)C.COC(OC)SC |$Q;;;D5;;;;;;;;K;G4;;;;;;;;;$,m:15:9.10.11.12.13,Sg:n:1:o:ht|"
9111,9111,"C1CCN2C(C1)C(CC2=O)I.CC |$;;;;;;;;;;;;G$,m:11:6.4.3.8.7,Sg:n:6:v:ht|"
9112,9112,"CCN1C=C(CCC1=O)Br.CC |$G;;;;;;;;;;;R$,m:10:2.7.6.5.4.3|"
9113,9113,"C1CN(C1=O)C#N |$;;;;;;$,Sg:n:6:i:ht|"
9114,9114,"C1C(=O)NC(=O)C2N1C(=O)C=CC2=O.CC |$;;;;;;;;;;;;;J;;R99$,m:14:8.10.11.12.6.7|"
9115,9115,"C1CC(=O)N2C1NC(=O)CC2.CSN=O.CC(=O)NN=[N+]=[N-] |$L;;;;;;;;;;;;;;;;;;;;;$,m:11:0.1.2.4.5,m:15:6.7.9.10.4.5|"
9116,9116,"CN1CCCC(C1)CN(C)C(=O)CS.CON=O |$;;;;G7;;Q9;E;;;;;;;;;;$,m:14:1.6.5.4.3.2|"
9117,9117,"CCC1(CCC(=O)N1C(=O)C(C)I)CC.CNN(C)N |$;V8;;;D3;;;;;;;;;;T2;;;;;$,m:15:2.3.4.5.7|"
9118,9118,CN(CCCN)C(=O)CC=C |$;L2;;;;;;;;;$|
9119,9119,CC1=CC=C(C(C1)C(=O)N(C)C)N |$;;;;;;;;L;;;;$|
9120,9120,"CC1(CCC2N1C(=O)CNC2=C)C.CC.CC |$;;;;X2;;;;;;;;D;;J;;R60$,m:13:1.2.3.4.5,m:15:6.8.9.10.4.5,Sg:n:6:o:ht|"
9121,9121,CCN(CC)C(=O)C[I+]C |$;;;;E;;;;;$|
9122,9122,CC(=O)C(C(=O)O)(N(C(=O)C)C(=O)C)S |$;;;;;;;;;;;M9;;L;$|
9123,9123,"CCN1C(=O)[C@H](C(=O)N(C1=O)C)C.CC |$;E7;;;;;;;;;;;;;R22$,m:13:2.9.8.6.5.3|"
9124,9124,"CC(C)N1C(=O)C(NC1=O)(C)S.COC(=O)S |$;;;;;;;;;;;;;;;;$,m:12:3.4.6.7.8|"
9125,9125,CCN(CC)C(=O)[C@H](C)N |$;;M;;;;;;;$|
9126,9126,"CN1CCC(CC1=O)Cl.CN=C(NNC)OC |$;;;;;M1;;;A9;;;;;;;;$,m:9:1.6.5.4.3.2|"
9127,9127,"C1[C@@H]2CN(C[C@H]1C2O)C(=O)CCl.CNNC(=S)S.CC |$;M;;;;;;;;;T2;;;;;;;;;R4$,m:12:0.5.6.1,m:18:6.1.2.3.4.5,Sg:n:4:Z:ht|"
9128,9128,CC(C)C1C(=O)NCC(=O)N1C2(CC2)C |$;;;X;;;;T3;;;;;;;Y$|
9129,9129,CC1COCCN1C(=O)C(C)C#N |$;;;;G6;;;;;;;;$|
9130,9130,"CN1C2C=CCCC2CCC1=O.CC |$;;;;;;;;;;;;;R8$,m:12:1.10.9.8.7.2|"
9131,9131,"CN1C2=CC=CC=C2C(=CC1=O)Br.CC=NN(C)C(N)=NC.CO[N+]#[C-] |$;;;;;;;;X;;;;Z;;;;;;;;;;;;;$,m:13:1.10.9.8.7.2,m:22:3.4.5.6.7.2|"
9132,9132,"CN1C2=C(CCCC2)C=CC1=O.CB=N.CSP(=S)(SC)SC |$;;;;;;;;;;;;;;;;;;;;;;$,m:12:1.10.9.8.3.2,m:15:4.5.6.7.2.3|"
9133,9133,"CN(CCC(=S)N)C(=O)CCO |$;;;;;;;;;;;$,Sg:n:2,3:A:ht|"
9134,9134,"CCN(C)C(=O)C1CN1.CNSN(C)C |$;;;;;;;;;;;;;;$,m:9:6.7.8|"
9135,9135,"CCN1C2CCNCC2CCC1=O.CC.CC |$;;Y6;;;;;;;;;;;;K50;;J$,m:13:2.11.10.9.8.3,m:15:4.5.6.7.8.3|"
9136,9136,CC(=O)N(CC(=O)[O-])C[SiH](C)C |$;;;;;;;;;K;;$|
9137,9137,CC(C)N(C)C(=O)C1(COC1)CN |$;;;;;V;;;;;Y;;$|
9138,9138,"C[C+]1CC(=O)N(C1)C(C)C.CC |$;;;;;;;Z;G6;;;K$,m:10:1.2.3.5.6,Sg:n:5:e:ht|"
9139,9139,CC(C)(CN1CCOCC1=O)CBr |$;;X;;;;;;;;;;$|
9140,9140,CN1CC(=O)N(C=C=C1)C |$;T;;;U;;;;E;$|
9141,9141,C=CC(=O)N1CCNC(=O)[C@@H]1C2=CC=CS2 |$;;;;W8;;;;;;;;;;;$|
9142,9142,"CC1=CC=CC(=O)N1CCBr.CSNC(=O)N(C)C |$;;;;;;;;Z5;;;;;;;;;;$,m:11:1.7.5.4.3.2|"
9143,9143,"CC1CC(N(C1)C(=O)C(C)(C)Br)C.CC=NN(C)N(C)C |$K9;G;;;;;;;;;;M4;;;;;;;;;$,m:13:1.2.3.4.5|"
9144,9144,"CC(C(=O)N1CC=C[C@H]1C#N)N.CC |$;;;;;M;;;;;;;;Z$,m:12:4.5.6.7.8|"
9145,9145,CCN(CC=C)C(=O)C(C(C)C)Br |$;G;;;;;;;;;;L6;$|
9146,9146,"CCC1(CSC2N1C(=O)C2)C(=O)O.CC.CC(C)(O)S |$;;;;;;;;Q;;;V9;;;Y16;;;;;$,m:13:2.3.4.5.6,m:15:7.9.5.6,Sg:n:11:y:ht,Sg:n:2:F:ht|"
9147,9147,CN(CCCl)C(=O)C(F)F |$;;;;;T5;;;;Z$|
9148,9148,"CN(CCN)C(=O)C1CCC(=O)N1 |$W;;;;;;;;;;;;$,Sg:n:7:C:ht,Sg:n:2,3:x:ht|"
9149,9149,"CCN1C(OCC1=O)C(Cl)(Cl)Cl.COC(=O)NS(C)(=O)=O |$;;;;;J4;;;W5;;W5;;;;;;;;;;$,m:12:2.3.4.5.6|"
9150,9150,"CC(=O)N(C)CC1CNCCN1C |$;;;;;;;;;;;;$,Sg:n:12:c:ht|"
9151,9151,CN(C)C(=O)C1=NC=CN=C1N |$;T;;;;;;;;;;$|
9152,9152,"CC(=O)N(CC(=O)O)C(=O)CN |$;D;;;;;T;;L;;;$,Sg:n:10:v:ht,Sg:n:11:m:ht|"
9153,9153,"CN1C(=O)[C@@H]2CCCN2C1=S.CC.CNC(=O)N=N |$;;;;V;;;;;;;;R;;;;;;$,m:11:1.2.4.8.9,m:13:5.4.8.7.6|"
9154,9154,CC(C)(C=C)C(C(=O)N(C)C)N(C)C |$V;;;;;;;;;;;J5;;$|
9155,9155,"CC1=C2N(C(=CS2)C)C(=O)C=C1.CC.CN=C(N=C(C)C)SC |$;;;;Z;;;;B6;;;;;R6;;;;;;;;;$,m:12:1.11.10.8.3.2,m:14:4.3.2.6.5|"
9156,9156,CC(=O)N(C1=CC=CC=N1)C(=O)N |$;;;;;;;;;D0;;;$|
9157,9157,"CN1C(=O)C(C2=C1C(=CC=C2)Br)F.CN(C)C(=O)NS |$M;;;J6;;;;;;;;;;;;;;;;$,m:13:7.8.9.10.5.6|"
9158,9158,CCC1=CN(C(=O)C=C1)CC |$L4;;;;;;;K7;;;$|
9159,9159,CC(C)CC(C(=O)N(C)C)NC(C)C |$;X8;;;;;;;Z;;;;;G$|
9160,9160,C[C@@H]1CCCN(C1)C(=O)[C@@H](C)N |$;;E6;;;;;;;;;$|
9161,9161,"C1CCN(C(=O)C1)C2=COCO2.CC |$;;;;;;;;;;;;;R$,m:12:0.6.4.3.2.1|"
9162,9162,"CC1([C@@H](N2[C@H](S1)CC2=O)C(=O)[O-])C.CC.CC |$;;;;;V2;;;;;;;;;R5;;J$,m:13:1.2.3.4.5,m:15:6.7.3.4,Sg:n:10:L:ht|"
9163,9163,"CN1C=NC2=CC=CC=C2C1=O.CC.CC |$;;;X7;;;;;;T2;;;;R;;E12$,m:12:1.10.9.4.3.2,m:14:5.6.7.8.9.4|"
9164,9164,"CN(C1CC1)C(=O)[C@H]2C[C@@H](CN2)F.CC.CNC(C)=NSC |$;;;M9;;L;G;W9;;;;;B1;;R;;;;;;;$,m:13:3.2.4,m:15:8.7.11.10.9|"
9165,9165,"CC(C(C)(C)N1C(=O)CNC1=O)O.CS(=O)(=O)OS(C)(=O)=O |$;V9;;;;;K3;;;T4;;;;;;;;;;;;$,m:13:5.6.8.9.10|"
9166,9166,"C1C=C(N2[C@@H](O1)CC2=O)OC(=O)O.CC.CC |$;;A1;;;;;;;;;;;;X;;G9$,m:13:0.5.4.3.2.1,m:15:6.7.3.4|"
9167,9167,CCN(CC#C)C(=O)/C=C/C |$;;X;;L;G;;;;;$|
9168,9168,"CC(=O)N(CC(=O)O)C1CC1=C.CC(=O)N(N=C(C)C)C(C)=O |$;;;;W9;;;;;;;;;;;;;;;;;;$,m:12:8.9.10,Sg:n:3:O:ht|"
9169,9169,"CCN1CC(N(C(=O)C1CN)C)C.CNN(C)N(C)C |$;;;;;;D4;;;;;X0;;;;;;;;$,m:13:2.8.6.5.4.3|"
9170,9170,"CC(C)(N1CCCC1=O)I |$A2;;;;;Q;;;B4;$,Sg:n:7:a:ht|"
9171,9171,"C1CCN(C(=O)CNC1)C2CC2 |$;Q2;K3;B;;;;;;;;$,Sg:n:9:d:ht,Sg:n:7:N:ht|"
9172,9172,"CC1(CN(C(=O)CCN1)C2CC2)C |$;;;;;;X4;;Q8;;;;$,Sg:n:6:l:ht|"
9173,9173,"CN1CC2=C(C1=O)C=CN=N2.COC.CN=S(C)N |$;;;;;;;;;;;;;;;;;;$,m:11:1.2.3.4.5,m:14:7.8.9.10.3.4|"
9174,9174,"CCN1C(CC(C1=O)(C)C)CO.CN=CNNC |$;;;;;;;;;;;J3;;;;;;$,m:12:2.3.4.5.6,Sg:n:2:I:ht|"
9175,9175,"CN1C(=O)COC2=CC=CC=C21.CN(C)OC(=O)N(C)C |$;;;;;;;;;;;;;;;;;;;;$,m:12:1.11.6.5.4.2|"
9176,9176,"CC1CC1N2CCCC(C2=O)Br |$;;;;;;;;;;;$,Sg:n:0:H:ht|"
9177,9177,"CN1C(=C(C(=O)N(C1=O)C)F)I.CN(O)O |$;;;T;;;;;;;;;;;;$,m:12:1.7.6.4.3.2|"
9178,9178,CC1=C2CC(=O)N(CC2=CC=C1)C |$;;;;;;;D;;;;;$|
9179,9179,C1CC2CC(CC1N2C(=O)C(F)F)O |$;;;;;;W0;;;;;Y4;;W1$|
9180,9180,C[C@@H]1C[C@H](N2C(C1)CCCC2=O)C=O |$;;D5;;;X;;;;;;;Y8;E7$|
9181,9181,"C1CC(=O)N2CCSC2=C1[N+](=O)[O-].CC.CC |$;;;;;;;;;;;;;;X30;;R$,m:13:0.9.8.4.2.1,m:15:5.4.8.7.6|"
9182,9182,"CC(C)(C)CN1C(=O)CNC1=O |$;;;;;;;;;;;$,Sg:n:1:p:ht|"
9183,9183,"CCCN(C)C(=O)[C@H]1CCN1.CN=C(OC)N(C)C |$;;;;;;;;;;;;;;;;;;$,m:11:7.10.9.8,Sg:n:1,2:s:ht|"
9184,9184,CN([C@@H](CC(=O)O)C(=O)O)C(=O)C=C |$M5;;;;;;;;;;;;;$|
9185,9185,"CN(CCO)C(=O)[C@@H]1CCCO1 |$;;K1;;;;;;;;;$,Sg:n:2,3:l:ht|"
9186,9186,"CSC1CCCCC1N2C(=O)CNC2=O.CN=C(C)SN |$;;;;;X9;T;;;;;;;;;;;;;;$,m:15:9.8.13.12.11|"
9187,9187,CC(=O)N1CCSC=C1 |$;;;;;X1;;;J3$|
9188,9188,"C1CS[C@H]2C(=O)C(=O)N2C1(C(=O)O)N.CC |$;;U;;;;;;;Q;;;;;;R36$,m:14:0.9.8.3.2.1|"
9189,9189,"C1CSCC(N1C(=O)CS)CO |$;;;D;;;B3;;;;;$,Sg:n:3:n:ht|"
9190,9190,"CN(CCN)C(=O)[C@H]1CCC(=O)N1 |$;;;X9;;;;;;;;;$,Sg:n:0:p:ht,Sg:n:2,3:I:ht|"
9191,9191,"CC1(N(C(=O)C(CCCO1)(F)F)C)C.CP=C(C)C |$;;;;;;;;G4;;;;;;;;;;$,m:14:1.9.8.7.6.5.3.2|"
9192,9192,"C1C[C@@H]2CCC(=O)N2C(C1)O |$Y0;;;G9;;;M2;;;;$,Sg:n:8:V:ht|"
9193,9193,CC1=NC(=O)CN(C1=O)C |$;;V9;;;;;D;;J$|
9194,9194,C[C@]1(C(=O)N2CCC[C@H]2C(=O)N1)O |$;;;;;T1;;;;;J3;;$|
9195,9195,"CCN1CCCC1=O.COC(=O)N(C)S(C)(=O)=O |$;;;;;;;;;;;;;;;;;$,m:8:2.3.4.5.6|"
9196,9196,C/C=C(\C)/C(=O)N1CCSC1=S |$;;;;;;K;W;;Z;;$|
9197,9197,"CN1CCCC1=O |$;;;;X;;$,Sg:n:2:H:ht|"
9198,9198,"CC(CBr)N(C)C(=O)C1COCCO1.CC |$;;;;;;;;;;;Z;;D;;X$,m:14:8.13.12.11.10.9|"
9199,9199,"C1C=C(N2C(S1)CC2=O)N.CNS(C)=S |$;;;;;;M3;;;;;;;;$,m:10:6.7.3.4,Sg:n:2:B:ht|"
9200,9200,"CN1C=CCCC1=O.CC |$;;;;;;;;;Q$,m:8:1.6.5.4.3.2|"
9201,9201,"CC(C1CCC(=O)N1C)O.CC |$;;;;;;M;;;J0;;R$,m:10:2.3.4.5.7|"
9202,9202,"C1CCC(C1)N2CCNCC2=O |$;;;;;;M8;;;;;$,Sg:n:8:O:ht|"
9203,9203,"CC1C(CC(=O)N1C)F.CC |$;;;;;;;;;;R2$,m:9:1.2.3.4.6|"
9204,9204,"CC(=O)N(CC(=O)O)CC(=O)O |$;;;;;;K9;;;;M9;$,Sg:n:7:S:ht|"
9205,9205,"CC(=O)N1CCCCC1C.CC |$;;;;;;;;;;;J38$,m:10:3.8.7.6.5.4|"
9206,9206,CN(C)C(=O)C1[N-]N=CS1=N |$;M2;;;;;;;;;Y$|
9207,9207,"CC(=O)N1CCCC[C@@]12CCNC2.CC.CC |$;;;;;;;;;;;;;;X;;V$,m:13:3.8.7.6.5.4,m:15:9.8.12.11.10|"
9208,9208,"CN1C(=O)CNC2=CC=CC(=C21)CN.CC |$M0;;M;;;;A;;;;;;L;;;R$,m:14:1.11.6.5.4.2,Sg:n:11:Q:ht|"
9209,9209,"CCN(CC)C(=O)CBr |$;;;;;;;;$,Sg:n:3:V:ht|"
9210,9210,"C1CC2=CC=CC(=O)N2CC1N.CSC=NN.CC |$;;;;;;;;;;;;;;;;;;R$,m:12:0.10.9.8.2.1,m:17:3.4.5.6.8.2|"
9211,9211,CN1C[C@@H](OCC1=O)CN |$;;;;G;;;G;;$|
9212,9212,"CCN(CC)C(=O)C(=O)C(Br)Br |$;K;;;;;;;;;;E3$,Sg:n:9:o:ht|"
9213,9213,"[CH2-]CN1C(=O)C=CC1=O.CC(=S)N(C)N(C)C |$;;;;;;;;;;;;;;;;$,m:9:2.3.5.6.7|"
9214,9214,"C1CN2C(CN1)CNC(=O)C2=O.CN=C(NOC)N(C)C |$;;;;;;;;;;;;;;;;;;;;$,m:12:6.7.8.10.2.3,Sg:n:6:T:ht|"
9215,9215,"CC1(C=C(N2[C@H](S1)CC2=O)C(=O)[O-])Cl.CNC(=O)NSC.CN(C)N(C)N(C)C |$;;;;;;;;;;;;;;;;;;;;;;;;;;;;$,m:14:1.6.5.4.3.2,m:21:7.8.4.5|"
9216,9216,"C1CC(=O)N([C@@H]2[C@@H]1CNCC2)C3CC3 |$;;;;;;;;;;;;;$,Sg:n:7:P:ht|"
9217,9217,"CC1C2=C(N(C(=O)C=C2C(=O)N1)C)O.CN=C(N)S(C)(=O)=O.COC(O)(O)O |$;;W;;;;;;;;;;;;;;;;;;;;;;;;;$,m:14:1.2.8.9.11,m:22:3.4.5.7.8.2|"
9218,9218,CC1=C2C(=C(C=C1)F)C(=O)N(C(=S)N2)C |$;;;;Q;;;;;;;;;;$|
9219,9219,"CC(=O)N1CSC[C@@H]1C(=O)N.CN=C(C)N(C)OC |$;;;;;;;;;;Q;;;;;;;;$,m:11:3.4.5.6.7|"
9220,9220,CCC(=O)N(CC)C(C)(C)CO |$;;;;;;;;M;;;$|
9221,9221,"C[C@@H]1[C@@H](CCC(=O)N1C)O.CC |$;;;;;;B1;W;;;;W38$,m:10:1.7.5.4.3.2|"
9222,9222,CC(=[N+](C)C)N(C)C(=O)C |$;;;;;;K9;;;$|
9223,9223,"CN(C1CCC1)C(=O)C2=NNN=C2.CC.CN=C(N)N(C)N=C(C)C |$;;;;;;;;;;;;;;R8;;;;;;;;;;$,m:13:3.4.5.2,m:15:9.8.12.11.10,Sg:n:10:T:ht|"
9224,9224,"C1[C@@H]2N(C1=O)C=C(CS2=O)CI.CC(=O)I |$;;;;;;;;;;;;;;;$,m:12:0.3.2.1,Sg:n:7:A:ht|"
9225,9225,"CN1C=C(C2=C(C1=O)NC=N2)Br.CC |$;;;;X;;;;;;;;;L25$,m:12:8.5.4.10.9|"
9226,9226,CC(=O)N(CC(=O)O[O-])C(=O)C |$Y9;;;;;;;;;;;$|
9227,9227,"CCN(CC1CC1)C(=O)C(F)F.CC |$;A;;;;;;;;;;;;A72$,m:12:4.5.6|"
9228,9228,CCN1C(=O)CC(CC1=O)(C)C |$;;;;;;;W1;;;;U1$|
9229,9229,"C1=CC(=O)N2C=CC=C(C2=C1)F.CC |$;U;;;;;;T4;;;;;;A$,m:12:0.10.9.4.2.1|"
9230,9230,CN1C[C@H]2C[C@H]2C1=O |$;;;;;;;U1$|
9231,9231,"CCN(CC(C)C#N)C(=O)CCS |$U;W;;;;;;;;;;;$,Sg:n:12:F:ht|"
9232,9232,CC(C)C(=O)N(C)C(C)CBr |$;;;J3;;;U;;;;$|
9233,9233,"C1C[C@@H]2CNCCN2C(=O)C1.CC.CC |$;;;;;;V;;;;;;R;;X8$,m:11:0.10.8.7.2.1,m:13:3.4.5.6.7.2,Sg:n:8:L:ht|"
9234,9234,"CC(CCl)N(C)C(=O)C1CC1(C)C.CSC(C)=O |$;;;;;;G6;;;A6;;;;;;;;$,m:13:8.9.10|"
9235,9235,"CCN(C)C(=O)C1(CCCC1)NC.CC |$;;;;;;;;;;;;;;K36$,m:13:6.7.8.9.10,Sg:n:2:l:ht|"
9236,9236,CC(=O)N1C[C@@H]2C[C@H]1CN2 |$;K;;;;A;;;V;$|
9237,9237,"CC1(CCCO1)C(=O)N(C)CCO.CONC(=O)N(C)C |$;;;;;A8;;;;;X;;;;;;;;;;$,m:13:1.2.3.4.5,Sg:n:9:y:ht|"
9238,9238,"CC(C)N1[C@@H]2C=CC[C@@H]([C@@H]2O)C1=O.CC.CC |$;X;;;;;;;;;A;;;;J;;R$,m:13:3.4.9.8.11,m:15:5.6.7.8.9.4|"
9239,9239,CC1=C2C(=C(S1)C)C(=O)N(C2=O)C(=O)C |$;;;B9;;;;;;;;;;;$|
9240,9240,"CC(COC)N(CCOC)C(=O)C(C)S |$;;;;;;;;;T;;;;;$,Sg:n:6,7:o:ht|"
9241,9241,C=S1[CH-]CN2[C@H]1CC2=O |$;A8;;;;;;;$|
9242,9242,"CN(C1CCC1)C(=O)C2=CC=CC=C2I |$;;;W2;;B5;;;;;;;;;$,Sg:n:5:e:ht|"
9243,9243,CC(C)N(C(C)C)C(=O)C(C)Cl |$;;;;;;;;;;V4;$|
9244,9244,CN(C)C(=O)[C@@H](C(=O)N)O |$;W5;;;;;;;;$|
9245,9245,"CCN1C(=C(C(=C(C1=O)C)C)I)N.CC |$;;;;L;;;;;;;;;;R03$,m:13:2.7.6.5.4.3|"
9246,9246,"CCC(=O)N1CCCCC1CCBr |$;A;;Z;;;X;;;;;;$,Sg:n:10,11:A:ht|"
9247,9247,CC(=O)N(C(=O)I)C(C)(C)C |$A;;;B;;;;;;;$|
9248,9248,"C1[C@@H]2N(C1=O)C(=C(CS2)Cl)C(=O)O.CN(N)S(C)(=O)=O |$;;;;;B7;;;;;J2;;;;;;;;;$,m:13:0.3.2.1|"
9249,9249,"CC(C)C(=O)N1CCNCC1C(=O)N.CS(O)(O)O |$;;;;;;;Z;;;;;;;;;;;$,m:14:5.10.9.8.7.6,Sg:n:0:c:ht|"
9250,9250,"CCN1CNC(=O)CC1=O.CSNN |$D2;;;E;;;;T;G;;;;;$,m:10:2.8.7.5.4.3|"
9251,9251,"CC(=O)N1C[C@H]2CNC[C@H]2C1.COP(=S)(SC)SC |$;;G;;;;;;;;;;;;;;;;$,m:11:6.5.9.8.7|"
9252,9252,"CN1[C@@H](C(=O)N([C@@H](C1=O)S)C)S.CC |$;;;;;;;;;;Y0;;;A0$,m:12:1.7.6.5.3.2|"
9253,9253,"C1=CC2C1C(=O)N2CO.CS(C)(=O)=S |$;B;;;;;;;;;;;;$,m:9:4.6.2.3|"
9254,9254,C1=CNC(=O)N(C1=O)C(F)(F)F |$;;;;;;;;;X;;$|
9255,9255,CN1C(=C)/C(=C/O)/C(=O)N(C1=O)C |$;;;;T4;B6;;;;;;;$|
9256,9256,CN1C2CCC1C(=O)N(C2)CO |$;;;L;;;;;;;;$|
9257,9257,CN1CCC(CC1=O)CN |$;;;;;L;;;E7;$|
9258,9258,"C1CC(=O)N2CCSC2=C1.CC.CC |$;;;;;;;;;;;V86;;R$,m:10:0.9.8.4.2.1,m:12:5.4.8.7.6|"
9259,9259,"CN1C[C@]2(CCNC2=O)CC1=O.CC.CC |$;;;;;;;A;;;;;;E14;;R$,m:12:1.2.3.9.10,m:14:4.3.7.6.5|"
9260,9260,"CC1(/C(=N/O)/N2C(=O)C=CN=C2S1)C.CC |$;;V3;;;;;;;;;;;;;X$,m:14:1.2.5.11.12|"
9261,9261,"C1CC(=CN2[C@H]1C(C2=O)N)Cl.CNS(=O)(=O)NC |$;;;;;;;;;;;;;;;;;$,m:11:0.5.4.3.2.1|"
9262,9262,"CC1=C(ON=C1)C(=O)N2CCC2.CN=C(NC)NS(C)(=O)=O |$X;;W;;;;;;;;;;;;;;;;;;;$,m:12:9.10.11.8|"
9263,9263,"CC(C)(C)C(=O)N1C(C=CC=C1CBr)N.CN(O)C(=O)O |$;;;;;;;;;;;;;;;;;;;;$,m:15:6.11.10.9.8.7|"
9264,9264,CCC(=O)N(CC)C=NC |$;;Q;;;;;;;$|
9265,9265,CC[C@@H](C(=O)N(C)C)N |$;;;;;;Z;;$|
9266,9266,"CC1C2N(C1=O)C(C(S2)(I)I=C)C.CC.CC |$;;;;;;;U;;B5;;;;;Y;;R26$,m:13:1.4.3.2,m:15:6.3.2.8.7,Sg:n:8:a:ht|"
9267,9267,"CC(=O)N1C(=O)CCSC1=S.CNNC(N)=O |$;;;;;;;;;;;;;;;;$,m:11:3.9.8.7.6.4|"
9268,9268,"CC(=O)N1C=CN2C1=NN=N2.CC |$;;A7;;B;;;;;;;;R$,m:11:3.4.5.6.7|"
9269,9269,"C[C@H]1CNCCN1C(=O)C(C)N.CN=CNSC |$;;;;;;;;;;;;;;;;;$,m:12:1.6.5.4.3.2,Sg:n:9:t:ht,Sg:n:11:Y:ht|"
9270,9270,"CN1CC2=C(C1=O)SC=C2N.CC |$;;;;;;;;;;;;R6$,m:11:1.2.3.4.5|"
9271,9271,CC/C(=C/CN(C)C(=O)C)/C |$;;L2;;;;;;;;$|
9272,9272,"CCOC(=O)OC1C(=CC(=O)N1C)C.CNB(C)N(C)C |$;;;;;;;;;;;;;;;;;;;;$,m:14:6.7.8.9.11|"
9273,9273,CN1C(=O)C=CNC1=O |$;;A;;;;;;X$|
9274,9274,CC(=O)N1CCCC2C1CCC2 |$;;;J9;;;;;;;;$|
9275,9275,"C[C@@H]1C(=O)N2CCNCC2C(=O)N1.CC |$;Z9;;;;;;V6;;;;;;;U37$,m:13:5.6.7.8.9.4|"
9276,9276,"CCCC(=O)N(C)C(C)C |$;;;;;B2;;;;$,Sg:n:1,2:q:ht|"
9277,9277,CC(CCl)N(C)C(=O)C1=COC=C1 |$;M;;;;;;;;;;;$|
9278,9278,"CN1C(=C)C(=O)N2CCC[C@@H]2C1=O.CC(=O)SN=[N+]=[N-] |$;;;;;U;;;;;V;;;;;;;;;$,m:13:7.6.10.9.8,Sg:n:7:O:ht|"
9279,9279,"CCCN(C)C(=O)C=C |$;;;;;;;;A9$,Sg:n:1,2:G:ht|"
9280,9280,"CC1CCN1C(=O)CO.CSC(C)(C)O |$;;;;;;;;;;;;;;$,m:9:1.4.3.2,Sg:n:0:n:ht|"
9281,9281,"CN1CCCC1=O.CC=NN=CC |$;;;;;;;;;;;;$,m:7:1.2.3.4.5,Sg:n:6:G:ht|"
9282,9282,"CCC(C)(CN)C(=O)N1CCCCC1.CC |$;;;;;;;;;;;;;;;T$,m:14:8.13.12.11.10.9,Sg:n:2:l:ht|"
9283,9283,"CCC(=O)N1[C@@H]2CC[C@H]1CNC2.CC |$;;J;;G9;;;;;B7;;;;A61$,m:12:9.10.11.5.4.8,Sg:n:10:V:ht|"
9284,9284,C[C@@H](C(=O)N(C)C)N=[N+]=[N-] |$;;;;;;;;K;$|
9285,9285,C/C=C(\C)/N(C(=O)C)C(=O)C |$;;;;A7;;;;;G7;$|
9286,9286,"CC(C)N(C)C(=O)C1=NC(=CC=C1)F.CN(C)S(=O)O |$;;;;;A3;;;;;;;V6;;;;;;;$,m:14:7.12.11.10.9.8|"
9287,9287,"CN1CCCN2C1=C(C=CC2=O)CN.CC |$;;;E;;;;V3;;;;;;;;R$,m:14:7.8.9.10.5.6,Sg:n:10:F:ht|"
9288,9288,"CC1=C(C(=CC=C1)C)N(C(=O)C)C(=N)N.CSN(C)C(C)=O |$;;;;;;;;;;;;;;;;;;;;;$,m:15:1.6.5.4.3.2|"
9289,9289,"CC(=O)N1CCS(=O)C1=S.CNSC |$;;;;;;;;;;;;;$,m:10:3.4.5.6.8,Sg:n:4:F:ht|"
9290,9290,CC1CN(C(CO1)C)C(=O)CBr |$;;;;;D;;;;;;$|
9291,9291,"CCC1=C(C(=O)N(C(=C1O)C)C)I.CN=N |$;;L7;;;;;;;;;;;;;$,m:13:2.8.7.6.4.3|"
9292,9292,C1=CC=C(C(=C1)CF)N2C(=O)C=CC2=O |$;L;;;;;;;;;;;;;$|
9293,9293,"CC(=O)N1CC(C[C@H]1C(=O)O)S.CC |$;;;;;;;;;;;;;A4$,m:12:3.4.5.6.7|"
9294,9294,CNC1C2=C(C=CC=C2Cl)N(C1=O)C |$;;D9;;;;M;;U9;;;;;$|
9295,9295,"CCN1CC(=O)N(C1)CC.CC |$;;V;;;;;;;;;G33$,m:10:2.3.4.6.7|"
9296,9296,"CCN(C(CC(C)C)C(=O)O)C(=O)CCl |$;E;K;;;;;;;;J;;E;;$,Sg:n:11:s:ht|"
9297,9297,CC1CCCC2N(C1=O)C(CO2)C |$;U;;;;;;;;;;;$|
9298,9298,"CC1=NC2=CC=CC=C2N1C(=O)C.CC |$V;;;;;;V;;;;;;;;R4$,m:13:4.5.6.7.8.3|"
9299,9299,"CC(C)C(=O)N1CCOCC1C(=O)NC.CC(=O)N=O |$Z9;;U;;;;;;;;;;;;;;;;;$,m:15:5.10.9.8.7.6|"
9300,9300,"CN1C(=O)CS[C@@]12CCNC2.COC(=O)C(C)O.CNC(N)=O |$;;;J;;;;E9;;;;;;;;;;;;;;;$,m:11:1.2.4.5.6,m:18:7.6.10.9.8,Sg:n:6:p:ht|"
9301,9301,CC(=O)N(C)C1=CC=CC(=C1)N |$;;;;;;;M2;;;;$|
9302,9302,"CN1C2=C(C(=CC=C2)O)C(=O)C1=O.CN(C)C(=O)S.CNP(=O)(OC)SC |$;;;;;;;;;;;;;;;;;;;;;;;;;;$,m:13:1.2.3.9.11,m:19:4.5.6.7.2.3|"
9303,9303,"CCC1C(=NC(=O)N(C1=O)CC)[O-].CC(=O)NO |$;;;;;;;;;;X;;;;;;;$,m:13:2.8.7.5.4.3|"
9304,9304,"C1=CC2=CN=C(C(=O)N2C=C1)N.CC.CC |$;;;;;;;;;;;;;X;;R$,m:12:0.10.9.8.2.1,m:14:3.4.5.6.8.2|"
9305,9305,"CN(C1CC1)C(=O)C2=C(C=CC(=C2)Br)Cl.CC |$G8;;;;;;;Y;;;;;X5;;E;;U$,m:15:3.2.4|"
9306,9306,"CC(C)N1C=C(C=C(C1=O)Cl)Cl.CC |$;;;;;;;;;;;;;R3$,m:12:3.8.7.6.5.4|"
9307,9307,CN(C)C(=O)C1=C(C=CC(=C1)Br)C(F)(F)F |$;;;;;;;;;;;;Q8;;;$|
9308,9308,"CCC1C(=O)N(C2=CC=CC=C2N1)CC.CC=[N+]=[N-] |$;W;;V5;;;;;;;;;;;;;;;$,m:15:7.8.9.10.11.6|"
9309,9309,"CCC1NCC(=O)N1C2C(C2(C)C)(C)C.CC |$;;;;;;;;;E;;J7;;;;;W$,m:15:9.8.10|"
9310,9310,"CC(=O)N1CCCC12CCOC2.CC.CC(=NN(C)C)N(C)C |$;;;;;;;;;;;;;R;;;;;;;;;$,m:12:3.4.5.6.7,m:14:8.7.11.10.9|"
9311,9311,"CC(C)C1CC(=O)N(C1)CS |$;;;;D6;;;;;;$,Sg:n:7:r:ht|"
9312,9312,"CN(CCCl)C(=O)C1CCCC1 |$;;;;G;;;;;;;$,Sg:n:0:U:ht,Sg:n:4:z:ht,Sg:n:6:q:ht|"
9313,9313,"C1C=NC2=NC=CC(=O)N21.CN=CN(C)C(C)=O.CN=CN(C)S(C)(=O)=O |$;;G3;;;;;;B5;;;;;;;;;;;;;;;;;;$,m:10:0.1.2.3.9,m:18:4.5.6.7.9.3|"
9314,9314,CCN(C)C(=O)C[P+](=O)C |$;;;L;;;;;;$|
9315,9315,"C1[C@@H]2N(C1=O)C=C(CS2)CF.CC |$;T;;;;;;;;;;;Z$,m:11:0.3.2.1,Sg:n:5:h:ht|"
9316,9316,"CC1=CN2[C@@H](CC2=O)SC1N.CC |$;;;;;;;;;;;;K0$,m:11:5.6.3.4|"
9317,9317,"CC1CN(CCOC1)C(=O)C(C)(C)N.CC |$;;;;;;;;;;;A;;;;R$,m:14:1.2.3.4.5.6.7|"
9318,9318,"C1CC12CC3=CC=CCN3C2=O.CS(=O)(=O)OS(C)(=O)=O.CC |$;;;;;;;;;;;;;;;;;;;;;;A$,m:12:3.2.10.9.4,m:21:5.6.7.8.9.4|"
9319,9319,"CN1C=CC=CC1=O.CC |$;A2;;;M;;;;;M$,m:8:1.6.5.4.3.2|"
9320,9320,"CC(=O)N1C=CCCC1OC.CS(O)=S |$;;;;;;;;;M;;;;;$,m:11:3.8.7.6.5.4,Sg:n:2:y:ht|"
9321,9321,"CN1C=NC(=C(C1=O)O)C(=O)O.CC |$;;;Q;;;;;;;;;;Q6$,m:12:1.6.5.4.3.2|"
9322,9322,"CCCN1C(COCC1=O)C.CN(C)N[N+](=O)[O-] |$;;M;;;;;;;;;;;;;;;$,m:11:3.8.7.6.5.4|"
9323,9323,CC1=NCCN2C1(CC2=O)C |$;;X3;Z3;;;;;;;$|
9324,9324,"C[C@H](C1=CN(C(=O)C=C1)C)S.CSC(=S)NN |$;;;;;;;;;A;;;;;;;$,m:11:2.8.7.5.4.3|"
9325,9325,CC1CCN(C1C)C(=O)C |$;;;;V6;;J;;;$|
9326,9326,"CN1C(=O)CC2=C1N=CN=C2Cl.CC |$;;;G;;;;;;;;;;R$,m:12:7.8.9.10.5.6,Sg:n:11:R:ht|"
9327,9327,C/C(=C(/C)\N)/C(=O)N1CCCSC1=C |$K2;;;;;;;;;;;;;K2$|
9328,9328,CCN(CC(=O)N)C(=O)CCCl |$;;;;;;E8;;;J1;;$|
9329,9329,CCC(N1C(=O)CCCC1=O)S |$T8;;;;;;;;;;;$|
9330,9330,"CCN1C(=O)C(=CN=C1N)C.CN=C(NC)NO |$;;;;;;;;;;;;;;;;;$,m:11:2.8.7.6.5.3|"
9331,9331,CC(CN1CCNCC1=O)I |$;;;;E0;;;W;;;$|
9332,9332,CCC1(C(=O)N(C(=O)C1(C)CC)C)C |$;;;;X;;;;;L3;;;M;$|
9333,9333,CC(=O)N(CCBr)CC(F)F |$;L;;;;;;;;;$|
9334,9334,"CC1CC(=O)N2CCNC2=C1 |$;;;;;;;;;;$,Sg:n:5:p:ht|"
9335,9335,"CN1C2=C(C=C(C1=O)Cl)N=CC=C2.CC |$;;;;;;L;;A0;;;;;;Z$,m:13:1.6.5.4.3.2|"
9336,9336,"C[C@]12CCC(=O)N1CC(CN2)(C)C.CC(=O)C=N |$;;;;;;;;;;K;;;;;;;$,m:13:7.8.9.10.1.6|"
9337,9337,"C1CCN(CC1)C(=O)C(Cl)Br.COB(OC)OC |$;;;;;;;;;;;;;;;;;$,m:11:0.5.4.3.2.1|"
9338,9338,CCN(CC)C(=O)C(C(C)C)Br |$;M;;;;;;;;;;$|
9339,9339,"CC(=O)N1CCC(C1C=O)O.CC(=S)N(C)N |$;;;;;;;;X;;;;;;;;$,m:11:3.4.5.6.7|"
9340,9340,"CC1(CC=CC=C1C(=O)N(C)C)O.CC |$;;;;;;;;;;;;;;V8$,m:13:1.6.5.4.3.2|"
9341,9341,CC(=O)N(CC(=C)Br)CC(=C)Br |$;;;;;;;B;;;;$|
9342,9342,"CC(=O)N1CCCC1CO.CC |$;;;;;;;;;;;K$,m:10:3.4.5.6.7|"
9343,9343,"CC1CC(N(C1=O)C(=O)C)F.CC |$;;;;;;;;;;;;R$,m:11:1.2.3.4.5|"
9344,9344,"CC(C)N1C(=O)CCCNC1=O.CN=C(NOC)SC |$;;;;;;;;;;;;;;;;;;;$,m:12:3.4.6.7.8.9.10,Sg:n:10:i:ht|"
9345,9345,"C1CC(=O)N(C1)C(=O)ON.CN(C)C(N)=O |$;;;;;;;;;;;;;;;$,m:10:0.1.2.4.5|"
9346,9346,"CCN1C(=O)C(C(=O)NC1=O)[N+](=O)[O-].CN=O |$;;;T5;;;;;;;;;;;;;$,m:14:2.9.8.6.5.3|"
9347,9347,"COC1CC(=O)N1C(=O)C(=O)O.CNN=N |$;W6;;;;;;;;;;;;;;$,m:12:2.6.4.3|"
9348,9348,"C[C@@H](C(=O)N(CC=C)C1CCCC1)N |$;;B;X;;;;;;;;;;$,Sg:n:6:Z:ht|"
9349,9349,"CC1(COCC(=O)N1CC(=O)OC)C.CNN(C)C |$;;;;;;;;K6;;;;;;;;;;$,m:14:1.7.5.4.3.2,Sg:n:5:d:ht|"
9350,9350,"CN1CCCC1=O.COP(=S)(OC)OC |$;;;;;;;;;;;;;;$,m:7:1.2.3.4.5|"
9351,9351,"C1CC(=O)N(C1=O)C2=CC=CC=C2.CC.CC |$;;;;;;U9;;;;;;;;A;;R$,m:13:0.1.2.4.5,m:15:8.9.10.11.12.7|"
9352,9352,CCN(CC)C(=O)CC(C)(C)OC |$;;;;;M;;;;;;T;$|
9353,9353,"CC1C(N(CCN1)C(=O)O)C(=O)N(C)C.CC |$;;;;D6;;V5;;;;;;;;;;W8$,m:15:1.6.5.4.3.2|"
9354,9354,CCC1(CCNC1)C(=O)N(CC)C(C)C |$B0;;;;;;;;;;;;;;$|
9355,9355,"CC(CC(=O)N(C)C(C)(C)C)CN |$;;;;;;A;;;;;;$,Sg:n:10:l:ht|"
9356,9356,"CCCN(C)C(=O)C1CCNC1 |$;;;;;;;;;;;$,Sg:n:1,2:v:ht|"
9357,9357,"C1CC(=O)N(C1)C2=CN=CS2.CN=C(C)N=[N+]=[N-] |$;;;;;;;;;;;;;;;;;$,m:11:0.1.2.4.5|"
9358,9358,"CC(=O)N1C=CC=C1C[NH3+].CC |$;;;;;;;;;;;R1$,m:10:3.4.5.6.7|"
9359,9359,"C1CCC(C1)N2C=C(C=C(C2=O)N)N |$;;;;W6;;;;;;;;;$,Sg:n:10:e:ht|"
9360,9360,"C1CC1N(CCO)C(=O)C2(CC2)N.CC(C)=NOC(N)=O |$;;;;;;;;A;;;;;;;;;;;;$,m:13:0.1.2|"
9361,9361,CC(CC#N)N(C)C(=O)C(C)C(=O)O |$;;;;;;;;;L6;;G;;$|
9362,9362,"C1CN2[C@@H](CN1)C(=O)NCC2=O.CN(C)P(C)C |$;;;;;;;A;;;;;;;;;;$,m:12:6.8.9.10.2.3,Sg:n:0:L:ht|"
9363,9363,"CC1C(=O)N2CCCCC2C1(C)C(=O)O.CC.CC |$;;E1;;;;;;D;;;M;;;;;R;;X00$,m:15:1.2.4.9.10,m:17:5.6.7.8.9.4|"
9364,9364,C1CC(=O)N(C1=O)C(C(=O)[O-])Br |$;;;;;U0;;;;;;$|
9365,9365,"C1CC2(C1)CCN2C(=O)CN.CC.CC |$;;;;;;;;;;;;Q;;U7$,m:11:0.3.2.1,m:13:4.5.6.2|"
9366,9366,"CCSC1CCCC1N2CNCC2=O |$;;;;;Q;;;;;;;D2;$,Sg:n:7:K:ht|"
9367,9367,CCC1(C(=O)N(C(=O)O1)C)C |$;;;;X0;B;;;T;;$|
9368,9368,CCOC(=C)N(C(=O)C)C(=C)C=C |$;;;;;;;;;;;M1;$|
9369,9369,"CC[C@@H](C(=O)N(C)C(C)C)N |$;;;;;;;;;;$,Sg:n:8:X:ht|"
9370,9370,"C[C@@H]1CN2[C@H](CCCC2=O)C(=O)N1 |$;;;;Z0;;;;;;;;$,Sg:n:4:u:ht|"
9371,9371,CCN1C(=C(C(=O)N(C1=O)CC)C=O)Cl |$;;;;;X8;;U;;;;;;;$|
9372,9372,"CC(C)N1C2=CC=CC=C2C(C1=O)SC.CC |$;;;E5;;;;;;K1;;;;;Q;;R$,m:15:3.4.9.10.11|"
9373,9373,"CCC(=O)N(CC)CC1CC1.CC |$;;W4;;;;;;;;;;R49$,m:11:8.9.10,Sg:n:1:S:ht|"
9374,9374,"CC1CC(N(CSC1)C(=O)C)C(=O)O.CNC(=N)NC |$;;;;D4;;;;;;;;T1;;;;;;;$,m:14:1.2.3.4.5.6.7|"
9375,9375,"CC(C)N(CCO)C(=O)C(C)(C)NC |$;J5;K;;;;;;;;;;;$,Sg:n:4,5:Z:ht|"
9376,9376,"CN1C(=O)C2=C(C1(CI)O)CCCC2.CN(C)C(N)=O |$;;B9;Y;;;;;;;;X;;;;;;;;$,m:14:10.11.12.13.4.5|"
9377,9377,CCN([C@H](C)C(=O)O)C(=O)C |$;;A9;;;;;;;;$|
9378,9378,CC1([C@@H]2CC[C@@]1(C(=O)C2)C(=O)N(C)C)C |$;;;K;;;M;;;V;;;;;$|
9379,9379,CCN(C)C(=O)C1CCC(=O)N1C |$;;Z;;;;;;;;;;V$|
9380,9380,CN1CCN[C@@H](C1=O)CC(=O)OC |$;;;;;;;;;;;;E2$|
9381,9381,"C[C@H]1C(=O)N([C@@H](C(=O)N1)C)C.CC |$;;;;;;;;;;;;T80$,m:11:1.8.6.5.4.2|"
9382,9382,"CC(=O)N1C(COC1=O)O.CC |$;;;Z;;;;;;;;R1$,m:10:3.4.5.6.7,Sg:n:4:a:ht|"
9383,9383,"CC1([C@@](N2[C@H](S1)CC2=O)(C(=O)O)OC)C.CPSC.CNN=C(C)OC |$M;T0;G;;;;;D;;;;;Z1;;;;;;;;;;;;;$,m:15:1.2.3.4.5,m:19:6.7.3.4|"
9384,9384,"CC1(CCNC1)C(=O)N(C)C2CC2.CC |$;;;;;;;;;;;;;;Q2$,m:13:2.1.5.4.3|"
9385,9385,CCC1C(=O)N(C(=S)N1)C |$;;;;;;;;M5;$|
9386,9386,C[C@@H](C(=O)O)N(C(=O)C)C(=O)C |$;;;;;;;;;G;;$|
9387,9387,"CC1CNCCN1C(=O)[C@@H](C)N |$;;;;;B;;;;;Q2;$,Sg:n:0:H:ht|"
9388,9388,"CN1CCC(C1=O)N.CC |$;;;M2;;Y;;;;V2$,m:8:1.2.3.4.5|"
9389,9389,C[C@@H]1[C@@H](CN([C@@H]1C(=O)O)C(=O)C)O |$;;;;A;U4;;;;;;A;$|
9390,9390,"CN1C2=CSSC2=C(C1=O)[NH-].CC |$;W8;Y;;;V2;;;;;;;W$,m:11:3.2.6.5.4|"
9391,9391,"C[C@H]1C(=O)N2CCC[C@H]2C(=O)NN1C.CC |$;T;;;;;;;;;;;U4;;;L$,m:14:5.4.8.7.6|"
9392,9392,"CC(=O)N1C[C@@H]2C[C@H](C1=O)CNC2.CNNO.CS(=N)(=O)O |$Z;;;;;;;;;;;;;;;;;;;;;$,m:13:3.8.7.6.5.4,m:17:6.7.10.11.12.5,Sg:n:9:H:ht|"
9393,9393,"CCC(CC)N(CCO)C(=O)C(C)Br |$L0;T9;;Q;;;;;;;;;;$,Sg:n:2:k:ht,Sg:n:6,7:x:ht|"
9394,9394,"C1CN2[C@H](CN1)COCC2=O.CC.CSC(=S)SC |$;;;;;;;;;G;;;J;;;;;;$,m:11:0.5.4.3.2.1,m:13:6.7.8.9.2.3,Sg:n:3:S:ht,Sg:n:0:k:ht|"
9395,9395,CC(=O)N1CCC[C@@H](C1)N |$;Q8;;;;B;;W;;G1$|
9396,9396,"CCC(C)N1C(=O)CCCC1=O.CC |$;;;;;;;;;;;;;R31$,m:12:4.10.9.8.7.5,Sg:n:3:X:ht|"
9397,9397,"CC1CCC(=O)N1C(C)CO.CC |$;;;;;A0;;;;;;;R$,m:11:1.2.3.4.6|"
9398,9398,"CCC(C)CCN(C)C(=O)C |$;;;;;;;V;;M7;Y$,Sg:n:4,5:c:ht|"
9399,9399,"CC1(CCC1)N2CC(C2=O)N.CN=C(N)NS(C)(=O)=O |$;;;;;;;;;;;;;;;;;;;$,m:11:2.3.4.1,Sg:n:2:f:ht|"
9400,9400,"C1CC(C1)C(=O)N2C[C@@H](C[C@H]2CN)F.CC.CSC(C)SC |$;;;B1;;;;;;X;;;;;;Y;;;;;;$,m:14:0.3.2.1,m:16:7.6.10.9.8|"
9401,9401,"C1CC(=O)N2CC1CC2O.CN(C)C(=O)S |$;;;;;;;;;;;;;;;$,m:10:5.4.8.7.6|"
9402,9402,"C/C=C/1\C(=O)N(CC12C=C[CH-]C=C2)C.CN=NC=N |$;;;;;;B1;;;;;U;;;;;;;$,m:14:2.3.5.6.7|"
9403,9403,CCC(=O)N1CCOCC1CN |$D;;D7;;T1;;;;;;;$|
9404,9404,"C=CC1CCCCC1N2C(CCC2=O)O.CNC(=S)OC |$;Y2;;;;E1;;;;;;Q2;;;;;;;;;$,m:15:2.7.6.5.4.3,Sg:n:0:V:ht|"
9405,9405,"C=CCN1C(NCC1=O)S.CNP(N)(=O)NC |$;M8;;;;;;;;;;;;;;;$,m:10:3.4.5.6.7|"
9406,9406,"CC(CO)N1C(=O)COCC1=O.CC |$;;;;;;;;;;;;;K8$,m:12:4.10.9.8.7.5,Sg:n:8:w:ht|"
9407,9407,"CC1C(=O)NC(=O)C(N1C(=O)C)C.CC |$;;T9;;;;;;;B1;;;;;Z$,m:13:1.8.7.5.4.2,Sg:n:8:a:ht|"
9408,9408,C/C=C/1\CCN(C1=O)C |$;;B3;;;;;;$|
9409,9409,"C1=CC=C(C(=C1)N2C(=O)C=CC2=O)Br.CNC(=O)C(C)S.CNC(=O)OC |$;;;;;;;;;;D1;;;;;;;;;;;;;;;;$,m:14:0.5.4.3.2.1,m:21:7.6.11.10.9|"
9410,9410,CC1(CCNC(=O)C(=O)N(C1)C)C |$;;;;;;;Z1;;;;;$|
9411,9411,"CC1COCCN1C(=O)C(C)Cl.CN=C(N=C(C)C)N(C)C |$;;;;;;;A2;A;;E6;;;;;;;;;;;$,m:12:1.6.5.4.3.2|"
9412,9412,"CCN(CCBr)C(=O)C1(CCCC1)C.CSSN |$;;;;;;;;;;;;;;;;;$,m:14:8.9.10.11.12,Sg:n:6:v:ht|"
9413,9413,CC1=C(OC=N1)C(=O)N(C)C |$;;;;;;;;;;K$|
9414,9414,C1=CN2C(=O)C(=C(NC2=N1)Cl)I |$;;;;;A;;;;;;$|
9415,9415,"CC(=O)N1CC2CCC(C1)N2N=[N+]=[N-].CC.CN=CC(C)N |$;;;;;;;;;;;;;V;;R15;;;;;;$,m:14:3.9.8.10.5.4,m:16:6.5.10.8.7|"
9416,9416,CC(C)C(C#N)C(=O)N(C)C |$;;;;;;;;X;;$|
9417,9417,"CN1C(=O)COC2=NC=CN=C21.CC |$;;;;;;;;;;;;;X$,m:12:1.11.6.5.4.2|"
9418,9418,CC1[C@@H](N(C(=O)C1(C)C)C)C(=O)O |$B;;D;;;M;;;;;;;$|
9419,9419,"C1CC1(C(=O)O)N2CCOCC2=O.CC |$;;;;;;;;;;;;;;R$,m:13:0.1.2|"
9420,9420,C/C(=C\CN)/C(=O)N(C)C |$;E6;;;;;;;;$|
9421,9421,CC(=C)C(=O)N(C)CN(C)C |$;;X2;;;;;;;;$|
9422,9422,"CC1=CC(=CC(=O)N1C(C)C)N.CC |$;;Q;;;Y7;;;;;;;;E9$,m:12:1.7.5.4.3.2|"
9423,9423,"CC(CCl)N(C)C(=O)C1=CC=CC=C1Cl.CC |$;;;Y;;Y;;;;;;;;;;;L$,m:15:8.13.12.11.10.9|"
9424,9424,CCN(C(C)C)C(=O)C(F)F |$;;;;;;;;;V2;$|
9425,9425,"CC1C(OC(=O)[C@@H]2CCCN(C2)C1=O)C |$;;;;V8;;;;;E3;;;;;$,Sg:n:10:n:ht|"
9426,9426,"CN1CCCCC(C1=O)C=C |$;L;A5;;E;W;;;;;$,Sg:n:8:k:ht|"
9427,9427,CC1=CN(C(=C1C=O)C)C(=O)C |$;;Y5;W8;;;;;;;;$|
9428,9428,"C=CCN1C(CCCC1=O)C(=O)O.CC |$;;;;;;;;;Z;;;;;X82$,m:13:3.8.7.6.5.4|"
9429,9429,"CN1C=C(C(=CC1=O)C(=O)O)C(F)(F)F.CC(N)=NO |$E3;;;;;X3;;;;;E;;;;;;;;;$,m:15:1.6.5.4.3.2|"
9430,9430,"CC(=O)N(C)[C@@](C)(CNC)C(=O)O |$;;;;;;Q;;;;;;$,Sg:n:4:c:ht|"
9431,9431,CC1=COC(=C1C(=O)N(C)C)C |$;;;;;;A8;;;;;$|
9432,9432,"CC1COC(CN1C(=O)C(C)Cl)CO.CC |$;;;;Q;;;Z;;;;D;;;;Q$,m:14:1.6.5.4.3.2|"
9433,9433,"CCCC1C(=O)NCC(=O)N1CC(C)C |$;;;;;;;;;;;;;;$,Sg:n:11:q:ht,Sg:n:2:u:ht,Sg:n:1,2:N:ht|"
9434,9434,"C1[C@@H]2N(C1=O)C(CS2)O.CC(O)C(=O)O |$;;;;;;;;;;;;;;$,m:9:0.3.2.1|"
9435,9435,"COC(=O)[C@H]1C2CC(C2)N1C(=O)[13CH3].CS(=O)(=O)N=CN.CC |$;;B;;T;;;;;;;;Q;;;;;;;;;R3$,m:13:6.7.8.5,m:20:4.5.8.7.9|"
9436,9436,CN1C(C(=O)NCC1=O)C(=O)O |$;;;;;;;T4;;;;$|
9437,9437,CN(C)C(=O)C1=CC(=NN1C(F)F)N |$D;;;U3;;;;;;;;;;$|
9438,9438,CC1=[N+](C(N(C1=O)C)(C)C)[O-] |$;W;;;;;;;;;$|
9439,9439,"CN(C)C(=O)C1=CNN=C1.CC |$;J9;;;;;;;;X;;G$,m:10:5.6.7.8.9|"
9440,9440,CCN(CC(C)C)C(=O)CN |$;;;A6;;;;;;;$|
9441,9441,"CC(C)(C)N1CCNC(=O)C1=O.CC |$;Q5;;;;;;;;;;;;R$,m:12:4.10.8.7.6.5,Sg:n:6:u:ht|"
9442,9442,CC(CC#N)N(C)C(=O)C(C)(C)N |$;;;;;;;X9;;;B;;$|
9443,9443,"CN(C1CC1)C(=O)C2(CCC2)C(=S)N.CC.CC |$;;;;;;;;;;;;;;;E94;;Z$,m:14:3.2.4,m:16:8.9.10.7,Sg:n:1:L:ht|"
9444,9444,"CN1C2=NC=NC=C2N(C(=O)C1=O)O.CC.CSSSC |$;;;;;;;;;;;;;;;W;;;;;$,m:14:1.11.9.8.7.2,m:16:3.4.5.6.7.2|"
9445,9445,"CCN1C(=O)C=CC1=O.CC=NN(C)N |$;;;;;;;;;;;;;;$,m:9:2.3.5.6.7|"
9446,9446,"CCC1CCC(CN1C(=O)C(C)O)C |$;;;;;;U4;;;;;;;$,Sg:n:6:D:ht,Sg:n:6:t:ht|"
9447,9447,CC(C)N(CC1CC1)C(=O)C(C)N |$;;;;;B2;;U;;;;;$|
9448,9448,"C1C2=CC=CC=C2N(C(=O)CN1)CC#N.CC(C)=NN(C)N |$;;;;;;L;;E0;;;;K;;;;;;;;;$,m:15:2.3.4.5.6.1|"
9449,9449,CCC(C)N(C(=O)CC)C(C)(C)C |$;;;;;E4;;V7;B;;;;$|
9450,9450,"CC[C@@H]1C(=O)N(CCC(=O)N1)C.CC |$;;;;;;;;;;;;;R7$,m:12:2.3.5.6.7.8.10|"
9451,9451,"C1C=CN(C(=O)C1=O)C(=O)O.CNS(=O)(=O)OC |$;;;;;;Q7;X4;;;;;;;;;;$,m:11:0.6.4.3.2.1|"
9452,9452,"CN1C(=O)CC(CC1=O)SC.COP(C)N(C)C |$;;;;;;;;;;;;;;;;;$,m:11:1.7.6.5.4.2,Sg:n:0:V:ht|"
9453,9453,CC(=O)N1CCNC2=C1C=C(C=C2)Cl |$M2;;;;;;;Y;;;;;;$|
9454,9454,CC(=C(C)C(=O)N(C)C(C)(C)C)C |$;;;;K;;;K4;Q;;;;W$|
9455,9455,"CCC(CC)(C1CC(=O)N(C1=O)C)I |$V;;;A5;;;;;;V;;;;$,Sg:n:3:b:ht|"
9456,9456,"CC(C(=S)N)C(=O)N1CCCCC1CO |$;;L;;;;;;;;;;;;$,Sg:n:5:F:ht|"
9457,9457,CCN1C[C@H]2CNC[C@H]2C1=O |$;;X;;;;;;;;$|
9458,9458,"CC1=NC=C(C(=O)N1C)CO.CN=CN(C)N=C(C)C |$;;;Z;;;;;;;;;;;;;;;;$,m:11:1.7.5.4.3.2|"
9459,9459,"C=CN1CCC(=C)C1=O.CC(=O)NS(C)=O |$;;;;;;;;;;;;;;;$,m:9:2.3.4.5.7,Sg:n:3:E:ht|"
9460,9460,"C1CN2C(=C(NC(=O)C2=O)O)CN1.CC |$G;;K5;;U;;;;;;;;;;R$,m:13:0.12.11.3.2.1|"
9461,9461,"CC(=O)N(C1=NC=CC=N1)C(=O)C.COC=NOC |$;;;;;;;;;;;;;;;;;;$,m:13:4.9.8.7.6.5|"
9462,9462,CCC(CC)N(CC#C)C(=O)CC |$D;;;;M5;;;;;;;;$|
9463,9463,"C1C2N(C1=O)CC(=CS2)O.CNC(=O)C(C)O |$Q3;;;;;;;;;;;;;;;;$,m:10:5.6.7.8.1.2,Sg:n:6:x:ht|"
9464,9464,CC(=O)N(C)/C=C\N |$;J6;;V1;;;;$|
9465,9465,"CC1(C(=O)C=CC(=O)N1C)C.CN=C(N)N(C)N=C(C)C |$Z3;;;;;;;B7;;;;;;;;;;;;;$,m:11:1.8.6.5.4.2|"
9466,9466,CC(C)C(=O)N(C=O)C(=O)N |$;;;;Q7;;;;;;$|
9467,9467,"CN1C=C2C=CC(=O)N(C2=NC1=O)C.CN=C(N)NN=C(C)C |$;;A;;;;;;;;;;;;;;;;;;;;$,m:14:4.5.6.8.9.3|"
9468,9468,"C1N(C(=O)C2=C(O1)C=CC(=C2)Cl)CCCl.CNP(C)(=S)N(C)C |$;;D;;;;;E7;T;;;;;;;;;;;;;;$,m:15:0.6.5.4.2.1,Sg:n:12,13:d:ht|"
9469,9469,"CC(=O)N1CCC2(C1)CN(C2)S(=O)(=O)C.CC |$;;;;;;;;;;;;;;;;R$,m:15:8.9.10.6,Sg:n:7:X:ht|"
9470,9470,"CCC(CC)CN1C=NC=C(C1=O)Br.CN=CN |$;;;;;;B;;;;;;;;;;;$,m:14:6.11.10.9.8.7|"
9471,9471,"C1CC(C2N(C1)C(=O)CO2)(CC3=CC=CC=C3)CC4=CC=CC=C4.COC(C)(C)O.CC |$;;;;;;;D6;;;;T5;;;;;;;;;;;;;;;;;;;;R$,m:24:6.4.3.9.8,m:30:12.13.14.15.16.11,Sg:n:12:w:ht|"
9472,9472,"CN(C)C(=O)[C@@H](CC1=CC=CC=C1)N.CC |$;J;;;;;;;;;;;;;;Q07$,m:14:7.12.11.10.9.8|"
9473,9473,"C[C@@H]1C[C@H]1C(=O)N2CC(C2)(C)F |$;;;;;;;;;;;$,Sg:n:2:p:ht|"
9474,9474,"CCCN1C=CC(C(=O)C1=O)C.CC |$;;;;;;;;;;;;;R4$,m:12:3.9.7.6.5.4|"
9475,9475,"CCC(C(=O)N(C)C1CCOCC1)Br.CC(=N)C(C)N |$W;;T;;J3;Y;;;;;;;;;;;;;;$,m:14:7.12.11.10.9.8|"
9476,9476,"CC(C)(C)C(=O)C1=CCS(=O)(=O)[C@H]2N1C(=O)C2.CC |$;;;W;;;T7;;;;;;;;;;;;U9$,m:17:6.13.12.9.8.7|"
9477,9477,"CCC1NC2(CC2)C(=O)N1CC3CC3.CP(C)S |$;;;;;;;;;;;;;;;;;$,m:14:12.11.13|"
9478,9478,"CC(C)N1C(=CC=N1)NC(=O)C(C)SC2=NC3=C(C=CC(=C3)C(=O)OC)C(=O)N2CC4CCCO4.CC=NNC(C)=NC.CC |$;;;;;;;;;;;Y9;B2;;B;;;;;;;;;;;;;;;;;;;;;;;;;;;;;;J$,m:35:3.4.5.6.7,m:43:31.30.34.33.32|"
9479,9479,"CCCCCC(=O)N(C)C(C)CC(=S)N |$;;;;;;;;;W;;;;;$,Sg:n:1,2:W:ht|"
9480,9480,"CCCN(CC)C(=O)C(C1=CC=CS1)N.COP(C)N(C)C |$;;;T;Y3;;;;;;;;;;;;;;;;;$,m:15:9.10.11.12.13,Sg:n:1,2:Q:ht|"
9481,9481,"CC1(CCN(C1)C(=O)C2=C(C=C(C=C2)Br)OC)C(=O)N.CC.CC=NN(C)C |$;;;;;;;;;;;;;;G;;;;;;;R;;;;;;$,m:20:1.2.3.4.5,m:22:9.10.11.12.13.8,Sg:n:19:M:ht|"
9482,9482,"C1CC1N(CC(=O)O)C(=O)C2=CC=CO2.CC |$;Y;D;;;;;;;;;;;Y3;;;R3$,m:15:0.1.2|"
9483,9483,"CN(C1CCCC1)C(=O)C2=CC(=CS2)S |$Q0;;;;;;;;;;;;;;$,Sg:n:6:s:ht,Sg:n:13:q:ht|"
9484,9484,"CCCC1CCN(C1)C(=O)[C@@H](CC)N |$;;;;;;;;;;;;;$,Sg:n:1,2:U:ht|"
9485,9485,CC(=CC(=O)N1CCC(CC1)N(C)C)O |$Q;;;;;;;;;;;;;;$|
9486,9486,"CCC(=O)N1CCCC(CC1)C(C)C |$;Y2;U;;T9;Y;;;;;;;;$,Sg:n:9:S:ht|"
9487,9487,"CC1=C(C(=NS1)C)CN2C=CN=CC2=O.CNC(=O)C(C)S |$G9;;;;;;;;;;;;W3;;;;;;;;;$,m:15:9.10.11.12.13.8|"
9488,9488,"CC1=CC(=NO1)CC(=O)N(CCCN)CC2=CC=CC=C2.CN=NC(C)=NC.CC |$;Q;;;;A;;;;;;;;;;D8;;;;;;;;;;;;;;R$,m:21:1.2.3.4.5,m:28:16.17.18.19.20.15,Sg:n:16:S:ht,Sg:n:10,11,12:e:ht|"
9489,9489,"CC1=C(SC=N1)C(=O)N(CCCl)C2CC2.CNN(C)C(N)=S |$;;;;;;;M;;;;;;;;;;;;;;$,m:15:1.2.3.4.5,Sg:n:9,10:M:ht|"
9490,9490,"CCN(CC(F)(F)F)C(=O)C1CC1C |$;;;;;;;;;;;;;$,Sg:n:11:M:ht|"
9491,9491,"CC(C#N)C(=O)N1CCCC(C1)SC.CSN(C)O |$;;;;;;;;;;;;;V;;;;;$,m:14:6.11.10.9.8.7|"
9492,9492,"C[C@H](C(=O)O)N1C(=O)CC2=CC=CC=C21.CC(=N)S(C)(=O)=O |$;;;;;;;U7;;;;;;;;;;;;;;$,m:15:10.11.12.13.14.9|"
9493,9493,CCN(CC)C(=O)[C@H]1CCCN(C1)C |$;;;W6;;;;;;;;;;$|
9494,9494,"CCC(=O)N1CCN(CC1)C(C)CN.CC(=N)N(C)C=O |$;;;;;;;;;Q;;;;;;;;;;;$,m:14:4.9.8.7.6.5,Sg:n:10:k:ht,Sg:n:7:w:ht|"
9495,9495,"CN1C(=O)C(=O)N(C1=O)CC2=CC=CC=C2[N+](=O)[O-].CC |$;;;;;;;;Y0;;;;Z0;A;;;;;;;V$,m:19:1.2.4.6.7|"
9496,9496,"CCC1CC(CN1C(=O)[C@H]2CCNC2)C.COP(C)(=S)N(C)C.CC |$Y2;Z;;;;;;;;;;;;;;;;;;;;;;;R5$,m:15:2.3.4.5.6,m:23:10.9.13.12.11,Sg:n:2:J:ht,Sg:n:9:W:ht,Sg:n:5:f:ht|"
9497,9497,CC(C)C1CC(=O)N(C1)CC(C)C=O |$;;;U7;;;;;;;;;;$|
9498,9498,"C=CCN1C(C2=C(C1=O)OC3=CC=CC=C3C2=O)C4=CC=CS4.CC(=S)N(C)N(C)C.CN(C)C(=O)NN |$;;;;;;;;;T;;;;;;;;;;;;;;;;;;;;;;;;;;;;$,m:23:9.10.15.16.5.6,m:31:11.12.13.14.15.10|"
9499,9499,"CCN1CCN(CC1)C(=O)CC(=O)C |$;;;;;;;;;;;;;$,Sg:n:0:N:ht,Sg:n:1:N:ht|"
9500,9500,"CCCCN(C)C(=O)C1=CC=[N+](C=C1)[O-].CC |$;;;;;;;;;;;;;;;;R63$,m:15:8.13.12.11.10.9|"
9501,9501,"C[C@@H]1[C@H](CCC1C)N2C(=O)C=CC2=O.CNC(=S)N(C)N |$;;;E9;;A1;;;;;;;;;;;;;;;$,m:14:8.7.12.11.10|"
9502,9502,"CCC1NC(C(=O)N1CCN(C)CC)C.CC |$;;;;;;;;;;;;;;;;Y02$,m:15:2.3.4.5.7,Sg:n:8,9:U:ht|"
9503,9503,"COC1CCN(CC1)C(=O)CCCCl.CC |$;;;;;Y5;;;;V;;;;;;R49$,m:14:2.7.6.5.4.3,Sg:n:11:M:ht|"
9504,9504,"C1C2=C(C=CC(=C2)Br)C(=O)N1CC(F)F.CC(C)=[NH2+] |$;;;;;W4;;D;;;;J;;;;;;;$,m:15:0.1.2.8.10|"
9505,9505,C[C@H]([C@H](C=C)O)C(=O)N1[C@H](CSC1=S)CC(C)C |$;;;;;;Q6;;;;;;;;;;E;$|
9506,9506,"COCCN1C(=O)C[C@H](C1=O)N |$;;;;;;;;;;;$,Sg:n:7:j:ht,Sg:n:2,3:N:ht|"
9507,9507,"CC(=O)N1CC[C@@H]([C@H]1/C=C/C(=O)OC)N(CC2=CC=CC=C2)C(=O)C.CC.CN=CNNC |$;Z5;;;;J5;;;;;;;K;;;D3;;;;K5;;;;;;;A5;;;;;;$,m:25:3.4.5.6.7,m:27:17.18.19.20.21.16,Sg:n:20:Y:ht|"
9508,9508,"C1=CC2=C3C(=C1)C(=O)N(C(=S)C3=CC=C2)CC(=O)O.CON(C)N.COC(C)(SC)SC |$;Z6;K9;;;;;;;;;;B;;;;;;;;;;;;;;;;;;;$,m:19:0.5.4.3.2.1,m:24:12.13.14.2.3.11,Sg:n:8:Y:ht|"
9509,9509,"CN1CC(CC1C(=O)N2CCOCC2)N |$;;;;;M9;;;;K;;;;X;D$,Sg:n:3:J:ht|"
9510,9510,"C1[C@@H]2C[C@@]3([C@H]1C=C2)CC(=O)N(C3=O)C4=CC(=CC(=C4)Cl)Cl.CSC(C)=NN(C)C.CC |$;;;;M0;;;;;;;;;;;;T;;;;;;;;;;;;;;R0$,m:21:0.1.2.3.4,m:29:7.3.11.10.8|"
9511,9511,"C1CSCCN1C(=O)CC2=CSC=N2.CC.CC |$;;;;;;;;;;;;;;;G;;W2$,m:14:0.5.4.3.2.1,m:16:10.9.13.12.11,Sg:n:11:w:ht|"
9512,9512,CC(C)C(C(=O)N1CC[C@@H](C1)O)N |$;;;;;;V;;;;U;;$|
9513,9513,"C1CC2=C(CCC(=O)N2C1)C#N.CC(O)S |$;M4;;;;;W0;;;;;;;;;$,m:12:0.1.2.8.9|"
9514,9514,CC(C)CC(=O)N(CC(=O)O)C=C=O |$;;;;;;;;;;;Q;;$|
9515,9515,"CCCCCN(C)C(=O)C1(CC1)C(=O)O |$;;;;;;;;;;;;;;$,Sg:n:1,2,3:b:ht|"
9516,9516,CCOC(=O)CN1C(=NC=C(C1=O)I)C |$;;;;E;J5;;;;;;;;;$|
9517,9517,"C1CN2C(=C(C=CC2=O)Br)CC1C(=O)O.CC |$;;;;;;;;;;;;;;;;T$,m:15:0.11.10.3.2.1|"
9518,9518,"CC(C)N(CCBr)C(=O)C1=C(C=CC(=C1)Cl)Br |$;;;;;;;;;;;;;;;;$,Sg:n:4,5:Y:ht|"
9519,9519,"C1CN(CC1CC(=O)O)C(=O)C2=CC(=C(N=C2)Cl)Cl.CC(C)=NS(C)(=O)=O |$;;;;;;;;;;;;;Y;;;;;;;;;;;;;$,m:19:12.13.14.15.16.11|"
9520,9520,"CCCN(C1CCC(CC1)N)C(=O)C#C |$;;;;;;;;;;;B;;;$,Sg:n:14:C:ht,Sg:n:1,2:h:ht|"
9521,9521,"CN1CCN(C(=O)C1=O)CC(=C)CS.CC(=O)NC=O |$;;;;;;;;Q;;;;E0;;;;;;;$,m:14:1.7.5.4.3.2|"
9522,9522,"C1C(=O)N(C(=O)S1)CCCC(=O)O |$;;;;;;;;;;;;$,Sg:n:7,8:f:ht|"
9523,9523,"C1CCN(C(=O)C1)C2=CN=C(N=C2)I.CC |$;;;;;;;;;;;;;;;R$,m:14:0.6.4.3.2.1|"
9524,9524,"CCC(COC)N1CCCC(C1=O)N |$;;J7;;;;;M7;;;;;;V4$,Sg:n:10:y:ht,Sg:n:10:m:ht|"
9525,9525,CC1=CC2=C(CCC(=O)N2C)C(=C1C)N |$;;;;;;;;G3;;;;;;$|
9526,9526,"C1C(C(=S)NC(=S)C1O)N2C(=O)C3=CC=CC=C3C2=S.CN=C(N(C)C)S(C)(=O)=O.CC.CC |$;;;;K;;;;;;;;;;;;T1;;;;;;;;;;;;;;;X;;V$,m:20:0.7.5.4.2.1,m:30:10.9.18.17.12,m:32:13.14.15.16.17.12|"
9527,9527,"C1CC2CN(CC1N2)C(=O)/C(=C/NN)/N.CC |$;;;;;;Q;X9;;;;;;;;;R7$,m:15:0.1.2.7.6,Sg:n:2:G:ht|"
9528,9528,"CC1=CC(=C(C=C1)F)C(=O)N(C)C2CNC2.CC |$;;;;;U;;;;;;;;;;;;W26$,m:16:13.14.15.12|"
9529,9529,"CCC1(CCN(C1)C(=O)CCCl)CC |$;;;;;;;;;Q5;;Z1;;$,Sg:n:8:D:ht,Sg:n:9,10:V:ht|"
9530,9530,"CCN1C(=O)CCC2=C1C=CC(=C2)NC(C)C3CCCCC3.CC |$;;T2;;;;;;J;;;;;;;;;;;;W4;;;R96$,m:22:17.18.19.20.21.16|"
9531,9531,"CC(=O)N1CC[C@@]2(C1)CC[C@@H](C2)C(=O)O.CN=CC(C)=N.CC |$V9;;;;;;;;;;;;;;;;;;;;;;R2$,m:15:3.4.5.6.7,m:21:8.6.11.10.9,Sg:n:6:G:ht,Sg:n:1:p:ht|"
9532,9532,"CCCCC1C(=O)N(C(=O)C(S1)CC)C.CC |$;;;;;;;;;;;V;;;;;R43$,m:15:4.11.10.8.7.5,Sg:n:2,3:e:ht|"
9533,9533,"CCCC1=C(C(=O)N(C(=O)N1C)C)F |$;;;;K;;;Y;;;;;;$,Sg:n:1,2:v:ht|"
9534,9534,"CC1=CC(=NO1)C(=O)N(CCO)CC=C |$;;;;;;;;;;;;A0;;$,Sg:n:9,10:T:ht|"
9535,9535,"CC1=CC=C(O1)CN2CCC[C@]3(C2)CCN(C3)C(=O)C |$;;V0;;;;;;Q;;A3;;;;;;;;;$,Sg:n:15:x:ht,Sg:n:2:x:ht|"
9536,9536,CC(CC(C)O)N1CCC(C1=O)NC |$;;;;;T;W4;V;;;;;;$|
9537,9537,"CCN(CCCO)C(=O)C1=C(C=C(C=C1)F)F.CC |$;;;;;;M3;;;;;;;;;;;;R6$,m:17:9.14.13.12.11.10,Sg:n:3,4:U:ht|"
9538,9538,CC(C(=O)O)N(C)C(=O)C1=COC(=C1)Br |$;;;Q4;;;;Z;;;;;;;$|
9539,9539,"C1CC2CC(CC2C1)N3CCC(C3=O)N.CN=CNSC.CNN(C)C(=O)OC |$;;;;;;;;;;;;;;;;;;;;;;;;;;;;$,m:15:0.1.2.6.7,m:21:9.8.12.11.10|"
9540,9540,"C#CCN(CC(=O)O)C(=O)C1=CC2=C(C=C1)NCCC2.CC |$;;;;;;;;;;;;;;;U;;;W5;;;L$,m:20:10.15.14.13.12.11|"
9541,9541,"CC(C)N1CC(C(C1=O)(F)F)C(=O)O.CC |$;;;;;;;;;;;;D8;;;A8$,m:14:3.4.5.6.7,Sg:n:5:r:ht|"
9542,9542,"CC(C)COCCC(=O)N1CCC(C1)N.CSC(C)O |$;;;;;;;;;;;;;;;;;;;$,m:15:9.10.11.12.13,Sg:n:11:Z:ht,Sg:n:7:Q:ht|"
9543,9543,"CCN(CCC(=O)O)C(=O)C1CC1(C)C.CBO |$;;;;;;;;;;;;;;;;;$,m:15:10.11.12,Sg:n:3,4:z:ht|"
9544,9544,"CCCNCC(=O)N(C)CCS(=O)(=O)C |$;;;;;;;;;;;;;;$,Sg:n:9,10:Q:ht|"
9545,9545,"CCN(/C=C\C(C)C)C(=O)C(C)C |$;;;;;;;;W;;;;$,Sg:n:7:v:ht|"
9546,9546,"C[C@H]1CNCCN1C(=O)C2=CC=C(O2)C.CC(=S)N(C)O |$;;;;;;;;;;Q5;;T1;;;;;;;;$,m:15:1.6.5.4.3.2|"
9547,9547,"CN1CC(NCCC1=O)C(=O)O.CC |$;;;;;;;;;;;;;R$,m:12:1.2.3.4.5.6.7,Sg:n:1:k:ht|"
9548,9548,CC(C(=O)C)N1C=C(C=C(C1=O)Cl)Cl |$;;;V5;;;Z;;;;;;;$|
9549,9549,"CCC1=NN(C=C1C(=O)N2CC[C@@H](C2)N)C.CC |$;;;;;;;X3;;;;;;;;;;J64$,m:16:10.9.13.12.11,Sg:n:2:N:ht,Sg:n:9:I:ht|"
9550,9550,"CCC1=C(C=NN1)C(=O)N2CCN(C[C@H]2C)C3=CC=CC=C3C.CN=C(SC)N(C)N=C(C)C |$;;;;;;;;;;;;;;;;;;;;T;;;;;;;;;;;;;$,m:23:17.18.19.20.21.16|"
9551,9551,CC(=O)N(C)C1=CC(=C(C=C1)OC)F |$;;;;;;;;;;;;;B1$|
9552,9552,"CC1=CC(=O)N(C2=C1C(=NN2C)C)CC(=O)N3CCOCC3.CC=[N+](C)C.CNC(C)(C)SC |$;;;;;;;;B0;;;;;;;;;;;;;;;;;;;;;;;;;$,m:22:8.7.6.10.9,m:27:17.18.19.20.21.16,Sg:n:3:d:ht,Sg:n:17:h:ht|"
9553,9553,"CCN(CCCC(=O)OCC)C(=O)C |$;;;;;;;;;;;;;$,Sg:n:3,4:D:ht|"
9554,9554,CC1CCCCN(C1)C(=O)C(F)F |$;;M;;;;;;;;;W9;$|
9555,9555,"CC1=CC(=CC=C1)CN2C3=C(C=CC(=C3)C(=O)N4CCCC4)SC5=CC=CC=C5C2=O.CON=C(C)OC.CC.CN=C(NO)SC |$;;L2;;;;;;;;;X;;;;;;;G9;;;;;;L;;Y9;;E3;;;;;;;;;;;K1;;;;;;;$,m:31:1.6.5.4.3.2,m:38:11.12.13.14.9.10,m:40:22.10.9.8.29.28.23|"
9556,9556,"CC1=CC=CC=C1C(=O)N2C(COC2(C)C)CC3=CC=CC=C3.CC(=O)C(C)N.CC |$;;;;;;;E9;A6;;;;;;;;;;;;;;;;;;;;;;M71$,m:23:1.6.5.4.3.2,m:29:18.19.20.21.22.17|"
9557,9557,"CC(C)(C)C1=NN(C(=C1)C(=O)N(C)C)C.CC |$;;;;;;;;;;;;;;;;U7$,m:15:4.5.6.7.8|"
9558,9558,"CC1=CC(=O)N(C1=O)CCC(=O)C(C)C.CC(=S)C(C)N |$;;;;;;;;;;;;;;E;;;;;;$,m:15:1.2.3.5.6,Sg:n:8,9:d:ht|"
9559,9559,"CC(=O)N1C=C(N=C1)CCN.CC(=S)N(C)N=[N+]=[N-] |$;;;;;;;;;;;;;;;;;;$,m:11:3.4.5.6.7,Sg:n:8,9:g:ht|"
9560,9560,"C1COCCN1CCN2C=NC=CC2=O.CNC(=S)SC |$Y;;;;;;;;;;;;;;;;;;;;$,m:15:9.10.11.12.13.8,Sg:n:13:k:ht,Sg:n:6,7:K:ht|"
9561,9561,"CC1=C(SN=N1)C(=O)N2CCC(C2)NC.CS(N)=O.COC(C)=O |$;;;;G;;;;;;;;;;;;;;;;;;;$,m:15:1.2.3.4.5,m:19:9.8.12.11.10,Sg:n:14:f:ht|"
9562,9562,"C=C(C1CCN(CC1)C(=O)CNC=O)N.CC |$;;;;;;;;;;;;E;;;;R1$,m:15:2.7.6.5.4.3|"
9563,9563,"CCCCC(=O)N1CCN(C(C1)C)C.CN=NOC |$;A2;;;;;;;;;;;;;;;;;$,m:14:6.11.10.9.8.7,Sg:n:8:O:ht,Sg:n:2,3:K:ht|"
9564,9564,"CC(C1=CC=C(C=C1)Br)NCC(=O)N(C)C.COB(C)OC |$;;;Y7;;;;;;;;;;;;;;;;;;$,m:16:2.7.6.5.4.3|"
9565,9565,"CC(CCSC)N(C)C(=O)C1=CSC(=C1)I |$;;;;T;;;;;;;;;;;$,Sg:n:2,3:J:ht|"
9566,9566,CCN(CC)C(=O)[C@H]1CCCNC1 |$;;;;G;;V;Q3;;;;;A$|
9567,9567,"CC1=CC(=O)N(C1O)C2=NC(=NS2)C.CC |$;;;;;;;;;;;;;;;R$,m:14:9.8.12.11.10|"
9568,9568,"C1CC(=O)N2C1C(OC2)C3=CC=CC=C3.CC |$;;;;;;;;;;;;;;;;K$,m:15:0.1.2.4.5|"
9569,9569,"COCCN(CCC(=O)OC)C(=O)C1=CC(=NC2=CC=CC=C21)C3=CC=CC=C3.CC |$;;;;;;;;;;;;;D2;;;;;;;J2;;;;;;;;Z;;W$,m:29:18.19.20.21.22.17,Sg:n:5,6:g:ht|"
9570,9570,"CN(C)C(=O)CN(C1=C=C=CC(=C1)I)S(=O)(=O)C.CNS(C)(=O)=S |$;;;;;;;;;;;;;;;;;;;;;;;$,m:18:7.12.11.10.9.8|"
9571,9571,CN(C)CCCN1C=C(C=C(C1=O)Br)N |$;;;;;;Z;;;;;;;;$|
9572,9572,C1CCN(C(C1)CO)C(=O)C2CC=CC2 |$;;;;;M3;;;;;;;;;$|
9573,9573,"CC1CN2CCCC2CN1C(=O)COC.CN(N)C=O |$;M5;;;;;;;;;;;;;;;;;;$,m:15:4.3.7.6.5,Sg:n:11:m:ht|"
9574,9574,"C1CC2CN(CC2NC1)C(=O)CC3CCCO3.CC |$;;;;;Q;;;;;;;;;;;;;V$,m:17:0.8.7.6.2.1,Sg:n:1:s:ht|"
9575,9575,"COC1=CC=CC(=C1OC(F)F)C(=O)N2CCN(CC2)C3=CC=CC=C3Cl.CC |$U;;;;;;;;;;;;;;;;;;;;;;;;;;X;;R$,m:27:2.7.6.5.4.3,Sg:n:0:O:ht|"
9576,9576,"CC(=O)NC1=CC=CC2=C1C(=O)C(=C(C2=O)Br)N(C(=O)C)C(=O)C.CC |$;;;Y6;;L7;;;;;;;U;;;M3;;;M;Q5;;;;;;G$,m:24:4.9.8.7.6.5|"
9577,9577,"CN(CC1CC1)C(=O)C2=COC=N2.CSC(C)=NO |$;;E;;;;;;;;L7;;;;;;;;$,m:13:9.8.12.11.10|"
9578,9578,"CN1C(=O)C2=C(N=C1N)N(C=N2)N=[N+]=[N-].CN(C)NN=[N+]=[N-] |$;;;M4;;;;;;;;;;M2;;;;;;;;$,m:15:1.7.6.5.4.2|"
9579,9579,CCNCC(=O)N1CC(C(C1)OC)OC |$;;;;;;;;;;;U;;;$|
9580,9580,CC1CCCN(C1)C(=O)C(=O)NCC#N |$;;;;;;;;;;;;;;E$|
9581,9581,CCC(C)C(=O)N1CCN(CC1)C |$;;D1;;;;;;;;;Z2;$|
9582,9582,"C1CC[C@H]2CN(CC[C@H]2C1)C(=O)C3CC3.CC(=S)NN=C(C)C.CC |$;;V8;;;;;;;;;;;;;;;;;;;;;;R$,m:15:4.5.6.7.8.3,m:23:13.12.14,Sg:n:7:S:ht,Sg:n:3:k:ht,Sg:n:0:m:ht|"
9583,9583,"C[C@@H]1C(=O)N([C@H](S1)C2=CC=CS2)C3CC3.CC |$;;;A8;;;;;;;;;;E2;;;J9$,m:15:1.2.4.5.6|"
9584,9584,"CC1=C(C=CC(=C1)C2=CN(C(=O)C=C2)CC3=CC=C(C=C3)Cl)C(=O)O.CC(=O)OC(C)=O.CSP(C)(C)=O |$;;;;;;;;;K;;;E6;;;;;;;;;;;;;;;;;;;;;;;;;$,m:25:1.6.5.4.3.2,m:32:8.9.10.12.13.7|"
9585,9585,CC(C)N(C(C)C)C(C)CC(=O)N(C)C |$;;;;;;;;;;;;J;;$|
9586,9586,"CC[C@@](C)(C(=O)N1CCCC1)[O-].CN=C(NC)NN(C)C |$;V;;;;;;;;;;W4;;;;;;;;;$,m:12:6.7.8.9.10|"
9587,9587,"CC1=CC(=O)N(C(=O)N1)CCCCCBr.CN=C(C)C=N |$;;;V8;;;;M;;;V4;;;;;;;;;;$,m:15:1.8.6.5.3.2|"
9588,9588,"CC1=C(C[C@@H]([C@@H](C1)C(=O)N2CCN(CC2)S(=O)(=O)C)C(=O)O)C.CC.CC |$;;;;;;;;;Y;;;;Y1;;;;;X3;;;W5;;;R7;;T$,m:23:1.6.5.4.3.2,m:25:10.11.12.13.14.9,Sg:n:5:b:ht|"
9589,9589,"C1CN(C1)C(=O)C2=CC3=C(O2)C=CC(=C3)Cl.CNB(C)OC.CN=C(OC)N(C)O |$;;;;;B;;;;G;;Q0;;;;;;;;;;;;;;;;;;$,m:16:0.3.2.1,m:22:7.6.10.9.8|"
9590,9590,"CN(C1CCCCC1)C(=O)CS(=O)(=O)C2=CC=CC=C2.CSC(=N)SC |$;G9;L;;;;;;;;;;;;;;;B;;;;;;;;$,m:20:3.4.5.6.7.2|"
9591,9591,"C1CN(CCOC1)C(=O)C2CSCN2.CC |$;;;T4;;;;;;;;;;;;Q$,m:14:0.1.2.3.4.5.6,Sg:n:1:p:ht|"
9592,9592,"CC1=C(C=C(C=C1)SC)C(=O)N2CCN(CC2)CC3=CC=CC=C3.CC.CNN=O |$;;U;;;;D0;;;;;G;;;;;;;;;;;;;;R5;;;;$,m:24:12.13.14.15.16.11,m:26:19.20.21.22.23.18,Sg:n:23:I:ht|"
9593,9593,"CC1=CC(=O)N(C(=N1)C)CCC(=O)OC.CC |$;;Z6;;;;L3;;;B1;;E;;;;;R87$,m:15:1.7.6.5.3.2,Sg:n:9,10:Z:ht|"
9594,9594,CN(C)C(=O)CN(C)C(=O)CC#N |$;;;;;;;;;V;;;$|
9595,9595,"CN(CC1=CC=CC=C1OC)C(=O)C(CC2=CC=CC=C2)NC(=O)C3=CC=CC=C3.CSC(C)=N.CN(C)C(=S)NN |$;;;;;W;;;;;;;;;;;;;;;;;;;;;;;;;;;;;;;;;;;;$,m:30:4.5.6.7.8.3,m:35:25.26.27.28.29.24,Sg:n:27:f:ht|"
9596,9596,"C1CN(COC1)C(=O)[C@H]2CC[C@H]2C(=O)O |$;;T;;;;;;;;;;;;A3$,Sg:n:6:C:ht|"
9597,9597,CC(C)C[C@H](C(=O)N(CC=C)C1CC1)N |$V3;D4;;;;;;;;;;;V;;$|
9598,9598,"CCN(CCCN(C)C)C(=O)C(=O)OC |$;;;;;;X;;;;;;;;$,Sg:n:3:R:ht,Sg:n:3,4,5:W:ht|"
9599,9599,"C1CCN(C1)C(=O)C=CC2=CC=C(O2)I.CC(=N)N=[N+]=[N-] |$;;;;;;;;;;;;;;;;;;;;$,m:15:10.9.13.12.11|"
9600,9600,"C=C(CNCCC(=O)N1CCCC1)Cl.CC |$;;;;;;;;;;;;;;;V$,m:14:8.9.10.11.12|"
9601,9601,"CC(C1=CC(=O)N(C=C1)C(F)F)C(=O)O.CC |$;;;;;;U5;;;;;;L;;;;K28$,m:15:2.8.7.6.4.3|"
9602,9602,"CC1=C(OC(=N1)C)C(=O)N2CCOCC2.CC |$;;;;;;;;;;;;;;;;R91$,m:15:10.11.12.13.14.9|"
9603,9603,"CC(C(=O)N1CCNC1=O)SC2=NN=NN2C3CC3.CC |$;;;;;;;;;;;;Y;;;;;;;;Z$,m:19:12.11.15.14.13|"
9604,9604,"CC1=C(ON=C1)C(=O)N2CCCC2CN.CC |$;;;;;;;;L0;;;;;;;;X$,m:15:1.2.3.4.5|"
9605,9605,"CCC1CCCCC1NC2=C(C=CC(=C2)C(=O)N(C)C)N.CC |$;;;;;;;;;;;;;B;;;;;;;;;K6$,m:21:2.7.6.5.4.3|"
9606,9606,"CCN1CC(CC1=O)N=[N+]=[N-].CC |$;L;;;;;G9;;;;;;K$,m:11:2.3.4.5.6|"
9607,9607,"C1C(C2=CC=CC=C2CN1C(=O)C3=CN=CN=C3)C(=O)O.CN(C)N(C)C(N)=S |$;;;;;;;;;;;;;;;;;;;;;;;;;;;;$,m:21:13.14.15.16.17.12|"
9608,9608,"CNC[C@H]1CCN(C1)C(=O)COC2=CC=CC=C2OCC(F)(F)F |$;;A5;;;;;;;;X0;;;;;;;;;;;;;$,Sg:n:10:t:ht|"
9609,9609,"CC(=O)N1CSCC1C(=O)NCCN.CC |$;;;B;;;;;;;;;;;;W$,m:14:3.4.5.6.7,Sg:n:5:S:ht,Sg:n:1:l:ht,Sg:n:11,12:e:ht|"
9610,9610,"CCCCN1C(=O)C(N(C1=O)C)(C)CC.CC |$;;;;;;;;;;;;;;;;R$,m:15:4.5.7.8.9,Sg:n:4:w:ht,Sg:n:1,2,3:U:ht|"
9611,9611,"C1CCC(CC1)N2C3=CC(=C(C=C3NC(=O)C2=O)OC(F)(F)F)N4C=CC=C4.CC.CC(=N)C(C)=N |$;;;Q7;;;;;M7;;;;;;;;;;;;;K;;;;;Q;;;R65;;;;;;$,m:28:13.14.16.6.7.12,m:30:24.23.27.26.25,Sg:n:12:d:ht|"
9612,9612,"CCCN(CC1=CC=CC=C1)C(=O)C2(CCC2)N |$;;J;;;;;;;;;;;;X9;;;$,Sg:n:1:Y:ht,Sg:n:1,2:A:ht|"
9613,9613,"C=CCN1C(=O)C(=CC2=C(C=CN=C2Cl)I)C(=O)NC1=S.CNP(=O)(O)O |$;;;;;;;;;;;;;;;;;;;;;;;;;;$,m:21:9.10.11.12.13.8,Sg:n:4:o:ht|"
9614,9614,"CC(=O)N(C)C[C@H](C1CCCCC1)O |$W1;;;;;;;;U;;;;;$,Sg:n:5:m:ht|"
9615,9615,"C1CCN(C1)C(=O)C2=CC(=C(C=C2)N)Br.CC |$;;;;;;;Z;;;;Y7;;;;;E93$,m:15:0.1.2.3.4|"
9616,9616,COCN1C(=O)C=C(NC1=O)CN |$;;;;;;;;;;V;;$|
9617,9617,C[C@H]1[C@@H](CC(=O)N1C(C)C)CC(=O)O |$;W3;;;G0;;;;B;;;;;$|
9618,9618,CC(=O)N1C[C@@H]2CCCN([C@@H]2C1)N=[N+]=[N-] |$;;;;;;;M;;;;K;;;V$|
9619,9619,"CCCN(C(C)C)C(=O)C1=C(C(=CC(=C1)S(=O)(=O)N)Br)Cl |$;;;J3;;;;;;Z4;;;;;U;;;;;;$,Sg:n:1,2:y:ht|"
9620,9620,"C=C(CN1CCCCCC1=O)CS |$;;;;;;;;;;;;$,Sg:n:9:O:ht|"
9621,9621,"C1CC1CN(CC(=O)O)C(=O)CCCN.CSC(=S)SC |$;;;;V1;;;;;;;;;A;;;;;;;$,m:15:0.1.2,Sg:n:11,12,13:a:ht|"
9622,9622,"C1CCCN(CC1)C(=O)CN2CCC[C@H](C2=O)N.CSC(C)=NO |$A;;;;;;;;T5;;;;;;;;W9;;;;;;;$,m:18:0.1.2.3.4.5.6,Sg:n:4:G:ht,Sg:n:8:A:ht|"
9623,9623,"C1C(N2[C@H](S1)C(C2=O)(CO)Br)C(=O)O.CC |$;;;;;;;;;;;K3;;;;M5$,m:14:0.1.2.3.4,Sg:n:7:N:ht|"
9624,9624,"CNC1CC(=O)N(C2=C1C=C(C=C2)F)C.CC |$;;;;;;;;;W1;;;;;;;U$,m:15:2.8.7.6.4.3,Sg:n:13:y:ht|"
9625,9625,"C1C2CC(=O)N2CC3C1=CC(=O)C3.CC |$;;;;;;;;;;A6;;;;R5$,m:13:0.8.7.6.5.1|"
9626,9626,"CC(C)CC1=C(N(C(=O)N(C1=O)C)C)O.CC |$;;;;;;;;M4;;;;;;;;R6$,m:15:4.10.9.7.6.5|"
9627,9627,"CN1CCN(CC1=O)C2=CC=CC(=N2)N.CC.CSC(=O)N(C)N(C)C |$;;T;;;;;;;;;;;;;;W;;;;;;;;;$,m:15:1.6.5.4.3.2,m:17:9.10.11.12.13.8,Sg:n:9:n:ht|"
9628,9628,CCNCC(=O)N1CCC(CC1)N(C)C |$;;;;;;;;;;;;;B;$|
9629,9629,"C1CCC(CC1)CCNC2=CC(=CC=C2)N3CCCC3=O.CC |$;;;;;;;;;;;;;;;X;;;;;;;V66$,m:21:16.15.19.18.17,Sg:n:9:R:ht,Sg:n:6,7:O:ht|"
9630,9630,"CC(CN1C(=O)C=CC1=O)C(C)CO.CC |$;;;;;;;;;;;;;;;R67$,m:14:3.4.6.7.8|"
9631,9631,CC(=O)N(C1=NN(N=N1)C)C(=O)C |$;B;;;;;;;;;W7;V;$|
9632,9632,"C[C@H](C(=O)N[C@@H](C1=CC=CS1)C(C)C)N2C(=O)C(NC2=O)(C)C.CC.CSN(C)N |$;;;;;;;;;;;;;V;;A;;;;;;;;;R0;;;;;$,m:23:7.6.10.9.8,m:25:15.14.19.18.17|"
9633,9633,"CCN(CCC#N)C1=NC=CN(C1=O)C.CC |$;;;;;;;;;;;;;;;;E94$,m:15:7.12.11.10.9.8,Sg:n:1:s:ht,Sg:n:3,4:j:ht|"
9634,9634,CCCC(CN1C=CN(C(=O)C1=O)C)N |$;;;;;;;;V;;;;;;$|
9635,9635,"CC(C)N1CCN(C(=O)C1)CS(=O)(=O)N.CC |$;;G;;;;;;;;L;;;;;;R$,m:15:3.9.7.6.5.4|"
9636,9636,"CCN1[C@H](CCC1=O)CCC#N |$;V;;;D6;;;;;;;$,Sg:n:4:Y:ht,Sg:n:8,9:j:ht|"
9637,9637,C/C=C(\C(=O)N(CP)C=O)/F |$;;;;L4;;;;;;$|
9638,9638,"CCN1C[C@H]([C@]2([C@H](CC1=O)OC)C3=C(C=C(C=C3)Cl)NC2=O)C4=CC(=CC=C4)Cl.C=NC(=NC)SC.CC |$;;;;;;;;;;D;;;;;;;;;;;;;U;;;;;L9;;;;;;;;;R99$,m:29:2.3.4.5.6.7.8,m:36:23.24.25.26.27.22,Sg:n:16:U:ht|"
9639,9639,"CCCN(C1CCCNC1)C(=O)COCC(F)(F)F.CN=C(C)NN(C)C |$;;;;;;;;;;;;;;;;;B;U;;;;;;;;$,m:19:4.9.8.7.6.5,Sg:n:1,2:C:ht|"
9640,9640,"CC(CCN1C(=O)C(=O)NC1=O)(F)F.CC |$;;;;;;;T;;;;;;;;U$,m:14:4.5.7.9.10,Sg:n:13:e:ht,Sg:n:2,3:W:ht|"
9641,9641,"CC1=C(C(=O)N(C(=N1)C2=CC=CC=C2O)CCC3=CC=CC=C3)N(C)C.CC |$;;;;;;T3;M;;;;;;;;;;;;;;;;;;;;T28$,m:26:18.19.20.21.22.17,Sg:n:15,16:c:ht|"
9642,9642,"CN1C(=O)C2=C(C=CC(=C2)O)NC1=O.CC.CNN=C(C)SC |$;;;;;;;;;;;;;;;A;;;;;;;$,m:14:1.12.11.5.4.2,m:16:6.7.8.9.4.5|"
9643,9643,"CCCN(C)C(=O)C1=CN=CC(=N1)NC |$K;;;;M;G9;;V;;;;;;;$,Sg:n:2:v:ht,Sg:n:1,2:I:ht|"
9644,9644,CN1C=CC(=CC1=O)C2=NC(=NO2)CO |$;K0;;;;;;;;;;;;;$|
9645,9645,"C1COC(CN1C(=O)C2=CC=NO2)CO.CC |$;X0;;;;G;;U4;;Z8;;;;;;;A0$,m:15:9.8.12.11.10|"
9646,9646,"B1(OC(C(O1)(C)C)(C)C)C2=CC(=C(N=C2)N)C(=O)N(C)C.CC(=N)S(C)(=O)=O |$;;;J7;;;;;;;;;;;;;W7;;;;;;;;;;;$,m:21:10.11.12.13.14.9|"
9647,9647,"CC(=O)N(C)CCC1=CNC=C1 |$U;;;;;;;;;;;$,Sg:n:5,6:c:ht|"
9648,9648,"C1CC2=C(C=CC=C2N(C1)C(=O)CC3=CC=NC=C3)N |$;;;A;;;;;;;;;;;;;;;;$,Sg:n:12:k:ht|"
9649,9649,"CCC(C)(C(=O)N(C)C1CCC2=CC=CC=C12)N.CC.CC |$;;;;;Q4;;X;;;;;;;;X7;;;;R82;;Y8$,m:18:8.9.10.11.16,m:20:12.13.14.15.16.11|"
9650,9650,"CC(C)(CN1CC(C1=O)N)C(C)(C)O.CSC=N |$;;;;;;;;;;;;;;;;;$,m:14:4.7.6.5|"
9651,9651,C[C@@H]1CCC(=O)N1CN2[C@@H](CCC2=O)C |$;;;W;Z;T;U5;;;;;;;;$|
9652,9652,"CCCC(C(=O)NC=O)N1C(=O)C2=C(C1=O)C(=CC=C2)OCC.CC |$;;X1;;;;;;L;;G4;;;;;;;;;;;;;;R3$,m:23:16.17.18.19.12.13,Sg:n:2:S:ht|"
9653,9653,"CCN(CC1CC1)C(=O)C=CC |$;;;;;;;;;;;$,Sg:n:3:Q:ht,Sg:n:3:v:ht|"
9654,9654,"CC(=O)NCC(=O)N1CCCCCC1C=CC2=CC=CC=C2.CC |$;;;Q9;;;;;;;;;M6;;J;;;;;;;;;R$,m:22:7.8.9.10.11.12.13|"
9655,9655,"CC[C@H](C)N([C@H]1CCS(=O)(=O)C1)C(=O)COC(=O)C2=CC=CNC2=O.CC.CC(=O)N=N |$T;;;;;;;;;;;;;;;;;;;;;;;;;;Q;;;;;$,m:25:6.5.11.8.7,m:27:19.20.21.22.23.18,Sg:n:15:D:ht|"
9656,9656,"CC1CCN(C(C1)C)C(=O)C2=CC(=C(S2)C)S(=O)(=O)N.CC=NNC(=NC)SC |$;T3;;;;U9;;;Y;;E5;;X;;;;;A;;;;;;;;;;;$,m:20:1.6.5.4.3.2|"
9657,9657,"CC1=C(C(=CC=C1)C)N2C(=O)C3=CC=CC=C3N=C2SCCN4C(=O)CCC4=O.CC.CC |$;;;;;;;E;;;;;;;;W;;W4;;;;;;;;;;;;;W;;R$,m:29:1.6.5.4.3.2,m:31:23.22.27.26.25|"
9658,9658,"CC(=O)NC1=CC=CC=C1OCC(=O)N(C)C2CCCC3=CC=CC=C23.CC(N)=S |$;L;;;;;;;;;;;Y2;K;;;;;;;;;;;;;;;;$,m:26:17.18.19.20.25.16,Sg:n:25:o:ht|"
9659,9659,C=CC(=O)N1CC(C(C1)(F)F)(F)F |$;;;;;;;A8;;;;;$|
9660,9660,"C1CSCN1C(=O)C2=COC=C2.CS(O)(O)O |$;;;;;;D;;;;;;;;;;$,m:12:8.7.11.10.9|"
9661,9661,CN(CC1=CSC=N1)C(=O)/C=C/COC |$;;;;;;;;;;;;;W1;$|
9662,9662,"CN(C1CC1)C(=O)CC2=CSC(=N2)N.CC |$;;;;;;;D;G9;;;;B;;;R$,m:14:3.2.4,Sg:n:6:z:ht|"
9663,9663,"CCCN(C1CCCNC1)C(=O)C2=CNC(=O)C=N2.COC(=O)OC(C)=O |$;;;;U;;;;;K;;;;J;;A;;;;;;;;;;;$,m:19:5.6.7.8.9.4,Sg:n:1,2:b:ht|"
9664,9664,"C1=CN(C(=O)C=C1Br)CCN.CN(C)SS |$;;;;;;;;;;;;;;;$,m:11:0.6.5.3.2.1,Sg:n:8,9:t:ht|"
9665,9665,"C1CC[C@H]([C@H](C1)C(=O)N2CC[C@@H]3[C@@H]2C4=CC=CC=C4N[C@@H]3C5=CSC=C5)NC(=O)C6=CC=CC=C6.CC.CON=C(C)OC |$L;;;;B6;;;;;;;;;E;;M;T;;Z6;;;;;;;;;;;L;;;;;;;Z;;;;;;;$,m:35:0.5.4.3.2.1,m:37:14.15.16.17.18.13|"
9666,9666,"CCN1C=CC(=N1)C(=O)N2CCSCC2.CN=CN=C(C)C |$W;;;;X4;;;;;K0;;;;;;;;;;;;$,m:15:2.3.4.5.6,Sg:n:9:q:ht,Sg:n:8:O:ht|"
9667,9667,CCN(CC(C)C)C(=O)C(C)C(=NO)N |$;;;;;;;;;;;;;;V$|
9668,9668,"CC1=C(C=CC(=C1)F)C(=O)N2CCN(CC2)S(=O)(=O)N.CN=C(C)O |$;;;;;;;;;;;;;;;;;;J;M;;;;;$,m:20:11.12.13.14.15.10|"
9669,9669,"CC(C)OC(=O)CCN(C)C(=O)C=C |$D;;;U;K6;;;;;;;;;$,Sg:n:6,7:U:ht|"
9670,9670,"CCCC(=O)N1CC(OCC1C)CCl |$;B;;;;;;;Y2;;;;;$,Sg:n:1,2:d:ht|"
9671,9671,CC(C)(CN1C(=O)CC2=CN=CN=C21)N |$;;;;;;;;G;;;;;;$|
9672,9672,CCN(CC#C)C(=O)C1=C(N=NC(=C1)C)C |$;Y0;;;;;;;;;;;;;;X3$|
9673,9673,"CC(=O)N1C(=O)CC2=C1C=C(C=C2)C#N.CB(O)N(C)C |$;;;;;;;;;;;D2;;;;;;;;;$,m:15:3.4.6.7.8|"
9674,9674,"CN(CCC#N)C(=O)C1=C(N=CC=C1)N.CC |$;;;A7;K0;;;;;;G;;;;B;;R34$,m:15:8.13.12.11.10.9,Sg:n:2,3:S:ht|"
9675,9675,"C[C@@H](C(C)C)N1C=CC(=CC1=O)Cl.CC |$;;;;;;Z;;;;;;;;R5$,m:13:5.10.9.8.7.6|"
9676,9676,CCC(CN)C(=O)N1C[C@H]([C@H](C1)O)O |$;;;;;;;Y3;;D;;;;$|
9677,9677,CC(=CCN1CCN(C(=O)C1)C)C |$;;;;A7;;;;;;;;$|
9678,9678,"COC1=CC=CC(=C1OC)C(=O)N2CCN(CC2)CC3=NOC(=N3)CN.COS |$;;;;;;L;;;;;;;;;;;;;;;K6;;;;;;;$,m:26:20.19.23.22.21|"
9679,9679,"CCCN1C(C2=C(NN=C2C1=O)C3=CC=CO3)C4=CC=CC=C4Cl.CNOC |$;;;;;;;;D;;;;;;;;;;;;;;;;;;;$,m:24:18.19.20.21.22.17,Sg:n:1,2:h:ht|"
9680,9680,C1COC(CN1C(=O)C2=CSC=N2)CO |$;;;;;;;L8;;;;;;;$|
9681,9681,CC(=O)N1CCC(CC(C1)(C)C)(C)C |$;;X7;Z;;;;;;Q3;D;B7;;$|
9682,9682,"CCCN(CC)C(=O)C1=C(NN=C1)N |$;;E2;;;K4;;;;;;;;$,Sg:n:5:F:ht,Sg:n:7:O:ht|"
9683,9683,"COC(=O)CNCC(=O)N1CCC[C@@]1(C2CCCCC2)C(=O)O.CC |$;;;;;;;;;;;;;;;;;;;;;;;;R$,m:23:15.16.17.18.19.14|"
9684,9684,"CN1CCN[C@@H](C1=O)CC2=CC=CC=C2.CC |$;;;;;;;;;M3;;;;;;;R$,m:15:10.11.12.13.14.9|"
9685,9685,"C=CCCN1C(=O)CSC1=O.CC=NC(=O)NC |$;;;;;;;G;;;;;;;;;;$,m:11:4.5.7.8.9,Sg:n:6:b:ht,Sg:n:2,3:b:ht|"
9686,9686,"C1=C(OC(=C1)Br)CN2C=NC(=CC2=O)Cl.CC(C)=NOC(=O)N(C)C.CN(C)S(C)=O |$;;;;;;;;;B;;;;;;;;;;;;;;;;;;;;;$,m:15:0.1.2.3.4,m:25:8.9.10.11.12.7|"
9687,9687,"CN(CCCN)C(=O)C1=CC=CC=C1Cl.CC |$;L6;;;;;;;;;;;;;;;R$,m:15:8.13.12.11.10.9,Sg:n:3:W:ht|"
9688,9688,"CN1C(=O)CCC2=C(C=CC=C21)N=C=O.CNNNC.COC(=O)C(C)=N |$;U;;A7;;;;;;;;;;V;;;;;;;;;;;;;$,m:15:1.11.6.5.4.2,m:20:7.8.9.10.11.6|"
9689,9689,"CCN(CC(=O)O)C(=O)[C@H]1CCC[C@H]1C(=O)O |$X;;;;;;;;;;;;;;;;$,Sg:n:1:R:ht|"
9690,9690,"C1CN(CCC1CN)C(=O)CCC(=O)O.CC |$D7;E1;;;;;;;V6;;;;;;;;K$,m:15:0.5.4.3.2.1,Sg:n:10:N:ht,Sg:n:2:F:ht,Sg:n:10,11:U:ht|"
9691,9691,CC(C)(CC(=O)N1CCC(CC1)N)O |$;;;;;;;;;;T1;;Y;$|
9692,9692,"C1CC2=C3C(=CC(=C2)C(C4=CC=C(C=C4)Cl)N5C=CN=C5)C(=CC(=O)N3C1)C6=CC(=CC=C6)Cl.CC.CN(C)C(=O)C=O.COS(C)(=O)=S |$;;;;;;;;;;;;;;;;;;;;;;;;;;Y;W;T;;;;;;;R;;;;;;;;;;;;;$,m:34:5.6.7.2.3.4,m:36:10.11.12.13.14.9,m:43:28.29.30.31.32.27|"
9693,9693,"C1CC(OC1)CN2C(COCC2=O)CO.CC.CSN(C)C(C)=O |$;;E;;;U2;;;;;;D;;;;;R58;;;;;;;$,m:15:0.1.2.3.4,m:17:7.8.9.10.11.6|"
9694,9694,CC(C)N(C)C(=O)CNC(CO)CO |$;;;;Y;;;;;;;;;$|
9695,9695,"C1[C@@]23C=C[C@@H](O2)[C@@H]([C@H]3C(=O)N1C4=CC=C(C=C4)Br)C(=O)[O-].CC.CC |$;;;;V;;;;;Q1;;;;;;;;;;;;;R;;R22$,m:21:0.1.7.8.10,m:23:2.1.5.4.3|"
9696,9696,"CC1CC(C1)CN2CCSCC2=O.CNNC(=O)OC |$;;;;;;;;;;;;;;;;;;;$,m:13:1.4.3.2,Sg:n:9:J:ht|"
9697,9697,"CCN1C=CN=C1CN2CC(=O)CC2=O.CON=C(C)N |$;;;;;;;;;;;;;;;;;;;;$,m:15:9.8.13.12.10,Sg:n:5:Q:ht|"
9698,9698,"CC(C)C(=O)N1CCC2(CCC2NC(=O)COC)CC1 |$;;;;;;;;;D8;;;;;;;Q;Q7;;$,Sg:n:10:b:ht,Sg:n:4:U:ht|"
9699,9699,"CC(=O)N(CCN)C1=CC=CC=C1Cl |$;;;;Y9;;;;A;;;;;$,Sg:n:4,5:E:ht|"
9700,9700,"CC1(CCNC1)NCCCC(=O)N(C)C.CC |$;;;;;;;;;;;A;;;;;V$,m:15:1.2.3.4.5|"
9701,9701,"CC1NCC(=O)N1CC2CCCN2C.CN=CN(C)SC |$;J9;;;;;;;;;;;;;;;;;;;$,m:14:9.8.12.11.10|"
9702,9702,"CC1=CN=C(N1)[C@@H]2CCCN2C(=O)CN3C(=NC4=CC=CC=C43)C.CN=NC(C)=O |$;;;;;;X3;;;;;;;;;;;;;;;;;;;;;;;$,m:24:18.19.20.21.22.17|"
9703,9703,CCC(C1CC1)N2CCC(C2=O)N |$;;;;;;;;;X;;;Z$|
9704,9704,"C1=CC=C(C=C1)CN2C3=C(C=C(C2=O)C4=CC=CC=C4)C(=C(N=C3C#N)C(=O)O)O.CC.CC |$;G;;;;;;;;;;;;;;;;;Z0;;;;;;;;;;;;;R;;E$,m:30:0.5.4.3.2.1,m:32:20.21.22.23.8.9|"
9705,9705,"CC[C@]1(CCC[C@H]2[C@@H]1CN(C2)C(=O)C3=CC(=CC=C3)O)O.CC |$G;;;;;;;;;;V;;;;;;;;X5;;D;;E$,m:21:8.7.6.10.9,Sg:n:4:N:ht,Sg:n:4:Z:ht,Sg:n:8:m:ht|"
9706,9706,"CC1=C(C(=NO1)C)C(=O)N2CC(C2)(F)F.CC=C=S.COC(C)(C)S |$;;;;;;;E5;;;;J;;;;;;;;;;;;;$,m:15:1.2.3.4.5,m:19:10.11.12.9|"
9707,9707,"CC(C)C(C#N)C1CCC(=O)N1C.CC |$;;;;W3;T4;;;;U;;;;;R$,m:13:6.7.8.9.11|"
9708,9708,"C[C@H](C(=O)N1CCCC[C@H]1CN2C=CC=N2)N3C=CN=C3.CC.CNNC(=O)N(C)C |$;;;;;;;;;;;;;;;;;;;;;;R6;;;;;;;;$,m:21:5.6.7.8.9.4,m:23:17.16.20.19.18,Sg:n:5:S:ht|"
9709,9709,"CC1=CC(=O)N(C(=N1)OC)CC2CCCNC2.CNN(C)N(C)C |$;;;V9;;;;;;;;;;;M3;;;;;;;;;$,m:17:1.7.6.5.3.2|"
9710,9710,"CN(CC1CC(=O)N(C1)C2CCCC2)C(=O)CSC.CC |$;;;;;;;K3;;Y3;;;;;;;;;;;K54$,m:19:10.9.13.12.11,Sg:n:17:L:ht|"
9711,9711,"CC1COC(CN1C(=O)C2=CC(=NO2)C)CCl.CNC(=O)NOC |$;;;;;;;;;;;;;;;;;;;;;;;$,m:17:1.6.5.4.3.2,Sg:n:3:p:ht|"
9712,9712,"C1COCC1N2C=CC=C(C2=O)N.CP(C)(C)=N |$;;E4;;;;Z;;J5;;U6;;;;;;;$,m:13:6.7.8.9.10.5|"
9713,9713,"CCSCCC(C)NC1=C(C=CC(=C1)C2=C3CCCC(=O)N3C4=CC=CC=C42)C(=O)N.CC |$J;;;;;;;;;Y8;;;;;;;;;;;;;;;;;;;;;;;U70$,m:31:8.13.12.11.10.9|"
9714,9714,"CC(=O)C1=CNC(=C1)C(=O)N(C)CC2=C(C=C(C=C2)F)F |$;;;;;;;;;;;;;;;;;;;;$,Sg:n:10:o:ht|"
9715,9715,CCN1CC2=C(C1=O)N=CC=C2 |$K7;;;;;;;;L8;;;$|
9716,9716,CC1=CC=C(O1)N2C(COCC2=O)CO |$;;;Z;;;;;;;;;;B9;$|
9717,9717,"COCCN(CC1=CC=CS1)C(=O)C2=C(C=CC=C2Cl)N |$;L;;;;;;;;K3;;;Q;;;;;G;;;$,Sg:n:0:U:ht,Sg:n:2,3:I:ht|"
9718,9718,"C[C@@H](C(=O)N1CCC[C@H]1C(=O)O)NSC.CNC(=O)NOC |$;;;;B1;;;A6;;;;;M0;;;;;;;;;$,m:15:4.5.6.7.8|"
9719,9719,"C1CCC2(C1)C3=C(C=CC(=C3F)F)C(C4=CC=CC=C4S2)N5C6COCCN6C(=O)C7=C(C(=O)C=CN75)O.CC.CC.CC(C)=NC=O.CC.COC(=O)NN=C(C)C |$;;;;W;;;;;;;;L5;;;;;;;;;;;;;;;;;U2;;;D;;D;J;U6;;;Z;;R71;;;;;;;;M;;;;;;;;;$,m:38:0.1.2.3.4,m:40:7.8.9.10.5.6,m:42:23.24.25.26.27.22,m:48:28.30.36.21.22.27,m:50:31.32.34.35.36.30|"
9720,9720,"CS(=O)(=O)CCC(=O)N(C1CC1)C2CN2 |$;;;;;;;;Z;;;;;;$,Sg:n:4,5:j:ht|"
9721,9721,"C1=CC2=C(C=C1F)C(=O)C(=O)N2CCF.CC |$;;;;;;;;;E;;;;;;;L21$,m:15:7.3.2.11.9,Sg:n:12,13:J:ht|"
9722,9722,CC(C)C(=O)N(C)CC(=O)NC(C)C |$;;;;;;Y7;;;;;;;$|
9723,9723,"CN1C(=O)C2CN(CC2C1=O)N=[N+]=[N-].CN(O)S(C)(=O)=O |$;;;;;;;;;;;;;;;;;;;;$,m:14:1.2.4.8.9|"
9724,9724,CCN(CC)C(=O)C(=C)C(=O)C=C |$;;;;;;;;;;M;;A6$|
9725,9725,CC(C)C(C#N)C1CCCN(C1=O)C |$;;;;;;;V2;;;;;;$|
9726,9726,"C1=CC=C(C=C1)/C=C\2/C(=O)N(C(=O)S2)CO.CNN(C)N=C(C)C |$;;B;;;M;;;;;;;W8;;;;;;;;;;;$,m:16:0.5.4.3.2.1|"
9727,9727,"CNC1=CC=CC=C1C(=O)N(C)CC2=NC=NN2.CNN(C)NC |$;;;;T6;;A7;;;;;;;;;;;;;;;;;$,m:18:14.13.17.16.15|"
9728,9728,"CC#CCN1C(=C(C=CC1=O)C#N)C.CC |$;;;;;;;;;;;;;;;K74$,m:14:4.9.8.7.6.5,Sg:n:9:e:ht|"
9729,9729,"CC1=C(C=C(C=N1)CN2CCCC2=O)F.CP(C)(C)=O |$;;;;;X4;;;U;;;;;;;;;;;$,m:15:9.8.12.11.10,Sg:n:1:N:ht|"
9730,9730,"C1CCC(CC1)C(=O)N2CCC[C@H]2CBr.CC(C)=NN=[N+]=[N-] |$;;;;;;;;;;;;;;;;;;;;;$,m:15:9.8.12.11.10,Sg:n:14:G:ht|"
9731,9731,"CCN(CC)C(=O)CNOC |$;Y;;;L5;;;;;;$,Sg:n:8:I:ht|"
9732,9732,"CCN1C2=C(CN(CC2)C(=O)C)C(=N1)C3=CC=C(C=C3)F.CC |$;;T;;;;;;;;;;;;;;;;;;;;R$,m:21:5.6.7.8.3.4,Sg:n:0:f:ht|"
9733,9733,CCC1=C(C(=O)N(C1)CC)C(C)C |$;;;J0;;;Q2;;E;;;;$|
9734,9734,"CC1CC2=CC=CC=C2N1C(=O)C(C)N(C3=CC(=C(C=C3)F)F)S(=O)(=O)C.C=NS(C)(=O)=O |$Y;;;;;;V7;;;;;;;;;;;;;;;;;;;K;;;;;;;$,m:27:1.2.3.8.9,Sg:n:24:G:ht|"
9735,9735,"CC1=CC=C(CC1)N2CCCC2=O.CNP(C)(=O)O.CC |$;;;;;;;;;;;;;;;;;;;;R$,m:13:1.6.5.4.3.2,m:19:8.7.11.10.9,Sg:n:11:E:ht|"
9736,9736,"CC1=NCCN1C(=O)CCN |$;;E;V9;;;;;;;$,Sg:n:8,9:F:ht|"
9737,9737,"C1C(C(=O)CN1C(=O)C2=CC=CC=C2)N.CC |$;;;;;;;;;T;E9;;;;D0;;E86$,m:15:9.10.11.12.13.8|"
9738,9738,"CC(=O)C1=CN=C(C=C1)N2CCCC2=O.CNP(N)(N)=O.CN=NOC |$;E;;;;;;;;;;;;;U9;;;;;;;;;;;$,m:15:3.8.7.6.5.4,m:21:10.9.13.12.11,Sg:n:10:p:ht|"
9739,9739,"C1CN(CC2=NC=NC=C21)C(=O)CI.CC |$;;;;;;;;;;Q;;;;;R$,m:14:0.9.4.3.2.1,Sg:n:11:h:ht|"
9740,9740,"CCCNC1COCC1C(=O)N(CC(F)(F)F)C2CC2.CC(C)=S(=O)=O |$;;;;;;B4;;V;;;;;;;;;;;;;;;;;$,m:20:4.5.6.7.8,Sg:n:2:B:ht,Sg:n:0:Q:ht,Sg:n:1,2:r:ht|"
9741,9741,"C[C@@](C(=O)N(C1=CC=CC=C1)C2=CC=CC=C2)(C(=O)OC)N.COP(C)(=O)O |$;W;;;;;;;;V;;;;;;;;;;;;;;;;;;$,m:22:6.7.8.9.10.5|"
9742,9742,"CCCC(=O)N1C=C[NH+]=C1.CNC(=N)N |$;;;;;;;;;;;;;;$,m:10:5.6.7.8.9,Sg:n:1,2:Q:ht|"
9743,9743,"C1CC2CCC1N2C(=O)C3CC(=O)C3.CC |$;;;;;;;U5;;;;;;;;R$,m:14:0.1.2.6.5|"
9744,9744,"CC1CCN(C1)C(=O)C(C)(C)C(C)(C)N.CC |$;;L0;;;;;;;;;;;;;;R52$,m:15:1.2.3.4.5,Sg:n:5:m:ht|"
9745,9745,"CC(C)(C)C1C(=O)N(CCCO1)C(=O)O |$;;;;;;;;;;;;;;$,Sg:n:12:n:ht|"
9746,9746,"C1CCN(C1)C(=O)[C@@H]2CCC=CC2.CC(=O)NN=[N+]=[N-].CC |$;;;;;;;;;K;J;;;;;;;;;;;R$,m:13:0.1.2.3.4,m:20:8.9.10.11.12.7|"
9747,9747,"CCN(CC)CCN(C)C(=O)C=C |$;;;;;;;;;;;;$,Sg:n:0:D:ht,Sg:n:5,6:y:ht|"
9748,9748,CCC(C(=O)O)N1C(=O)C2=C(N=C1C(C)C)SC=C2C3=CC=C(C=C3)F |$;T5;;;Z;;;;U8;;;;;;;;;;;;;;;;;B4$|
9749,9749,"CCC1C(=O)N(CC(=O)N1)CC(C)(C)CCOC |$;;;;;;;;;J;;;J3;;;X8;;$,Sg:n:14,15:z:ht|"
9750,9750,CC(C)N(CC1=CC=CC=C1)C(=O)C2=CC(=O)N(C=C2)C |$;;G;;;;;;;;;;L;;;;;;K;;$|
9751,9751,"CO[C@@H]1CCN(C1)C(=O)C2CC2.CC=[N+]=[N-] |$;;;J2;;;;;;W2;;;;;;$,m:12:10.9.11|"
9752,9752,"CNCCCC(=O)N1CCC(C1)O |$;;;;;;;;;;;;$,Sg:n:11:O:ht,Sg:n:2,3,4:H:ht|"
9753,9753,CC[NH+](CC)CC(=O)N1CCCC1=O |$;;;;;;;;;;;;;B3$|
9754,9754,"C1CC(=O)N(C1)CCC2=NC(=CS2)CCl.CC=NC#N.CC |$;;;;;;;;;;;;;;;;;;;;;V$,m:15:0.1.2.4.5,m:20:9.8.12.11.10|"
9755,9755,"CN(C)C(=O)N1C[C@H]2CC[C@@H](C1)N(C2)C(=O)C3=C(C=CS3)Cl.CNC(=O)N(C)S(C)(=O)=O |$;;;;;;;;;;;;G;G5;;;;;;;;M9;;;;;;;;;;$,m:22:5.6.7.8.9.10.11|"
9756,9756,"CC1=CC(=CC=C1)CC(=O)N2CC3(C2)CCNC3.CC.CSC=NN.CC |$;;L;;;;;;;;;G5;;;;;;;;W;;;;;;;R3$,m:18:1.6.5.4.3.2,m:20:11.12.13.10,m:25:14.12.17.16.15|"
9757,9757,"C1CN(CC1(F)F)C(=O)C=O.CC |$Q;;;W5;;;;;;;;;Y35$,m:11:0.1.2.3.4|"
9758,9758,"CN(C1CC1)C(=O)CS(=O)CC2CNC2.CC.CNOC |$;;;;;;;;;Q;;;;;;;J;;;;$,m:15:3.2.4,m:17:12.13.14.11|"
9759,9759,"C1=CC(=NC=C1Cl)N(CC#N)C(=O)CCl.CON(C)N |$;;J;;;;;;;;;;;W7;;;;;;$,m:15:0.5.4.3.2.1|"
9760,9760,"CN(CC1=CC=CC=C1Br)C(=O)[C@@H]2CCC[C@@H]2CN |$;;;A4;;;;J6;;;;;;;;;;;$,Sg:n:10:A:ht|"
9761,9761,CC1=CSC(=N1)N(C)C(=O)C2=COC=C2 |$;;;L;;;;;;;;;;;$|
9762,9762,"C1[C@@H](CN([C@@H]1C2=CC(=C(C=C2)F)F)C(=O)C3=NC=CN4C3=NC=C4)O.CNC=NNC.CC |$;;;;;;;;;;;;;;;;;;;;;;;;;;;;;;;;R$,m:25:6.7.8.9.10.5,m:31:21.20.19.23.22,Sg:n:24:R:ht|"
9763,9763,"C1NC2=C(S1)C(=O)N=CC(=O)N2CC3=CC=CC=C3.CC.COC(=N)N(C)C |$;;;;G1;;D;;;;;;;;;;;;;;X41;;;;;;;$,m:19:0.1.2.3.4,m:21:14.15.16.17.18.13,Sg:n:10:p:ht|"
9764,9764,"CN1C=CC(=CC1=O)C2CCCN2.CC |$;;;;;;;;;;G5;;;;R$,m:13:9.8.12.11.10,Sg:n:7:B:ht|"
9765,9765,"C=COCCCN1C(=O)CCCC1=O |$;W2;;;;;;;;;Q;;;$,Sg:n:6:c:ht,Sg:n:6:L:ht|"
9766,9766,"CC1=CC(=O)N(C(O1)C2=CC=CC=C2)CC3=C(C=C(C=C3)OC)OC.CNSN(C)C |$;;;D;;;M;;;M;;U6;X8;;;;;;;;;;;;;;;;;;$,m:25:1.7.6.5.3.2,Sg:n:2:m:ht|"
9767,9767,"CCCCN1CC(CCC1=O)C#N.CC(O)(O)O |$;;;;;;;;;;;;;;;;;$,m:13:4.9.8.7.6.5,Sg:n:6:Z:ht,Sg:n:1,2,3:S:ht|"
9768,9768,"CN1C=CN=C1CN2C=CC=CC2=O.CC.CNN(C)N |$;;;;M;;X;;;;Y;;;;;R;;;;;$,m:14:1.2.3.4.5,m:16:8.9.10.11.12.7|"
9769,9769,"CC1=CC(=C(S1)C)C(C)N2C(=O)C3(CC3)C(=O)NC2=O.COP(N)(=O)OC.CC |$;;;;;T;;;;;;;;;B;;;;Q9;;;;;;;;;;R$,m:20:1.2.3.4.5,m:27:13.12.14|"
9770,9770,CCN(CC[C@@H](C1=CC=CS1)O)C(=O)C |$;;;;;;;;;;;M;;;$|
9771,9771,"CC(CCN(C)C(=O)CC(=NO)N)O |$;;;;;;;Q7;E4;;;;;$,Sg:n:12:t:ht,Sg:n:2,3:S:ht|"
9772,9772,"CC(C)NC1CCN(C1=O)CC(=C)Cl.CC |$;;;;;;A;;;;;;;;;G7$,m:14:4.5.6.7.8|"
9773,9773,"CCC(=O)N1C[C@H]2CCC[C@@H](C1)N2.CNC(=S)N(C)C.CC |$;;;;;;Y;;;;;;;;;;;;;;;R3$,m:13:4.11.10.12.6.5,m:20:7.8.9.10.12.6|"
9774,9774,"CC(C)C(C(=O)N1CCC(C1)(C(=O)O)F)N2CCCS2(=O)=O.CC |$;;;;;B;;;;;;M2;;;;;;;;;;;;R$,m:22:16.15.19.18.17,Sg:n:6:q:ht,Sg:n:11:P:ht|"
9775,9775,"CN(CCO)C(=O)C1CC=CC=C1.CSN(C)O |$;;;K;;;;;;;;;;;;;;$,m:13:7.12.11.10.9.8,Sg:n:12:v:ht,Sg:n:2,3:j:ht|"
9776,9776,"C1CCC(CC1)C(=O)N(CCCl)C2CC2.COS(C)(C)O.CC |$;;;;;;;;;;;L4;;;;;;;;;;;R$,m:15:0.5.4.3.2.1,m:21:13.12.14|"
9777,9777,"C1[C@H]2N(C1=O)C[C@@H](S2)CO.CN(C)NC(N)=S |$;;;;;;;;;;;;;;;;$,m:10:0.3.2.1|"
9778,9778,"CCCCNC1=NC=CN(C1=O)C2CC2.CSNSC |$;M9;;;;;;;;;;;G0;;;;;;;$,m:15:13.12.14,Sg:n:1,2,3:Y:ht|"
9779,9779,"CC1CC(N(C1=O)C)C2=CC=C(C=C2)F.CC=NC(N)=O |$;;;;Y;;J6;;;;;;;;;;;;;;$,m:15:9.10.11.12.13.8,Sg:n:2:y:ht|"
9780,9780,"CC(C)N(C1CCNC1)C(=O)CCl |$;;;;;;;;A;;;;J$,Sg:n:3:V:ht|"
9781,9781,"COC(=CN1CCCC1=O)C(=O)OC |$;;;;;;;;;;;K0;;$,Sg:n:9:W:ht|"
9782,9782,CN1CCN(C(=O)C1=O)C(=O)N=N |$;;;;;;Z;;D;;;;$|
9783,9783,"CN1CCC(C1)CN(C)C(=O)CS.CC |$;;;;;;;;;;;E0;A1;;R$,m:13:1.2.3.4.5|"
9784,9784,"CC(C)(CCN1CC(=O)NCC1=O)OC |$;;;;B;;;;;;;;;T2;A6$,Sg:n:3,4:L:ht|"
9785,9785,C1=CN(C(=O)C(=N1)Cl)CC(CO)O |$;D;;;;;;;;Q1;;;D$|
9786,9786,"C1C=CCN1C(=O)C2CC(=O)NC2.CN=NOC.CC |$;;;D;Z;;;;;;;;;;;;;;;R$,m:13:0.1.2.3.4,m:18:8.7.12.11.9,Sg:n:2:G:ht|"
9787,9787,"CCCCN(C)C(=O)C1=CC(=CC=C1)Br |$;;;;;;;Y9;U0;;;;;;$,Sg:n:1,2:U:ht|"
9788,9788,CCC(C)CN1C(=O)C=C(N=C1OC)C |$;;;;;;Q3;;;;;;X3;;$|
9789,9789,"CCN1C=NC2C=CC=CC2C1=O.CC |$;;U5;;;;J;;;;;;;;R05$,m:13:2.11.10.5.4.3|"
9790,9790,"CCSCC(C)N1C(=O)C2(CCCC2)C(=O)NC1=O.CC.CC(=S)N(C)N=C(C)C |$;Y2;;;;;;;;;;;;;;;Z;;;;K;;;;;;;;;$,m:19:6.17.16.14.9.7,m:21:10.9.13.12.11,Sg:n:11:P:ht,Sg:n:16:u:ht|"
9791,9791,C[C@@H](CC1=CC=CS1)N(C)C(=O)CC2=C(C=C(C=C2)O)Cl |$;;;;;;;;;;;;;;T8;;;;;;$|
9792,9792,"CN(CC1CC(C1)O)C(=O)C2=CC(=C(C=C2)F)S.CC(=O)ON=[N+]=[N-] |$;;;;;;;V;;;;;;;;E;;;;;;;;;$,m:18:11.12.13.14.15.10|"
9793,9793,"C1C(=O)NC(=O)N(C1=O)CC2=NC=CS2.CC.CSS(C)=S |$;;;;Z1;;L;;;;;K3;;;;;R1;;;;;$,m:15:0.7.6.4.3.1,m:17:11.10.14.13.12|"
9794,9794,"CC1CCCN(C1)C(=O)C2=C(C=CC(=C2)C(F)(F)F)Br.CC(C)=NOC(N)=O |$X4;;;;;;;;;;Q1;;;;;;U8;;;;;;;;;;;$,m:20:1.6.5.4.3.2|"
9795,9795,C=CCN1C=CC=C(C1=O)N |$;;;;;;B;;;;$|
9796,9796,"CC=CCC1(C(=O)NC(=O)N(C1=O)C)C.CC(N(C)C)N(C)C |$;;J;;;;;;;;;;;;;;;;;;;;$,m:15:4.11.10.8.7.5|"
9797,9797,"CC1=C(C=CC2=C1N(C(=O)C2(C)C)C)Cl.CC |$;;;;;;;;;;;;;;;;R$,m:15:7.6.5.10.8|"
9798,9798,"CC1=CN(C(=O)C=C1)C(C)C(=O)N.CC |$;;;;;;;;;;;;;;R3$,m:13:1.7.6.4.3.2|"
9799,9799,"C1C(N(C(=O)CO1)C2=CC=NC=C2)CN.CC |$;;;;;;;;J8;;;;;;;;J$,m:15:0.6.5.3.2.1|"
9800,9800,CC1=CN(N=C1)CC2CCCN2C(=O)C(C3=CC=CC=C3)OC |$;;A;;W2;;;;;;;;;;;;;;;;;;$|
9801,9801,"CN1C=C(C=CC1=O)C2=CC=CCC=C2.CC |$;;;;;;;;E8;;;M;;;;;R68$,m:15:1.6.5.4.3.2|"
9802,9802,C1CC(=O)N(C1=O)C(C(=O)O)OC(=O)O |$;;;;E9;;;D;;;;Y8;;Y;$|
9803,9803,"CC1C(=O)NC(C(=O)N1C2(CC2)C(F)(F)F)C3CC3.CC.CC |$;;A7;;;;;;;;;;D;;;;;;;;R84;;E19$,m:19:1.8.6.5.4.2,m:21:10.9.11,Sg:n:4:d:ht|"
9804,9804,"CN(CC(=O)OC)C(=O)C1=C(OC=C1)Br.CC |$;U;;V8;;;;;;;;;;;D;;K$,m:15:9.10.11.12.13,Sg:n:0:l:ht|"
9805,9805,CC(CCSC)N(C)C(=O)C1=CN=CC(=N1)Cl |$D;;;W;;;;;;;;;;;;;$|
9806,9806,"CCCN(CC1CCCN1)C(=O)C2=C(C=CC(=C2)Br)C.CC |$;;;;;;;;;;;;;;;;;;;B;;R$,m:20:13.14.15.16.17.12,Sg:n:1,2:r:ht|"
9807,9807,"CC1CCC(N(C1)C(=O)C2=CSC(=C2)S(=O)(=O)N)C.COOOC |$;;;;;;;;;;;;;;;Z;J;;;;;;;$,m:19:10.9.13.12.11,Sg:n:10:h:ht|"
9808,9808,"CC[C@H](C)[C@@H](C(=O)N1CC(C1)C(=O)O)N.CNP(C)(=S)NC |$;;B0;;;;;;;;;;;;;;;;;;;$,m:15:7.10.9.8|"
9809,9809,CC1CCN(CC1O)C(=O)C(C)C(=S)N |$;;;;;;T0;;;E;M;;;;$|
9810,9810,"CCOC(=O)[C@@H](C)C1=C(N(C2=C1C=C(C=C2)O)C(=O)C3=CC(=CC=C3)F)C.C[N+](C)(C)[O-].CP=O.C=NSC |$;;;;;V0;;;;B0;;;;;W;;;;;;;;;;;;;;;;;;;;;;;;$,m:27:7.8.9.10.11,m:32:12.13.14.15.10.11,m:35:20.21.22.23.24.19|"
9811,9811,"CSC1=CC=CC(=C1)N2CCC2=O.CNN(C)C(N)=S |$;;;;;;;;;A;;;;;;;;;;$,m:13:9.10.11.8|"
9812,9812,CCOC(=O)C1=CNC2=C(C1=O)C=CN(C2=O)C |$T;;;;;;;B;;;;;;;;;;M$|
9813,9813,CC1(CN(C[C@@H]1N)C(=O)C2CC2)C |$;;;;;;;;;;;;M3$|
9814,9814,"C1CSCCN1C(=O)CC2=CC=CC=C2.CC |$;;;;Q1;;;;;;;;;;;;K$,m:15:10.11.12.13.14.9|"
9815,9815,"CC1=CSC(=N1)[C@H]2CCCCN2C(=O)CN3CCCNC3=O.CC.CC |$;;;;;;;;;;;;;;;;;;;;;;;R;;R$,m:22:7.8.9.10.11.6,m:24:16.17.18.19.20.15,Sg:n:15:l:ht|"
9816,9816,CCN1C(=CC=C(C1=O)CCl)C(C)(C)C |$M5;;;;;;;;T;;;;;;B$|
9817,9817,"CCC1CCCCN1C(=O)C(=O)NC2=C(C=CC(=C2)C)O.CC |$;;;;;;;;;B;;;;;;X;;;;B;L;;R$,m:21:14.15.16.17.18.13|"
9818,9818,"C1CCC(CC1)[C@H](CC(=O)N2CCCC2)C(=O)O.CNN(C)[N+](=O)[O-] |$;;;;;;;;;;;;;;;;;;;;;;;;$,m:18:11.10.14.13.12,Sg:n:6:C:ht,Sg:n:9:Z:ht,Sg:n:8:a:ht|"
9819,9819,"CC1(CCCC1)NC(=O)C2=CC(=O)N(C=C2)C.CC(=O)ON(C)C |$X;;;;;;;;;E;;;A;;;;;;;;;;;$,m:17:10.11.13.14.15.9|"
9820,9820,"CCN1CCN(CC1)C(=O)CCC(=O)N.CC |$;;;;;;;W9;;;;;X8;;;;X94$,m:15:2.7.6.5.4.3,Sg:n:10,11:e:ht|"
9821,9821,"CN(C1CCNC1)C(=O)/C=C/C2=CC=C(C=C2)[N+](=O)[O-].CC |$;Z;;B;K;;;;;;;;;K;;E3;;;T;;;R$,m:20:3.2.6.5.4,Sg:n:5:Z:ht|"
9822,9822,"CC1=NC2=C(C=NN2C)C(=O)N1CC=C.CC(N)C=O |$;;;;;;;;;;;;;;;;;;;$,m:15:1.11.9.4.3.2,Sg:n:12:U:ht|"
9823,9823,"CCC1CCC(N1C(=O)C2(CCC2)N)C.CC.CC(N)=S |$;;;D0;;;;;A;;;A;;;;;Z5;;;;$,m:15:2.3.4.5.6,m:17:10.11.12.9,Sg:n:5:r:ht,Sg:n:3:F:ht,Sg:n:5:I:ht|"
9824,9824,"C=CC1=CC=C(C=C1)C(=O)N2C[C@@H]([C@H]3[C@@H]2C4CCN3CC4)C5=CC6=C(C=C5)OCO6.CC.CC.CC.CC |$;X2;;;;;;;;;;D;;;;;;;;T;;Z;;;;X;;;;;;Y;;R29;;U09;;J97$,m:30:11.10.14.13.12,m:32:27.24.23.29.28,m:34:2.7.6.5.4.3,m:36:22.23.24.25.26.21,Sg:n:1:h:ht,Sg:n:6:w:ht|"
9825,9825,CCC(C)(CN)OCCC(=O)N(C)C |$V;;;;;;;;;;;;;$|
9826,9826,"CCC(CBr)NC(=O)C1=CC(=O)N(C=C1)C.CC |$;;;;;;;;;;;A3;;;;;;R65$,m:16:8.14.13.12.10.9|"
9827,9827,"CN1C(=O)C2=C(C=CC(=C2)Cl)N=C1SC |$;;;D4;;;;;J;;;;;;$,Sg:n:2:I:ht|"
9828,9828,CC(C)(C)C(=O)N(C)CC1=NC(=CC=C1)I |$;;;;;;T;;;;;;;;;$|
9829,9829,"CC(=C1CNC1)C(=O)N(C)C2CCOC2.CNC(=O)N(C)S.CN(C)C(C)(C)O |$;;;;;;;;;;;;;;;;;;;;;;;;;;;;$,m:15:3.4.5.2,m:22:11.10.14.13.12,Sg:n:1:r:ht|"
9830,9830,CN(CC#N)C(=O)CC1=CC=C(C=C1)Cl |$;;Q;;;;;;;;;;B4;;$|
9831,9831,"C1=CN=CC2=C1C(=O)N(C=N2)CC3=NC=NO3.CC.CNC(=S)NN(C)C.CC |$;;;;;;;;;;;;;;;;;;R;;;;;;;;;;Y1$,m:17:0.5.4.3.2.1,m:19:6.8.9.10.4.5,m:27:13.12.16.15.14|"
9832,9832,CCCC(N=[N+]=[N-])N1C=CC=CC1=O |$;;;U;;;;;;;;;;$|
9833,9833,"COC1=C(C=C2C=CC(=O)N(C2=C1)CC3=NC=C(C=C3)C(F)(F)F)Br.CC |$;;;D;;;;;;;;;;;;;;;G4;;;;;;;;U$,m:25:6.7.8.10.11.5|"
9834,9834,"C[C@@H](C1CC1)N(C2=CC=C(C=C2)OC)C(=O)C3=CC4=CC=CC=C4S3.CC.CC |$;;;;;;;;;;;;K1;;;;;;;;;;;;;;T4;;M74$,m:25:3.2.4,m:27:17.16.24.23.18|"
9835,9835,"CNC(=O)C1CN(C1)C(=O)C2=CSC=N2.CNNC(=S)N(C)C |$;;;;G4;;;;;;;;Q;Z3;;;;;;;;;$,m:15:4.7.6.5,Sg:n:14:j:ht|"
9836,9836,"CN(C1CCCC1)C(=O)CCN.CC |$;;;;;;G1;Q;;;;;;R$,m:12:2.3.4.5.6,Sg:n:8:C:ht,Sg:n:3:L:ht,Sg:n:9,10:R:ht|"
9837,9837,"CCCN1C=CN=C(C1=O)NC2=CC=CC=C2CCl.CC |$;;;;;;;;;K4;;;A8;;;;;;;;L46$,m:19:3.8.7.6.5.4,Sg:n:1,2:o:ht|"
9838,9838,"CN(C)C(=O)C[C@@H]1CCCC=C1.CC=NN(C)C(=NC)NC |$;;W;;T2;;B5;;;;;;;;;;;;;;;$,m:12:6.11.10.9.8.7|"
9839,9839,"CC(CCC(=O)N(C)CCOC)CCN |$;;;;;;;;;;;;;;$,Sg:n:12:Q:ht,Sg:n:11:w:ht|"
9840,9840,"CC(C(CN1CCCCC1=O)N)O |$;;;;A;;T6;;M5;;;V0;$,Sg:n:4:R:ht|"
9841,9841,"CCC1CCCCCN1C(=O)CC(=O)O.CC |$;;;;;;;;;;;;;;;;J$,m:15:2.3.4.5.6.7.8,Sg:n:6:u:ht|"
9842,9842,"C1C2N(C1=O)CC(O2)CN=[N+]=[N-].CC |$;Z2;;A2;;A;;;;;;;;G$,m:12:5.2.1.7.6,Sg:n:5:h:ht|"
9843,9843,"CC1CC(=O)N(C1=C)C2=CC=CC=C2.CP=O |$;;M;;;;;;;;;;;;;;$,m:14:1.2.3.5.6,Sg:n:5:W:ht|"
9844,9844,CC1CCC(CN1C(=O)CC2=C(C=CC(=C2)C)OC)C(=O)O |$;;;;;;;;;;;;;;;;;;Y;;;L$|
9845,9845,"CCN(CC)C(=O)CN1CCN(CC1)C |$;;Y;;;M5;;;;;;;;;$,Sg:n:9:h:ht|"
9846,9846,"CCN(CCOCC)C(=O)[C@H]1CCN1.CNP(=O)(OC)N(C)C |$;;;;;;;;;;;;;;;;;;;;;;$,m:14:10.13.12.11,Sg:n:3,4:t:ht|"
9847,9847,"CCCN(CCO)C(=O)C1=CC(=CN1)Cl.CNN(C)C(=S)N(C)C |$;;;U6;;;;;U9;;;;;;;;;;;;;;;$,m:15:9.10.11.12.13,Sg:n:4,5:k:ht|"
9848,9848,"CCOC1=NNC(=C1)C(=O)N2CCN3C=CC=C3C2 |$;J6;;;;;;;;;;U0;;;;;;;$,Sg:n:15:a:ht|"
9849,9849,"C1CC1CN2C=NC=C(C2=O)I |$;;;V9;;;;;;;;$,Sg:n:10:x:ht|"
9850,9850,CCCC1CNCCN1C(=O)C(C)CC |$;;L1;;D;;;;;;;;;;$|
9851,9851,"C1CN(C[C@H]([C@@H]1ON)F)C(=O)CO.COC(=N)SC |$;;;;;;;;;;;;W;;;;;;$,m:13:0.5.4.3.2.1,Sg:n:11:t:ht|"
9852,9852,CC1(CC2=C(C(=O)C1)C3(C4=CC=CC=C4N(C3=O)C)C(=C(O2)N)C#N)C |$;;;;;;;;;M9;;;;;U4;;;;;;;;;;;$|
9853,9853,"CCCCCC(C)(C)N1CC=CC1=O.CN=C=S |$;;;U;;;;;;T;;;;;;;;$,m:14:8.9.10.11.12,Sg:n:2,3:a:ht|"
9854,9854,"CC(C)(C)C1=CC=CC=C1OCC(=O)N2CC3=CC=CC=C3CC2C(=O)OC.CC.CC |$L8;;;;;;;;;;;;;;;;;;;;;;;;;;;;;R95;;R$,m:28:4.9.8.7.6.5,m:30:15.16.21.22.23.14,Sg:n:27:b:ht,Sg:n:2:W:ht|"
9855,9855,"CC=CC=CC(=O)N1CCNCC1C.CN=C(N(C)C)N(C)N(C)C |$;;;;;;;;;;;;;;;;;;;;;;;;$,m:14:7.12.11.10.9.8|"
9856,9856,"CCC(=O)N1CCS(=O)(=O)CC1.CC |$;;;;;;;;;;;;;V35$,m:12:4.11.10.7.6.5|"
9857,9857,"CC1CN(CC(O1)CO)C(=O)CCNC.CC |$;;;;;;;;;;;Q;;;L;;X$,m:15:1.6.5.4.3.2,Sg:n:9:q:ht,Sg:n:11,12:y:ht|"
9858,9858,"C1=CC=C(C(=C1)/C=C/2\C(=O)N(C(=O)S2)C3=CC=CC=C3Br)OCC(=O)O.CC=NNC=O.CSO.CC |$Y;;;;;;;Z7;;;;;;;;;;;;;;;;D7;Z;;;;;;;;;;;;R$,m:26:0.5.4.3.2.1,m:32:8.7.13.11.10,m:35:15.16.17.18.19.14|"
9859,9859,"CCN(CCO)C(=O)C(CC1=CC(=CC=C1)F)N2C(=NN=N2)C.CC(=N)N(C)C(C)=N |$;;;;;;;;;;;;;;;;;;;;;;;;;;;;;;$,m:23:18.17.21.20.19,Sg:n:3,4:v:ht|"
9860,9860,CCOCCCN1CCC(=O)CC1=O |$;;;;B6;;;;;;;;;$|
9861,9861,"C1CCN2CCC(C2C1)N3CC(C3=O)N.CSC(N)=S.CN=C(C)ONC |$;;;;D;;;;;;;;;;;;;;;;;;;;;;$,m:15:0.8.7.3.2.1,m:20:10.11.12.9|"
9862,9862,"CC(C)C(C(=O)N(C)C1=CC=CC=N1)N.CNC(=S)N(C)N=C(C)C |$;;;;;;;;;;Y4;;;;;;;;;;;;;;$,m:15:8.13.12.11.10.9|"
9863,9863,CC(=O)N1C(CC2=CC=CC=C21)C(=O)N |$;;L;;;W9;T;;;;;;;;$|
9864,9864,"C1C(CN(C1=O)C2=C(C(=CC=C2)Cl)Br)CO.CC |$;;;;B;;;;;;;;;;;;;R39$,m:16:7.8.9.10.11.6,Sg:n:0:s:ht|"
9865,9865,"CN1CCN(CC1)C(=O)[C@H]2CCCO2.CC |$;V4;;;;;;;;;;;;;;U8$,m:14:10.9.13.12.11,Sg:n:10:P:ht|"
9866,9866,"CC1=C(C(=CC=C1)C(=O)N2CCCC(C2)C(C)N)O.COC(=O)N=C(C)C |$;;;;X;;;;J2;J;;;;;;;;;;;;;;;;;$,m:19:10.11.12.13.14.9,Sg:n:8:i:ht|"
9867,9867,"CCC(=O)N(C1=CC=CC=C1)C(C)C.CC |$;;;;;U;;;;;;;;Q;;R$,m:14:5.10.9.8.7.6|"
9868,9868,CCCCCC(=O)CN(C)C(=O)C |$;;;;;;;;;M3;;X;$|
9869,9869,"COC1CN(C1)C(=O)C2=CC=C(C=C2)F.CNC(=S)C(C)N |$;;;;;D;;;;;;;;Q6;;;;;;;;$,m:15:9.10.11.12.13.8,Sg:n:5:S:ht|"
9870,9870,"CN1CC(=CC2=CC=CC=C2)C(=O)C1=O.CN=C(NNC)OC |$;;;;;;;V;;;;;;;;;;;;;;;$,m:15:6.7.8.9.10.5|"
9871,9871,CCN(CC)C(=O)C(C)SCCCN |$;;U1;;;G4;;;;;;G3;;$|
9872,9872,"CC1(CN(CCO1)C(=O)C(F)F)C.CC |$;;;;;;;U;;;Y4;V9;;;R$,m:13:1.6.5.4.3.2,Sg:n:1:y:ht|"
9873,9873,CCN(C(=O)C[N+](=O)[O-])C(C)(C)C |$K;;J0;;;;;;;;;;$|
9874,9874,"CC(=N)OC(=O)NC1CCN(C1=O)C.CN(C)N(C)O |$;;;;;;;;;Y;;;;;;;;;;$,m:14:7.8.9.10.11,Sg:n:8:s:ht|"
9875,9875,"CCNCC(=C)CN1C=CC=CC1=O.CC |$;;L8;;;;;;;;;;;;;R$,m:14:7.12.11.10.9.8,Sg:n:3:U:ht|"
9876,9876,"CCC(=O)N1C[C@H]2CC[C@@H]1C(=O)O2.CC |$;;;;;;;;;;;;;;R$,m:13:4.9.10.12.6.5|"
9877,9877,"CC(=O)N1CC(C1)C(=O)NO |$;;;;;;;;;;$,Sg:n:7:o:ht|"
9878,9878,"CCN1C[C@H]([C@H]2CC[C@@H]([C@H]2C1=O)C)C.CC |$;;;;Y;;;;;;;;;;;R$,m:14:6.5.9.8.7,Sg:n:7:L:ht|"
9879,9879,CC(=O)N(C)CCC1=CC(=NC=C1)OC |$;Y;;;;;;;Z;;;;;;$|
9880,9880,"CN(C)CCN(C1=NC2=C(S1)C=CC=C2Cl)C(=O)C3=CC=CC4=CC=CC=C43.CC.CC |$;;;;;;;;;;;;;;;;;;;;;;D2;;;;;;;Z3;;K8$,m:28:7.6.10.9.8,m:30:11.12.13.14.8.9,Sg:n:3,4:m:ht|"
9881,9881,"COC(=O)C1CCC(=O)N1CCCCCl.CNN(C)O |$T4;;;;;;;;;;;;;;;;;;;$,m:15:4.5.6.7.9,Sg:n:6:j:ht|"
9882,9882,"CN(CC1=CC(=CC=C1)Br)C(=O)C2(CCCCC2)CN.CC |$;;;;;;;;;;;;;;;;;;;;;R$,m:20:4.5.6.7.8.3|"
9883,9883,"CN1C(SC(C1=O)CC(=O)O)N(C)C=S |$G7;;;;;;;;;;;;;;$,Sg:n:3:a:ht|"
9884,9884,"CC1=NC(=NN1)CN(C)C(=O)CCSC.CC |$;;;;;;Y5;;;;;;;;A;;M24$,m:15:1.2.3.4.5,Sg:n:11,12:O:ht|"
9885,9885,"CC(C)C1CCCN(CC1)C(=O)CC#N |$;;;;;;;;;;;;;J3;$,Sg:n:7:L:ht,Sg:n:9:e:ht,Sg:n:6:A:ht|"
9886,9886,"CCC1(CCCNC1)C(=O)N2CCOC(C2)C(=O)O.CC |$;;;;;;;;;;;;;;;;;;;;R47$,m:19:3.4.5.6.7.2|"
9887,9887,"CC(C)(C(=O)N1CCCCCC1CO)O.COC(=O)N(C)OC |$;;;;;;;;;;;;;;;;;;;;;;$,m:15:5.6.7.8.9.10.11,Sg:n:12:U:ht|"
9888,9888,"CCCCN1C(=O)C=CC(=C1OC)C#N.CPN(C)C |$;;;Z1;;;;;;;;;;;;;;;;$,m:15:4.10.9.8.7.5,Sg:n:7:E:ht,Sg:n:1,2:y:ht|"
9889,9889,CC(CN(C(=C)C)C(=O)C)C(=O)OC |$U;;;;;;;;;D2;;D;;$|
9890,9890,"C1CN(C(=O)[C@@H]1N)C2CCOCC2.CC(C)=C=O |$;;;;;;;;;;;;;;;;;$,m:13:0.1.2.3.5,Sg:n:5:G:ht,Sg:n:5:a:ht|"
9891,9891,"CN(CCC(F)(F)F)C(=O)CC1CNC1 |$J;;;;;;D;;;;K8;;;;$,Sg:n:5:v:ht,Sg:n:0:b:ht,Sg:n:2,3:U:ht|"
9892,9892,"CCCN1C(C2C(NNC2C1=O)C3=CC=CC=C3O)C4=CC=C(C=C4)OCC.CC.CN=C(NC)N(C)S(C)(=O)=O.CC |$;;;X;;W;;;U1;;;;;;;;;;;;;;;;;;;;;W0;;;;;;;;;;;;;W6$,m:28:3.4.5.9.10,m:30:7.6.5.9.8,m:41:20.21.22.23.24.19,Sg:n:1,2:i:ht|"
9893,9893,CN(C)/C(=C\C(=O)N(C)C)/N |$;Y;;;A;;;;;;$|
9894,9894,CC1=[N+]=C(CC1)C(=O)N(C)C |$;;;;;;;;;D1;$|
9895,9895,"CCN1C(=O)C2C(C2C1=O)CO.CC |$;;;;;;;;;;;;;Z$,m:12:6.5.7|"
9896,9896,"C/C(=C\CN(C)C(=O)C)/C1=CC=CC=C1.COB(OC)OC |$;;Y2;;;;;;;;;;;A;;;;;;;;$,m:15:9.14.13.12.11.10|"
9897,9897,"COC1=C(C=C(C=C1)F)C(=O)N2CCC3=CC(=C(C=C3C2CC(=O)OC)OC)OC.CN[N+](=O)[O-].CC |$;;;;;;B;;;;;;;K;;;;E;;;;;M0;;;;;;;;;;;;;;R$,m:30:2.7.6.5.4.3,m:35:15.16.17.18.19.14|"
9898,9898,"CN[C@H]1CCN(C1)C(=O)C(=O)N.CS(=O)(=O)OS(C)(=O)=O |$;;;;;;;;;;;;;;;;;;;;$,m:12:2.3.4.5.6|"
9899,9899,"CC1([C@@H](N2[C@H](S1)[C@@H](C2=O)[N+]#[C-])C(=O)O)C.CNC(C)=O |$;;;;;;;;;;G;;X;;;;;;;$,m:15:6.7.3.4|"
9900,9900,"CC1(CC1)CC(=O)N2CCCC(CC2)Br.CC |$;;;;U7;;G0;;;;;;;;;;E06$,m:15:2.1.3,Sg:n:5:h:ht,Sg:n:13:r:ht|"
9901,9901,"CC(C)N1CCCC2(C1=O)CCNCC2 |$;;;;;;;;;M9;;;;;$,Sg:n:9:C:ht,Sg:n:10:R:ht|"
9902,9902,"CN1C(=C(C(=O)N(C1=O)C)NC(=O)C2=CC=CC=C2Cl)N.CC(=O)N(C)S(C)=O.CC(=O)NS |$;;;;;;;K;;;;;;Q4;G;;;;;Z7;;;;;;;;;;;;;;$,m:21:1.7.6.4.3.2,m:29:14.15.16.17.18.13|"
9903,9903,CN(CC1=NC=NN1)C(=O)CC2CC2 |$;;;;;W4;;;;;;;;$|
9904,9904,"C/C=C/C(=O)N1CCC[C@@H]1CO |$;;;;;;M;;;;;$,Sg:n:9:D:ht,Sg:n:10:u:ht|"
9905,9905,"C[C@@H]1[C@@H](C(=O)N1C2=NNN=N2)N.CC |$;;;;;;;;;;;;;L$,m:12:1.5.3.2|"
9906,9906,CCN([C@H](C)C[N+]#[C-])C(=O)C=C |$;D;;;;;;;;;;$|
9907,9907,"CCC(CC(=O)N(C)C1=CC=NC=C1)N.CC |$;;;;;;;;;;;;;;;;Q$,m:15:8.13.12.11.10.9|"
9908,9908,"C1C(N2C(O1)[C@H](C=CC2=O)OP)C3=CC=CC=C3.CC.CS(=O)(=O)OS(C)(=O)=O |$Z;;;;;;;;;L5;;;;;;;X2;K;;R;;;;;;;;;$,m:18:0.1.2.3.4,m:20:5.6.7.8.2.3|"
9909,9909,"C1=CC2=C(C(=C1)F)N(C(=O)C2=O)CCBr.CNC(=S)N=[N+]=[N-].CN=C(N(C)C)N(C)S(C)(=O)=O |$;V4;;;E;;;Q;K7;Q;;;;;;;;;;;;;;;;;;;;;;;;$,m:15:0.5.4.3.2.1,m:22:7.3.2.10.8,Sg:n:12,13:g:ht|"
9910,9910,"CC(CN1CNC2(C1=O)CCCC2)C3CC3.CNS(=O)(=O)O.CC.COC(O)O |$;;;;;;;;;;;;;;Y;;;;;;;;;R;;;;;$,m:16:4.3.7.6.5,m:22:9.6.12.11.10,m:24:14.13.15,Sg:n:3:T:ht|"
9911,9911,CC1=CC(=O)N(C1=O)CC2CCC(C2)O |$;;;;;;;;;;;A9;;;$|
9912,9912,"C=CCCC(C(=O)[O-])N1C(=O)CCC1=O.CNP(C)(=O)N(C)C |$;;;;;;;;E;;;;;;;;;;;;;;$,m:15:8.9.11.12.13,Sg:n:3:Z:ht,Sg:n:2,3:A:ht|"
9913,9913,CCN(CC)C(=O)C1=CC=CC=C1O |$;;;;;;V;;;;;;;$|
9914,9914,"CC(C)N1CCC([C@@H](C1)C(=O)N(C)C)N.CC |$;;;;V;;X3;;;;;;;;;;X08$,m:15:3.8.7.6.5.4,Sg:n:7:n:ht|"
9915,9915,"CC1=C(C=C(C=C1)Cl)N(CC(=O)NCC(C)C)C(=O)C.CC |$;;;;;;;;E8;K;;;D1;;;;;;;;;R9$,m:20:1.6.5.4.3.2,Sg:n:8:L:ht,Sg:n:13:V:ht|"
9916,9916,"CC1(CCCCN1C(=O)CC(C)(C)C)C.CC |$;;;M5;T7;;;;;;;;;;Z;;R10$,m:15:1.6.5.4.3.2,Sg:n:13:r:ht|"
9917,9917,"CC(C(=O)N1CCCC1)NC2=C(C=CC(=C2)N)C(=O)O |$;;;M;T2;;;;Y4;;;;;V;;;T1;;G0;$,Sg:n:19:u:ht|"
9918,9918,"CCC1=CCN(CC1)C(=O)CO |$;;;;;;;;;;;$,Sg:n:9:d:ht,Sg:n:2:L:ht|"
9919,9919,"C1CN2C(CC1C(=O)O)[C@@H]3C[C@@H]3C2=O.CC |$;;Z4;;;;E5;;;B1;;X4;;;;M24$,m:14:10.9.11,Sg:n:7:w:ht|"
9920,9920,"CC1CCN(CC1)C(=O)CN2C3=CC=CC=C3N=C2SCC(=O)N(C)C.CC.CC |$;J8;;;;;;L;;;;;;;;;;;;;;;;;;;;G68;;R1$,m:26:1.6.5.4.3.2,m:28:12.13.14.15.16.11,Sg:n:10:O:ht|"
9921,9921,"CC(C)CN1C=CC(=O)N(C1=O)C.CC |$;;;;;;W3;;;;;;;;R$,m:13:4.10.9.7.6.5|"
9922,9922,"CC(C)OC1CCN(C1)C(=O)C2CC2.CS(=O)(=O)N=[N+]=[N-] |$;;;;;;;;;;;Z;;;;;;;;;$,m:14:4.5.6.7.8,Sg:n:2:r:ht,Sg:n:8:D:ht|"
9923,9923,"CC(C)N(C1CC1)C(=O)C2=CC(=C(C=C2)OC(F)F)OC.CC |$;;;;;;;;;;;;;W0;;;;X8;;;;;X9$,m:21:5.4.6,Sg:n:0:w:ht|"
9924,9924,"C1CS(=O)(=O)CC1N(CC2=CC=CC3=CC=CC=C32)C(=O)C4=CC=CS4.CC.CS(=O)(=O)[O-].CC(=N)C=S |$;;Y;;;;B2;;;;;M6;;;;;Z;;Y;K6;;W;;;;;;R;;;;;;;;;;$,m:26:0.1.2.5.6,m:28:10.11.12.13.18.9,m:33:14.15.16.17.18.13|"
9925,9925,"C1C[C@]2(CCN(C2)C(=O)CN)C[C@H]1CN.COB(OC)OC |$X;;A;;;;;;;;J;W;;;;;;;;;;$,m:15:0.1.2.11.12|"
9926,9926,CC1CCC(N(C1)C(=O)C(CC#C)N)C |$;;;;;;;Q0;;;;;;;$|
9927,9927,"CCCN(CC#N)C(=O)C1=NC(=CC=C1)F |$;;;D0;;;;;;;;;;;;$,Sg:n:1,2:U:ht|"
9928,9928,"CCN1C=C(C=N1)CN2C3=C(C=CC(=C3)OC)C(=O)C2=O.CSC(=S)NN(C)C.CC=NS(C)=O |$;Q8;;;;;;;;;;E;;;D;;;;;;;;;;;;;;;;;;;;$,m:21:2.3.4.5.6,m:29:11.12.13.14.9.10|"
9929,9929,"C1CN2C=CN=C2CN1C(=O)C3=NC(=CC=C3)N.CC |$J0;;;;;;;;;;;;;;;;;;;Q$,m:18:12.13.14.15.16.11|"
9930,9930,"CCCN(C(C)C)C(=O)CCC(C)(C)N |$;;;T;;;;;;;;;;Z6;K$,Sg:n:1,2:F:ht|"
9931,9931,"C[C@H]1CO[C@@H](CN1C(=O)CC[C@H]2CCCO2)C3=CC=CC=C3C.CONC(C)=S |$;;;;;;;;;;;;;;;U9;;;;;;;;;;;;;$,m:23:12.11.15.14.13,Sg:n:9,10:H:ht|"
9932,9932,"C1CC1COCCCN2CC(CC2=O)O.CC.CC |$;Z9;;K2;;;;;;;;;;;;;R;;R07$,m:15:0.1.2,m:17:9.8.12.11.10,Sg:n:6,7:L:ht|"
9933,9933,"CC#CCC(C)N1C(=O)CCC1=O.CC |$;;;;J;;W;;;;;;;;L5$,m:13:6.7.9.10.11|"
9934,9934,"CCCN1C(NC(C1=O)(C)C)C |$;;;;;V;;;;;;$,Sg:n:7:o:ht,Sg:n:1,2:c:ht|"
9935,9935,"CC(=O)NC1C(=CN2[C@H](S1)CC2=O)CCl.CC |$;;;;;;;;;T;;;;;;;R$,m:15:4.9.8.7.6.5|"
9936,9936,C1=CC2=NC(=C(C(=O)N2C=C1)C(=O)[O-])Br |$;;J3;;;Q;;;;;;;;;$|
9937,9937,"C1=C(C=NN1)N2C(=O)C(=O)NC2=O.CNB(C)NC.COOC=O |$;;M;;;;;;;;;;;;;;;;;;;;;$,m:13:0.1.2.3.4,m:19:6.5.11.10.8|"
9938,9938,"CCN(CCNC(=O)C)C(=O)CCl |$;Z;;;;;;;;;;;$,Sg:n:3,4:s:ht|"
9939,9939,C[C@H]([C@H]1C(=O)N2[C@@]1(CC(=O)C2)C)O |$;;;;J9;;;;K5;;;J4;$|
9940,9940,CN(C1=CC(=CC=C1)OC)C(=O)C#N |$D;W;;;;;;;;;;;;$|
9941,9941,"CCC1C(=O)N(C(=O)N1)CCC(=O)O.CN(C)C(C)(C)O |$;;;;;;;;;;;;;;;;;;;;$,m:14:2.3.5.6.8,Sg:n:2:M:ht|"
9942,9942,CCCCC1C2=CC=CC=C2N(C1=O)C |$;;X;X2;;;;;;;;;;;$|
9943,9943,"CC1CC(=O)N(C1=O)CC(C(F)F)O.CC |$;;;;;;;;Y6;X;;;K;;;R$,m:14:1.2.3.5.6|"
9944,9944,"CC(C1=C(C=C(C=C1)Cl)Cl)N(C)C(=O)C2=CSC(=N2)CCN |$;G;;;;;;;;;;;;;D;;;Y9;;;;$,Sg:n:19,20:g:ht|"
9945,9945,"CS(=O)(=O)CCC(=O)N1CCC(CC1)N.CC |$;;;;;;;;;;;;;;;;R$,m:15:8.13.12.11.10.9,Sg:n:4,5:w:ht|"
9946,9946,"CCCC[C@H](CC#C)N1C(=O)CCC1=O |$;;;;;;;;;;;;;;$,Sg:n:12:v:ht,Sg:n:1,2,3:P:ht|"
9947,9947,"COCCN1C(=O)CN(CC1=O)OC |$;;;;;;;;;;;;;$,Sg:n:4:y:ht,Sg:n:2,3:n:ht|"
9948,9948,"CC1=C(C=C(C=C1)C(=O)N2CCC[C@@H]2CNC)C.CNN(C)N=C(C)C |$;;;;D8;;;;;;;;;;;;;;;;;;;;;$,m:18:1.6.5.4.3.2|"
9949,9949,"CC(=CC(=O)N1C[C@H]2CNC[C@H]2C1)C.CN=CNO |$;;;;;;;;;J2;;Y1;;A1;;;;;$,m:14:8.7.11.10.9,Sg:n:0:N:ht|"
9950,9950,"CC(C)C(C)(C)CN1CCC(C1=O)Br |$;;;;;;;;;;;;;$,Sg:n:4:p:ht|"
9951,9951,CCN1C(=O)CC(NC1=O)C2CC2 |$;;;;M;;;;;;;;$|
9952,9952,"CCC1CC(=O)N(C1)CC(C(=O)O)N.CC(C)=NN(C)C(N)=O |$;;;;;;;;J;;;;;;;;;;;;;;$,m:14:2.3.4.6.7|"
9953,9953,CCCN(C(C)C)C(=O)C(C)(C)CN |$;;;;X;;G5;U6;;;;;;$|
9954,9954,CN(CC#N)C(=O)C1=CN=NC=C1 |$;;;B1;;;;;;;;;$|
9955,9955,"CCN(C)C(=O)CCOC(C)C |$;V9;;;;;;;;;;$,Sg:n:6,7:U:ht|"
9956,9956,"CCN(C1=CC=C(C=C1)C#N)C(=O)CN.CC=NN(C)C(N)=NC |$;;;;;;;;;;;;;;;;;;;;;;;$,m:15:3.8.7.6.5.4,Sg:n:6:y:ht|"
9957,9957,"CC1CCOC1C(=O)N2CCC(C2)N.CC.CN=C(NC)N(C)N=C(C)C |$;;;;;;;;;;;;;;;R;;;;;;;;;;;$,m:14:1.2.3.4.5,m:16:9.8.12.11.10|"
9958,9958,"C[C@H]1CN(CC2=CC=CN12)C(=O)C(C)Cl.CC.CN(O)O |$;;;;;;T;;;;;;;;;;E;;;;$,m:15:1.9.5.4.3.2,m:17:6.5.9.8.7,Sg:n:9:W:ht|"
9959,9959,"C=CCN1CCN(CC1=O)CCN |$;;Y8;U3;;;;;;;;;$,Sg:n:5:T:ht|"
9960,9960,"CCC1CN(CCO1)C(=O)CCNCC |$;;;;;;;;;;;;;;$,Sg:n:4:M:ht|"
9961,9961,"CC(C)(C)C1CCN(CC1)C(=O)CN.CC(C)=N |$;;;;;;;;;;Q;;;;;;;$,m:14:4.9.8.7.6.5,Sg:n:10:N:ht|"
9962,9962,"C1CN(C(=O)C1CO)C2=NC=C(C=C2)Br.CC.CN(C)S(C)(=N)=O |$;T7;M;;;T;;A6;;;;E;;;;;W;;;;;;;$,m:15:0.1.2.3.5,m:17:9.10.11.12.13.8|"
9963,9963,"CC(C)CC1CN(C(=O)C(=O)N1)CCO |$;;;T8;;;;;;;;;Q;;$,Sg:n:9:w:ht,Sg:n:12,13:Z:ht|"
9964,9964,"C1C2C1C(=O)N(C2)C3=CC=C(C=C3)O.CC.CC.CC(C)=NN(C)S(C)(=O)=O |$;;W6;D;;;;;;;E4;;;;;R;;A;;;;;;;;;;$,m:14:0.1.2,m:16:3.2.1.6.5,m:18:8.9.10.11.12.7|"
9965,9965,"C1C=C2C3=C(CNCN3)C=CN2C1=O.CC |$;;;;;;;;;L;;;;;;R$,m:14:0.1.2.11.12|"
9966,9966,"CC(C)CC(=O)N1[C@H](C2=C(CC(CC2=O)(C)C)NC3=CC=CC=C31)C4=CC5=C(C=C4)OCO5.CC=NS(C)(=O)=O |$;;;;;;;;;;E;T2;W7;;;;;;;;;B6;;;M8;;;;E;;;;;;;;;;;$,m:33:10.11.12.13.8.9,Sg:n:31:i:ht|"
9967,9967,"CCN(C)C(=O)C(C)NCCCN(C)C |$L;;;;;;;;;;;;;;$,Sg:n:3:O:ht,Sg:n:9,10,11:b:ht|"
9968,9968,"CC1CCCNC1C(=O)N2CCN3C=NN=C3C2.CN=CSC.CC |$;;;;;;;T;;;;;;;;;;;;;;;;;X40$,m:18:1.6.5.4.3.2,m:23:10.11.12.16.17.9|"
9969,9969,"C[C@@H](C1=CC=CC=C1)NC(=O)[C@@H](C)N2C(=O)C3=C(C2=O)C(=CC=C3)[N+](=O)[O-].COC=NO |$;;;;;G;;;;;;;;;;;;;;;;J4;;;;;;;;;;$,m:27:3.4.5.6.7.2|"
9970,9970,"CC(C)N(C1CCCCC1)C(=O)CC#N.COS(=O)(=O)OC |$;;;L;;;;;;;;;;;;;;;;;;$,m:15:4.9.8.7.6.5,Sg:n:4:N:ht|"
9971,9971,"CC1CN(CCO1)C(=O)C2=CC(=CN2)Br.CC |$Y5;;;M5;;;K;;;;;Q9;;;V;;Z$,m:15:1.6.5.4.3.2|"
9972,9972,"CCNCC(=O)N1CCN(CC1)C=O.CC |$;;;;;;;;;;;;;;;L5$,m:14:6.11.10.9.8.7|"
9973,9973,"CCN(CC)S(=O)(=O)C1=C(C=CC(=C1)C(=O)N2CCOCC2)Cl.CC(C)=P |$;U7;;;;;;;;;;;M;;Y6;W9;;;;;;;;;;;$,m:23:17.18.19.20.21.16,Sg:n:17:L:ht,Sg:n:20:X:ht|"
9974,9974,CC1(CCCN(CC1)C(=O)CCCl)C |$;;;;Q;;;;;;;;;$|
9975,9975,"CC(C)C(=O)N1CC(O)CC1C(=O)O |$;;;;;J5;;;;;;K1;;$,Sg:n:13:N:ht|"
9976,9976,"CN1C(=O)C([C@H]2CC2C3=NC=CN=C31)N |$;;;;;;;;;;;;;;G$,Sg:n:8:v:ht|"
9977,9977,"C1=CN(C(=O)C(=C1)[N+](=O)[O-])CCBr.CC |$;;;;;;;W3;;;;;;;R$,m:13:0.6.5.3.2.1,Sg:n:10,11:Q:ht|"
9978,9978,"C1CC(OC1)CN2C(=O)CNC2=S.CC |$;;;;;;A;;;;;;;;K$,m:13:0.1.2.3.4,Sg:n:7:k:ht|"
9979,9979,"COCCN(CC1=CC=CC=N1)C(=O)C2=C(C=CS2)N.CON(C)C(N)=O.CSN(C)C(C)=S |$;;;;;;;T3;;;;;;;;;;;;;;;;;;;;;;;;;;$,m:20:7.8.9.10.11.6,m:27:15.14.18.17.16,Sg:n:18:L:ht,Sg:n:2,3:y:ht|"
9980,9980,"CC(C)N(C1=CC(=CC=C1)O)C(=O)CCl.CC |$;;A;;;;;;;;;;;Y;;;W2$,m:15:4.9.8.7.6.5|"
9981,9981,"C1CCN(CC1)C(=O)/C=C/CCC=N.CC |$;;G2;;;;;;;;;;;;;Y64$,m:14:0.5.4.3.2.1,Sg:n:10,11:i:ht|"
9982,9982,"CN(C)C(=O)CCC1=CC1 |$;;;;;;;D8;;$,Sg:n:5,6:s:ht|"
9983,9983,"CC1(CC1C(=O)N(C)C(C)(C)C(=O)O)C.C[SH+]C |$;;;;;;;;;;;;;;;;;$,m:15:1.2.3|"
9984,9984,CC1C(=O)N(C(N1)C2=CC(=CC=C2)Cl)CCCC(C)C |$;U;;;;;;;;Z;;;;;U;;;;;$|
9985,9985,"CC(=O)N1CCC2(C1)CCN(C2)C |$;;;;;;;;J;;E;;$,Sg:n:3:f:ht|"
9986,9986,CCC(C)(CC)N1CC(=O)CC1=O |$;;;;;;;;;;X;;$|
9987,9987,"CN1C=C(C=N1)C(=O)N2CCC[C@H]2CO.CN=NC(=S)NC.CC(C)=S(C)C |$;;;;;;;U3;;;D5;;;;;;;;;;;;;;;;;$,m:15:1.2.3.4.5,m:22:9.8.12.11.10,Sg:n:6:q:ht|"
9988,9988,"C1COCCN1C(=O)C2CSCCN2N.CC |$;;;;;;;T6;;;;;;;;;L$,m:15:9.10.11.12.13.8,Sg:n:4:T:ht|"
9989,9989,CC(C)(C)OCC(=O)N1CCC(C1)Cl |$G;;;;;;J6;;;;;;D;$|
9990,9990,"CC(=O)N1CCC(CC1)NC2=CSC=C2.COC(C)=NSC |$;;;;;;;W4;;;;;;;;;;;;;;$,m:15:11.10.14.13.12|"
9991,9991,"C1CC1C2N(C(CS2)C(=O)O)C(=O)C3=CC(=CC(=C3)Br)Cl.CN=CNN.CNC(=N)SC.CNS(C)=N |$D6;;;;D6;;;;;;T8;;;E;;;;;;;;;;;;;;;;;;;;;;;$,m:21:0.1.2,m:26:5.4.3.7.6,m:32:14.15.16.17.18.13,Sg:n:13:z:ht|"
9992,9992,"CC1CC(=O)N(CC1N)CC(=O)NC2CCOCC2 |$;;;;;;;;;B6;D;;;;;;;;$,Sg:n:0:E:ht|"
9993,9993,"CCC1=NN(C(=C1Br)CN2CCCC(C2=O)C)CC.CC.CC |$X;;;;;;;;;Q;;Q8;;;;;;;;;E89;;R3$,m:19:2.3.4.5.6,m:21:10.11.12.13.14.9|"
9994,9994,"C[C@]1(CC[C@H]1C(=O)N2CCCC2)C(=O)O.C=BC |$;;;;;;;;;;Y;;;;;;;$,m:15:1.4.3.2,Sg:n:11:e:ht,Sg:n:13:q:ht|"
9995,9995,CC/C=C\C(=NC)N1C=CC(=CC1=O)C |$;;;;E4;;;;;;;V4;;;D2$|
9996,9996,"CN(CCBr)C(=O)CC1CCCCCC1.COC(=O)O |$;;;;;;Z9;;;;;;;;;;;;;$,m:15:8.9.10.11.12.13.14,Sg:n:4:i:ht,Sg:n:2,3:H:ht|"
9997,9997,"CN1CCN(C1=S)C(=O)C2=CC=CC=C2.CN=C(OC)OC.CC |$;;;;A;;;;;;;;;;;;;;;;;;;A$,m:15:1.2.3.4.5,m:22:10.11.12.13.14.9|"
9998,9998,"CCOC1=CC2=C(C=C1)C(=O)N(C(=C2C3=CC(=CC=C3)F)C#N)C4CC4.CC.CC(C)=S(=O)=O |$;;;L8;;;;;;;;;;;;;;;Y1;E;;;X;;;;;R;;;;;;$,m:26:15.16.17.18.19.14,m:28:24.23.25|"
